2026-10-08T18:25:59.1155405Z Current runner version: '2.337.0'
2026-10-08T18:25:59.1173602Z ##[group]Runner Image Provisioner
2026-10-08T18:25:59.1174088Z Hosted Compute Agent
2026-10-08T18:25:59.1174392Z Version: 20260901.588
2026-10-08T18:25:59.1174733Z Commit: f88ec8081b781fac6c440065ac7ff9e710ce3d0b
2026-10-08T18:25:59.1175120Z Build Date: 2026-09-01T19:56:44Z
2026-10-08T18:25:59.1175516Z Worker ID: {9a7d2db1-0c42-4d1b-a0af-41c6a5b30e89}
2026-10-08T18:25:59.1175901Z Azure Region: westus3
2026-10-08T18:25:59.1176205Z ##[endgroup]
2026-10-08T18:25:59.1176972Z ##[group]Operating System
2026-10-08T18:25:59.1177297Z Microsoft Windows Server 2025
2026-10-08T18:25:59.1177613Z 10.0.26100
2026-10-08T18:25:59.1177898Z Datacenter
2026-10-08T18:25:59.1178179Z ##[endgroup]
2026-10-08T18:25:59.1178502Z ##[group]Runner Image
2026-10-08T18:25:59.1178813Z Image: windows-2025-vs2026
2026-10-08T18:25:59.1179123Z Version: 20260925.250.1
2026-10-08T18:25:59.1180036Z Included Software: https://github.com/actions/runner-images/blob/win25-vs2026/20260925.250/images/windows/Windows2025-VS2026-Readme.md
2026-10-08T18:25:59.1180930Z Image Release: https://github.com/actions/runner-images/releases/tag/win25-vs2026%2F20260925.250
2026-10-08T18:25:59.1181447Z ##[endgroup]
2026-10-08T18:25:59.1182044Z ##[group]GITHUB_TOKEN Permissions
2026-10-08T18:25:59.1183142Z Contents: read
2026-10-08T18:25:59.1183440Z Metadata: read
2026-10-08T18:25:59.1183795Z ##[endgroup]
2026-10-08T18:25:59.1185125Z Secret source: Actions
2026-10-08T18:25:59.1185592Z Cache mode: write
2026-10-08T18:25:59.1185959Z Prepare workflow directory
2026-10-08T18:25:59.1440885Z Prepare all required actions
2026-10-08T18:25:59.1476571Z Getting action download info
2026-10-08T18:25:59.4371494Z Download action repository 'actions/checkout@d23441a48e516b6c34aea4fa41551a30e30af803' (SHA:d23441a48e516b6c34aea4fa41551a30e30af803)
2026-10-08T18:25:59.5156673Z Download action repository 'actions/setup-node@249970729cb0ef3589644e2896645e5dc5ba9c38' (SHA:249970729cb0ef3589644e2896645e5dc5ba9c38)
2026-10-08T18:25:59.6258922Z Download action repository 'actions/upload-artifact@b7c566a772e6b6bfb58ed0dc250532a479d7789f' (SHA:b7c566a772e6b6bfb58ed0dc250532a479d7789f)
2026-10-08T18:25:59.8492619Z Complete job name: contracts
2026-10-08T18:25:59.9564871Z ##[group]Run actions/checkout@d23441a48e516b6c34aea4fa41551a30e30af803
2026-10-08T18:25:59.9565666Z with:
2026-10-08T18:25:59.9565882Z   path: xmind
2026-10-08T18:25:59.9566104Z   persist-credentials: false
2026-10-08T18:25:59.9566372Z   repository: xlang-foundation/xMind
2026-10-08T18:25:59.9568875Z   token: ***
2026-10-08T18:25:59.9569088Z   ssh-strict: true
2026-10-08T18:25:59.9569312Z   ssh-user: git
2026-10-08T18:25:59.9569516Z   clean: true
2026-10-08T18:25:59.9569736Z   sparse-checkout-cone-mode: true
2026-10-08T18:25:59.9570000Z   fetch-depth: 1
2026-10-08T18:25:59.9570214Z   fetch-tags: false
2026-10-08T18:25:59.9570433Z   show-progress: true
2026-10-08T18:25:59.9570653Z   lfs: false
2026-10-08T18:25:59.9570863Z   submodules: false
2026-10-08T18:25:59.9571108Z   set-safe-directory: true
2026-10-08T18:25:59.9571364Z   allow-unsafe-pr-checkout: false
2026-10-08T18:25:59.9571726Z ##[endgroup]
2026-10-08T18:26:00.0599196Z Syncing repository: xlang-foundation/xMind
2026-10-08T18:26:00.0600248Z ##[group]Getting Git version info
2026-10-08T18:26:00.0600568Z Working directory is 'D:\a\xMind\xMind\xmind'
2026-10-08T18:26:00.1048657Z [command]"C:\Program Files\Git\bin\git.exe" version
2026-10-08T18:26:00.4955277Z git version 2.55.0.windows.5
2026-10-08T18:26:00.4991614Z ##[endgroup]
2026-10-08T18:26:00.5005352Z Temporarily overriding HOME='D:\a\_temp\3d6b561c-7a09-454c-b657-b290ed22bddf' before making global git config changes
2026-10-08T18:26:00.5006112Z Adding repository directory to the temporary git global config as a safe directory
2026-10-08T18:26:00.5012192Z [command]"C:\Program Files\Git\bin\git.exe" config --global --add safe.directory D:\a\xMind\xMind\xmind
2026-10-08T18:26:00.5564229Z ##[group]Determining repository object format
2026-10-08T18:26:00.5566511Z ##[endgroup]
2026-10-08T18:26:00.5567569Z ##[group]Initializing the repository
2026-10-08T18:26:00.5574094Z [command]"C:\Program Files\Git\bin\git.exe" init D:\a\xMind\xMind\xmind
2026-10-08T18:26:00.6319738Z Initialized empty Git repository in D:/a/xMind/xMind/xmind/.git/
2026-10-08T18:26:00.6358385Z [command]"C:\Program Files\Git\bin\git.exe" remote add origin https://github.com/xlang-foundation/xMind
2026-10-08T18:26:00.6894827Z ##[endgroup]
2026-10-08T18:26:00.6895361Z ##[group]Disabling automatic garbage collection
2026-10-08T18:26:00.6895864Z [command]"C:\Program Files\Git\bin\git.exe" config --local gc.auto 0
2026-10-08T18:26:00.7113023Z ##[endgroup]
2026-10-08T18:26:00.7114072Z ##[group]Setting up auth
2026-10-08T18:26:00.7114860Z Removing SSH command configuration
2026-10-08T18:26:00.7122155Z [command]"C:\Program Files\Git\bin\git.exe" config --local --name-only --get-regexp core\.sshCommand
2026-10-08T18:26:00.7330193Z [command]"C:\Program Files\Git\bin\git.exe" submodule foreach --recursive "sh -c \"git config --local --name-only --get-regexp 'core\.sshCommand' && git config --local --unset-all 'core.sshCommand' || :\""
2026-10-08T18:26:01.9206334Z Removing HTTP extra header
2026-10-08T18:26:01.9213747Z [command]"C:\Program Files\Git\bin\git.exe" config --local --name-only --get-regexp http\.https\:\/\/github\.com\/\.extraheader
2026-10-08T18:26:01.9427706Z [command]"C:\Program Files\Git\bin\git.exe" submodule foreach --recursive "sh -c \"git config --local --name-only --get-regexp 'http\.https\:\/\/github\.com\/\.extraheader' && git config --local --unset-all 'http.https://github.com/.extraheader' || :\""
2026-10-08T18:26:02.3136393Z Removing includeIf entries pointing to credentials config files
2026-10-08T18:26:02.3144336Z [command]"C:\Program Files\Git\bin\git.exe" config --local --name-only --get-regexp ^includeIf\.gitdir:
2026-10-08T18:26:02.3359022Z [command]"C:\Program Files\Git\bin\git.exe" submodule foreach --recursive "git config --local --show-origin --name-only --get-regexp remote.origin.url"
2026-10-08T18:26:02.7263752Z [command]"C:\Program Files\Git\bin\git.exe" config --file D:\a\_temp\git-credentials-f07c7da3-78bf-488f-a60f-6ca621747930.config http.https://github.com/.extraheader "AUTHORIZATION: basic ***"
2026-10-08T18:26:02.7475492Z [command]"C:\Program Files\Git\bin\git.exe" config --local includeIf.gitdir:D:/a/xMind/xMind/xmind/.git.path D:\a\_temp\git-credentials-f07c7da3-78bf-488f-a60f-6ca621747930.config
2026-10-08T18:26:02.7685364Z [command]"C:\Program Files\Git\bin\git.exe" config --local includeIf.gitdir:D:/a/xMind/xMind/xmind/.git/worktrees/*.path D:\a\_temp\git-credentials-f07c7da3-78bf-488f-a60f-6ca621747930.config
2026-10-08T18:26:02.7951015Z [command]"C:\Program Files\Git\bin\git.exe" config --local includeIf.gitdir:/github/workspace/xmind/.git.path /github/runner_temp/git-credentials-f07c7da3-78bf-488f-a60f-6ca621747930.config
2026-10-08T18:26:02.8151218Z [command]"C:\Program Files\Git\bin\git.exe" config --local includeIf.gitdir:/github/workspace/xmind/.git/worktrees/*.path /github/runner_temp/git-credentials-f07c7da3-78bf-488f-a60f-6ca621747930.config
2026-10-08T18:26:02.8370380Z ##[endgroup]
2026-10-08T18:26:02.8370924Z ##[group]Fetching the repository
2026-10-08T18:26:02.8380673Z [command]"C:\Program Files\Git\bin\git.exe" -c protocol.version=2 fetch --no-tags --prune --no-recurse-submodules --depth=1 origin +2cd392f83f642ae5278e7d77fa55822258a8a126:refs/remotes/origin/checkpoint/native-persistence-m1
2026-10-08T18:26:04.5388669Z From https://github.com/xlang-foundation/xMind
2026-10-08T18:26:04.5389583Z  * [new ref]         2cd392f83f642ae5278e7d77fa55822258a8a126 -> origin/checkpoint/native-persistence-m1
2026-10-08T18:26:04.5432483Z [command]"C:\Program Files\Git\bin\git.exe" branch --list --remote origin/checkpoint/native-persistence-m1
2026-10-08T18:26:04.5728417Z   origin/checkpoint/native-persistence-m1
2026-10-08T18:26:04.5766253Z [command]"C:\Program Files\Git\bin\git.exe" rev-parse refs/remotes/origin/checkpoint/native-persistence-m1
2026-10-08T18:26:04.5958710Z 2cd392f83f642ae5278e7d77fa55822258a8a126
2026-10-08T18:26:04.5985524Z ##[endgroup]
2026-10-08T18:26:04.5985825Z ##[group]Determining the checkout info
2026-10-08T18:26:04.5987101Z ##[endgroup]
2026-10-08T18:26:04.5994190Z [command]"C:\Program Files\Git\bin\git.exe" sparse-checkout disable
2026-10-08T18:26:04.6311744Z [command]"C:\Program Files\Git\bin\git.exe" config --local --unset-all extensions.worktreeConfig
2026-10-08T18:26:04.6553565Z ##[group]Checking out the ref
2026-10-08T18:26:04.6563740Z [command]"C:\Program Files\Git\bin\git.exe" checkout --progress --force -B checkpoint/native-persistence-m1 refs/remotes/origin/checkpoint/native-persistence-m1
2026-10-08T18:26:04.8604538Z Switched to a new branch 'checkpoint/native-persistence-m1'
2026-10-08T18:26:04.8668904Z branch 'checkpoint/native-persistence-m1' set up to track 'origin/checkpoint/native-persistence-m1'.
2026-10-08T18:26:04.8720008Z ##[endgroup]
2026-10-08T18:26:04.9070515Z [command]"C:\Program Files\Git\bin\git.exe" log -1 --format=%H
2026-10-08T18:26:04.9268966Z 2cd392f83f642ae5278e7d77fa55822258a8a126
2026-10-08T18:26:04.9300990Z ##[group]Removing auth
2026-10-08T18:26:04.9301706Z Removing SSH command configuration
2026-10-08T18:26:04.9307450Z [command]"C:\Program Files\Git\bin\git.exe" config --local --name-only --get-regexp core\.sshCommand
2026-10-08T18:26:04.9521953Z [command]"C:\Program Files\Git\bin\git.exe" submodule foreach --recursive "sh -c \"git config --local --name-only --get-regexp 'core\.sshCommand' && git config --local --unset-all 'core.sshCommand' || :\""
2026-10-08T18:26:05.3379176Z Removing HTTP extra header
2026-10-08T18:26:05.3388023Z [command]"C:\Program Files\Git\bin\git.exe" config --local --name-only --get-regexp http\.https\:\/\/github\.com\/\.extraheader
2026-10-08T18:26:05.3606030Z [command]"C:\Program Files\Git\bin\git.exe" submodule foreach --recursive "sh -c \"git config --local --name-only --get-regexp 'http\.https\:\/\/github\.com\/\.extraheader' && git config --local --unset-all 'http.https://github.com/.extraheader' || :\""
2026-10-08T18:26:05.7531942Z Removing includeIf entries pointing to credentials config files
2026-10-08T18:26:05.7541823Z [command]"C:\Program Files\Git\bin\git.exe" config --local --name-only --get-regexp ^includeIf\.gitdir:
2026-10-08T18:26:05.7750415Z includeif.gitdir:D:/a/xMind/xMind/xmind/.git.path
2026-10-08T18:26:05.7751146Z includeif.gitdir:D:/a/xMind/xMind/xmind/.git/worktrees/*.path
2026-10-08T18:26:05.7751519Z includeif.gitdir:/github/workspace/xmind/.git.path
2026-10-08T18:26:05.7751891Z includeif.gitdir:/github/workspace/xmind/.git/worktrees/*.path
2026-10-08T18:26:05.7789896Z [command]"C:\Program Files\Git\bin\git.exe" config --local --get-all includeif.gitdir:D:/a/xMind/xMind/xmind/.git.path
2026-10-08T18:26:05.8008348Z D:\a\_temp\git-credentials-f07c7da3-78bf-488f-a60f-6ca621747930.config
2026-10-08T18:26:05.8050019Z [command]"C:\Program Files\Git\bin\git.exe" config --local --unset includeif.gitdir:D:/a/xMind/xMind/xmind/.git.path D:\a\_temp\git-credentials-f07c7da3-78bf-488f-a60f-6ca621747930.config
2026-10-08T18:26:05.8313494Z [command]"C:\Program Files\Git\bin\git.exe" config --local --get-all includeif.gitdir:D:/a/xMind/xMind/xmind/.git/worktrees/*.path
2026-10-08T18:26:05.8522875Z D:\a\_temp\git-credentials-f07c7da3-78bf-488f-a60f-6ca621747930.config
2026-10-08T18:26:05.8565692Z [command]"C:\Program Files\Git\bin\git.exe" config --local --unset includeif.gitdir:D:/a/xMind/xMind/xmind/.git/worktrees/*.path D:\a\_temp\git-credentials-f07c7da3-78bf-488f-a60f-6ca621747930.config
2026-10-08T18:26:05.8833855Z [command]"C:\Program Files\Git\bin\git.exe" config --local --get-all includeif.gitdir:/github/workspace/xmind/.git.path
2026-10-08T18:26:05.9104396Z /github/runner_temp/git-credentials-f07c7da3-78bf-488f-a60f-6ca621747930.config
2026-10-08T18:26:05.9150781Z [command]"C:\Program Files\Git\bin\git.exe" config --local --unset includeif.gitdir:/github/workspace/xmind/.git.path /github/runner_temp/git-credentials-f07c7da3-78bf-488f-a60f-6ca621747930.config
2026-10-08T18:26:05.9398022Z [command]"C:\Program Files\Git\bin\git.exe" config --local --get-all includeif.gitdir:/github/workspace/xmind/.git/worktrees/*.path
2026-10-08T18:26:05.9605904Z /github/runner_temp/git-credentials-f07c7da3-78bf-488f-a60f-6ca621747930.config
2026-10-08T18:26:05.9642670Z [command]"C:\Program Files\Git\bin\git.exe" config --local --unset includeif.gitdir:/github/workspace/xmind/.git/worktrees/*.path /github/runner_temp/git-credentials-f07c7da3-78bf-488f-a60f-6ca621747930.config
2026-10-08T18:26:05.9878789Z [command]"C:\Program Files\Git\bin\git.exe" submodule foreach --recursive "git config --local --show-origin --name-only --get-regexp remote.origin.url"
2026-10-08T18:26:06.3837946Z Removing credentials config 'D:\a\_temp\git-credentials-f07c7da3-78bf-488f-a60f-6ca621747930.config'
2026-10-08T18:26:06.3848552Z ##[endgroup]
2026-10-08T18:26:06.4171406Z ##[group]Run actions/checkout@d23441a48e516b6c34aea4fa41551a30e30af803
2026-10-08T18:26:06.4171666Z with:
2026-10-08T18:26:06.4171783Z   repository: CantorAI/xlang3
2026-10-08T18:26:06.4171932Z   ref: 4aea7d8fb24da9ba86f9d7eeb92820794f213d29
2026-10-08T18:26:06.4172082Z   path: xlang3
2026-10-08T18:26:06.4172195Z   persist-credentials: false
2026-10-08T18:26:06.4173839Z   token: ***
2026-10-08T18:26:06.4173942Z   ssh-strict: true
2026-10-08T18:26:06.4174048Z   ssh-user: git
2026-10-08T18:26:06.4174148Z   clean: true
2026-10-08T18:26:06.4174261Z   sparse-checkout-cone-mode: true
2026-10-08T18:26:06.4174393Z   fetch-depth: 1
2026-10-08T18:26:06.4174498Z   fetch-tags: false
2026-10-08T18:26:06.4174606Z   show-progress: true
2026-10-08T18:26:06.4174719Z   lfs: false
2026-10-08T18:26:06.4174818Z   submodules: false
2026-10-08T18:26:06.4174929Z   set-safe-directory: true
2026-10-08T18:26:06.4175062Z   allow-unsafe-pr-checkout: false
2026-10-08T18:26:06.4175224Z ##[endgroup]
2026-10-08T18:26:06.4923313Z Syncing repository: CantorAI/xlang3
2026-10-08T18:26:06.4928057Z ##[group]Getting Git version info
2026-10-08T18:26:06.4928298Z Working directory is 'D:\a\xMind\xMind\xlang3'
2026-10-08T18:26:06.5259501Z [command]"C:\Program Files\Git\bin\git.exe" version
2026-10-08T18:26:06.5446577Z git version 2.55.0.windows.5
2026-10-08T18:26:06.5479341Z ##[endgroup]
2026-10-08T18:26:06.5490394Z Temporarily overriding HOME='D:\a\_temp\de7f5a67-7985-4d10-b589-f92c6c826b57' before making global git config changes
2026-10-08T18:26:06.5490781Z Adding repository directory to the temporary git global config as a safe directory
2026-10-08T18:26:06.5497055Z [command]"C:\Program Files\Git\bin\git.exe" config --global --add safe.directory D:\a\xMind\xMind\xlang3
2026-10-08T18:26:06.5698217Z ##[group]Determining repository object format
2026-10-08T18:26:06.5700163Z ##[endgroup]
2026-10-08T18:26:06.5700751Z ##[group]Initializing the repository
2026-10-08T18:26:06.5707358Z [command]"C:\Program Files\Git\bin\git.exe" init D:\a\xMind\xMind\xlang3
2026-10-08T18:26:06.5926121Z Initialized empty Git repository in D:/a/xMind/xMind/xlang3/.git/
2026-10-08T18:26:06.5960577Z [command]"C:\Program Files\Git\bin\git.exe" remote add origin https://github.com/CantorAI/xlang3
2026-10-08T18:26:06.6187125Z ##[endgroup]
2026-10-08T18:26:06.6187486Z ##[group]Disabling automatic garbage collection
2026-10-08T18:26:06.6195144Z [command]"C:\Program Files\Git\bin\git.exe" config --local gc.auto 0
2026-10-08T18:26:06.6406062Z ##[endgroup]
2026-10-08T18:26:06.6406293Z ##[group]Setting up auth
2026-10-08T18:26:06.6407292Z Removing SSH command configuration
2026-10-08T18:26:06.6415937Z [command]"C:\Program Files\Git\bin\git.exe" config --local --name-only --get-regexp core\.sshCommand
2026-10-08T18:26:06.6629189Z [command]"C:\Program Files\Git\bin\git.exe" submodule foreach --recursive "sh -c \"git config --local --name-only --get-regexp 'core\.sshCommand' && git config --local --unset-all 'core.sshCommand' || :\""
2026-10-08T18:26:07.0599146Z Removing HTTP extra header
2026-10-08T18:26:07.0606818Z [command]"C:\Program Files\Git\bin\git.exe" config --local --name-only --get-regexp http\.https\:\/\/github\.com\/\.extraheader
2026-10-08T18:26:07.0821668Z [command]"C:\Program Files\Git\bin\git.exe" submodule foreach --recursive "sh -c \"git config --local --name-only --get-regexp 'http\.https\:\/\/github\.com\/\.extraheader' && git config --local --unset-all 'http.https://github.com/.extraheader' || :\""
2026-10-08T18:26:07.4731163Z Removing includeIf entries pointing to credentials config files
2026-10-08T18:26:07.4740572Z [command]"C:\Program Files\Git\bin\git.exe" config --local --name-only --get-regexp ^includeIf\.gitdir:
2026-10-08T18:26:07.4933316Z [command]"C:\Program Files\Git\bin\git.exe" submodule foreach --recursive "git config --local --show-origin --name-only --get-regexp remote.origin.url"
2026-10-08T18:26:07.8708671Z [command]"C:\Program Files\Git\bin\git.exe" config --file D:\a\_temp\git-credentials-cb55008f-96a6-476e-8e35-08e2c1713d61.config http.https://github.com/.extraheader "AUTHORIZATION: basic ***"
2026-10-08T18:26:07.8909586Z [command]"C:\Program Files\Git\bin\git.exe" config --local includeIf.gitdir:D:/a/xMind/xMind/xlang3/.git.path D:\a\_temp\git-credentials-cb55008f-96a6-476e-8e35-08e2c1713d61.config
2026-10-08T18:26:07.9105004Z [command]"C:\Program Files\Git\bin\git.exe" config --local includeIf.gitdir:D:/a/xMind/xMind/xlang3/.git/worktrees/*.path D:\a\_temp\git-credentials-cb55008f-96a6-476e-8e35-08e2c1713d61.config
2026-10-08T18:26:07.9313339Z [command]"C:\Program Files\Git\bin\git.exe" config --local includeIf.gitdir:/github/workspace/xlang3/.git.path /github/runner_temp/git-credentials-cb55008f-96a6-476e-8e35-08e2c1713d61.config
2026-10-08T18:26:07.9519408Z [command]"C:\Program Files\Git\bin\git.exe" config --local includeIf.gitdir:/github/workspace/xlang3/.git/worktrees/*.path /github/runner_temp/git-credentials-cb55008f-96a6-476e-8e35-08e2c1713d61.config
2026-10-08T18:26:07.9724385Z ##[endgroup]
2026-10-08T18:26:07.9724624Z ##[group]Fetching the repository
2026-10-08T18:26:07.9734786Z [command]"C:\Program Files\Git\bin\git.exe" -c protocol.version=2 fetch --no-tags --prune --no-recurse-submodules --depth=1 origin 4aea7d8fb24da9ba86f9d7eeb92820794f213d29
2026-10-08T18:26:10.7447048Z From https://github.com/CantorAI/xlang3
2026-10-08T18:26:10.7447457Z  * branch            4aea7d8fb24da9ba86f9d7eeb92820794f213d29 -> FETCH_HEAD
2026-10-08T18:26:10.7486181Z [command]"C:\Program Files\Git\bin\git.exe" rev-parse --verify --quiet 4aea7d8fb24da9ba86f9d7eeb92820794f213d29^{object}
2026-10-08T18:26:10.7661934Z 4aea7d8fb24da9ba86f9d7eeb92820794f213d29
2026-10-08T18:26:10.7685825Z ##[endgroup]
2026-10-08T18:26:10.7686068Z ##[group]Determining the checkout info
2026-10-08T18:26:10.7687046Z ##[endgroup]
2026-10-08T18:26:10.7693176Z [command]"C:\Program Files\Git\bin\git.exe" sparse-checkout disable
2026-10-08T18:26:10.7909074Z [command]"C:\Program Files\Git\bin\git.exe" config --local --unset-all extensions.worktreeConfig
2026-10-08T18:26:10.8095192Z ##[group]Checking out the ref
2026-10-08T18:26:10.8102190Z [command]"C:\Program Files\Git\bin\git.exe" checkout --progress --force 4aea7d8fb24da9ba86f9d7eeb92820794f213d29
2026-10-08T18:26:12.0131118Z Updating files:  51% (3027/5839)
2026-10-08T18:26:12.0260237Z Updating files:  52% (3037/5839)
2026-10-08T18:26:12.0373140Z Updating files:  53% (3095/5839)
2026-10-08T18:26:12.0467253Z Updating files:  54% (3154/5839)
2026-10-08T18:26:12.0552502Z Updating files:  55% (3212/5839)
2026-10-08T18:26:12.0691675Z Updating files:  56% (3270/5839)
2026-10-08T18:26:12.1284337Z Updating files:  57% (3329/5839)
2026-10-08T18:26:12.1363180Z Updating files:  58% (3387/5839)
2026-10-08T18:26:12.1418401Z Updating files:  59% (3446/5839)
2026-10-08T18:26:12.1479138Z Updating files:  60% (3504/5839)
2026-10-08T18:26:12.1541365Z Updating files:  61% (3562/5839)
2026-10-08T18:26:12.1603740Z Updating files:  62% (3621/5839)
2026-10-08T18:26:12.1676938Z Updating files:  63% (3679/5839)
2026-10-08T18:26:12.1732015Z Updating files:  64% (3737/5839)
2026-10-08T18:26:12.1784957Z Updating files:  65% (3796/5839)
2026-10-08T18:26:12.1839402Z Updating files:  66% (3854/5839)
2026-10-08T18:26:12.1886931Z Updating files:  67% (3913/5839)
2026-10-08T18:26:12.1946797Z Updating files:  68% (3971/5839)
2026-10-08T18:26:12.2009278Z Updating files:  69% (4029/5839)
2026-10-08T18:26:12.2065351Z Updating files:  70% (4088/5839)
2026-10-08T18:26:12.2116131Z Updating files:  71% (4146/5839)
2026-10-08T18:26:12.2165602Z Updating files:  72% (4205/5839)
2026-10-08T18:26:12.2218769Z Updating files:  73% (4263/5839)
2026-10-08T18:26:12.2270969Z Updating files:  74% (4321/5839)
2026-10-08T18:26:12.2322825Z Updating files:  75% (4380/5839)
2026-10-08T18:26:12.2373905Z Updating files:  76% (4438/5839)
2026-10-08T18:26:12.2430180Z Updating files:  77% (4497/5839)
2026-10-08T18:26:12.2476889Z Updating files:  78% (4555/5839)
2026-10-08T18:26:12.2522747Z Updating files:  79% (4613/5839)
2026-10-08T18:26:12.2568776Z Updating files:  80% (4672/5839)
2026-10-08T18:26:12.2613443Z Updating files:  81% (4730/5839)
2026-10-08T18:26:12.2657629Z Updating files:  82% (4788/5839)
2026-10-08T18:26:12.2701262Z Updating files:  83% (4847/5839)
2026-10-08T18:26:12.2744259Z Updating files:  84% (4905/5839)
2026-10-08T18:26:12.2785952Z Updating files:  85% (4964/5839)
2026-10-08T18:26:12.2832116Z Updating files:  86% (5022/5839)
2026-10-08T18:26:12.2885987Z Updating files:  87% (5080/5839)
2026-10-08T18:26:12.2945255Z Updating files:  88% (5139/5839)
2026-10-08T18:26:12.3039904Z Updating files:  89% (5197/5839)
2026-10-08T18:26:12.3142484Z Updating files:  90% (5256/5839)
2026-10-08T18:26:12.4523508Z Updating files:  91% (5314/5839)
2026-10-08T18:26:12.4596038Z Updating files:  92% (5372/5839)
2026-10-08T18:26:12.4661833Z Updating files:  93% (5431/5839)
2026-10-08T18:26:12.4735980Z Updating files:  94% (5489/5839)
2026-10-08T18:26:12.4806882Z Updating files:  95% (5548/5839)
2026-10-08T18:26:12.4959585Z Updating files:  96% (5606/5839)
2026-10-08T18:26:12.5046673Z Updating files:  97% (5664/5839)
2026-10-08T18:26:12.5157954Z Updating files:  98% (5723/5839)
2026-10-08T18:26:12.5280328Z Updating files:  99% (5781/5839)
2026-10-08T18:26:12.5280566Z Updating files: 100% (5839/5839)
2026-10-08T18:26:12.5280783Z Updating files: 100% (5839/5839), done.
2026-10-08T18:26:12.5390375Z Note: switching to '4aea7d8fb24da9ba86f9d7eeb92820794f213d29'.
2026-10-08T18:26:12.5390644Z 
2026-10-08T18:26:12.5390847Z You are in 'detached HEAD' state. You can look around, make experimental
2026-10-08T18:26:12.5391239Z changes and commit them, and you can discard any commits you make in this
2026-10-08T18:26:12.5391638Z state without impacting any branches by switching back to a branch.
2026-10-08T18:26:12.5391871Z 
2026-10-08T18:26:12.5392017Z If you want to create a new branch to retain commits you create, you may
2026-10-08T18:26:12.5392424Z do so (now or later) by using -c with the switch command. Example:
2026-10-08T18:26:12.5392648Z 
2026-10-08T18:26:12.5392785Z   git switch -c <new-branch-name>
2026-10-08T18:26:12.5392939Z 
2026-10-08T18:26:12.5393023Z Or undo this operation with:
2026-10-08T18:26:12.5393155Z 
2026-10-08T18:26:12.5393223Z   git switch -
2026-10-08T18:26:12.5393317Z 
2026-10-08T18:26:12.5393495Z Turn off this advice by setting config variable advice.detachedHead to false
2026-10-08T18:26:12.5393760Z 
2026-10-08T18:26:12.5393980Z HEAD is now at 4aea7d8 Export mmap buffers with safe view leases and validated release lifetime
2026-10-08T18:26:12.5556204Z ##[endgroup]
2026-10-08T18:26:12.5800586Z [command]"C:\Program Files\Git\bin\git.exe" log -1 --format=%H
2026-10-08T18:26:12.5992252Z 4aea7d8fb24da9ba86f9d7eeb92820794f213d29
2026-10-08T18:26:12.6025663Z ##[group]Removing auth
2026-10-08T18:26:12.6025946Z Removing SSH command configuration
2026-10-08T18:26:12.6032842Z [command]"C:\Program Files\Git\bin\git.exe" config --local --name-only --get-regexp core\.sshCommand
2026-10-08T18:26:12.6256038Z [command]"C:\Program Files\Git\bin\git.exe" submodule foreach --recursive "sh -c \"git config --local --name-only --get-regexp 'core\.sshCommand' && git config --local --unset-all 'core.sshCommand' || :\""
2026-10-08T18:26:13.0237388Z Removing HTTP extra header
2026-10-08T18:26:13.0244782Z [command]"C:\Program Files\Git\bin\git.exe" config --local --name-only --get-regexp http\.https\:\/\/github\.com\/\.extraheader
2026-10-08T18:26:13.0450807Z [command]"C:\Program Files\Git\bin\git.exe" submodule foreach --recursive "sh -c \"git config --local --name-only --get-regexp 'http\.https\:\/\/github\.com\/\.extraheader' && git config --local --unset-all 'http.https://github.com/.extraheader' || :\""
2026-10-08T18:26:13.4522506Z Removing includeIf entries pointing to credentials config files
2026-10-08T18:26:13.4529175Z [command]"C:\Program Files\Git\bin\git.exe" config --local --name-only --get-regexp ^includeIf\.gitdir:
2026-10-08T18:26:13.4733467Z includeif.gitdir:D:/a/xMind/xMind/xlang3/.git.path
2026-10-08T18:26:13.4733911Z includeif.gitdir:D:/a/xMind/xMind/xlang3/.git/worktrees/*.path
2026-10-08T18:26:13.4734262Z includeif.gitdir:/github/workspace/xlang3/.git.path
2026-10-08T18:26:13.4734563Z includeif.gitdir:/github/workspace/xlang3/.git/worktrees/*.path
2026-10-08T18:26:13.4773318Z [command]"C:\Program Files\Git\bin\git.exe" config --local --get-all includeif.gitdir:D:/a/xMind/xMind/xlang3/.git.path
2026-10-08T18:26:13.4960778Z D:\a\_temp\git-credentials-cb55008f-96a6-476e-8e35-08e2c1713d61.config
2026-10-08T18:26:13.5011660Z [command]"C:\Program Files\Git\bin\git.exe" config --local --unset includeif.gitdir:D:/a/xMind/xMind/xlang3/.git.path D:\a\_temp\git-credentials-cb55008f-96a6-476e-8e35-08e2c1713d61.config
2026-10-08T18:26:13.5234336Z [command]"C:\Program Files\Git\bin\git.exe" config --local --get-all includeif.gitdir:D:/a/xMind/xMind/xlang3/.git/worktrees/*.path
2026-10-08T18:26:13.5441220Z D:\a\_temp\git-credentials-cb55008f-96a6-476e-8e35-08e2c1713d61.config
2026-10-08T18:26:13.5475466Z [command]"C:\Program Files\Git\bin\git.exe" config --local --unset includeif.gitdir:D:/a/xMind/xMind/xlang3/.git/worktrees/*.path D:\a\_temp\git-credentials-cb55008f-96a6-476e-8e35-08e2c1713d61.config
2026-10-08T18:26:13.5692930Z [command]"C:\Program Files\Git\bin\git.exe" config --local --get-all includeif.gitdir:/github/workspace/xlang3/.git.path
2026-10-08T18:26:13.5921290Z /github/runner_temp/git-credentials-cb55008f-96a6-476e-8e35-08e2c1713d61.config
2026-10-08T18:26:13.5957857Z [command]"C:\Program Files\Git\bin\git.exe" config --local --unset includeif.gitdir:/github/workspace/xlang3/.git.path /github/runner_temp/git-credentials-cb55008f-96a6-476e-8e35-08e2c1713d61.config
2026-10-08T18:26:13.6214957Z [command]"C:\Program Files\Git\bin\git.exe" config --local --get-all includeif.gitdir:/github/workspace/xlang3/.git/worktrees/*.path
2026-10-08T18:26:13.6418629Z /github/runner_temp/git-credentials-cb55008f-96a6-476e-8e35-08e2c1713d61.config
2026-10-08T18:26:13.6451232Z [command]"C:\Program Files\Git\bin\git.exe" config --local --unset includeif.gitdir:/github/workspace/xlang3/.git/worktrees/*.path /github/runner_temp/git-credentials-cb55008f-96a6-476e-8e35-08e2c1713d61.config
2026-10-08T18:26:13.6668840Z [command]"C:\Program Files\Git\bin\git.exe" submodule foreach --recursive "git config --local --show-origin --name-only --get-regexp remote.origin.url"
2026-10-08T18:26:14.1167628Z Removing credentials config 'D:\a\_temp\git-credentials-cb55008f-96a6-476e-8e35-08e2c1713d61.config'
2026-10-08T18:26:14.1177793Z ##[endgroup]
2026-10-08T18:26:14.1474335Z ##[group]Run actions/checkout@d23441a48e516b6c34aea4fa41551a30e30af803
2026-10-08T18:26:14.1474597Z with:
2026-10-08T18:26:14.1474715Z   repository: python/cpython
2026-10-08T18:26:14.1474866Z   ref: ebf955df7a89ed0c7968f79faec1de49f61ed7cb
2026-10-08T18:26:14.1475025Z   path: stdlib-source
2026-10-08T18:26:14.1475156Z   sparse-checkout: Lib

2026-10-08T18:26:14.1475284Z   persist-credentials: false
2026-10-08T18:26:14.1476825Z   token: ***
2026-10-08T18:26:14.1477095Z   ssh-strict: true
2026-10-08T18:26:14.1477200Z   ssh-user: git
2026-10-08T18:26:14.1477300Z   clean: true
2026-10-08T18:26:14.1477416Z   sparse-checkout-cone-mode: true
2026-10-08T18:26:14.1477562Z   fetch-depth: 1
2026-10-08T18:26:14.1477666Z   fetch-tags: false
2026-10-08T18:26:14.1477773Z   show-progress: true
2026-10-08T18:26:14.1477879Z   lfs: false
2026-10-08T18:26:14.1477973Z   submodules: false
2026-10-08T18:26:14.1478083Z   set-safe-directory: true
2026-10-08T18:26:14.1478239Z   allow-unsafe-pr-checkout: false
2026-10-08T18:26:14.1478371Z ##[endgroup]
2026-10-08T18:26:14.2232231Z Syncing repository: python/cpython
2026-10-08T18:26:14.2237313Z ##[group]Getting Git version info
2026-10-08T18:26:14.2237611Z Working directory is 'D:\a\xMind\xMind\stdlib-source'
2026-10-08T18:26:14.2602789Z [command]"C:\Program Files\Git\bin\git.exe" version
2026-10-08T18:26:14.2789429Z git version 2.55.0.windows.5
2026-10-08T18:26:14.2821450Z ##[endgroup]
2026-10-08T18:26:14.2833407Z Temporarily overriding HOME='D:\a\_temp\42b06800-5fc7-40dd-b921-553ad46d6493' before making global git config changes
2026-10-08T18:26:14.2833811Z Adding repository directory to the temporary git global config as a safe directory
2026-10-08T18:26:14.2840112Z [command]"C:\Program Files\Git\bin\git.exe" config --global --add safe.directory D:\a\xMind\xMind\stdlib-source
2026-10-08T18:26:14.3053420Z ##[group]Determining repository object format
2026-10-08T18:26:14.3055590Z ##[endgroup]
2026-10-08T18:26:14.3056343Z ##[group]Initializing the repository
2026-10-08T18:26:14.3062872Z [command]"C:\Program Files\Git\bin\git.exe" init D:\a\xMind\xMind\stdlib-source
2026-10-08T18:26:14.3313732Z Initialized empty Git repository in D:/a/xMind/xMind/stdlib-source/.git/
2026-10-08T18:26:14.3350320Z [command]"C:\Program Files\Git\bin\git.exe" remote add origin https://github.com/python/cpython
2026-10-08T18:26:14.3578971Z ##[endgroup]
2026-10-08T18:26:14.3579322Z ##[group]Disabling automatic garbage collection
2026-10-08T18:26:14.3588915Z [command]"C:\Program Files\Git\bin\git.exe" config --local gc.auto 0
2026-10-08T18:26:14.3821965Z ##[endgroup]
2026-10-08T18:26:14.3822317Z ##[group]Setting up auth
2026-10-08T18:26:14.3823517Z Removing SSH command configuration
2026-10-08T18:26:14.3833727Z [command]"C:\Program Files\Git\bin\git.exe" config --local --name-only --get-regexp core\.sshCommand
2026-10-08T18:26:14.4088012Z [command]"C:\Program Files\Git\bin\git.exe" submodule foreach --recursive "sh -c \"git config --local --name-only --get-regexp 'core\.sshCommand' && git config --local --unset-all 'core.sshCommand' || :\""
2026-10-08T18:26:14.8953091Z Removing HTTP extra header
2026-10-08T18:26:14.8961024Z [command]"C:\Program Files\Git\bin\git.exe" config --local --name-only --get-regexp http\.https\:\/\/github\.com\/\.extraheader
2026-10-08T18:26:14.9194769Z [command]"C:\Program Files\Git\bin\git.exe" submodule foreach --recursive "sh -c \"git config --local --name-only --get-regexp 'http\.https\:\/\/github\.com\/\.extraheader' && git config --local --unset-all 'http.https://github.com/.extraheader' || :\""
2026-10-08T18:26:15.3816835Z Removing includeIf entries pointing to credentials config files
2026-10-08T18:26:15.3825792Z [command]"C:\Program Files\Git\bin\git.exe" config --local --name-only --get-regexp ^includeIf\.gitdir:
2026-10-08T18:26:15.4041110Z [command]"C:\Program Files\Git\bin\git.exe" submodule foreach --recursive "git config --local --show-origin --name-only --get-regexp remote.origin.url"
2026-10-08T18:26:15.7931550Z [command]"C:\Program Files\Git\bin\git.exe" config --file D:\a\_temp\git-credentials-8429d667-ae74-42c4-adb4-136f83656460.config http.https://github.com/.extraheader "AUTHORIZATION: basic ***"
2026-10-08T18:26:15.8140997Z [command]"C:\Program Files\Git\bin\git.exe" config --local includeIf.gitdir:D:/a/xMind/xMind/stdlib-source/.git.path D:\a\_temp\git-credentials-8429d667-ae74-42c4-adb4-136f83656460.config
2026-10-08T18:26:15.8377915Z [command]"C:\Program Files\Git\bin\git.exe" config --local includeIf.gitdir:D:/a/xMind/xMind/stdlib-source/.git/worktrees/*.path D:\a\_temp\git-credentials-8429d667-ae74-42c4-adb4-136f83656460.config
2026-10-08T18:26:15.8605606Z [command]"C:\Program Files\Git\bin\git.exe" config --local includeIf.gitdir:/github/workspace/stdlib-source/.git.path /github/runner_temp/git-credentials-8429d667-ae74-42c4-adb4-136f83656460.config
2026-10-08T18:26:15.8812509Z [command]"C:\Program Files\Git\bin\git.exe" config --local includeIf.gitdir:/github/workspace/stdlib-source/.git/worktrees/*.path /github/runner_temp/git-credentials-8429d667-ae74-42c4-adb4-136f83656460.config
2026-10-08T18:26:15.9012413Z ##[endgroup]
2026-10-08T18:26:15.9012655Z ##[group]Fetching the repository
2026-10-08T18:26:15.9022518Z [command]"C:\Program Files\Git\bin\git.exe" -c protocol.version=2 fetch --no-tags --prune --no-recurse-submodules --filter=blob:none --depth=1 origin ebf955df7a89ed0c7968f79faec1de49f61ed7cb
2026-10-08T18:26:16.4964973Z From https://github.com/python/cpython
2026-10-08T18:26:16.4965449Z  * branch            ebf955df7a89ed0c7968f79faec1de49f61ed7cb -> FETCH_HEAD
2026-10-08T18:26:16.5017641Z [command]"C:\Program Files\Git\bin\git.exe" rev-parse --verify --quiet ebf955df7a89ed0c7968f79faec1de49f61ed7cb^{object}
2026-10-08T18:26:16.5217154Z ebf955df7a89ed0c7968f79faec1de49f61ed7cb
2026-10-08T18:26:16.5245780Z ##[endgroup]
2026-10-08T18:26:16.5246070Z ##[group]Determining the checkout info
2026-10-08T18:26:16.5247229Z ##[endgroup]
2026-10-08T18:26:16.5247505Z ##[group]Setting up sparse checkout
2026-10-08T18:26:16.5254036Z [command]"C:\Program Files\Git\bin\git.exe" sparse-checkout set Lib
2026-10-08T18:26:16.5485908Z ##[endgroup]
2026-10-08T18:26:16.5486133Z ##[group]Checking out the ref
2026-10-08T18:26:16.5493754Z [command]"C:\Program Files\Git\bin\git.exe" checkout --progress --force ebf955df7a89ed0c7968f79faec1de49f61ed7cb
2026-10-08T18:26:22.0233493Z Updating files:   0% (1/2406)
2026-10-08T18:26:22.0315155Z Updating files:   1% (25/2406)
2026-10-08T18:26:22.0358429Z Updating files:   2% (49/2406)
2026-10-08T18:26:22.0402806Z Updating files:   3% (73/2406)
2026-10-08T18:26:22.5621043Z Updating files:   4% (97/2406)
2026-10-08T18:26:22.5970603Z Updating files:   5% (121/2406)
2026-10-08T18:26:22.6217094Z Updating files:   6% (145/2406)
2026-10-08T18:26:22.6258623Z Updating files:   6% (150/2406)
2026-10-08T18:26:22.6298828Z Updating files:   7% (169/2406)
2026-10-08T18:26:22.6332348Z Updating files:   8% (193/2406)
2026-10-08T18:26:22.6370764Z Updating files:   9% (217/2406)
2026-10-08T18:26:22.6399446Z Updating files:  10% (241/2406)
2026-10-08T18:26:22.6433544Z Updating files:  11% (265/2406)
2026-10-08T18:26:22.6463727Z Updating files:  12% (289/2406)
2026-10-08T18:26:22.6558270Z Updating files:  13% (313/2406)
2026-10-08T18:26:22.6610880Z Updating files:  14% (337/2406)
2026-10-08T18:26:22.6642955Z Updating files:  15% (361/2406)
2026-10-08T18:26:22.6686243Z Updating files:  16% (385/2406)
2026-10-08T18:26:22.6718341Z Updating files:  17% (410/2406)
2026-10-08T18:26:22.6747194Z Updating files:  18% (434/2406)
2026-10-08T18:26:22.6777632Z Updating files:  19% (458/2406)
2026-10-08T18:26:22.6813030Z Updating files:  20% (482/2406)
2026-10-08T18:26:22.6851941Z Updating files:  21% (506/2406)
2026-10-08T18:26:22.6907802Z Updating files:  22% (530/2406)
2026-10-08T18:26:22.6947940Z Updating files:  23% (554/2406)
2026-10-08T18:26:22.7008725Z Updating files:  24% (578/2406)
2026-10-08T18:26:22.7071824Z Updating files:  25% (602/2406)
2026-10-08T18:26:22.7119273Z Updating files:  26% (626/2406)
2026-10-08T18:26:22.7171148Z Updating files:  27% (650/2406)
2026-10-08T18:26:22.7203152Z Updating files:  28% (674/2406)
2026-10-08T18:26:22.7228599Z Updating files:  29% (698/2406)
2026-10-08T18:26:22.7252138Z Updating files:  30% (722/2406)
2026-10-08T18:26:22.7307628Z Updating files:  31% (746/2406)
2026-10-08T18:26:22.7358324Z Updating files:  32% (770/2406)
2026-10-08T18:26:22.7411123Z Updating files:  33% (794/2406)
2026-10-08T18:26:22.7445363Z Updating files:  34% (819/2406)
2026-10-08T18:26:22.7474283Z Updating files:  35% (843/2406)
2026-10-08T18:26:22.7528604Z Updating files:  36% (867/2406)
2026-10-08T18:26:22.7572682Z Updating files:  37% (891/2406)
2026-10-08T18:26:22.7618475Z Updating files:  38% (915/2406)
2026-10-08T18:26:22.7660960Z Updating files:  39% (939/2406)
2026-10-08T18:26:22.7703074Z Updating files:  40% (963/2406)
2026-10-08T18:26:22.7739538Z Updating files:  41% (987/2406)
2026-10-08T18:26:22.7777644Z Updating files:  42% (1011/2406)
2026-10-08T18:26:22.7837238Z Updating files:  43% (1035/2406)
2026-10-08T18:26:22.7886277Z Updating files:  44% (1059/2406)
2026-10-08T18:26:22.7944190Z Updating files:  45% (1083/2406)
2026-10-08T18:26:22.7978480Z Updating files:  46% (1107/2406)
2026-10-08T18:26:22.8028167Z Updating files:  47% (1131/2406)
2026-10-08T18:26:22.8074788Z Updating files:  48% (1155/2406)
2026-10-08T18:26:22.8113716Z Updating files:  49% (1179/2406)
2026-10-08T18:26:22.8144831Z Updating files:  50% (1203/2406)
2026-10-08T18:26:22.8173009Z Updating files:  51% (1228/2406)
2026-10-08T18:26:22.8212346Z Updating files:  52% (1252/2406)
2026-10-08T18:26:22.8271514Z Updating files:  53% (1276/2406)
2026-10-08T18:26:22.8302691Z Updating files:  54% (1300/2406)
2026-10-08T18:26:22.8324477Z Updating files:  55% (1324/2406)
2026-10-08T18:26:22.8347656Z Updating files:  56% (1348/2406)
2026-10-08T18:26:22.8396920Z Updating files:  57% (1372/2406)
2026-10-08T18:26:22.8446284Z Updating files:  58% (1396/2406)
2026-10-08T18:26:22.8481377Z Updating files:  59% (1420/2406)
2026-10-08T18:26:22.8518653Z Updating files:  60% (1444/2406)
2026-10-08T18:26:22.8562930Z Updating files:  61% (1468/2406)
2026-10-08T18:26:22.8606033Z Updating files:  62% (1492/2406)
2026-10-08T18:26:22.8632880Z Updating files:  63% (1516/2406)
2026-10-08T18:26:22.8661971Z Updating files:  64% (1540/2406)
2026-10-08T18:26:22.8691959Z Updating files:  65% (1564/2406)
2026-10-08T18:26:22.8724297Z Updating files:  66% (1588/2406)
2026-10-08T18:26:22.8756378Z Updating files:  67% (1613/2406)
2026-10-08T18:26:22.8815508Z Updating files:  68% (1637/2406)
2026-10-08T18:26:22.8844644Z Updating files:  69% (1661/2406)
2026-10-08T18:26:22.8908831Z Updating files:  70% (1685/2406)
2026-10-08T18:26:22.8937044Z Updating files:  71% (1709/2406)
2026-10-08T18:26:22.8999509Z Updating files:  72% (1733/2406)
2026-10-08T18:26:22.9044806Z Updating files:  73% (1757/2406)
2026-10-08T18:26:22.9081217Z Updating files:  74% (1781/2406)
2026-10-08T18:26:22.9132907Z Updating files:  75% (1805/2406)
2026-10-08T18:26:22.9190336Z Updating files:  76% (1829/2406)
2026-10-08T18:26:22.9245560Z Updating files:  77% (1853/2406)
2026-10-08T18:26:22.9312526Z Updating files:  78% (1877/2406)
2026-10-08T18:26:22.9351032Z Updating files:  79% (1901/2406)
2026-10-08T18:26:22.9374336Z Updating files:  80% (1925/2406)
2026-10-08T18:26:22.9395314Z Updating files:  81% (1949/2406)
2026-10-08T18:26:22.9418155Z Updating files:  82% (1973/2406)
2026-10-08T18:26:22.9444038Z Updating files:  83% (1997/2406)
2026-10-08T18:26:22.9525251Z Updating files:  84% (2022/2406)
2026-10-08T18:26:22.9575569Z Updating files:  85% (2046/2406)
2026-10-08T18:26:22.9621259Z Updating files:  86% (2070/2406)
2026-10-08T18:26:22.9669126Z Updating files:  87% (2094/2406)
2026-10-08T18:26:22.9714707Z Updating files:  88% (2118/2406)
2026-10-08T18:26:22.9760346Z Updating files:  89% (2142/2406)
2026-10-08T18:26:22.9785326Z Updating files:  90% (2166/2406)
2026-10-08T18:26:22.9853568Z Updating files:  91% (2190/2406)
2026-10-08T18:26:22.9871353Z Updating files:  92% (2214/2406)
2026-10-08T18:26:22.9892045Z Updating files:  93% (2238/2406)
2026-10-08T18:26:22.9932422Z Updating files:  94% (2262/2406)
2026-10-08T18:26:22.9972634Z Updating files:  95% (2286/2406)
2026-10-08T18:26:23.0011796Z Updating files:  96% (2310/2406)
2026-10-08T18:26:23.0051688Z Updating files:  97% (2334/2406)
2026-10-08T18:26:23.0091302Z Updating files:  98% (2358/2406)
2026-10-08T18:26:23.0210487Z Updating files:  99% (2382/2406)
2026-10-08T18:26:23.0211532Z Updating files: 100% (2406/2406)
2026-10-08T18:26:23.0211782Z Updating files: 100% (2406/2406), done.
2026-10-08T18:26:23.0312366Z Note: switching to 'ebf955df7a89ed0c7968f79faec1de49f61ed7cb'.
2026-10-08T18:26:23.0312636Z 
2026-10-08T18:26:23.0312803Z You are in 'detached HEAD' state. You can look around, make experimental
2026-10-08T18:26:23.0313206Z changes and commit them, and you can discard any commits you make in this
2026-10-08T18:26:23.0313630Z state without impacting any branches by switching back to a branch.
2026-10-08T18:26:23.0313857Z 
2026-10-08T18:26:23.0314011Z If you want to create a new branch to retain commits you create, you may
2026-10-08T18:26:23.0314393Z do so (now or later) by using -c with the switch command. Example:
2026-10-08T18:26:23.0314617Z 
2026-10-08T18:26:23.0314704Z   git switch -c <new-branch-name>
2026-10-08T18:26:23.0314855Z 
2026-10-08T18:26:23.0314932Z Or undo this operation with:
2026-10-08T18:26:23.0315077Z 
2026-10-08T18:26:23.0315142Z   git switch -
2026-10-08T18:26:23.0315244Z 
2026-10-08T18:26:23.0315421Z Turn off this advice by setting config variable advice.detachedHead to false
2026-10-08T18:26:23.0315677Z 
2026-10-08T18:26:23.0315768Z HEAD is now at ebf955d Python 3.14.0
2026-10-08T18:26:23.0378488Z ##[endgroup]
2026-10-08T18:26:23.0610156Z [command]"C:\Program Files\Git\bin\git.exe" log -1 --format=%H
2026-10-08T18:26:23.0793595Z ebf955df7a89ed0c7968f79faec1de49f61ed7cb
2026-10-08T18:26:23.0827202Z ##[group]Removing auth
2026-10-08T18:26:23.0827496Z Removing SSH command configuration
2026-10-08T18:26:23.0834372Z [command]"C:\Program Files\Git\bin\git.exe" config --local --name-only --get-regexp core\.sshCommand
2026-10-08T18:26:23.1044094Z [command]"C:\Program Files\Git\bin\git.exe" submodule foreach --recursive "sh -c \"git config --local --name-only --get-regexp 'core\.sshCommand' && git config --local --unset-all 'core.sshCommand' || :\""
2026-10-08T18:26:23.5115362Z Removing HTTP extra header
2026-10-08T18:26:23.5123057Z [command]"C:\Program Files\Git\bin\git.exe" config --local --name-only --get-regexp http\.https\:\/\/github\.com\/\.extraheader
2026-10-08T18:26:23.5376331Z [command]"C:\Program Files\Git\bin\git.exe" submodule foreach --recursive "sh -c \"git config --local --name-only --get-regexp 'http\.https\:\/\/github\.com\/\.extraheader' && git config --local --unset-all 'http.https://github.com/.extraheader' || :\""
2026-10-08T18:26:23.9281328Z Removing includeIf entries pointing to credentials config files
2026-10-08T18:26:23.9289190Z [command]"C:\Program Files\Git\bin\git.exe" config --local --name-only --get-regexp ^includeIf\.gitdir:
2026-10-08T18:26:23.9474869Z includeif.gitdir:D:/a/xMind/xMind/stdlib-source/.git.path
2026-10-08T18:26:23.9475275Z includeif.gitdir:D:/a/xMind/xMind/stdlib-source/.git/worktrees/*.path
2026-10-08T18:26:23.9475626Z includeif.gitdir:/github/workspace/stdlib-source/.git.path
2026-10-08T18:26:23.9476170Z includeif.gitdir:/github/workspace/stdlib-source/.git/worktrees/*.path
2026-10-08T18:26:23.9509407Z [command]"C:\Program Files\Git\bin\git.exe" config --local --get-all includeif.gitdir:D:/a/xMind/xMind/stdlib-source/.git.path
2026-10-08T18:26:23.9682872Z D:\a\_temp\git-credentials-8429d667-ae74-42c4-adb4-136f83656460.config
2026-10-08T18:26:23.9713508Z [command]"C:\Program Files\Git\bin\git.exe" config --local --unset includeif.gitdir:D:/a/xMind/xMind/stdlib-source/.git.path D:\a\_temp\git-credentials-8429d667-ae74-42c4-adb4-136f83656460.config
2026-10-08T18:26:23.9909926Z [command]"C:\Program Files\Git\bin\git.exe" config --local --get-all includeif.gitdir:D:/a/xMind/xMind/stdlib-source/.git/worktrees/*.path
2026-10-08T18:26:24.0075787Z D:\a\_temp\git-credentials-8429d667-ae74-42c4-adb4-136f83656460.config
2026-10-08T18:26:24.0106020Z [command]"C:\Program Files\Git\bin\git.exe" config --local --unset includeif.gitdir:D:/a/xMind/xMind/stdlib-source/.git/worktrees/*.path D:\a\_temp\git-credentials-8429d667-ae74-42c4-adb4-136f83656460.config
2026-10-08T18:26:24.0314268Z [command]"C:\Program Files\Git\bin\git.exe" config --local --get-all includeif.gitdir:/github/workspace/stdlib-source/.git.path
2026-10-08T18:26:24.0493439Z /github/runner_temp/git-credentials-8429d667-ae74-42c4-adb4-136f83656460.config
2026-10-08T18:26:24.0522470Z [command]"C:\Program Files\Git\bin\git.exe" config --local --unset includeif.gitdir:/github/workspace/stdlib-source/.git.path /github/runner_temp/git-credentials-8429d667-ae74-42c4-adb4-136f83656460.config
2026-10-08T18:26:24.0725908Z [command]"C:\Program Files\Git\bin\git.exe" config --local --get-all includeif.gitdir:/github/workspace/stdlib-source/.git/worktrees/*.path
2026-10-08T18:26:24.0891224Z /github/runner_temp/git-credentials-8429d667-ae74-42c4-adb4-136f83656460.config
2026-10-08T18:26:24.0920753Z [command]"C:\Program Files\Git\bin\git.exe" config --local --unset includeif.gitdir:/github/workspace/stdlib-source/.git/worktrees/*.path /github/runner_temp/git-credentials-8429d667-ae74-42c4-adb4-136f83656460.config
2026-10-08T18:26:24.1118160Z [command]"C:\Program Files\Git\bin\git.exe" submodule foreach --recursive "git config --local --show-origin --name-only --get-regexp remote.origin.url"
2026-10-08T18:26:24.5022827Z Removing credentials config 'D:\a\_temp\git-credentials-8429d667-ae74-42c4-adb4-136f83656460.config'
2026-10-08T18:26:24.5032247Z ##[endgroup]
2026-10-08T18:26:24.5281803Z ##[group]Run actions/setup-node@249970729cb0ef3589644e2896645e5dc5ba9c38
2026-10-08T18:26:24.5282054Z with:
2026-10-08T18:26:24.5282163Z   node-version: 22
2026-10-08T18:26:24.5282274Z   check-latest: false
2026-10-08T18:26:24.5283729Z   token: ***
2026-10-08T18:26:24.5283841Z   package-manager-cache: true
2026-10-08T18:26:24.5283979Z ##[endgroup]
2026-10-08T18:26:24.6455111Z Found in cache @ C:\hostedtoolcache\windows\node\22.23.3\x64
2026-10-08T18:26:24.6459973Z ##[group]Environment details
2026-10-08T18:26:29.2231294Z node: v22.23.3
2026-10-08T18:26:29.2231644Z npm: 10.9.9
2026-10-08T18:26:29.2231745Z yarn: 1.22.22
2026-10-08T18:26:29.2232098Z ##[endgroup]
2026-10-08T18:26:29.2461606Z ##[group]Run ./xmind/Tools/ci-native.ps1 -RuntimeSource ./xlang3 -StdlibSource ./stdlib-source/Lib
2026-10-08T18:26:29.2462064Z [36;1m./xmind/Tools/ci-native.ps1 -RuntimeSource ./xlang3 -StdlibSource ./stdlib-source/Lib[0m
2026-10-08T18:26:29.2937625Z shell: C:\Program Files\PowerShell\7\pwsh.EXE -command ". '{0}'"
2026-10-08T18:26:29.2937838Z ##[endgroup]
2026-10-08T18:26:30.3551946Z [31;1mSwitched to a new branch 'xmind-ci-sqlite'[0m
2026-10-08T18:26:40.0857172Z -- The C compiler identification is MSVC 19.51.36260.0
2026-10-08T18:26:41.2196853Z -- The CXX compiler identification is MSVC 19.51.36260.0
2026-10-08T18:26:41.3320858Z -- Detecting C compiler ABI info
2026-10-08T18:26:42.2203082Z -- Detecting C compiler ABI info - done
2026-10-08T18:26:42.2450409Z -- Check for working C compiler: C:/Program Files/Microsoft Visual Studio/18/Enterprise/VC/Tools/MSVC/14.51.36231/bin/Hostx64/x64/cl.exe - skipped
2026-10-08T18:26:42.2460422Z -- Detecting C compile features
2026-10-08T18:26:42.2511321Z -- Detecting C compile features - done
2026-10-08T18:26:42.3163062Z -- Detecting CXX compiler ABI info
2026-10-08T18:26:42.8033327Z -- Detecting CXX compiler ABI info - done
2026-10-08T18:26:42.8182654Z -- Check for working CXX compiler: C:/Program Files/Microsoft Visual Studio/18/Enterprise/VC/Tools/MSVC/14.51.36231/bin/Hostx64/x64/cl.exe - skipped
2026-10-08T18:26:42.8196857Z -- Detecting CXX compile features
2026-10-08T18:26:42.8198926Z -- Detecting CXX compile features - done
2026-10-08T18:26:43.0062940Z -- Looking for sys/types.h
2026-10-08T18:26:43.8189176Z -- Looking for sys/types.h - found
2026-10-08T18:26:43.8189522Z -- Looking for stdint.h
2026-10-08T18:26:44.2791068Z -- Looking for stdint.h - found
2026-10-08T18:26:44.2792041Z -- Looking for stddef.h
2026-10-08T18:26:44.7319462Z -- Looking for stddef.h - found
2026-10-08T18:26:44.7319998Z -- Check size of off64_t
2026-10-08T18:26:45.5153957Z -- Check size of off64_t - failed
2026-10-08T18:26:45.5154618Z -- Looking for fseeko
2026-10-08T18:26:45.9760768Z -- Looking for fseeko - not found
2026-10-08T18:26:45.9761439Z -- Looking for stdarg.h
2026-10-08T18:26:46.4329139Z -- Looking for stdarg.h - found
2026-10-08T18:26:46.4338819Z -- Looking for unistd.h
2026-10-08T18:26:46.9857882Z -- Looking for unistd.h - not found
2026-10-08T18:26:46.9858309Z -- Performing Test HAVE___ATTR__VIS_HIDDEN
2026-10-08T18:26:47.3460852Z -- Performing Test HAVE___ATTR__VIS_HIDDEN - Failed
2026-10-08T18:26:47.4950482Z -- The ASM_MASM compiler identification is MSVC
2026-10-08T18:26:47.4983205Z -- Found assembler: C:/Program Files/Microsoft Visual Studio/18/Enterprise/VC/Tools/MSVC/14.51.36231/bin/Hostx64/x64/ml64.exe
2026-10-08T18:26:47.5589892Z -- Performing Test CMAKE_HAVE_LIBC_PTHREAD
2026-10-08T18:26:47.9029873Z -- Performing Test CMAKE_HAVE_LIBC_PTHREAD - Failed
2026-10-08T18:26:47.9030314Z -- Looking for pthread_create in pthreads
2026-10-08T18:26:48.2920394Z -- Looking for pthread_create in pthreads - not found
2026-10-08T18:26:48.2923318Z -- Looking for pthread_create in pthread
2026-10-08T18:26:48.6761785Z -- Looking for pthread_create in pthread - not found
2026-10-08T18:26:48.6876133Z -- Found Threads: TRUE
2026-10-08T18:26:48.6940456Z -- Configuring done (17.3s)
2026-10-08T18:26:49.1601975Z -- Generating done (0.5s)
2026-10-08T18:26:49.1610285Z -- Build files have been written to: D:/a/xMind/xMind/xlang3/build
2026-10-08T18:26:49.2734225Z MSBuild version 18.10.1-1.26427.6+3cd27c13e for .NET Framework
2026-10-08T18:26:49.3012874Z 
2026-10-08T18:26:49.4424302Z   Checking File Globs
2026-10-08T18:26:49.5407731Z   1>Checking Build System
2026-10-08T18:26:49.7523893Z   Building Custom Rule D:/a/xMind/xMind/xlang3/CMakeLists.txt
2026-10-08T18:26:49.8594112Z   blocksort.c
2026-10-08T18:26:49.9094362Z   Building Custom Rule D:/a/xMind/xMind/xlang3/third_party/zlib/CMakeLists.txt
2026-10-08T18:26:49.9503248Z   Building Custom Rule D:/a/xMind/xMind/xlang3/modules/ctypes/CMakeLists.txt
2026-10-08T18:26:49.9816899Z   adler32.c
2026-10-08T18:26:49.9872337Z   Assembling D:\a\xMind\xMind\xlang3\modules\cffi\libffi\win64.asm...
2026-10-08T18:26:49.9961569Z   compress.c
2026-10-08T18:26:50.0029219Z   crc32.c
2026-10-08T18:26:50.0154986Z   deflate.c
2026-10-08T18:26:50.0305308Z   gzclose.c
2026-10-08T18:26:50.1278253Z   gzlib.c
2026-10-08T18:26:50.1377262Z   gzread.c
2026-10-08T18:26:50.1547518Z   gzwrite.c
2026-10-08T18:26:50.1714542Z   inflate.c
2026-10-08T18:26:50.1843315Z   infback.c
2026-10-08T18:26:50.1964457Z   inftrees.c
2026-10-08T18:26:50.2080700Z   inffast.c
2026-10-08T18:26:50.2219698Z   trees.c
2026-10-08T18:26:50.2358428Z   uncompr.c
2026-10-08T18:26:50.2433852Z   zutil.c
2026-10-08T18:26:50.2592823Z   Generating Code...
2026-10-08T18:26:51.3653495Z   zlibstatic.vcxproj -> D:\a\xMind\xMind\xlang3\build\third_party\zlib\Release\zs.lib
2026-10-08T18:26:51.4195820Z   Building Custom Rule D:/a/xMind/xMind/xlang3/CMakeLists.txt
2026-10-08T18:26:51.4872424Z   task_module.cpp
2026-10-08T18:26:51.4872712Z   task_objects.cpp
2026-10-08T18:26:52.4992872Z   ctypes_ffi.cpp
2026-10-08T18:26:53.0644357Z   huffman.c
2026-10-08T18:26:53.2215736Z   crctable.c
2026-10-08T18:26:53.3841468Z   randtable.c
2026-10-08T18:26:53.5311293Z   compress.c
2026-10-08T18:26:53.6775877Z   decompress.c
2026-10-08T18:26:53.8917342Z   bzlib.c
2026-10-08T18:26:54.1315678Z   Generating Code...
2026-10-08T18:26:55.1031047Z   xlang3_task_runtime.vcxproj -> D:\a\xMind\xMind\xlang3\build\Release\xlang3_task_runtime.lib
2026-10-08T18:26:55.4007814Z   Building Custom Rule D:/a/xMind/xMind/xlang3/CMakeLists.txt
2026-10-08T18:26:55.5099426Z   runtime_lock.cpp
2026-10-08T18:26:55.5101235Z   thread_module.cpp
2026-10-08T18:26:55.5103129Z   thread_objects.cpp
2026-10-08T18:26:56.0521132Z   ffi.c
2026-10-08T18:26:56.0904085Z   prep_cif.c
2026-10-08T18:26:56.1187142Z   types.c
2026-10-08T18:26:56.1248259Z   Generating Code...
2026-10-08T18:26:56.2877139Z   xlang3_ctypes_ffi.vcxproj -> D:\a\xMind\xMind\xlang3\build\modules\ctypes\Release\xlang3_ctypes_ffi.lib
2026-10-08T18:26:56.6384997Z   bzip2static.vcxproj -> D:\a\xMind\xMind\xlang3\build\Release\bzip2static.lib
2026-10-08T18:26:56.6739400Z   Building Custom Rule D:/a/xMind/xMind/xlang3/CMakeLists.txt
2026-10-08T18:26:56.7754690Z   abc_module.cpp
2026-10-08T18:26:56.7755007Z   ast_module.cpp
2026-10-08T18:26:56.7812736Z   atexit_module.cpp
2026-10-08T18:26:56.7826951Z   binascii_module.cpp
2026-10-08T18:26:57.5516408Z   xlang3_thread_runtime.vcxproj -> D:\a\xMind\xMind\xlang3\build\Release\xlang3_thread_runtime.lib
2026-10-08T18:26:57.9265730Z   bisect_module.cpp
2026-10-08T18:26:57.9549027Z   bz2_module.cpp
2026-10-08T18:26:57.9668025Z   cmath_module.cpp
2026-10-08T18:26:58.3739609Z   decimal_module.cpp
2026-10-08T18:26:58.9130525Z   codecs_module.cpp
2026-10-08T18:26:59.1559006Z   locale_module.cpp
2026-10-08T18:26:59.3567833Z   multibytecodec_module.cpp
2026-10-08T18:26:59.5236773Z   collections_module.cpp
2026-10-08T18:27:00.1916049Z   contextvars_module.cpp
2026-10-08T18:27:00.5605355Z   asyncio_module.cpp
2026-10-08T18:27:00.7774445Z   asyncio_future.cpp
2026-10-08T18:27:00.7932021Z   asyncio_task.cpp
2026-10-08T18:27:01.4038429Z   csv_module.cpp
2026-10-08T18:27:01.8296360Z   ctypes_module.cpp
2026-10-08T18:27:01.9690795Z   errno_module.cpp
2026-10-08T18:27:01.9999638Z   faulthandler_module.cpp
2026-10-08T18:27:02.6012525Z   functools_module.cpp
2026-10-08T18:27:02.9906457Z   gc_module.cpp
2026-10-08T18:27:03.0557324Z   lsprof_module.cpp
2026-10-08T18:27:03.1947998Z   array_module.cpp
2026-10-08T18:27:03.6509089Z   imp_module.cpp
2026-10-08T18:27:04.1024846Z   importlib_module.cpp
2026-10-08T18:27:04.2210090Z   interpreters_module.cpp
2026-10-08T18:27:04.2725460Z   itertools_module.cpp
2026-10-08T18:27:04.7058803Z   io_module.cpp
2026-10-08T18:27:05.4163694Z   json_module.cpp
2026-10-08T18:27:05.5646452Z   marshal_module.cpp
2026-10-08T18:27:05.7755170Z   msvcrt_module.cpp
2026-10-08T18:27:06.1118964Z   multiprocessing_module.cpp
2026-10-08T18:27:06.8679121Z   opcode_module.cpp
2026-10-08T18:27:06.9018256Z   operator_module.cpp
2026-10-08T18:27:07.0683735Z   os_module.cpp
2026-10-08T18:27:07.2884300Z   overlapped_module.cpp
2026-10-08T18:27:07.9290204Z   pickle_module.cpp
2026-10-08T18:27:07.9352090Z   pyexpat_module.cpp
2026-10-08T18:27:08.7737987Z   queue_module.cpp
2026-10-08T18:27:08.8763654Z   random_module.cpp
2026-10-08T18:27:09.0518845Z   signal_module.cpp
2026-10-08T18:27:09.1133472Z   sha2_module.cpp
2026-10-08T18:27:09.8812349Z   socket_select_module.cpp
2026-10-08T18:27:10.0219684Z   sre_module.cpp
2026-10-08T18:27:10.1693125Z   source_encoding.cpp
2026-10-08T18:27:10.5768932Z   stat_module.cpp
2026-10-08T18:27:10.8099197Z   string_module.cpp
2026-10-08T18:27:11.4259120Z   struct_module.cpp
2026-10-08T18:27:11.5472872Z   sysconfig_native_module.cpp
2026-10-08T18:27:11.8088972Z   sys_module.cpp
2026-10-08T18:27:12.0947621Z   time_module.cpp
2026-10-08T18:27:12.5636478Z   tokenize_module.cpp
2026-10-08T18:27:12.5644648Z   typing_module.cpp
2026-10-08T18:27:13.7142586Z   unicodedata_module.cpp
2026-10-08T18:27:13.7323594Z   weakref_module.cpp
2026-10-08T18:27:13.7357182Z   warnings_module.cpp
2026-10-08T18:27:13.7788242Z   winapi_module.cpp
2026-10-08T18:27:14.7326013Z   posix_process_module.cpp
2026-10-08T18:27:14.7614231Z   winreg_module.cpp
2026-10-08T18:27:15.2522057Z   zlib_module.cpp
2026-10-08T18:27:15.3966109Z   zip_archive.cpp
2026-10-08T18:27:15.7433967Z   zipimport_module.cpp
2026-10-08T18:27:18.8430476Z   xlang3_system_runtime.vcxproj -> D:\a\xMind\xMind\xlang3\build\Release\xlang3_system_runtime.lib
2026-10-08T18:27:18.8766014Z   Building Custom Rule D:/a/xMind/xMind/xlang3/CMakeLists.txt
2026-10-08T18:27:18.9695679Z   builtins.cpp
2026-10-08T18:27:18.9695984Z   builtin_modules.cpp
2026-10-08T18:27:18.9696207Z   exception_builtins.cpp
2026-10-08T18:27:18.9696687Z   functional_builtins.cpp
2026-10-08T18:27:20.0307041Z   io_builtins.cpp
2026-10-08T18:27:20.0661859Z   math_module.cpp
2026-10-08T18:27:23.0486866Z   object_type_builtins.cpp
2026-10-08T18:27:23.6493115Z   raw_block_builtins.cpp
2026-10-08T18:27:24.7636040Z   sequence_builtins.cpp
2026-10-08T18:27:25.4746663Z   ipc_runtime.cpp
2026-10-08T18:27:28.7792657Z   shared_memory_block_stream.cpp
2026-10-08T18:27:30.3342465Z   shared_memory_transport.cpp
2026-10-08T18:27:31.9625365Z   block_stream.cpp
2026-10-08T18:27:32.3016569Z   ipc_value_marshal.cpp
2026-10-08T18:27:32.3969781Z   xlang_stream.cpp
2026-10-08T18:27:32.7543173Z   c_api_bridge.cpp
2026-10-08T18:27:33.2620124Z   exceptions.cpp
2026-10-08T18:27:33.4043794Z   expression.cpp
2026-10-08T18:27:33.8971741Z   functional_iterators.cpp
2026-10-08T18:27:34.9000475Z   generator.cpp
2026-10-08T18:27:35.0925280Z   attribute.cpp
2026-10-08T18:27:37.2692092Z   list_methods.cpp
2026-10-08T18:27:37.5444428Z   dict_methods.cpp
2026-10-08T18:27:37.7580619Z   file_methods.cpp
2026-10-08T18:27:38.1390953Z   int_methods.cpp
2026-10-08T18:27:39.7081357Z   set_methods.cpp
2026-10-08T18:27:40.5001316Z   string_methods.cpp
2026-10-08T18:27:41.3172609Z   tuple_methods.cpp
2026-10-08T18:27:42.5888587Z   bytes_methods.cpp
2026-10-08T18:27:42.7256310Z   iterator_methods.cpp
2026-10-08T18:27:43.5082036Z   property_methods.cpp
2026-10-08T18:27:46.0011261Z   x3_bucket_allocator.cpp
2026-10-08T18:27:47.1051072Z   x3_memory.cpp
2026-10-08T18:27:47.4584969Z   x3_object_pool.cpp
2026-10-08T18:27:47.5558127Z   x3_page_allocator.cpp
2026-10-08T18:27:47.6275173Z   x3_runtime_memory.cpp
2026-10-08T18:27:47.7233605Z   x3_temp_arena.cpp
2026-10-08T18:27:48.0739213Z   perf_counters.cpp
2026-10-08T18:27:48.0803387Z   interpreter_events.cpp
2026-10-08T18:27:48.1783633Z   bigint.cpp
2026-10-08T18:27:48.2558626Z   value.cpp
2026-10-08T18:27:48.3316397Z   value_hash.cpp
2026-10-08T18:27:49.3824022Z   object_model.cpp
2026-10-08T18:27:49.4382032Z   sequence.cpp
2026-10-08T18:27:51.0077616Z   mapping.cpp
2026-10-08T18:27:55.0623065Z   set_object.cpp
2026-10-08T18:27:55.5398208Z   module_object.cpp
2026-10-08T18:27:56.4893720Z   module_slots.cpp
2026-10-08T18:27:58.3170184Z   runtime.cpp
2026-10-08T18:27:58.8429538Z   unicode_data.cpp
2026-10-08T18:27:59.9514873Z   unicode_names.cpp
2026-10-08T18:28:00.9911714Z   vfs.cpp
2026-10-08T18:28:05.0955545Z   source_cursor.cpp
2026-10-08T18:28:05.5244801Z   lexer.cpp
2026-10-08T18:28:05.6378312Z   parser.cpp
2026-10-08T18:28:08.0787986Z   scope_analysis.cpp
2026-10-08T18:28:10.2826445Z   xlang_module_globals.cpp
2026-10-08T18:28:10.7525081Z   lower.cpp
2026-10-08T18:28:11.1468403Z   codec.cpp
2026-10-08T18:28:13.1780494Z   xlang_interpreter.cpp
2026-10-08T18:28:13.7054967Z   xlang_vm_attr.cpp
2026-10-08T18:28:14.0374571Z   xlang_vm_loop.cpp
2026-10-08T18:28:17.0148258Z   object_table.cpp
2026-10-08T18:28:18.4494148Z   memory_file_store.cpp
2026-10-08T18:28:20.2870922Z   shared_memory_transport_win32.cpp
2026-10-08T18:28:22.7150900Z   debug_session.cpp
2026-10-08T18:28:24.0704590Z   dap_session.cpp
2026-10-08T18:28:26.3246602Z   dump.cpp
2026-10-08T18:28:27.9816528Z   c_api.cpp
2026-10-08T18:28:29.1693212Z   buffer_api.cpp
2026-10-08T18:28:32.7972839Z   tensor_storage.cpp
2026-10-08T18:28:33.3587982Z   tensor_serialization.cpp
2026-10-08T18:28:36.1343735Z   tensor_graph.cpp
2026-10-08T18:28:36.2493072Z   tensor_cpu.cpp
2026-10-08T18:28:36.5189397Z   tensor_module.cpp
2026-10-08T18:28:39.4605679Z   tensor_api.cpp
2026-10-08T18:28:39.4607265Z   protocol_api.cpp
2026-10-08T18:28:40.3977482Z   stream_api.cpp
2026-10-08T18:28:41.0446237Z   native_serialization_api.cpp
2026-10-08T18:28:41.2790738Z   ipc_api.cpp
2026-10-08T18:28:41.8208376Z   value_graph_writer.cpp
2026-10-08T18:28:42.3110850Z   value_graph_reader.cpp
2026-10-08T18:28:42.4235654Z   value_graph_lifetime.cpp
2026-10-08T18:28:44.9299216Z   import_loader.cpp
2026-10-08T18:28:46.4143499Z   native_package_loader.cpp
2026-10-08T18:28:49.4807134Z   Auto build dll exports
2026-10-08T18:28:49.7361331Z   xlang3_thread_runtime.lib(thread_module.obj) : MSIL .netmodule or module compiled with /GL found; restarting link with /LTCG; add /LTCG to the link command line to improve linker performance
2026-10-08T18:28:51.0976569Z      Creating library D:/a/xMind/xMind/xlang3/build/Release/xlang3_runtime.lib and object D:/a/xMind/xMind/xlang3/build/Release/xlang3_runtime.exp
2026-10-08T18:28:51.3920500Z   Generating code
2026-10-08T18:29:32.0676353Z   Finished generating code
2026-10-08T18:29:32.7594101Z   xlang3_runtime.vcxproj -> D:\a\xMind\xMind\xlang3\build\Release\xlang3_runtime.dll
2026-10-08T18:29:32.7952996Z   Building Custom Rule D:/a/xMind/xMind/xlang3/CMakeLists.txt
2026-10-08T18:29:32.8448434Z   xlang3.cpp
2026-10-08T18:29:35.5955950Z   xlang3.vcxproj -> D:\a\xMind\xMind\xlang3\build\Release\xlang3.exe
2026-10-08T18:29:35.6953772Z MSBuild version 18.10.1-1.26427.6+3cd27c13e for .NET Framework
2026-10-08T18:29:35.7166863Z 
2026-10-08T18:29:35.8188716Z   Checking File Globs
2026-10-08T18:29:35.9351777Z   Building Custom Rule D:/a/xMind/xMind/xlang3/modules/json/CMakeLists.txt
2026-10-08T18:29:36.0170071Z   main.cpp
2026-10-08T18:29:36.3346650Z   json_package.cpp
2026-10-08T18:29:37.6657106Z   json_convert.cpp
2026-10-08T18:29:38.7177296Z   Generating Code...
2026-10-08T18:29:40.7422800Z      Creating library D:/a/xMind/xMind/xlang3/build/Release/modules/xlang_json.x3pkg.lib and object D:/a/xMind/xMind/xlang3/build/Release/modules/xlang_json.x3pkg.exp
2026-10-08T18:29:42.0132016Z   xlang_json_native_package.vcxproj -> D:\a\xMind\xMind\xlang3\build\Release\modules\xlang_json.x3pkg.dll
2026-10-08T18:29:42.1028314Z MSBuild version 18.10.1-1.26427.6+3cd27c13e for .NET Framework
2026-10-08T18:29:42.1275427Z 
2026-10-08T18:29:42.2328082Z   Checking File Globs
2026-10-08T18:29:42.3511182Z   Building Custom Rule D:/a/xMind/xMind/xlang3/modules/sqlite/CMakeLists.txt
2026-10-08T18:29:42.4328706Z   main.cpp
2026-10-08T18:29:42.7501414Z   sqlite_package.cpp
2026-10-08T18:29:43.1521033Z   sqlite_values.cpp
2026-10-08T18:29:43.5207663Z   sqlite_handles.cpp
2026-10-08T18:29:43.8827314Z   Generating Code...
2026-10-08T18:29:44.2426061Z   sqlite3.c
2026-10-08T18:29:55.9667934Z      Creating library D:/a/xMind/xMind/xlang3/build/Release/modules/xlang_sqlite3.x3pkg.lib and object D:/a/xMind/xMind/xlang3/build/Release/modules/xlang_sqlite3.x3pkg.exp
2026-10-08T18:29:56.0393219Z   xlang_sqlite3_native_package.vcxproj -> D:\a\xMind\xMind\xlang3\build\Release\modules\xlang_sqlite3.x3pkg.dll
2026-10-08T18:29:56.1385906Z Pinned jsoncons native source and license hashes verified: 176 files
2026-10-08T18:30:00.3619086Z 
2026-10-08T18:30:00.3620721Z added 97 packages in 4s
2026-10-08T18:30:02.8919710Z -- The C compiler identification is MSVC 19.51.36260.0
2026-10-08T18:30:03.3404951Z -- The CXX compiler identification is MSVC 19.51.36260.0
2026-10-08T18:30:03.3566515Z -- Detecting C compiler ABI info
2026-10-08T18:30:03.8007949Z -- Detecting C compiler ABI info - done
2026-10-08T18:30:03.8137175Z -- Check for working C compiler: C:/Program Files/Microsoft Visual Studio/18/Enterprise/VC/Tools/MSVC/14.51.36231/bin/Hostx64/x64/cl.exe - skipped
2026-10-08T18:30:03.8139306Z -- Detecting C compile features
2026-10-08T18:30:03.8144314Z -- Detecting C compile features - done
2026-10-08T18:30:03.8207395Z -- Detecting CXX compiler ABI info
2026-10-08T18:30:04.2762701Z -- Detecting CXX compiler ABI info - done
2026-10-08T18:30:04.2891621Z -- Check for working CXX compiler: C:/Program Files/Microsoft Visual Studio/18/Enterprise/VC/Tools/MSVC/14.51.36231/bin/Hostx64/x64/cl.exe - skipped
2026-10-08T18:30:04.2894231Z -- Detecting CXX compile features
2026-10-08T18:30:04.2901531Z -- Detecting CXX compile features - done
2026-10-08T18:30:04.3162311Z -- Performing Test CMAKE_HAVE_LIBC_PTHREAD
2026-10-08T18:30:04.6171172Z -- Performing Test CMAKE_HAVE_LIBC_PTHREAD - Failed
2026-10-08T18:30:04.6171619Z -- Looking for pthread_create in pthreads
2026-10-08T18:30:04.9753102Z -- Looking for pthread_create in pthreads - not found
2026-10-08T18:30:04.9753814Z -- Looking for pthread_create in pthread
2026-10-08T18:30:05.3364178Z -- Looking for pthread_create in pthread - not found
2026-10-08T18:30:05.3380486Z -- Found Threads: TRUE
2026-10-08T18:30:05.3461466Z -- Configuring done (3.1s)
2026-10-08T18:30:05.9178206Z -- Generating done (0.6s)
2026-10-08T18:30:05.9183588Z -- Build files have been written to: D:/a/xMind/xMind/xmind/build/native
2026-10-08T18:30:06.0169131Z MSBuild version 18.10.1-1.26427.6+3cd27c13e for .NET Framework
2026-10-08T18:30:06.0477493Z 
2026-10-08T18:30:06.2122684Z   1>Checking Build System
2026-10-08T18:30:06.3502588Z   Building Custom Rule D:/a/xMind/xMind/xmind/Native/CMakeLists.txt
2026-10-08T18:30:06.4170826Z   Building Custom Rule D:/a/xMind/xMind/xmind/Native/CMakeLists.txt
2026-10-08T18:30:06.4971607Z   secret_protection.cpp
2026-10-08T18:30:06.5251110Z   mcp_wire.cpp
2026-10-08T18:30:06.5301679Z   Building Custom Rule D:/a/xMind/xMind/xmind/Native/CMakeLists.txt
2026-10-08T18:30:06.6428633Z   windows_process.cpp
2026-10-08T18:30:07.6737559Z   agentflow_secrets.vcxproj -> D:\a\xMind\xMind\xmind\build\native\Release\agentflow_secrets.lib
2026-10-08T18:30:07.9558090Z   Building Custom Rule D:/a/xMind/xMind/xmind/Native/CMakeLists.txt
2026-10-08T18:30:08.0971498Z   workspace_tools.cpp
2026-10-08T18:30:09.2605980Z   mcp_requests.cpp
2026-10-08T18:30:09.8989795Z   agentflow_process.vcxproj -> D:\a\xMind\xMind\xmind\build\native\Release\agentflow_process.lib
2026-10-08T18:30:10.5080777Z   windows_workspace.cpp
2026-10-08T18:30:11.1875029Z   mcp_handshake.cpp
2026-10-08T18:30:12.1084030Z   repository_instruction_context.cpp
2026-10-08T18:30:13.1460469Z   Generating Code...
2026-10-08T18:30:14.6880899Z   Generating Code...
2026-10-08T18:30:19.8135831Z   agentflow_mcp_wire.vcxproj -> D:\a\xMind\xMind\xmind\build\native\Release\agentflow_mcp_wire.lib
2026-10-08T18:30:19.9044342Z   Building Custom Rule D:/a/xMind/xMind/xmind/Native/CMakeLists.txt
2026-10-08T18:30:19.9691346Z   backend_lease.cpp
2026-10-08T18:30:20.1731779Z   agentflow_workspace.vcxproj -> D:\a\xMind\xMind\xmind\build\native\Release\agentflow_workspace.lib
2026-10-08T18:30:20.9600267Z D:\a\xMind\xMind\xmind\Native\src\backend_lease.cpp(20,72): warning C4996: 'std::filesystem::u8path': warning STL4021: The std::filesystem::u8path() overloads are deprecated in C++20. The constructors of std::filesystem::path provide equivalent functionality via construction from u8string, u8string_view, or iterators with value_type char8_t. You can define _SILENCE_CXX20_U8PATH_DEPRECATION_WARNING or _SILENCE_ALL_CXX20_DEPRECATION_WARNINGS to suppress this warning. [D:\a\xMind\xMind\xmind\build\native\agentflow_core.vcxproj]
2026-10-08T18:30:21.3037863Z   xlang_sqlite.cpp
2026-10-08T18:30:21.8420277Z C:\Program Files\Microsoft Visual Studio\18\Enterprise\VC\Tools\MSVC\14.51.36231\include\memory(3997,10): warning C4996: 'std::atomic_store_explicit': warning STL4029: std::atomic_*() overloads for shared_ptr are deprecated in C++20. The shared_ptr specialization of std::atomic provides superior functionality. You can define _SILENCE_CXX20_OLD_SHARED_PTR_ATOMIC_SUPPORT_DEPRECATION_WARNING or _SILENCE_ALL_CXX20_DEPRECATION_WARNINGS to suppress this warning. [D:\a\xMind\xMind\xmind\build\native\agentflow_core.vcxproj]
2026-10-08T18:30:21.8424646Z   (compiling source file '../../Native/src/xlang_sqlite.cpp')
2026-10-08T18:30:21.8425868Z       C:\Program Files\Microsoft Visual Studio\18\Enterprise\VC\Tools\MSVC\14.51.36231\include\memory(3997,10):
2026-10-08T18:30:21.8426473Z       the template instantiation context (the oldest one first) is
2026-10-08T18:30:21.8426911Z           D:\a\xMind\xMind\xlang3\sdk\xlang3\cpp\package.h(49,23):
2026-10-08T18:30:21.8427934Z           see reference to function template instantiation 'void std::atomic_store<X::detail::InstanceEvents>(std::shared_ptr<X::detail::InstanceEvents> *,std::shared_ptr<X::detail::InstanceEvents>)' being compiled
2026-10-08T18:30:21.8428687Z   
2026-10-08T18:30:21.9846448Z   repository.cpp
2026-10-08T18:30:25.1047582Z   persistence_service.cpp
2026-10-08T18:30:27.1686222Z   graph.cpp
2026-10-08T18:30:29.3916872Z   dynamic_plan.cpp
2026-10-08T18:30:31.6479370Z   Generating Code...
2026-10-08T18:30:45.9910141Z   agentflow_core.vcxproj -> D:\a\xMind\xMind\xmind\build\native\Release\agentflow_core.lib
2026-10-08T18:30:46.0224816Z   Building Custom Rule D:/a/xMind/xMind/xmind/Native/CMakeLists.txt
2026-10-08T18:30:46.0734245Z   permission_waiter.cpp
2026-10-08T18:30:47.5482335Z   agentflow_policy.vcxproj -> D:\a\xMind\xMind\xmind\build\native\Release\agentflow_policy.lib
2026-10-08T18:30:47.5784202Z   Building Custom Rule D:/a/xMind/xMind/xmind/Native/CMakeLists.txt
2026-10-08T18:30:47.6325353Z   process_executor.cpp
2026-10-08T18:30:52.0279488Z   agentflow_process_effects.vcxproj -> D:\a\xMind\xMind\xmind\build\native\Release\agentflow_process_effects.lib
2026-10-08T18:30:52.0610091Z   Building Custom Rule D:/a/xMind/xMind/xmind/Native/CMakeLists.txt
2026-10-08T18:30:52.1154270Z   process_executor_contract.cpp
2026-10-08T18:30:57.2449970Z   agentflow_process_executor_contract.vcxproj -> D:\a\xMind\xMind\xmind\build\native\Release\agentflow_process_executor_contract.exe
2026-10-08T18:30:57.4057406Z MSBuild version 18.10.1-1.26427.6+3cd27c13e for .NET Framework
2026-10-08T18:30:57.4272361Z 
2026-10-08T18:30:57.7054934Z   Building Custom Rule D:/a/xMind/xMind/xmind/Native/CMakeLists.txt
2026-10-08T18:30:57.7283660Z   agentflow_mcp_wire.vcxproj -> D:\a\xMind\xMind\xmind\build\native\Release\agentflow_mcp_wire.lib
2026-10-08T18:30:57.7724862Z   model_stream.cpp
2026-10-08T18:30:57.7896179Z   agentflow_secrets.vcxproj -> D:\a\xMind\xMind\xmind\build\native\Release\agentflow_secrets.lib
2026-10-08T18:30:57.8860881Z   agentflow_workspace.vcxproj -> D:\a\xMind\xMind\xmind\build\native\Release\agentflow_workspace.lib
2026-10-08T18:30:57.9360753Z   Building Custom Rule D:/a/xMind/xMind/xmind/Native/CMakeLists.txt
2026-10-08T18:30:58.0217112Z   windows_mcp_stdio.cpp
2026-10-08T18:30:58.1803450Z   Building Custom Rule D:/a/xMind/xMind/xmind/Native/CMakeLists.txt
2026-10-08T18:30:58.2745956Z   json_schema.cpp
2026-10-08T18:30:59.8718177Z   mcp_client.cpp
2026-10-08T18:31:00.3732740Z   model_request.cpp
2026-10-08T18:31:02.2185274Z   Generating Code...
2026-10-08T18:31:02.9703586Z   responses_stream.cpp
2026-10-08T18:31:13.4225342Z   responses_request.cpp
2026-10-08T18:31:13.4614280Z   anthropic_request.cpp
2026-10-08T18:31:13.9400761Z   anthropic_stream.cpp
2026-10-08T18:31:13.9924011Z   agentflow_json_schema.vcxproj -> D:\a\xMind\xMind\xmind\build\native\Release\agentflow_json_schema.lib
2026-10-08T18:31:14.2274113Z   Building Custom Rule D:/a/xMind/xMind/xmind/Native/CMakeLists.txt
2026-10-08T18:31:14.5134101Z   schema_worker_main.cpp
2026-10-08T18:31:15.2309369Z   agentflow_mcp_stdio.vcxproj -> D:\a\xMind\xMind\xmind\build\native\Release\agentflow_mcp_stdio.lib
2026-10-08T18:31:15.2775778Z   Building Custom Rule D:/a/xMind/xMind/xmind/Native/CMakeLists.txt
2026-10-08T18:31:15.3436630Z   winhttp_stream_transport.cpp
2026-10-08T18:31:16.6582799Z   anthropic_history.cpp
2026-10-08T18:31:18.7294168Z   agentflow_core.vcxproj -> D:\a\xMind\xMind\xmind\build\native\Release\agentflow_core.lib
2026-10-08T18:31:18.9546835Z   xmind_schema_worker.vcxproj -> D:\a\xMind\xMind\xmind\build\native\Release\xmind_schema_worker.exe
2026-10-08T18:31:19.8788377Z   gemini_request.cpp
2026-10-08T18:31:20.2375933Z   agentflow_process.vcxproj -> D:\a\xMind\xMind\xmind\build\native\Release\agentflow_process.lib
2026-10-08T18:31:20.7413806Z   Building Custom Rule D:/a/xMind/xMind/xmind/Native/CMakeLists.txt
2026-10-08T18:31:20.8440504Z   agentflow_provider_transport.vcxproj -> D:\a\xMind\xMind\xmind\build\native\Release\agentflow_provider_transport.lib
2026-10-08T18:31:20.8848015Z   Building Custom Rule D:/a/xMind/xMind/xmind/Native/CMakeLists.txt
2026-10-08T18:31:20.9661019Z   a2a_task_control.cpp
2026-10-08T18:31:20.9969085Z   mcp_configuration.cpp
2026-10-08T18:31:21.8566579Z   gemini_stream.cpp
2026-10-08T18:31:24.2877905Z   gemini_history.cpp
2026-10-08T18:31:27.7342778Z   gemini_model_policy.cpp
2026-10-08T18:31:28.9634894Z   agentflow_mcp_configuration.vcxproj -> D:\a\xMind\xMind\xmind\build\native\Release\agentflow_mcp_configuration.lib
2026-10-08T18:31:29.0382601Z   Generating Code...
2026-10-08T18:31:29.0433338Z   agentflow_policy.vcxproj -> D:\a\xMind\xMind\xmind\build\native\Release\agentflow_policy.lib
2026-10-08T18:31:30.5136137Z   Building Custom Rule D:/a/xMind/xMind/xmind/Native/CMakeLists.txt
2026-10-08T18:31:30.6889048Z   Building Custom Rule D:/a/xMind/xMind/xmind/Native/CMakeLists.txt
2026-10-08T18:31:30.8366967Z   view_sessions.cpp
2026-10-08T18:31:47.0868699Z   agentflow_view_sessions.vcxproj -> D:\a\xMind\xMind\xmind\build\native\Release\agentflow_view_sessions.lib
2026-10-08T18:31:47.2250393Z   schema_worker.cpp
2026-10-08T18:31:47.4661672Z   agentflow_models.vcxproj -> D:\a\xMind\xMind\xmind\build\native\Release\agentflow_models.lib
2026-10-08T18:31:47.6246112Z   Building Custom Rule D:/a/xMind/xMind/xmind/Native/CMakeLists.txt
2026-10-08T18:31:47.6889207Z   Building Custom Rule D:/a/xMind/xMind/xmind/Native/CMakeLists.txt
2026-10-08T18:31:47.7114964Z   Building Custom Rule D:/a/xMind/xMind/xmind/Native/CMakeLists.txt
2026-10-08T18:31:47.7929222Z   anthropic_history_contract.cpp
2026-10-08T18:31:47.8187202Z   agentflow_a2a.vcxproj -> D:\a\xMind\xMind\xmind\build\native\Release\agentflow_a2a.lib
2026-10-08T18:31:47.8691154Z   anthropic_stream_contract.cpp
2026-10-08T18:31:52.7518969Z   anthropic_request_contract.cpp
2026-10-08T18:31:53.8699394Z   agentflow_schema_worker.vcxproj -> D:\a\xMind\xMind\xmind\build\native\Release\agentflow_schema_worker.lib
2026-10-08T18:31:54.5993267Z   agentflow_anthropic_history_contract.vcxproj -> D:\a\xMind\xMind\xmind\build\native\Release\agentflow_anthropic_history_contract.exe
2026-10-08T18:31:55.0882505Z   Building Custom Rule D:/a/xMind/xMind/xmind/Native/CMakeLists.txt
2026-10-08T18:31:55.3484368Z   Building Custom Rule D:/a/xMind/xMind/xmind/Native/CMakeLists.txt
2026-10-08T18:31:55.9921575Z   Building Custom Rule D:/a/xMind/xMind/xmind/Native/CMakeLists.txt
2026-10-08T18:31:56.0909688Z   credential_repository_contract.cpp
2026-10-08T18:31:57.7884770Z   agentflow_anthropic_stream_contract.vcxproj -> D:\a\xMind\xMind\xmind\build\native\Release\agentflow_anthropic_stream_contract.exe
2026-10-08T18:31:58.0303998Z   Building Custom Rule D:/a/xMind/xMind/xmind/Native/CMakeLists.txt
2026-10-08T18:31:58.5537120Z   dynamic_plan_contract.cpp
2026-10-08T18:31:58.9829985Z   agentflow_anthropic_request_contract.vcxproj -> D:\a\xMind\xMind\xmind\build\native\Release\agentflow_anthropic_request_contract.exe
2026-10-08T18:31:59.0340939Z   edit_executor.cpp
2026-10-08T18:31:59.1957508Z   mcp_tool_registry.cpp
2026-10-08T18:32:03.3056550Z   create_executor.cpp
2026-10-08T18:32:03.8981638Z   agentflow_process_effects.vcxproj -> D:\a\xMind\xMind\xmind\build\native\Release\agentflow_process_effects.lib
2026-10-08T18:32:04.4127156Z   agentflow_credential_repository_contract.vcxproj -> D:\a\xMind\xMind\xmind\build\native\Release\agentflow_credential_repository_contract.exe
2026-10-08T18:32:05.4852944Z   agentflow_mcp_effects.vcxproj -> D:\a\xMind\xMind\xmind\build\native\Release\agentflow_mcp_effects.lib
2026-10-08T18:32:05.5256617Z   Building Custom Rule D:/a/xMind/xMind/xmind/Native/CMakeLists.txt
2026-10-08T18:32:05.6108573Z   http_server.cpp
2026-10-08T18:32:05.7130992Z   agentflow_dynamic_plan_contract.vcxproj -> D:\a\xMind\xMind\xmind\build\native\Release\agentflow_dynamic_plan_contract.exe
2026-10-08T18:32:06.0076206Z   Building Custom Rule D:/a/xMind/xMind/xmind/Native/CMakeLists.txt
2026-10-08T18:32:06.1590475Z   chat_provider.cpp
2026-10-08T18:32:06.2663377Z   Generating Code...
2026-10-08T18:32:09.2166475Z   gemini_provider.cpp
2026-10-08T18:32:10.8372087Z   agentflow_edits.vcxproj -> D:\a\xMind\xMind\xmind\build\native\Release\agentflow_edits.lib
2026-10-08T18:32:11.1247539Z   Building Custom Rule D:/a/xMind/xMind/xmind/Native/CMakeLists.txt
2026-10-08T18:32:11.2140647Z   create_executor_contract.cpp
2026-10-08T18:32:11.5143775Z   Generating Code...
2026-10-08T18:32:13.9732878Z   agentflow_chat_provider.vcxproj -> D:\a\xMind\xMind\xmind\build\native\Release\agentflow_chat_provider.lib
2026-10-08T18:32:14.2695132Z   Building Custom Rule D:/a/xMind/xMind/xmind/Native/CMakeLists.txt
2026-10-08T18:32:14.3492613Z   dynamic_plan_repository_contract.cpp
2026-10-08T18:32:21.7670231Z   agentflow_create_executor_contract.vcxproj -> D:\a\xMind\xMind\xmind\build\native\Release\agentflow_create_executor_contract.exe
2026-10-08T18:32:23.9185357Z   Building Custom Rule D:/a/xMind/xMind/xmind/Native/CMakeLists.txt
2026-10-08T18:32:25.2438620Z   Building Custom Rule D:/a/xMind/xMind/xmind/Native/CMakeLists.txt
2026-10-08T18:32:25.8239067Z   chat_provider_contract.cpp
2026-10-08T18:32:30.3038583Z   agentflow_chat_provider_contract.vcxproj -> D:\a\xMind\xMind\xmind\build\native\Release\agentflow_chat_provider_contract.exe
2026-10-08T18:32:30.3321581Z   anthropic_provider_contract.cpp
2026-10-08T18:32:30.6353440Z   agentflow_dynamic_plan_repository_contract.vcxproj -> D:\a\xMind\xMind\xmind\build\native\Release\agentflow_dynamic_plan_repository_contract.exe
2026-10-08T18:32:30.7811463Z   Building Custom Rule D:/a/xMind/xMind/xmind/Native/CMakeLists.txt
2026-10-08T18:32:31.1356745Z   Building Custom Rule D:/a/xMind/xMind/xmind/Native/CMakeLists.txt
2026-10-08T18:32:31.1845476Z   edit_executor_contract.cpp
2026-10-08T18:32:31.4436067Z   agentflow_http.vcxproj -> D:\a\xMind\xMind\xmind\build\native\Release\agentflow_http.lib
2026-10-08T18:32:31.5060185Z   Building Custom Rule D:/a/xMind/xMind/xmind/Native/CMakeLists.txt
2026-10-08T18:32:31.5738737Z   approved_edit_http_fixture.cpp
2026-10-08T18:32:36.0348562Z   agentflow_anthropic_provider_contract.vcxproj -> D:\a\xMind\xMind\xmind\build\native\Release\agentflow_anthropic_provider_contract.exe
2026-10-08T18:32:36.3078134Z   agent_runner.cpp
2026-10-08T18:32:36.8449909Z   agentflow_edit_executor_contract.vcxproj -> D:\a\xMind\xMind\xmind\build\native\Release\agentflow_edit_executor_contract.exe
2026-10-08T18:32:37.9594295Z   Building Custom Rule D:/a/xMind/xMind/xmind/Native/CMakeLists.txt
2026-10-08T18:32:38.0396797Z   graph_catalog.cpp
2026-10-08T18:32:38.7166217Z   agentflow_approved_edit_http_fixture.vcxproj -> D:\a\xMind\xMind\xmind\build\native\Release\agentflow_approved_edit_http_fixture.exe
2026-10-08T18:32:39.1514379Z   Building Custom Rule D:/a/xMind/xMind/xmind/Native/CMakeLists.txt
2026-10-08T18:32:39.2996322Z   gemini_history_contract.cpp
2026-10-08T18:32:40.3613997Z   agent_service.cpp
2026-10-08T18:32:44.4890972Z   root_execution_budget.cpp
2026-10-08T18:32:45.8791620Z   agentflow_gemini_history_contract.vcxproj -> D:\a\xMind\xMind\xmind\build\native\Release\agentflow_gemini_history_contract.exe
2026-10-08T18:32:45.9946313Z   delegation_executor.cpp
2026-10-08T18:32:46.0462874Z   agentflow_graph.vcxproj -> D:\a\xMind\xMind\xmind\build\native\Release\agentflow_graph.lib
2026-10-08T18:32:46.1036309Z   Building Custom Rule D:/a/xMind/xMind/xmind/Native/CMakeLists.txt
2026-10-08T18:32:46.1036828Z   Building Custom Rule D:/a/xMind/xMind/xmind/Native/CMakeLists.txt
2026-10-08T18:32:46.1777255Z   gemini_request_contract.cpp
2026-10-08T18:32:46.1951293Z   gemini_provider_contract.cpp
2026-10-08T18:32:48.6837419Z   agent_authority.cpp
2026-10-08T18:32:51.2308975Z   agentflow_gemini_provider_contract.vcxproj -> D:\a\xMind\xMind\xmind\build\native\Release\agentflow_gemini_provider_contract.exe
2026-10-08T18:32:52.2089722Z   Building Custom Rule D:/a/xMind/xMind/xmind/Native/CMakeLists.txt
2026-10-08T18:32:52.4208764Z   gemini_stream_contract.cpp
2026-10-08T18:32:52.7863358Z   native_child_executor.cpp
2026-10-08T18:32:53.0897044Z   agentflow_gemini_request_contract.vcxproj -> D:\a\xMind\xMind\xmind\build\native\Release\agentflow_gemini_request_contract.exe
2026-10-08T18:32:53.3971057Z   Building Custom Rule D:/a/xMind/xMind/xmind/Native/CMakeLists.txt
2026-10-08T18:32:53.4745019Z   graph_checkpoint_contract.cpp
2026-10-08T18:32:54.4083470Z   dynamic_plan_executor.cpp
2026-10-08T18:32:59.2042050Z   Generating Code...
2026-10-08T18:33:01.4166890Z   agentflow_gemini_stream_contract.vcxproj -> D:\a\xMind\xMind\xmind\build\native\Release\agentflow_gemini_stream_contract.exe
2026-10-08T18:33:01.4898372Z   Building Custom Rule D:/a/xMind/xMind/xmind/Native/CMakeLists.txt
2026-10-08T18:33:01.5852314Z   graph_contract.cpp
2026-10-08T18:33:08.0358187Z   agentflow_graph_checkpoint_contract.vcxproj -> D:\a\xMind\xMind\xmind\build\native\Release\agentflow_graph_checkpoint_contract.exe
2026-10-08T18:33:08.4241616Z   Building Custom Rule D:/a/xMind/xMind/xmind/Native/CMakeLists.txt
2026-10-08T18:33:08.5802333Z   http_stream_transport_contract.cpp
2026-10-08T18:33:11.0180106Z   agentflow_http_stream_transport_contract.vcxproj -> D:\a\xMind\xMind\xmind\build\native\Release\agentflow_http_stream_transport_contract.exe
2026-10-08T18:33:11.6458077Z   Building Custom Rule D:/a/xMind/xMind/xmind/Native/CMakeLists.txt
2026-10-08T18:33:12.4559193Z   incoming_repository_contract.cpp
2026-10-08T18:33:13.5894713Z   agentflow_graph_contract.vcxproj -> D:\a\xMind\xMind\xmind\build\native\Release\agentflow_graph_contract.exe
2026-10-08T18:33:13.8434700Z   Building Custom Rule D:/a/xMind/xMind/xmind/Native/CMakeLists.txt
2026-10-08T18:33:13.9086209Z   agent_instructions.cpp
2026-10-08T18:33:15.5474377Z   agentflow_incoming_repository_contract.vcxproj -> D:\a\xMind\xMind\xmind\build\native\Release\agentflow_incoming_repository_contract.exe
2026-10-08T18:33:15.8471548Z   Building Custom Rule D:/a/xMind/xMind/xmind/Native/CMakeLists.txt
2026-10-08T18:33:15.9526762Z   json_schema_contract.cpp
2026-10-08T18:33:17.8289169Z   agentflow_json_schema_contract.vcxproj -> D:\a\xMind\xMind\xmind\build\native\Release\agentflow_json_schema_contract.exe
2026-10-08T18:33:17.9880828Z   Building Custom Rule D:/a/xMind/xMind/xmind/Native/CMakeLists.txt
2026-10-08T18:33:18.0745619Z   mcp_client_contract.cpp
2026-10-08T18:33:18.3868244Z   agentflow_instruction_configuration.vcxproj -> D:\a\xMind\xMind\xmind\build\native\Release\agentflow_instruction_configuration.lib
2026-10-08T18:33:18.5262718Z   Building Custom Rule D:/a/xMind/xMind/xmind/Native/CMakeLists.txt
2026-10-08T18:33:18.6321275Z   instruction_configuration_contract.cpp
2026-10-08T18:33:19.6823474Z   agentflow_agent.vcxproj -> D:\a\xMind\xMind\xmind\build\native\Release\agentflow_agent.lib
2026-10-08T18:33:21.3525001Z   Building Custom Rule D:/a/xMind/xMind/xmind/Native/CMakeLists.txt
2026-10-08T18:33:21.5336891Z   Building Custom Rule D:/a/xMind/xMind/xmind/Native/CMakeLists.txt
2026-10-08T18:33:21.9332964Z   Building Custom Rule D:/a/xMind/xMind/xmind/Native/CMakeLists.txt
2026-10-08T18:33:22.2295231Z   Building Custom Rule D:/a/xMind/xMind/xmind/Native/CMakeLists.txt
2026-10-08T18:33:22.2813433Z   agentflow_mcp_client_contract.vcxproj -> D:\a\xMind\xMind\xmind\build\native\Release\agentflow_mcp_client_contract.exe
2026-10-08T18:33:22.3360288Z   Building Custom Rule D:/a/xMind/xMind/xmind/Native/CMakeLists.txt
2026-10-08T18:33:22.3412293Z   Building Custom Rule D:/a/xMind/xMind/xmind/Native/CMakeLists.txt
2026-10-08T18:33:22.4120974Z   mcp_configuration_contract.cpp
2026-10-08T18:33:22.4297297Z   Building Custom Rule D:/a/xMind/xMind/xmind/Native/CMakeLists.txt
2026-10-08T18:33:22.5928317Z   Building Custom Rule D:/a/xMind/xMind/xmind/Native/CMakeLists.txt
2026-10-08T18:33:22.6938683Z   Building Custom Rule D:/a/xMind/xMind/xmind/Native/CMakeLists.txt
2026-10-08T18:33:22.8116948Z   Building Custom Rule D:/a/xMind/xMind/xmind/Native/CMakeLists.txt
2026-10-08T18:33:22.9097917Z   graph_children_contract.cpp
2026-10-08T18:33:22.9612157Z   agentflow_instruction_configuration_contract.vcxproj -> D:\a\xMind\xMind\xmind\build\native\Release\agentflow_instruction_configuration_contract.exe
2026-10-08T18:33:23.0183094Z   gemini_agent_contract.cpp
2026-10-08T18:33:28.0828169Z   dynamic_plan_engine_contract.cpp
2026-10-08T18:33:29.6123621Z   agentflow_mcp_configuration_contract.vcxproj -> D:\a\xMind\xMind\xmind\build\native\Release\agentflow_mcp_configuration_contract.exe
2026-10-08T18:33:30.1821427Z   agentflow_graph_children_contract.vcxproj -> D:\a\xMind\xMind\xmind\build\native\Release\agentflow_graph_children_contract.exe
2026-10-08T18:33:30.4964589Z   graph_runner.cpp
2026-10-08T18:33:31.3372475Z   agentflow_gemini_agent_contract.vcxproj -> D:\a\xMind\xMind\xmind\build\native\Release\agentflow_gemini_agent_contract.exe
2026-10-08T18:33:31.4129259Z   dynamic_plan_mcp_contract.cpp
2026-10-08T18:33:34.3378622Z   graph_service.cpp
2026-10-08T18:33:38.0402199Z   Generating Code...
2026-10-08T18:33:41.6500729Z   agentflow_dynamic_plan_mcp_contract.vcxproj -> D:\a\xMind\xMind\xmind\build\native\Release\agentflow_dynamic_plan_mcp_contract.exe
2026-10-08T18:33:41.9063693Z   anthropic_agent_contract.cpp
2026-10-08T18:33:42.3745060Z   agentflow_dynamic_plan_engine_contract.vcxproj -> D:\a\xMind\xMind\xmind\build\native\Release\agentflow_dynamic_plan_engine_contract.exe
2026-10-08T18:33:42.4436907Z   agent_service_contract.cpp
2026-10-08T18:33:47.1067974Z   agentflow_agent_service_contract.vcxproj -> D:\a\xMind\xMind\xmind\build\native\Release\agentflow_agent_service_contract.exe
2026-10-08T18:33:48.2373985Z   agent_runner_contract.cpp
2026-10-08T18:33:48.7321292Z   agentflow_anthropic_agent_contract.vcxproj -> D:\a\xMind\xMind\xmind\build\native\Release\agentflow_anthropic_agent_contract.exe
2026-10-08T18:33:48.9153542Z   agent_authority_contract.cpp
2026-10-08T18:33:53.5513504Z   agentflow_agent_authority_contract.vcxproj -> D:\a\xMind\xMind\xmind\build\native\Release\agentflow_agent_authority_contract.exe
2026-10-08T18:33:54.0312250Z   Building Custom Rule D:/a/xMind/xMind/xmind/Native/CMakeLists.txt
2026-10-08T18:33:54.0725593Z   Building Custom Rule D:/a/xMind/xMind/xmind/Native/CMakeLists.txt
2026-10-08T18:33:54.1079012Z   mcp_effect_contract.cpp
2026-10-08T18:33:54.1386206Z   mcp_handshake_contract.cpp
2026-10-08T18:33:57.0064853Z   agentflow_agent_runner_contract.vcxproj -> D:\a\xMind\xMind\xmind\build\native\Release\agentflow_agent_runner_contract.exe
2026-10-08T18:33:58.8496879Z   agentflow_graph_execution.vcxproj -> D:\a\xMind\xMind\xmind\build\native\Release\agentflow_graph_execution.lib
2026-10-08T18:33:59.3403332Z   Building Custom Rule D:/a/xMind/xMind/xmind/Native/CMakeLists.txt
2026-10-08T18:33:59.4068113Z   Building Custom Rule D:/a/xMind/xMind/xmind/Native/CMakeLists.txt
2026-10-08T18:33:59.4797248Z   Building Custom Rule D:/a/xMind/xMind/xmind/Native/CMakeLists.txt
2026-10-08T18:33:59.6120797Z   graph_runner_contract.cpp
2026-10-08T18:33:59.6403293Z   graph_mcp_contract.cpp
2026-10-08T18:33:59.7290395Z   agentflow_mcp_handshake_contract.vcxproj -> D:\a\xMind\xMind\xmind\build\native\Release\agentflow_mcp_handshake_contract.exe
2026-10-08T18:33:59.7805237Z   provider_setup.cpp
2026-10-08T18:34:06.0516671Z   provider_profiles.cpp
2026-10-08T18:34:06.5357925Z   agentflow_graph_mcp_contract.vcxproj -> D:\a\xMind\xMind\xmind\build\native\Release\agentflow_graph_mcp_contract.exe
2026-10-08T18:34:07.4684121Z   agentflow_mcp_effect_contract.vcxproj -> D:\a\xMind\xMind\xmind\build\native\Release\agentflow_mcp_effect_contract.exe
2026-10-08T18:34:07.7711531Z   Building Custom Rule D:/a/xMind/xMind/xmind/Native/CMakeLists.txt
2026-10-08T18:34:07.9367086Z   mcp_stdio_contract.cpp
2026-10-08T18:34:09.0962343Z   agentflow_graph_runner_contract.vcxproj -> D:\a\xMind\xMind\xmind\build\native\Release\agentflow_graph_runner_contract.exe
2026-10-08T18:34:09.2958251Z   Building Custom Rule D:/a/xMind/xMind/xmind/Native/CMakeLists.txt
2026-10-08T18:34:09.3022638Z   provider_profile_runtime.cpp
2026-10-08T18:34:09.4734095Z   mcp_wire_contract.cpp
2026-10-08T18:34:13.6164056Z   agentflow_mcp_stdio_contract.vcxproj -> D:\a\xMind\xMind\xmind\build\native\Release\agentflow_mcp_stdio_contract.exe
2026-10-08T18:34:13.7351476Z   Building Custom Rule D:/a/xMind/xMind/xmind/Native/CMakeLists.txt
2026-10-08T18:34:13.8654028Z   model_request_contract.cpp
2026-10-08T18:34:14.4336509Z   agentflow_mcp_wire_contract.vcxproj -> D:\a\xMind\xMind\xmind\build\native\Release\agentflow_mcp_wire_contract.exe
2026-10-08T18:34:14.5146168Z   provider_profile_legacy_setup.cpp
2026-10-08T18:34:14.8294292Z   Building Custom Rule D:/a/xMind/xMind/xmind/Native/CMakeLists.txt
2026-10-08T18:34:14.9240735Z   model_stream_contract.cpp
2026-10-08T18:34:16.2568132Z   provider_catalogue.cpp
2026-10-08T18:34:18.8514090Z   agentflow_model_stream_contract.vcxproj -> D:\a\xMind\xMind\xmind\build\native\Release\agentflow_model_stream_contract.exe
2026-10-08T18:34:19.0125973Z   Building Custom Rule D:/a/xMind/xMind/xmind/Native/CMakeLists.txt
2026-10-08T18:34:19.1054797Z   native_child_executor_contract.cpp
2026-10-08T18:34:19.4189411Z   Building Custom Rule D:/a/xMind/xMind/xmind/Native/CMakeLists.txt
2026-10-08T18:34:19.5015190Z   native_delegation_contract.cpp
2026-10-08T18:34:20.1564378Z   execution_platform.cpp
2026-10-08T18:34:21.8648590Z   Generating Code...
2026-10-08T18:34:28.3900149Z   agentflow_model_request_contract.vcxproj -> D:\a\xMind\xMind\xmind\build\native\Release\agentflow_model_request_contract.exe
2026-10-08T18:34:28.6945547Z   agentflow_native_child_executor_contract.vcxproj -> D:\a\xMind\xMind\xmind\build\native\Release\agentflow_native_child_executor_contract.exe
2026-10-08T18:34:28.9065146Z   Building Custom Rule D:/a/xMind/xMind/xmind/Native/CMakeLists.txt
2026-10-08T18:34:29.0306303Z   agentflow_native_delegation_contract.vcxproj -> D:\a\xMind\xMind\xmind\build\native\Release\agentflow_native_delegation_contract.exe
2026-10-08T18:34:29.1364934Z   operation_repository_contract.cpp
2026-10-08T18:34:33.7356901Z   Building Custom Rule D:/a/xMind/xMind/xmind/Native/CMakeLists.txt
2026-10-08T18:34:33.7947197Z   permission_waiter_contract.cpp
2026-10-08T18:34:36.0988194Z   agentflow_operation_repository_contract.vcxproj -> D:\a\xMind\xMind\xmind\build\native\Release\agentflow_operation_repository_contract.exe
2026-10-08T18:34:37.3395309Z   Building Custom Rule D:/a/xMind/xMind/xmind/Native/CMakeLists.txt
2026-10-08T18:34:37.5903713Z   persistence_service_contract.cpp
2026-10-08T18:34:37.8426972Z   agentflow_permission_waiter_contract.vcxproj -> D:\a\xMind\xMind\xmind\build\native\Release\agentflow_permission_waiter_contract.exe
2026-10-08T18:34:37.9387301Z   agentflow_runtime.vcxproj -> D:\a\xMind\xMind\xmind\build\native\Release\agentflow_runtime.lib
2026-10-08T18:34:38.0241009Z   Building Custom Rule D:/a/xMind/xMind/xmind/Native/CMakeLists.txt
2026-10-08T18:34:38.0980919Z   planning_http_contract.cpp
2026-10-08T18:34:38.1164725Z   Building Custom Rule D:/a/xMind/xMind/xmind/Native/CMakeLists.txt
2026-10-08T18:34:38.2227881Z   process_configuration.cpp
2026-10-08T18:34:43.4420355Z   agentflow_process_configuration.vcxproj -> D:\a\xMind\xMind\xmind\build\native\Release\agentflow_process_configuration.lib
2026-10-08T18:34:43.6840556Z   Building Custom Rule D:/a/xMind/xMind/xmind/Native/CMakeLists.txt
2026-10-08T18:34:43.8115265Z   agentflow_persistence_service_contract.vcxproj -> D:\a\xMind\xMind\xmind\build\native\Release\agentflow_persistence_service_contract.exe
2026-10-08T18:34:43.8310531Z   process_configuration_contract.cpp
2026-10-08T18:34:44.0247623Z   Building Custom Rule D:/a/xMind/xMind/xmind/Native/CMakeLists.txt
2026-10-08T18:34:44.2084975Z   Building Custom Rule D:/a/xMind/xMind/xmind/Native/CMakeLists.txt
2026-10-08T18:34:44.3679025Z   gemini_profile_runtime_contract.cpp
2026-10-08T18:34:48.6974557Z   agentflow_process_configuration_contract.vcxproj -> D:\a\xMind\xMind\xmind\build\native\Release\agentflow_process_configuration_contract.exe
2026-10-08T18:34:49.2505502Z   gemini_catalogue_contract.cpp
2026-10-08T18:34:55.5011752Z   agentflow_gemini_catalogue_contract.vcxproj -> D:\a\xMind\xMind\xmind\build\native\Release\agentflow_gemini_catalogue_contract.exe
2026-10-08T18:34:57.5678085Z   Building Custom Rule D:/a/xMind/xMind/xmind/Native/CMakeLists.txt
2026-10-08T18:34:57.6761801Z   process_contract.cpp
2026-10-08T18:34:58.5969077Z   agentflow_gemini_profile_runtime_contract.vcxproj -> D:\a\xMind\xMind\xmind\build\native\Release\agentflow_gemini_profile_runtime_contract.exe
2026-10-08T18:34:59.0032403Z   agentflow_planning_http_contract.vcxproj -> D:\a\xMind\xMind\xmind\build\native\Release\agentflow_planning_http_contract.exe
2026-10-08T18:34:59.0118397Z   agentflow_process_executor_contract.vcxproj -> D:\a\xMind\xMind\xmind\build\native\Release\agentflow_process_executor_contract.exe
2026-10-08T18:34:59.1317434Z   Building Custom Rule D:/a/xMind/xMind/xmind/Native/CMakeLists.txt
2026-10-08T18:34:59.2172059Z   provider_profile_cli_contract.cpp
2026-10-08T18:34:59.2407456Z   Building Custom Rule D:/a/xMind/xMind/xmind/Native/CMakeLists.txt
2026-10-08T18:34:59.4873233Z   provider_profile_runtime_contract.cpp
2026-10-08T18:35:03.6437040Z   agentflow_process_contract.vcxproj -> D:\a\xMind\xMind\xmind\build\native\Release\agentflow_process_contract.exe
2026-10-08T18:35:03.7010329Z   Building Custom Rule D:/a/xMind/xMind/xmind/Native/CMakeLists.txt
2026-10-08T18:35:03.7834286Z   provider_profiles_contract.cpp
2026-10-08T18:35:13.4257064Z   agentflow_provider_profile_cli_contract.vcxproj -> D:\a\xMind\xMind\xmind\build\native\Release\agentflow_provider_profile_cli_contract.exe
2026-10-08T18:35:13.7578246Z   agentflow_provider_profile_runtime_contract.vcxproj -> D:\a\xMind\xMind\xmind\build\native\Release\agentflow_provider_profile_runtime_contract.exe
2026-10-08T18:35:14.3608767Z   Building Custom Rule D:/a/xMind/xMind/xmind/Native/CMakeLists.txt
2026-10-08T18:35:14.4084249Z   Building Custom Rule D:/a/xMind/xMind/xmind/Native/CMakeLists.txt
2026-10-08T18:35:14.5521911Z   repository_contract.cpp
2026-10-08T18:35:14.5925858Z   provider_setup_contract.cpp
2026-10-08T18:35:15.9383390Z   agentflow_provider_profiles_contract.vcxproj -> D:\a\xMind\xMind\xmind\build\native\Release\agentflow_provider_profiles_contract.exe
2026-10-08T18:35:16.2646025Z   Building Custom Rule D:/a/xMind/xMind/xmind/Native/CMakeLists.txt
2026-10-08T18:35:16.5222321Z   responses_contract.cpp
2026-10-08T18:35:17.7843544Z   agentflow_repository_contract.vcxproj -> D:\a\xMind\xMind\xmind\build\native\Release\agentflow_repository_contract.exe
2026-10-08T18:35:17.9311329Z   Building Custom Rule D:/a/xMind/xMind/xmind/Native/CMakeLists.txt
2026-10-08T18:35:18.0210285Z   schema_budget_fixture.cpp
2026-10-08T18:35:27.1265961Z   agentflow_responses_contract.vcxproj -> D:\a\xMind\xMind\xmind\build\native\Release\agentflow_responses_contract.exe
2026-10-08T18:35:27.6248811Z   Building Custom Rule D:/a/xMind/xMind/xmind/Native/CMakeLists.txt
2026-10-08T18:35:27.8514623Z   schema_worker_contract.cpp
2026-10-08T18:35:29.8807846Z   agentflow_provider_setup_contract.vcxproj -> D:\a\xMind\xMind\xmind\build\native\Release\agentflow_provider_setup_contract.exe
2026-10-08T18:35:30.8755479Z   Building Custom Rule D:/a/xMind/xMind/xmind/Native/CMakeLists.txt
2026-10-08T18:35:30.9852191Z   secret_protection_contract.cpp
2026-10-08T18:35:31.2159666Z   agentflow_schema_budget_fixture.vcxproj -> D:\a\xMind\xMind\xmind\build\native\Release\agentflow_schema_budget_fixture.exe
2026-10-08T18:35:33.3085755Z   Building Custom Rule D:/a/xMind/xMind/xmind/Native/CMakeLists.txt
2026-10-08T18:35:33.4590794Z   task_list_repository_contract.cpp
2026-10-08T18:35:34.0745785Z   agentflow_schema_worker_contract.vcxproj -> D:\a\xMind\xMind\xmind\build\native\Release\agentflow_schema_worker_contract.exe
2026-10-08T18:35:34.2870055Z   Building Custom Rule D:/a/xMind/xMind/xmind/Native/CMakeLists.txt
2026-10-08T18:35:34.3028392Z   agentflow_secret_contract.vcxproj -> D:\a\xMind\xMind\xmind\build\native\Release\agentflow_secret_contract.exe
2026-10-08T18:35:34.3689859Z   Building Custom Rule D:/a/xMind/xMind/xmind/Native/CMakeLists.txt
2026-10-08T18:35:34.4340623Z   workspace_tools_contract.cpp
2026-10-08T18:35:34.6310567Z   xlang_sqlite_contract.cpp
2026-10-08T18:35:37.3062350Z   agentflow_xlang_sqlite_contract.vcxproj -> D:\a\xMind\xMind\xmind\build\native\Release\agentflow_xlang_sqlite_contract.exe
2026-10-08T18:35:37.3362907Z   agentflow_task_list_repository_contract.vcxproj -> D:\a\xMind\xMind\xmind\build\native\Release\agentflow_task_list_repository_contract.exe
2026-10-08T18:35:37.4530250Z   Building Custom Rule D:/a/xMind/xMind/xmind/Native/CMakeLists.txt
2026-10-08T18:35:37.5412539Z   admin_main.cpp
2026-10-08T18:35:37.6415006Z   Building Custom Rule D:/a/xMind/xMind/xmind/Native/CMakeLists.txt
2026-10-08T18:35:37.8508870Z   cli_main.cpp
2026-10-08T18:35:41.4661116Z   agentflow_workspace_tools_contract.vcxproj -> D:\a\xMind\xMind\xmind\build\native\Release\agentflow_workspace_tools_contract.exe
2026-10-08T18:35:41.6941298Z   Building Custom Rule D:/a/xMind/xMind/xmind/Native/CMakeLists.txt
2026-10-08T18:35:41.8141021Z   persistence_demo.cpp
2026-10-08T18:35:51.6851273Z   xmind_persistence_demo.vcxproj -> D:\a\xMind\xMind\xmind\build\native\Release\xmind_persistence_demo.exe
2026-10-08T18:35:52.0064637Z   Building Custom Rule D:/a/xMind/xMind/xmind/Native/CMakeLists.txt
2026-10-08T18:35:52.1120026Z   server_main.cpp
2026-10-08T18:35:53.6064335Z   xmind_admin.vcxproj -> D:\a\xMind\xMind\xmind\build\native\Release\xmind_admin.exe
2026-10-08T18:35:54.1999314Z   xmind_cli.vcxproj -> D:\a\xMind\xMind\xmind\build\native\Release\xmind_cli.exe
2026-10-08T18:35:57.3774284Z   xmind_server.vcxproj -> D:\a\xMind\xMind\xmind\build\native\Release\xmind_server.exe
2026-10-08T18:35:57.6606792Z   Building Custom Rule D:/a/xMind/xMind/xmind/Native/CMakeLists.txt
2026-10-08T18:35:59.3791229Z Test project D:/a/xMind/xMind/xmind/build/native
2026-10-08T18:35:59.3849633Z       Start  1: native_json_schema_contract
2026-10-08T18:35:59.3990004Z  1/78 Test  #1: native_json_schema_contract .................   Passed    0.01 sec
2026-10-08T18:35:59.3999262Z       Start  2: native_mcp_wire_contract
2026-10-08T18:35:59.4178551Z  2/78 Test  #2: native_mcp_wire_contract ....................   Passed    0.02 sec
2026-10-08T18:35:59.4180547Z       Start  3: model_stream_protocol_contract
2026-10-08T18:35:59.4681090Z  3/78 Test  #3: model_stream_protocol_contract ..............   Passed    0.05 sec
2026-10-08T18:35:59.4682825Z       Start  4: model_request_contract
2026-10-08T18:35:59.4803554Z  4/78 Test  #4: model_request_contract ......................   Passed    0.01 sec
2026-10-08T18:35:59.4804977Z       Start  5: native_gemini_request_contract
2026-10-08T18:35:59.6222672Z  5/78 Test  #5: native_gemini_request_contract ..............   Passed    0.14 sec
2026-10-08T18:35:59.6273864Z       Start  6: native_gemini_stream_contract
2026-10-08T18:35:59.6726855Z  6/78 Test  #6: native_gemini_stream_contract ...............   Passed    0.04 sec
2026-10-08T18:35:59.6728593Z       Start  7: native_gemini_history_contract
2026-10-08T18:35:59.7825588Z  7/78 Test  #7: native_gemini_history_contract ..............   Passed    0.12 sec
2026-10-08T18:35:59.7845155Z       Start  8: native_anthropic_request_contract
2026-10-08T18:35:59.7953645Z  8/78 Test  #8: native_anthropic_request_contract ...........   Passed    0.01 sec
2026-10-08T18:35:59.7955731Z       Start  9: native_anthropic_stream_contract
2026-10-08T18:35:59.8751595Z  9/78 Test  #9: native_anthropic_stream_contract ............   Passed    0.08 sec
2026-10-08T18:35:59.8753246Z       Start 10: native_anthropic_history_contract
2026-10-08T18:36:00.1704523Z 10/78 Test #10: native_anthropic_history_contract ...........   Passed    0.29 sec
2026-10-08T18:36:00.1707271Z       Start 11: native_responses_protocol_contract
2026-10-08T18:36:00.2730466Z 11/78 Test #11: native_responses_protocol_contract ..........   Passed    0.10 sec
2026-10-08T18:36:00.2732031Z       Start 12: native_dynamic_plan_contract
2026-10-08T18:36:00.2965840Z 12/78 Test #12: native_dynamic_plan_contract ................   Passed    0.02 sec
2026-10-08T18:36:00.2968280Z       Start 13: native_agent_authority_contract
2026-10-08T18:36:00.3084333Z 13/78 Test #13: native_agent_authority_contract .............   Passed    0.01 sec
2026-10-08T18:36:00.3087646Z       Start 14: native_dynamic_plan_repository_contract
2026-10-08T18:36:04.9183868Z 14/78 Test #14: native_dynamic_plan_repository_contract .....   Passed    4.61 sec
2026-10-08T18:36:04.9186815Z       Start 15: native_planning_http_contract
2026-10-08T18:36:05.4486906Z 15/78 Test #15: native_planning_http_contract ...............   Passed    0.53 sec
2026-10-08T18:36:05.4489291Z       Start 16: native_child_executor_contract
2026-10-08T18:36:05.7203360Z 16/78 Test #16: native_child_executor_contract ..............   Passed    0.27 sec
2026-10-08T18:36:05.7205441Z       Start 17: native_dynamic_plan_engine_contract
2026-10-08T18:36:07.9483292Z 17/78 Test #17: native_dynamic_plan_engine_contract .........   Passed    2.23 sec
2026-10-08T18:36:07.9485021Z       Start 18: native_dynamic_plan_mcp_contract
2026-10-08T18:36:11.8090730Z 18/78 Test #18: native_dynamic_plan_mcp_contract ............   Passed    3.86 sec
2026-10-08T18:36:11.8092033Z       Start 19: native_secret_protection_contract
2026-10-08T18:36:11.8192769Z 19/78 Test #19: native_secret_protection_contract ...........   Passed    0.01 sec
2026-10-08T18:36:11.8195573Z       Start 20: native_a2a_task_control_http_contract
2026-10-08T18:36:13.0955465Z 20/78 Test #20: native_a2a_task_control_http_contract .......   Passed    1.28 sec
2026-10-08T18:36:13.0957435Z       Start 21: native_a2a_message_http_contract
2026-10-08T18:36:13.4314675Z 21/78 Test #21: native_a2a_message_http_contract ............   Passed    0.34 sec
2026-10-08T18:36:13.4316371Z       Start 22: native_a2a_stream_http_contract
2026-10-08T18:36:15.6776407Z 22/78 Test #22: native_a2a_stream_http_contract .............   Passed    2.25 sec
2026-10-08T18:36:15.6778425Z       Start 23: native_a2a_v1_http_contract
2026-10-08T18:36:16.6882121Z 23/78 Test #23: native_a2a_v1_http_contract .................   Passed    1.01 sec
2026-10-08T18:36:16.6884446Z       Start 24: native_responses_agent_http_contract
2026-10-08T18:36:21.1802634Z 24/78 Test #24: native_responses_agent_http_contract ........   Passed    4.49 sec
2026-10-08T18:36:21.1804964Z       Start 25: native_graph_service_http_contract
2026-10-08T18:36:26.2120757Z 25/78 Test #25: native_graph_service_http_contract ..........   Passed    5.03 sec
2026-10-08T18:36:26.2123292Z       Start 26: native_provider_cli_contract
2026-10-08T18:36:27.2943695Z 26/78 Test #26: native_provider_cli_contract ................   Passed    1.08 sec
2026-10-08T18:36:27.2945890Z       Start 27: native_provider_setup_contract
2026-10-08T18:36:28.3021470Z 27/78 Test #27: native_provider_setup_contract ..............   Passed    1.01 sec
2026-10-08T18:36:28.3023888Z       Start 28: native_graph_runner_contract
2026-10-08T18:36:32.9124964Z 28/78 Test #28: native_graph_runner_contract ................   Passed    4.61 sec
2026-10-08T18:36:32.9127036Z       Start 29: native_graph_mcp_contract
2026-10-08T18:36:39.2114575Z 29/78 Test #29: native_graph_mcp_contract ...................   Passed    6.30 sec
2026-10-08T18:36:39.2116880Z       Start 30: native_graph_mcp_http_contract
2026-10-08T18:36:41.3485145Z 30/78 Test #30: native_graph_mcp_http_contract ..............   Passed    2.14 sec
2026-10-08T18:36:41.3487127Z       Start 31: native_delegation_contract
2026-10-08T18:36:58.0840794Z 31/78 Test #31: native_delegation_contract ..................   Passed   16.73 sec
2026-10-08T18:36:58.0842328Z       Start 32: native_delegation_http_contract
2026-10-08T18:36:59.0901964Z 32/78 Test #32: native_delegation_http_contract .............   Passed    1.01 sec
2026-10-08T18:36:59.0904821Z       Start 33: native_graph_checkpoint_contract
2026-10-08T18:36:59.6459139Z 33/78 Test #33: native_graph_checkpoint_contract ............   Passed    0.55 sec
2026-10-08T18:36:59.6460846Z       Start 34: native_graph_children_contract
2026-10-08T18:37:00.0988817Z 34/78 Test #34: native_graph_children_contract ..............   Passed    0.45 sec
2026-10-08T18:37:00.0991052Z       Start 35: native_graph_contract
2026-10-08T18:37:00.5465882Z 35/78 Test #35: native_graph_contract .......................   Passed    0.45 sec
2026-10-08T18:37:00.5473735Z       Start 36: native_instruction_configuration_contract
2026-10-08T18:37:00.8076468Z 36/78 Test #36: native_instruction_configuration_contract ...   Passed    0.26 sec
2026-10-08T18:37:00.8077863Z       Start 37: native_process_configuration_contract
2026-10-08T18:37:00.9539785Z 37/78 Test #37: native_process_configuration_contract .......   Passed    0.15 sec
2026-10-08T18:37:00.9541287Z       Start 38: native_process_executor_contract
2026-10-08T18:37:07.7137044Z 38/78 Test #38: native_process_executor_contract ............   Passed    6.76 sec
2026-10-08T18:37:07.7139662Z       Start 39: native_agent_process_http_contract
2026-10-08T18:37:11.9296125Z 39/78 Test #39: native_agent_process_http_contract ..........   Passed    4.22 sec
2026-10-08T18:37:11.9298418Z       Start 40: native_process_adapter_contract
2026-10-08T18:37:15.8867476Z 40/78 Test #40: native_process_adapter_contract .............   Passed    3.96 sec
2026-10-08T18:37:15.8869589Z       Start 41: native_mcp_configuration_contract
2026-10-08T18:37:16.0342206Z 41/78 Test #41: native_mcp_configuration_contract ...........   Passed    0.15 sec
2026-10-08T18:37:16.0343548Z       Start 42: native_schema_worker_contract
2026-10-08T18:37:18.3494405Z 42/78 Test #42: native_schema_worker_contract ...............   Passed    2.31 sec
2026-10-08T18:37:18.3496275Z       Start 43: native_mcp_stdio_contract
2026-10-08T18:37:21.3170660Z 43/78 Test #43: native_mcp_stdio_contract ...................   Passed    2.97 sec
2026-10-08T18:37:21.3172692Z       Start 44: native_mcp_handshake_contract
2026-10-08T18:37:21.9529766Z 44/78 Test #44: native_mcp_handshake_contract ...............   Passed    0.64 sec
2026-10-08T18:37:21.9531821Z       Start 45: native_mcp_client_contract
2026-10-08T18:37:22.7788700Z 45/78 Test #45: native_mcp_client_contract ..................   Passed    0.83 sec
2026-10-08T18:37:22.7790522Z       Start 46: native_mcp_effect_contract
2026-10-08T18:37:29.4735120Z 46/78 Test #46: native_mcp_effect_contract ..................   Passed    6.69 sec
2026-10-08T18:37:29.4738455Z       Start 47: native_agent_service_contract
2026-10-08T18:37:30.3855890Z 47/78 Test #47: native_agent_service_contract ...............   Passed    0.91 sec
2026-10-08T18:37:30.3857901Z       Start 48: native_agent_runner_contract
2026-10-08T18:37:35.9911188Z 48/78 Test #48: native_agent_runner_contract ................   Passed    5.60 sec
2026-10-08T18:37:35.9912948Z       Start 49: native_gemini_agent_contract
2026-10-08T18:37:36.4766247Z 49/78 Test #49: native_gemini_agent_contract ................   Passed    0.48 sec
2026-10-08T18:37:36.4768923Z       Start 50: native_anthropic_agent_contract
2026-10-08T18:37:37.3884077Z 50/78 Test #50: native_anthropic_agent_contract .............   Passed    0.91 sec
2026-10-08T18:37:37.3886099Z       Start 51: native_create_executor_contract
2026-10-08T18:37:38.5995804Z 51/78 Test #51: native_create_executor_contract .............   Passed    1.21 sec
2026-10-08T18:37:38.5997658Z       Start 52: native_edit_executor_contract
2026-10-08T18:37:39.3181703Z 52/78 Test #52: native_edit_executor_contract ...............   Passed    0.72 sec
2026-10-08T18:37:39.3183737Z       Start 53: native_approved_edit_http_contract
2026-10-08T18:37:40.0883401Z 53/78 Test #53: native_approved_edit_http_contract ..........   Passed    0.77 sec
2026-10-08T18:37:40.0885328Z       Start 54: native_workspace_tools_contract
2026-10-08T18:37:41.5436640Z 54/78 Test #54: native_workspace_tools_contract .............   Passed    1.45 sec
2026-10-08T18:37:41.5438387Z       Start 55: native_repository_instructions_contract
2026-10-08T18:37:41.8378259Z 55/78 Test #55: native_repository_instructions_contract .....   Passed    0.29 sec
2026-10-08T18:37:41.8380032Z       Start 56: native_chat_provider_contract
2026-10-08T18:37:41.9379946Z 56/78 Test #56: native_chat_provider_contract ...............   Passed    0.10 sec
2026-10-08T18:37:41.9382614Z       Start 57: native_gemini_provider_contract
2026-10-08T18:37:42.0593655Z 57/78 Test #57: native_gemini_provider_contract .............   Passed    0.12 sec
2026-10-08T18:37:42.0596046Z       Start 58: native_anthropic_provider_contract
2026-10-08T18:37:42.1729999Z 58/78 Test #58: native_anthropic_provider_contract ..........   Passed    0.11 sec
2026-10-08T18:37:42.1732056Z       Start 59: native_http_stream_transport_contract
2026-10-08T18:37:47.0452435Z 59/78 Test #59: native_http_stream_transport_contract .......   Passed    4.87 sec
2026-10-08T18:37:47.0454536Z       Start 60: native_agent_http_contract
2026-10-08T18:37:51.2273235Z 60/78 Test #60: native_agent_http_contract ..................   Passed    4.18 sec
2026-10-08T18:37:51.2274733Z       Start 61: native_agent_edit_http_contract
2026-10-08T18:37:59.8712332Z 61/78 Test #61: native_agent_edit_http_contract .............   Passed    8.64 sec
2026-10-08T18:37:59.8714485Z       Start 62: native_agent_mcp_http_contract
2026-10-08T18:38:01.7776123Z 62/78 Test #62: native_agent_mcp_http_contract ..............   Passed    1.91 sec
2026-10-08T18:38:01.7777350Z       Start 63: native_mcp_sdk_modern_contract
2026-10-08T18:38:04.1586100Z 63/78 Test #63: native_mcp_sdk_modern_contract ..............   Passed    2.38 sec
2026-10-08T18:38:04.1587861Z       Start 64: native_mcp_sdk_legacy_contract
2026-10-08T18:38:06.6018892Z 64/78 Test #64: native_mcp_sdk_legacy_contract ..............   Passed    2.44 sec
2026-10-08T18:38:06.6020745Z       Start 65: native_http_cli_contract
2026-10-08T18:38:08.5387119Z 65/78 Test #65: native_http_cli_contract ....................   Passed    1.94 sec
2026-10-08T18:38:08.5388954Z       Start 66: embedded_xlang_sqlite_contract
2026-10-08T18:38:08.5739719Z 66/78 Test #66: embedded_xlang_sqlite_contract ..............   Passed    0.03 sec
2026-10-08T18:38:08.5742025Z       Start 67: native_incoming_repository_contract
2026-10-08T18:38:09.1332930Z 67/78 Test #67: native_incoming_repository_contract .........   Passed    0.56 sec
2026-10-08T18:38:09.1335005Z       Start 68: native_task_list_repository_contract
2026-10-08T18:38:09.7980626Z 68/78 Test #68: native_task_list_repository_contract ........   Passed    0.66 sec
2026-10-08T18:38:09.7982351Z       Start 69: native_permission_waiter_contract
2026-10-08T18:38:10.6295878Z 69/78 Test #69: native_permission_waiter_contract ...........   Passed    0.83 sec
2026-10-08T18:38:10.6297838Z       Start 70: native_operation_repository_contract
2026-10-08T18:38:12.4248771Z 70/78 Test #70: native_operation_repository_contract ........   Passed    1.79 sec
2026-10-08T18:38:12.4250377Z       Start 71: xlang_repository_contract
2026-10-08T18:38:12.6587170Z 71/78 Test #71: xlang_repository_contract ...................   Passed    0.23 sec
2026-10-08T18:38:12.6588010Z       Start 72: persistence_service_contract
2026-10-08T18:38:15.0657102Z 72/78 Test #72: persistence_service_contract ................   Passed    2.41 sec
2026-10-08T18:38:15.0658540Z       Start 73: native_provider_profiles_contract
2026-10-08T18:38:15.5027326Z 73/78 Test #73: native_provider_profiles_contract ...........   Passed    0.44 sec
2026-10-08T18:38:15.5029562Z       Start 74: native_provider_profile_runtime_contract
2026-10-08T18:38:17.6635873Z 74/78 Test #74: native_provider_profile_runtime_contract ....   Passed    2.16 sec
2026-10-08T18:38:17.6637283Z       Start 75: native_provider_profile_cli_contract
2026-10-08T18:38:19.8071925Z 75/78 Test #75: native_provider_profile_cli_contract ........   Passed    2.14 sec
2026-10-08T18:38:19.8091154Z       Start 76: native_gemini_catalogue_contract
2026-10-08T18:38:30.5247111Z 76/78 Test #76: native_gemini_catalogue_contract ............   Passed   10.72 sec
2026-10-08T18:38:30.5249462Z       Start 77: native_gemini_profile_runtime_contract
2026-10-08T18:38:31.9251567Z 77/78 Test #77: native_gemini_profile_runtime_contract ......   Passed    1.40 sec
2026-10-08T18:38:31.9253262Z       Start 78: encrypted_credential_repository_contract
2026-10-08T18:38:32.5394016Z 78/78 Test #78: encrypted_credential_repository_contract ....   Passed    0.61 sec
2026-10-08T18:38:32.5402037Z 
2026-10-08T18:38:32.5402407Z 100% tests passed, 0 tests failed out of 78
2026-10-08T18:38:32.5402623Z 
2026-10-08T18:38:32.5403384Z Total Test time (real) = 153.16 sec
2026-10-08T18:38:32.6448045Z ##[group]Run npm ci --ignore-scripts
2026-10-08T18:38:32.6448356Z [36;1mnpm ci --ignore-scripts[0m
2026-10-08T18:38:32.6448545Z [36;1mif ($LASTEXITCODE -ne 0) { exit $LASTEXITCODE }[0m
2026-10-08T18:38:32.6448720Z [36;1mnpm test[0m
2026-10-08T18:38:32.6448835Z [36;1mexit $LASTEXITCODE[0m
2026-10-08T18:38:32.6500035Z shell: C:\Program Files\PowerShell\7\pwsh.EXE -command ". '{0}'"
2026-10-08T18:38:32.6500287Z ##[endgroup]
2026-10-08T18:38:33.7993145Z npm warn deprecated whatwg-encoding@3.1.1: Use @exodus/bytes instead for a more spec-conformant and faster implementation
2026-10-08T18:38:35.3475832Z npm warn deprecated prebuild-install@7.1.3: No longer maintained. Please contact the author of the relevant native addon; alternatives are available.
2026-10-08T18:38:38.6621337Z 
2026-10-08T18:38:38.6621944Z added 325 packages, and audited 326 packages in 6s
2026-10-08T18:38:38.6622215Z 
2026-10-08T18:38:38.6622350Z 93 packages are looking for funding
2026-10-08T18:38:38.6622697Z   run `npm fund` for details
2026-10-08T18:38:38.6660502Z 
2026-10-08T18:38:38.6660974Z 6 high severity vulnerabilities
2026-10-08T18:38:38.6661186Z 
2026-10-08T18:38:38.6661365Z To address all issues (including breaking changes), run:
2026-10-08T18:38:38.6661643Z   npm audit fix --force
2026-10-08T18:38:38.6661747Z 
2026-10-08T18:38:38.6661836Z Run `npm audit` for details.
2026-10-08T18:38:38.8603385Z 
2026-10-08T18:38:38.8603861Z > agentflow@0.1.0 test
2026-10-08T18:38:38.8604085Z > node --test tests/*.test.js
2026-10-08T18:38:38.8604185Z 
2026-10-08T18:38:38.9292811Z TAP version 13
2026-10-08T18:38:38.9789330Z # Subtest: browser view reuses the selected backend without exposing credentials in navigation
2026-10-08T18:38:38.9829143Z ok 1 - browser view reuses the selected backend without exposing credentials in navigation
2026-10-08T18:38:38.9844176Z   ---
2026-10-08T18:38:38.9857724Z   duration_ms: 1.9941
2026-10-08T18:38:38.9858113Z   type: 'test'
2026-10-08T18:38:38.9858400Z   ...
2026-10-08T18:38:38.9858883Z # Subtest: changing servers retires only the old view and disposal prevents reopening
2026-10-08T18:38:38.9859732Z ok 2 - changing servers retires only the old view and disposal prevents reopening
2026-10-08T18:38:38.9860175Z   ---
2026-10-08T18:38:38.9860429Z   duration_ms: 1.6315
2026-10-08T18:38:38.9860696Z   type: 'test'
2026-10-08T18:38:38.9860952Z   ...
2026-10-08T18:38:38.9861385Z # Subtest: invalid origins and tokens do not create access views or copy credentials
2026-10-08T18:38:38.9862002Z ok 3 - invalid origins and tokens do not create access views or copy credentials
2026-10-08T18:38:38.9862418Z   ---
2026-10-08T18:38:38.9862671Z   duration_ms: 0.6243
2026-10-08T18:38:38.9862943Z   type: 'test'
2026-10-08T18:38:38.9863189Z   ...
2026-10-08T18:38:39.0055729Z # Subtest: planning capabilities are truthful and do not invent presets or limits
2026-10-08T18:38:39.0082639Z ok 4 - planning capabilities are truthful and do not invent presets or limits
2026-10-08T18:38:39.0102773Z   ---
2026-10-08T18:38:39.0103900Z   duration_ms: 1.1459
2026-10-08T18:38:39.0104095Z   type: 'test'
2026-10-08T18:38:39.0104263Z   ...
2026-10-08T18:38:39.0104663Z # Subtest: client preserves the displayed head and exact raw input at its authenticated loopback origin
2026-10-08T18:38:39.0105279Z ok 5 - client preserves the displayed head and exact raw input at its authenticated loopback origin
2026-10-08T18:38:39.0105645Z   ---
2026-10-08T18:38:39.0105778Z   duration_ms: 4.0925
2026-10-08T18:38:39.0105892Z   type: 'test'
2026-10-08T18:38:39.0105990Z   ...
2026-10-08T18:38:39.0106197Z # Subtest: invalid input identities, types and preconditions never reach the backend
2026-10-08T18:38:39.0106766Z ok 6 - invalid input identities, types and preconditions never reach the backend
2026-10-08T18:38:39.0106960Z   ---
2026-10-08T18:38:39.0107062Z   duration_ms: 0.5591
2026-10-08T18:38:39.0107173Z   type: 'test'
2026-10-08T18:38:39.0107272Z   ...
2026-10-08T18:38:39.0112061Z # Subtest: human input validates decoded duplicate keys, Unicode and nested JSON without reserializing
2026-10-08T18:38:39.0112774Z ok 7 - human input validates decoded duplicate keys, Unicode and nested JSON without reserializing
2026-10-08T18:38:39.0113134Z   ---
2026-10-08T18:38:39.0113288Z   duration_ms: 0.5234
2026-10-08T18:38:39.0113453Z   type: 'test'
2026-10-08T18:38:39.0113599Z   ...
2026-10-08T18:38:39.0113997Z # Subtest: strict public planning DTOs reject foreign ownership, stale claims and private projection fields
2026-10-08T18:38:39.0114619Z ok 8 - strict public planning DTOs reject foreign ownership, stale claims and private projection fields
2026-10-08T18:38:39.0114990Z   ---
2026-10-08T18:38:39.0115141Z   duration_ms: 3.2377
2026-10-08T18:38:39.0115303Z   type: 'test'
2026-10-08T18:38:39.0115444Z   ...
2026-10-08T18:38:39.0115813Z # Subtest: provider call correlation retains the exact native 256-byte dotted/colon identity domain
2026-10-08T18:38:39.0116862Z ok 9 - provider call correlation retains the exact native 256-byte dotted/colon identity domain
2026-10-08T18:38:39.0117232Z   ---
2026-10-08T18:38:39.0117387Z   duration_ms: 0.4518
2026-10-08T18:38:39.0117555Z   type: 'test'
2026-10-08T18:38:39.0117706Z   ...
2026-10-08T18:38:39.0118083Z # Subtest: coding children are observed through actual dynamic ownership without a read-only label
2026-10-08T18:38:39.0118768Z ok 10 - coding children are observed through actual dynamic ownership without a read-only label
2026-10-08T18:38:39.0119129Z   ---
2026-10-08T18:38:39.0119281Z   duration_ms: 1.6663
2026-10-08T18:38:39.0119450Z   type: 'test'
2026-10-08T18:38:39.0119596Z   ...
2026-10-08T18:38:39.0403505Z # Subtest: provider enrollment accepts only matching approved OpenAI wire and endpoint pairs
2026-10-08T18:38:39.0407852Z ok 11 - provider enrollment accepts only matching approved OpenAI wire and endpoint pairs
2026-10-08T18:38:39.0408244Z   ---
2026-10-08T18:38:39.0408430Z   duration_ms: 1.3126
2026-10-08T18:38:39.0408656Z   type: 'test'
2026-10-08T18:38:39.0408822Z   ...
2026-10-08T18:38:39.0409190Z # Subtest: owned-child client keeps parent scope and validates the committed tree cursor
2026-10-08T18:38:39.0409763Z ok 12 - owned-child client keeps parent scope and validates the committed tree cursor
2026-10-08T18:38:39.0410123Z   ---
2026-10-08T18:38:39.0410275Z   duration_ms: 3.6014
2026-10-08T18:38:39.0410449Z   type: 'test'
2026-10-08T18:38:39.0410601Z   ...
2026-10-08T18:38:39.0411019Z # Subtest: owned observation covers concurrent admission and paged events without inventing aggregate usage
2026-10-08T18:38:39.0411692Z ok 13 - owned observation covers concurrent admission and paged events without inventing aggregate usage
2026-10-08T18:38:39.0412093Z   ---
2026-10-08T18:38:39.0412238Z   duration_ms: 4.5961
2026-10-08T18:38:39.0412414Z   type: 'test'
2026-10-08T18:38:39.0412560Z   ...
2026-10-08T18:38:39.0412974Z # Subtest: owned observation rejects foreign children and events before requesting private child history
2026-10-08T18:38:39.0413616Z ok 14 - owned observation rejects foreign children and events before requesting private child history
2026-10-08T18:38:39.0413992Z   ---
2026-10-08T18:38:39.0414586Z   duration_ms: 1.216
2026-10-08T18:38:39.0414823Z   type: 'test'
2026-10-08T18:38:39.0414981Z   ...
2026-10-08T18:38:39.0415461Z # Subtest: agent and graph requests preserve the observed profile binding without silently acquiring a newer revision
2026-10-08T18:38:39.0416193Z ok 15 - agent and graph requests preserve the observed profile binding without silently acquiring a newer revision
2026-10-08T18:38:39.0416604Z   ---
2026-10-08T18:38:39.0416769Z   duration_ms: 0.7013
2026-10-08T18:38:39.0417253Z   type: 'test'
2026-10-08T18:38:39.0417408Z   ...
2026-10-08T18:38:39.0417895Z # Subtest: client accepts only an advertised GenerateContent route and carries its native wire through profile admission
2026-10-08T18:38:39.0419548Z ok 16 - client accepts only an advertised GenerateContent route and carries its native wire through profile admission
2026-10-08T18:38:39.0420014Z   ---
2026-10-08T18:38:39.0420180Z   duration_ms: 1.6655
2026-10-08T18:38:39.0420359Z   type: 'test'
2026-10-08T18:38:39.0420520Z   ...
2026-10-08T18:38:39.0420992Z # Subtest: native provider profile client preserves route, key omission, activation and revision at its authenticated origin
2026-10-08T18:38:39.0421799Z ok 17 - native provider profile client preserves route, key omission, activation and revision at its authenticated origin
2026-10-08T18:38:39.0422250Z   ---
2026-10-08T18:38:39.0422412Z   duration_ms: 1.1077
2026-10-08T18:38:39.0422591Z   type: 'test'
2026-10-08T18:38:39.0422749Z   ...
2026-10-08T18:38:39.0423264Z # Subtest: advertised Gemini Settings discovery keeps full model resources and publishes a profile only after footer selection
2026-10-08T18:38:39.0424083Z ok 18 - advertised Gemini Settings discovery keeps full model resources and publishes a profile only after footer selection
2026-10-08T18:38:39.0424547Z   ---
2026-10-08T18:38:39.0424698Z   duration_ms: 2.9417
2026-10-08T18:38:39.0424876Z   type: 'test'
2026-10-08T18:38:39.0425028Z   ...
2026-10-08T18:38:39.0425411Z # Subtest: Gemini Settings cannot discover through absent, disabled or foreign advertised routes
2026-10-08T18:38:39.0426013Z ok 19 - Gemini Settings cannot discover through absent, disabled or foreign advertised routes
2026-10-08T18:38:39.0426372Z   ---
2026-10-08T18:38:39.0426518Z   duration_ms: 1.0532
2026-10-08T18:38:39.0426692Z   type: 'test'
2026-10-08T18:38:39.0426843Z   ...
2026-10-08T18:38:39.0427306Z # Subtest: profile metadata rejects secret references, duplicate identities and inconsistent backend route families
2026-10-08T18:38:39.0428032Z ok 20 - profile metadata rejects secret references, duplicate identities and inconsistent backend route families
2026-10-08T18:38:39.0428461Z   ---
2026-10-08T18:38:39.0428603Z   duration_ms: 1.1887
2026-10-08T18:38:39.0428768Z   type: 'test'
2026-10-08T18:38:39.0428923Z   ...
2026-10-08T18:38:39.0429291Z # Subtest: invalid profile mutations never leave the client and discovery rejects key reflection
2026-10-08T18:38:39.0429883Z ok 21 - invalid profile mutations never leave the client and discovery rejects key reflection
2026-10-08T18:38:39.0430249Z   ---
2026-10-08T18:38:39.0430393Z   duration_ms: 0.3989
2026-10-08T18:38:39.0430563Z   type: 'test'
2026-10-08T18:38:39.0430717Z   ...
2026-10-08T18:38:39.0431066Z # Subtest: graph access adapter preserves backend identity, revision and raw human JSON
2026-10-08T18:38:39.0431604Z ok 22 - graph access adapter preserves backend identity, revision and raw human JSON
2026-10-08T18:38:39.0431940Z   ---
2026-10-08T18:38:39.0432092Z   duration_ms: 0.3106
2026-10-08T18:38:39.0432269Z   type: 'test'
2026-10-08T18:38:39.0432428Z   ...
2026-10-08T18:38:39.0662906Z # Subtest: session discovery, URL encoding, error handling and origin boundaries
2026-10-08T18:38:39.0663873Z ok 23 - session discovery, URL encoding, error handling and origin boundaries
2026-10-08T18:38:39.0664382Z   ---
2026-10-08T18:38:39.0665416Z   duration_ms: 67.3226
2026-10-08T18:38:39.0665684Z   type: 'test'
2026-10-08T18:38:39.0665896Z   ...
2026-10-08T18:38:39.0666245Z # Subtest: origin-scoped authentication and native request bodies
2026-10-08T18:38:39.0666716Z ok 24 - origin-scoped authentication and native request bodies
2026-10-08T18:38:39.0667043Z   ---
2026-10-08T18:38:39.0667256Z   duration_ms: 0.529
2026-10-08T18:38:39.0667483Z   type: 'test'
2026-10-08T18:38:39.0667683Z   ...
2026-10-08T18:38:39.1322298Z # Subtest: VS Code Agent observes scoped leaf histories and tree events without inventing a graph or resubmitting work
2026-10-08T18:38:39.1323879Z ok 25 - VS Code Agent observes scoped leaf histories and tree events without inventing a graph or resubmitting work
2026-10-08T18:38:39.1333773Z   ---
2026-10-08T18:38:39.1334097Z   duration_ms: 20.3377
2026-10-08T18:38:39.1334345Z   type: 'test'
2026-10-08T18:38:39.1334548Z   ...
2026-10-08T18:38:39.1335806Z # Subtest: native admission profile conflict updates the sidebar account/model without task replay
2026-10-08T18:38:39.1336531Z ok 26 - native admission profile conflict updates the sidebar account/model without task replay
2026-10-08T18:38:39.1336963Z   ---
2026-10-08T18:38:39.1337166Z   duration_ms: 3.481
2026-10-08T18:38:39.1337384Z   type: 'test'
2026-10-08T18:38:39.1337580Z   ...
2026-10-08T18:38:39.1338059Z # Subtest: native terminal state refreshes transcript and stops polling with durable operation inspection
2026-10-08T18:38:39.1338756Z ok 27 - native terminal state refreshes transcript and stops polling with durable operation inspection
2026-10-08T18:38:39.1339184Z   ---
2026-10-08T18:38:39.1339382Z   duration_ms: 2.2207
2026-10-08T18:38:39.1339598Z   type: 'test'
2026-10-08T18:38:39.1339803Z   ...
2026-10-08T18:38:39.1340185Z # Subtest: saved Responses enrollment restores discovery and reports the native wire
2026-10-08T18:38:39.1340767Z ok 28 - saved Responses enrollment restores discovery and reports the native wire
2026-10-08T18:38:39.1341141Z   ---
2026-10-08T18:38:39.1341330Z   duration_ms: 4.3479
2026-10-08T18:38:39.1341555Z   type: 'test'
2026-10-08T18:38:39.1341753Z   ...
2026-10-08T18:38:39.1342319Z # Subtest: extension answers only a displayed and freshly owned question with exact raw input/CAS, without changing approval authority
2026-10-08T18:38:39.1343202Z ok 29 - extension answers only a displayed and freshly owned question with exact raw input/CAS, without changing approval authority
2026-10-08T18:38:39.1343724Z   ---
2026-10-08T18:38:39.1343921Z   duration_ms: 7.2288
2026-10-08T18:38:39.1344136Z   type: 'test'
2026-10-08T18:38:39.1344338Z   ...
2026-10-08T18:38:39.1344845Z # Subtest: extension rejects forged question fields, duplicate input keys and stale fresh-head observations before POST
2026-10-08T18:38:39.1353378Z ok 30 - extension rejects forged question fields, duplicate input keys and stale fresh-head observations before POST
2026-10-08T18:38:39.1353919Z   ---
2026-10-08T18:38:39.1354133Z   duration_ms: 7.2135
2026-10-08T18:38:39.1354358Z   type: 'test'
2026-10-08T18:38:39.1354554Z   ...
2026-10-08T18:38:39.1355112Z # Subtest: extension final-human-only ready paused owner exposes authenticated explicit resume with the observed preconditions
2026-10-08T18:38:39.1355968Z ok 31 - extension final-human-only ready paused owner exposes authenticated explicit resume with the observed preconditions
2026-10-08T18:38:39.1356474Z   ---
2026-10-08T18:38:39.1356674Z   duration_ms: 5.1608
2026-10-08T18:38:39.1356891Z   type: 'test'
2026-10-08T18:38:39.1357096Z   ...
2026-10-08T18:38:39.1358509Z # Subtest: extension close during fresh plan revalidation cannot post an answer or publish its obsolete observation
2026-10-08T18:38:39.1359286Z ok 32 - extension close during fresh plan revalidation cannot post an answer or publish its obsolete observation
2026-10-08T18:38:39.1359738Z   ---
2026-10-08T18:38:39.1359942Z   duration_ms: 5.9203
2026-10-08T18:38:39.1360165Z   type: 'test'
2026-10-08T18:38:39.1360362Z   ...
2026-10-08T18:38:39.1360917Z # Subtest: extension plan-read conflict clears the old action projection and never retries its input mutation
2026-10-08T18:38:39.1361653Z ok 33 - extension plan-read conflict clears the old action projection and never retries its input mutation
2026-10-08T18:38:39.1362781Z   ---
2026-10-08T18:38:39.1362931Z   duration_ms: 3.7986
2026-10-08T18:38:39.1363102Z   type: 'test'
2026-10-08T18:38:39.1363252Z   ...
2026-10-08T18:38:39.1363647Z # Subtest: settings key fetches a sidebar list; only a separate model selection saves encrypted backend settings
2026-10-08T18:38:39.1364264Z ok 34 - settings key fetches a sidebar list; only a separate model selection saves encrypted backend settings
2026-10-08T18:38:39.1364829Z   ---
2026-10-08T18:38:39.1364932Z   duration_ms: 2.6739
2026-10-08T18:38:39.1365047Z   type: 'test'
2026-10-08T18:38:39.1365147Z   ...
2026-10-08T18:38:39.1365443Z # Subtest: sidebar selection rejects an ID outside the actual discovery response
2026-10-08T18:38:39.1365743Z ok 35 - sidebar selection rejects an ID outside the actual discovery response
2026-10-08T18:38:39.1365933Z   ---
2026-10-08T18:38:39.1366031Z   duration_ms: 2.8689
2026-10-08T18:38:39.1366145Z   type: 'test'
2026-10-08T18:38:39.1366250Z   ...
2026-10-08T18:38:39.1366541Z # Subtest: sidebar rename binds selected session and original title, refreshes metadata and reports conflicts without inference
2026-10-08T18:38:39.1367010Z ok 36 - sidebar rename binds selected session and original title, refreshes metadata and reports conflicts without inference
2026-10-08T18:38:39.1367492Z   ---
2026-10-08T18:38:39.1367608Z   duration_ms: 5.0181
2026-10-08T18:38:39.1367717Z   type: 'test'
2026-10-08T18:38:39.1367816Z   ...
2026-10-08T18:38:39.1368033Z # Subtest: invalid keys and unsupported provider destinations never transmit credentials
2026-10-08T18:38:39.1368357Z ok 37 - invalid keys and unsupported provider destinations never transmit credentials
2026-10-08T18:38:39.1368557Z   ---
2026-10-08T18:38:39.1368652Z   duration_ms: 4.3429
2026-10-08T18:38:39.1368761Z   type: 'test'
2026-10-08T18:38:39.1368857Z   ...
2026-10-08T18:38:39.1369066Z # Subtest: discovery errors and malformed or empty catalogs never save provider settings
2026-10-08T18:38:39.1369380Z ok 38 - discovery errors and malformed or empty catalogs never save provider settings
2026-10-08T18:38:39.1369578Z   ---
2026-10-08T18:38:39.1369671Z   duration_ms: 6.2758
2026-10-08T18:38:39.1369777Z   type: 'test'
2026-10-08T18:38:39.1369877Z   ...
2026-10-08T18:38:39.1384442Z # Subtest: closing during discovery prevents publishing a list or saving a credential
2026-10-08T18:38:39.1387893Z ok 39 - closing during discovery prevents publishing a list or saving a credential
2026-10-08T18:38:39.1388261Z   ---
2026-10-08T18:38:39.1388421Z   duration_ms: 1.9152
2026-10-08T18:38:39.1388612Z   type: 'test'
2026-10-08T18:38:39.1388776Z   ...
2026-10-08T18:38:39.1421152Z # Subtest: saved key populates the sidebar automatically and changes models without a key popup
2026-10-08T18:38:39.1421912Z ok 40 - saved key populates the sidebar automatically and changes models without a key popup
2026-10-08T18:38:39.1422342Z   ---
2026-10-08T18:38:39.1422551Z   duration_ms: 3.5046
2026-10-08T18:38:39.1422780Z   type: 'test'
2026-10-08T18:38:39.1422982Z   ...
2026-10-08T18:38:39.1442377Z # Subtest: rejected saved key shows settings guidance and replacement uses the same sidebar selection
2026-10-08T18:38:39.1443124Z ok 41 - rejected saved key shows settings guidance and replacement uses the same sidebar selection
2026-10-08T18:38:39.1443559Z   ---
2026-10-08T18:38:39.1443783Z   duration_ms: 2.4041
2026-10-08T18:38:39.1443955Z   type: 'test'
2026-10-08T18:38:39.1444116Z   ...
2026-10-08T18:38:39.1465081Z # Subtest: graph observation keeps child transcript and usage out of the root stream
2026-10-08T18:38:39.1465765Z ok 42 - graph observation keeps child transcript and usage out of the root stream
2026-10-08T18:38:39.1466144Z   ---
2026-10-08T18:38:39.1466351Z   duration_ms: 1.9316
2026-10-08T18:38:39.1466580Z   type: 'test'
2026-10-08T18:38:39.1466789Z   ...
2026-10-08T18:38:39.1486888Z # Subtest: human input binds observed root, waiting node and exact checkpoint; raw JSON reaches the backend
2026-10-08T18:38:39.1487691Z ok 43 - human input binds observed root, waiting node and exact checkpoint; raw JSON reaches the backend
2026-10-08T18:38:39.1488548Z   ---
2026-10-08T18:38:39.1488737Z   duration_ms: 2.0696
2026-10-08T18:38:39.1488930Z   type: 'test'
2026-10-08T18:38:39.1489087Z   ...
2026-10-08T18:38:39.1506697Z # Subtest: selection intent invalidates queued human input before another conversation is displayed
2026-10-08T18:38:39.1508723Z ok 44 - selection intent invalidates queued human input before another conversation is displayed
2026-10-08T18:38:39.1509186Z   ---
2026-10-08T18:38:39.1509410Z   duration_ms: 2.0054
2026-10-08T18:38:39.1510080Z   type: 'test'
2026-10-08T18:38:39.1510353Z   ...
2026-10-08T18:38:39.1541676Z # Subtest: graph child approval retains exact current operation review and uses the shared decision endpoint
2026-10-08T18:38:39.1542649Z ok 45 - graph child approval retains exact current operation review and uses the shared decision endpoint
2026-10-08T18:38:39.1543072Z   ---
2026-10-08T18:38:39.1551451Z   duration_ms: 2.8804
2026-10-08T18:38:39.1551750Z   type: 'test'
2026-10-08T18:38:39.1551925Z   ...
2026-10-08T18:38:39.1560670Z # Subtest: graph catalog allows model-free tool graphs and rejects arbitrary view plans or graph IDs
2026-10-08T18:38:39.1561730Z ok 46 - graph catalog allows model-free tool graphs and rejects arbitrary view plans or graph IDs
2026-10-08T18:38:39.1562206Z   ---
2026-10-08T18:38:39.1562468Z   duration_ms: 2.5597
2026-10-08T18:38:39.1562695Z   type: 'test'
2026-10-08T18:38:39.1562865Z   ...
2026-10-08T18:38:39.1581166Z # Subtest: workflow choice persists for the same backend and restores only an advertised executable graph
2026-10-08T18:38:39.1609296Z ok 47 - workflow choice persists for the same backend and restores only an advertised executable graph
2026-10-08T18:38:39.1609963Z   ---
2026-10-08T18:38:39.1610189Z   duration_ms: 1.9431
2026-10-08T18:38:39.1611525Z   type: 'test'
2026-10-08T18:38:39.1612029Z   ...
2026-10-08T18:38:39.1653179Z # Subtest: older run inspection remains accessible and selected run persists across view reopening
2026-10-08T18:38:39.1654537Z ok 48 - older run inspection remains accessible and selected run persists across view reopening
2026-10-08T18:38:39.1655139Z   ---
2026-10-08T18:38:39.1655327Z   duration_ms: 8.0043
2026-10-08T18:38:39.1655520Z   type: 'test'
2026-10-08T18:38:39.1655671Z   ...
2026-10-08T18:38:39.1666965Z # Subtest: run selection rejects IDs outside the selected conversation before fetching their details
2026-10-08T18:38:39.1667913Z ok 49 - run selection rejects IDs outside the selected conversation before fetching their details
2026-10-08T18:38:39.1668470Z   ---
2026-10-08T18:38:39.1668658Z   duration_ms: 1.4224
2026-10-08T18:38:39.1668851Z   type: 'test'
2026-10-08T18:38:39.1669011Z   ...
2026-10-08T18:38:39.1684160Z # Subtest: older terminal run keeps observing an active conversation and rejects another submission
2026-10-08T18:38:39.1684934Z ok 50 - older terminal run keeps observing an active conversation and rejects another submission
2026-10-08T18:38:39.1685367Z   ---
2026-10-08T18:38:39.1685575Z   duration_ms: 1.7447
2026-10-08T18:38:39.1685904Z   type: 'test'
2026-10-08T18:38:39.1686056Z   ...
2026-10-08T18:38:39.1699918Z # Subtest: uncertain edit inspection uses the host-only read endpoint without deciding or accepting webview paths
2026-10-08T18:38:39.1700744Z ok 51 - uncertain edit inspection uses the host-only read endpoint without deciding or accepting webview paths
2026-10-08T18:38:39.1701155Z   ---
2026-10-08T18:38:39.1701315Z   duration_ms: 1.5368
2026-10-08T18:38:39.1701745Z   type: 'test'
2026-10-08T18:38:39.1701901Z   ...
2026-10-08T18:38:39.1724901Z # Subtest: inspection rejects a different backend operation and discards observations after selection changes
2026-10-08T18:38:39.1725742Z ok 52 - inspection rejects a different backend operation and discards observations after selection changes
2026-10-08T18:38:39.1726327Z   ---
2026-10-08T18:38:39.1726492Z   duration_ms: 2.4603
2026-10-08T18:38:39.1727011Z   type: 'test'
2026-10-08T18:38:39.1727204Z   ...
2026-10-08T18:38:39.1764717Z # Subtest: only a reviewed pending operation can be decided and payload stays backend-owned
2026-10-08T18:38:39.1765438Z ok 53 - only a reviewed pending operation can be decided and payload stays backend-owned
2026-10-08T18:38:39.1766108Z   ---
2026-10-08T18:38:39.1766308Z   duration_ms: 1.6927
2026-10-08T18:38:39.1766530Z   type: 'test'
2026-10-08T18:38:39.1766727Z   ...
2026-10-08T18:38:39.1767096Z # Subtest: closing the view during proposal revalidation cannot send an approval
2026-10-08T18:38:39.1767797Z ok 54 - closing the view during proposal revalidation cannot send an approval
2026-10-08T18:38:39.1768085Z   ---
2026-10-08T18:38:39.1768193Z   duration_ms: 1.7474
2026-10-08T18:38:39.1768307Z   type: 'test'
2026-10-08T18:38:39.1768400Z   ...
2026-10-08T18:38:39.1788682Z # Subtest: changed proposal bytes invalidate the displayed review
2026-10-08T18:38:39.1790047Z ok 55 - changed proposal bytes invalidate the displayed review
2026-10-08T18:38:39.1792598Z   ---
2026-10-08T18:38:39.1792827Z   duration_ms: 2.6879
2026-10-08T18:38:39.1793166Z   type: 'test'
2026-10-08T18:38:39.1793467Z   ...
2026-10-08T18:38:39.1816613Z # Subtest: session selection intent invalidates an in-flight approval before queued selection runs
2026-10-08T18:38:39.1817470Z ok 56 - session selection intent invalidates an in-flight approval before queued selection runs
2026-10-08T18:38:39.1818135Z   ---
2026-10-08T18:38:39.1818346Z   duration_ms: 3.0073
2026-10-08T18:38:39.1818569Z   type: 'test'
2026-10-08T18:38:39.1818804Z   ...
2026-10-08T18:38:39.1831268Z # Subtest: closing a panel during history loading cannot start a detached poller
2026-10-08T18:38:39.1831950Z ok 57 - closing a panel during history loading cannot start a detached poller
2026-10-08T18:38:39.1832355Z   ---
2026-10-08T18:38:39.1832587Z   duration_ms: 1.299
2026-10-08T18:38:39.1833324Z   type: 'test'
2026-10-08T18:38:39.1833505Z   ...
2026-10-08T18:38:39.1847201Z # Subtest: older native servers without a catalogue keep default execution without invented model IDs
2026-10-08T18:38:39.1848027Z ok 58 - older native servers without a catalogue keep default execution without invented model IDs
2026-10-08T18:38:39.1848430Z   ---
2026-10-08T18:38:39.1848695Z   duration_ms: 1.2472
2026-10-08T18:38:39.1850880Z   type: 'test'
2026-10-08T18:38:39.1851081Z   ...
2026-10-08T18:38:39.1865699Z # Subtest: edit comparison opens exact revalidated backend snapshots without granting or writing
2026-10-08T18:38:39.1895070Z ok 59 - edit comparison opens exact revalidated backend snapshots without granting or writing
2026-10-08T18:38:39.1895633Z   ---
2026-10-08T18:38:39.1895913Z   duration_ms: 2.0415
2026-10-08T18:38:39.1896222Z   type: 'test'
2026-10-08T18:38:39.1896481Z   ...
2026-10-08T18:38:39.1942642Z # Subtest: creation comparison opens absent-to-proposed snapshots without creating a file or granting
2026-10-08T18:38:39.1943531Z ok 60 - creation comparison opens absent-to-proposed snapshots without creating a file or granting
2026-10-08T18:38:39.1944029Z   ---
2026-10-08T18:38:39.1944319Z   duration_ms: 1.4173
2026-10-08T18:38:39.1944608Z   type: 'test'
2026-10-08T18:38:39.1944867Z   ...
2026-10-08T18:38:39.1963020Z # Subtest: refresh reloads backend execution capabilities and history without submitting a run
2026-10-08T18:38:39.1963473Z ok 61 - refresh reloads backend execution capabilities and history without submitting a run
2026-10-08T18:38:39.1963770Z   ---
2026-10-08T18:38:39.1963931Z   duration_ms: 5.8709
2026-10-08T18:38:39.1964099Z   type: 'test'
2026-10-08T18:38:39.1964256Z   ...
2026-10-08T18:38:39.1985998Z # Subtest: selected configured model survives view reopening and retired models fall back on refresh
2026-10-08T18:38:39.1986854Z ok 62 - selected configured model survives view reopening and retired models fall back on refresh
2026-10-08T18:38:39.1987511Z   ---
2026-10-08T18:38:39.1987723Z   duration_ms: 3.9242
2026-10-08T18:38:39.1987948Z   type: 'test'
2026-10-08T18:38:39.1988159Z   ...
2026-10-08T18:38:39.1989394Z # Subtest: normal development bootstrap completes activation before resolving the sidebar and clears private environment
2026-10-08T18:38:39.1990261Z ok 63 - normal development bootstrap completes activation before resolving the sidebar and clears private environment
2026-10-08T18:38:39.1990813Z   ---
2026-10-08T18:38:39.1990964Z   duration_ms: 2.0791
2026-10-08T18:38:39.1991426Z   type: 'test'
2026-10-08T18:38:39.1991596Z   ...
2026-10-08T18:38:39.2087633Z # Subtest: admission reconciliation refreshes changed metadata and discards pending keys without replay
2026-10-08T18:38:39.2088574Z ok 64 - admission reconciliation refreshes changed metadata and discards pending keys without replay
2026-10-08T18:38:39.2089072Z   ---
2026-10-08T18:38:39.2089299Z   duration_ms: 1.6151
2026-10-08T18:38:39.2089530Z   type: 'test'
2026-10-08T18:38:39.2089799Z   ...
2026-10-08T18:38:39.2090205Z # Subtest: retired admission reconciliation cannot publish a late metadata response
2026-10-08T18:38:39.2090788Z ok 65 - retired admission reconciliation cannot publish a late metadata response
2026-10-08T18:38:39.2091172Z   ---
2026-10-08T18:38:39.2091373Z   duration_ms: 0.1808
2026-10-08T18:38:39.2091596Z   type: 'test'
2026-10-08T18:38:39.2091828Z   ...
2026-10-08T18:38:39.2092343Z # Subtest: admission uses the profile snapshot already shown in this view and does not refresh past an external change
2026-10-08T18:38:39.2093122Z ok 66 - admission uses the profile snapshot already shown in this view and does not refresh past an external change
2026-10-08T18:38:39.2093589Z   ---
2026-10-08T18:38:39.2093781Z   duration_ms: 1.058
2026-10-08T18:38:39.2094020Z   type: 'test'
2026-10-08T18:38:39.2094166Z   ...
2026-10-08T18:38:39.2094471Z # Subtest: profile setup discovers privately, rejects forged models and enrolls only on footer selection
2026-10-08T18:38:39.2094892Z ok 67 - profile setup discovers privately, rejects forged models and enrolls only on footer selection
2026-10-08T18:38:39.2095164Z   ---
2026-10-08T18:38:39.2095303Z   duration_ms: 2.2929
2026-10-08T18:38:39.2095479Z   type: 'test'
2026-10-08T18:38:39.2095620Z   ...
2026-10-08T18:38:39.2095902Z # Subtest: saved-key discovery stays on its owned route while native save can rebind within the family
2026-10-08T18:38:39.2096313Z ok 68 - saved-key discovery stays on its owned route while native save can rebind within the family
2026-10-08T18:38:39.2096578Z   ---
2026-10-08T18:38:39.2096737Z   duration_ms: 0.4308
2026-10-08T18:38:39.2096892Z   type: 'test'
2026-10-08T18:38:39.2097038Z   ...
2026-10-08T18:38:39.2097328Z # Subtest: disposing or changing backend cannot publish late discovery or send a pending key in enrollment
2026-10-08T18:38:39.2097752Z ok 69 - disposing or changing backend cannot publish late discovery or send a pending key in enrollment
2026-10-08T18:38:39.2098021Z   ---
2026-10-08T18:38:39.2098184Z   duration_ms: 4.4977
2026-10-08T18:38:39.2098338Z   type: 'test'
2026-10-08T18:38:39.2098482Z   ...
2026-10-08T18:38:40.6852507Z # Subtest: Agent plan renders actual dependencies/correlations/held response metrics safely inside the existing sidebar
2026-10-08T18:38:40.6895441Z ok 70 - Agent plan renders actual dependencies/correlations/held response metrics safely inside the existing sidebar
2026-10-08T18:38:40.6908943Z   ---
2026-10-08T18:38:40.6909310Z   duration_ms: 131.9192
2026-10-08T18:38:40.6909580Z   type: 'test'
2026-10-08T18:38:40.6909817Z   ...
2026-10-08T18:38:40.6910458Z # Subtest: human answer keeps raw numeric lexemes and draft across observations, binds current identities/CAS and rejects detached form sends
2026-10-08T18:38:40.6911417Z ok 71 - human answer keeps raw numeric lexemes and draft across observations, binds current identities/CAS and rejects detached form sends
2026-10-08T18:38:40.6911965Z   ---
2026-10-08T18:38:40.6912168Z   duration_ms: 27.9725
2026-10-08T18:38:40.6912417Z   type: 'test'
2026-10-08T18:38:40.6912624Z   ...
2026-10-08T18:38:40.6913205Z # Subtest: dynamic human questions use written answers by default and safely encode actual characters without granting operation approval
2026-10-08T18:38:40.6914122Z ok 72 - dynamic human questions use written answers by default and safely encode actual characters without granting operation approval
2026-10-08T18:38:40.6915050Z   ---
2026-10-08T18:38:40.6915260Z   duration_ms: 18.798
2026-10-08T18:38:40.6915514Z   type: 'test'
2026-10-08T18:38:40.6915726Z   ...
2026-10-08T18:38:40.6916505Z # Subtest: human-only completed frontier exposes explicit resume only for an enabled ready paused owner and preserves unanswered controls separately
2026-10-08T18:38:40.6917502Z ok 73 - human-only completed frontier exposes explicit resume only for an enabled ready paused owner and preserves unanswered controls separately
2026-10-08T18:38:40.6918127Z   ---
2026-10-08T18:38:40.6918332Z   duration_ms: 18.3824
2026-10-08T18:38:40.6918552Z   type: 'test'
2026-10-08T18:38:40.6918753Z   ...
2026-10-08T18:38:40.6919322Z # Subtest: Agent investigations retain independent metrics and terminal replay does not synthesize a graph or another answer
2026-10-08T18:38:40.6920165Z ok 74 - Agent investigations retain independent metrics and terminal replay does not synthesize a graph or another answer
2026-10-08T18:38:40.6920668Z   ---
2026-10-08T18:38:40.6920874Z   duration_ms: 23.7905
2026-10-08T18:38:40.6921151Z   type: 'test'
2026-10-08T18:38:40.6921353Z   ...
2026-10-08T18:38:40.6921823Z # Subtest: run inspector uses selected historical provider context independently of the current model
2026-10-08T18:38:40.6922510Z ok 75 - run inspector uses selected historical provider context independently of the current model
2026-10-08T18:38:40.6922931Z   ---
2026-10-08T18:38:40.6923128Z   duration_ms: 12.2172
2026-10-08T18:38:40.6923355Z   type: 'test'
2026-10-08T18:38:40.6923559Z   ...
2026-10-08T18:38:40.6923963Z # Subtest: run inspector suppresses malformed or secret-bearing provider metadata
2026-10-08T18:38:40.6924529Z ok 76 - run inspector suppresses malformed or secret-bearing provider metadata
2026-10-08T18:38:40.6924896Z   ---
2026-10-08T18:38:40.6925096Z   duration_ms: 12.3205
2026-10-08T18:38:40.6925322Z   type: 'test'
2026-10-08T18:38:40.6925523Z   ...
2026-10-08T18:38:40.6925992Z # Subtest: profile Settings offers saved and new providers and keeps discovered models in the footer
2026-10-08T18:38:40.6926664Z ok 77 - profile Settings offers saved and new providers and keeps discovered models in the footer
2026-10-08T18:38:40.6927081Z   ---
2026-10-08T18:38:40.6927279Z   duration_ms: 14.0649
2026-10-08T18:38:40.6927444Z   type: 'test'
2026-10-08T18:38:40.6927588Z   ...
2026-10-08T18:38:40.6927961Z # Subtest: GenerateContent labels depend on advertised routes and keep model choice in the footer
2026-10-08T18:38:40.6930665Z ok 78 - GenerateContent labels depend on advertised routes and keep model choice in the footer
2026-10-08T18:38:40.6931075Z   ---
2026-10-08T18:38:40.6931237Z   duration_ms: 15.9201
2026-10-08T18:38:40.6931419Z   type: 'test'
2026-10-08T18:38:40.6931581Z   ...
2026-10-08T18:38:40.6932034Z # Subtest: advertised Gemini Settings clears the draft key and uses the footer for full discovered model resources
2026-10-08T18:38:40.6932759Z ok 79 - advertised Gemini Settings clears the draft key and uses the footer for full discovered model resources
2026-10-08T18:38:40.6933166Z   ---
2026-10-08T18:38:40.6933312Z   duration_ms: 20.535
2026-10-08T18:38:40.6933480Z   type: 'test'
2026-10-08T18:38:40.6933633Z   ...
2026-10-08T18:38:40.6934068Z # Subtest: recorded GenerateContent response and run context retain their native identity and supplied metrics
2026-10-08T18:38:40.6934741Z ok 80 - recorded GenerateContent response and run context retain their native identity and supplied metrics
2026-10-08T18:38:40.6935137Z   ---
2026-10-08T18:38:40.6935286Z   duration_ms: 18.721
2026-10-08T18:38:40.6935453Z   type: 'test'
2026-10-08T18:38:40.6948575Z   ...
2026-10-08T18:38:40.6949239Z # Subtest: conversation rename keeps expected title and draft through conflicts, and cancels when selection changes
2026-10-08T18:38:40.6949884Z ok 81 - conversation rename keeps expected title and draft through conflicts, and cancels when selection changes
2026-10-08T18:38:40.6950484Z   ---
2026-10-08T18:38:40.6950636Z   duration_ms: 12.655
2026-10-08T18:38:40.6950807Z   type: 'test'
2026-10-08T18:38:40.6950957Z   ...
2026-10-08T18:38:40.6951254Z # Subtest: footer displays only a recognized backend-reported provider wire
2026-10-08T18:38:40.6952715Z ok 82 - footer displays only a recognized backend-reported provider wire
2026-10-08T18:38:40.6953019Z   ---
2026-10-08T18:38:40.6953170Z   duration_ms: 12.2244
2026-10-08T18:38:40.6953334Z   type: 'test'
2026-10-08T18:38:40.6953471Z   ...
2026-10-08T18:38:40.6953849Z # Subtest: model protocol failure shows only recognized diagnostics and preserves conversation context
2026-10-08T18:38:40.6954419Z ok 83 - model protocol failure shows only recognized diagnostics and preserves conversation context
2026-10-08T18:38:40.6954767Z   ---
2026-10-08T18:38:40.6954912Z   duration_ms: 18.1021
2026-10-08T18:38:40.6955073Z   type: 'test'
2026-10-08T18:38:40.6955217Z   ...
2026-10-08T18:38:40.6955626Z # Subtest: provider failures remain visible through transcript refresh without invented replies or metrics
2026-10-08T18:38:40.6956255Z ok 84 - provider failures remain visible through transcript refresh without invented replies or metrics
2026-10-08T18:38:40.6956607Z   ---
2026-10-08T18:38:40.6956763Z   duration_ms: 12.566
2026-10-08T18:38:40.6956935Z   type: 'test'
2026-10-08T18:38:40.6957080Z   ...
2026-10-08T18:38:40.6957420Z # Subtest: incompatible provider history explains recovery without fabricating a reply
2026-10-08T18:38:40.6957930Z ok 85 - incompatible provider history explains recovery without fabricating a reply
2026-10-08T18:38:40.6958250Z   ---
2026-10-08T18:38:40.6958360Z   duration_ms: 15.0151
2026-10-08T18:38:40.6958467Z   type: 'test'
2026-10-08T18:38:40.6958563Z   ...
2026-10-08T18:38:40.6958787Z # Subtest: unknown failure reasons do not interpolate untrusted payloads or guess provider causes
2026-10-08T18:38:40.6959127Z ok 86 - unknown failure reasons do not interpolate untrusted payloads or guess provider causes
2026-10-08T18:38:40.6959343Z   ---
2026-10-08T18:38:40.6959431Z   duration_ms: 11.3981
2026-10-08T18:38:40.6959534Z   type: 'test'
2026-10-08T18:38:40.6959627Z   ...
2026-10-08T18:38:40.6959837Z # Subtest: recorded provider identifiers render without raw error messages or unknown fields
2026-10-08T18:38:40.6960171Z ok 87 - recorded provider identifiers render without raw error messages or unknown fields
2026-10-08T18:38:40.6960380Z   ---
2026-10-08T18:38:40.6960469Z   duration_ms: 10.9064
2026-10-08T18:38:40.6960571Z   type: 'test'
2026-10-08T18:38:40.6960667Z   ...
2026-10-08T18:38:40.6960897Z # Subtest: durable command output renders independent channels without executing markup or controls
2026-10-08T18:38:40.6961282Z ok 88 - durable command output renders independent channels without executing markup or controls
2026-10-08T18:38:40.6961509Z   ---
2026-10-08T18:38:40.6961598Z   duration_ms: 14.0618
2026-10-08T18:38:40.6961703Z   type: 'test'
2026-10-08T18:38:40.6961798Z   ...
2026-10-08T18:38:40.6962065Z # Subtest: output replay preserves fragmented Unicode and ignores only exact duplicate bytes
2026-10-08T18:38:40.6962600Z ok 89 - output replay preserves fragmented Unicode and ignores only exact duplicate bytes
2026-10-08T18:38:40.6962943Z   ---
2026-10-08T18:38:40.6963084Z   duration_ms: 11.3357
2026-10-08T18:38:40.6963259Z   type: 'test'
2026-10-08T18:38:40.6963403Z   ...
2026-10-08T18:38:40.6963704Z # Subtest: gaps, malformed bytes and capture overflow never invent output
2026-10-08T18:38:40.6964135Z ok 90 - gaps, malformed bytes and capture overflow never invent output
2026-10-08T18:38:40.6964458Z   ---
2026-10-08T18:38:40.6964599Z   duration_ms: 94.644
2026-10-08T18:38:40.6964766Z   type: 'test'
2026-10-08T18:38:40.6964909Z   ...
2026-10-08T18:38:40.6965271Z # Subtest: recorded output survives transcript refresh and clears on run or conversation change
2026-10-08T18:38:40.6965761Z ok 91 - recorded output survives transcript refresh and clears on run or conversation change
2026-10-08T18:38:40.6966140Z   ---
2026-10-08T18:38:40.6966230Z   duration_ms: 23.9089
2026-10-08T18:38:40.6966337Z   type: 'test'
2026-10-08T18:38:40.6966432Z   ...
2026-10-08T18:38:40.6966648Z # Subtest: the sidebar bounds command stream cards and leaves excess output in recorded activity
2026-10-08T18:38:40.6967292Z ok 92 - the sidebar bounds command stream cards and leaves excess output in recorded activity
2026-10-08T18:38:40.6967656Z   ---
2026-10-08T18:38:40.6967795Z   duration_ms: 32.1247
2026-10-08T18:38:40.6967955Z   type: 'test'
2026-10-08T18:38:40.6968095Z   ...
2026-10-08T18:38:40.6968343Z # Subtest: command approval reviews literal arguments before sending only a decision ID
2026-10-08T18:38:40.6968655Z ok 93 - command approval reviews literal arguments before sending only a decision ID
2026-10-08T18:38:40.6968920Z   ---
2026-10-08T18:38:40.6969351Z   duration_ms: 11.248
2026-10-08T18:38:40.6969617Z   type: 'test'
2026-10-08T18:38:40.6969779Z   ...
2026-10-08T18:38:40.6970157Z # Subtest: approval displays bound guidance hashes and rejects malformed source metadata
2026-10-08T18:38:40.6970721Z ok 94 - approval displays bound guidance hashes and rejects malformed source metadata
2026-10-08T18:38:40.6971071Z   ---
2026-10-08T18:38:40.6971229Z   duration_ms: 18.0073
2026-10-08T18:38:40.6971409Z   type: 'test'
2026-10-08T18:38:40.6971558Z   ...
2026-10-08T18:38:40.6971849Z # Subtest: malformed or expired command proposals cannot be allowed
2026-10-08T18:38:40.6972253Z ok 95 - malformed or expired command proposals cannot be allowed
2026-10-08T18:38:40.6972514Z   ---
2026-10-08T18:38:40.6972665Z   duration_ms: 12.2115
2026-10-08T18:38:40.6972843Z   type: 'test'
2026-10-08T18:38:40.6972998Z   ...
2026-10-08T18:38:40.6973385Z # Subtest: command results preserve separate escaped output, hex bytes and actual exit metrics
2026-10-08T18:38:40.6973982Z ok 96 - command results preserve separate escaped output, hex bytes and actual exit metrics
2026-10-08T18:38:40.6974329Z   ---
2026-10-08T18:38:40.6974482Z   duration_ms: 12.4624
2026-10-08T18:38:40.6974651Z   type: 'test'
2026-10-08T18:38:40.6974803Z   ...
2026-10-08T18:38:40.6975152Z # Subtest: uncertain commands remain blocked and malformed outcomes retain raw evidence
2026-10-08T18:38:40.6975715Z ok 97 - uncertain commands remain blocked and malformed outcomes retain raw evidence
2026-10-08T18:38:40.6976058Z   ---
2026-10-08T18:38:40.6976210Z   duration_ms: 13.3402
2026-10-08T18:38:40.6976384Z   type: 'test'
2026-10-08T18:38:40.6976537Z   ...
2026-10-08T18:38:40.6976905Z # Subtest: command output metrics require exact encoded retained bytes and safe drained counts
2026-10-08T18:38:40.6977502Z ok 98 - command output metrics require exact encoded retained bytes and safe drained counts
2026-10-08T18:38:40.6977867Z   ---
2026-10-08T18:38:40.6978013Z   duration_ms: 14.4764
2026-10-08T18:38:40.6978200Z   type: 'test'
2026-10-08T18:38:40.6978349Z   ...
2026-10-08T18:38:40.6978769Z # Subtest: new-file review distinguishes absence, previews exact content and never retries uncertainty
2026-10-08T18:38:40.6979433Z ok 99 - new-file review distinguishes absence, previews exact content and never retries uncertainty
2026-10-08T18:38:40.6979824Z   ---
2026-10-08T18:38:40.6979977Z   duration_ms: 14.0237
2026-10-08T18:38:40.6980170Z   type: 'test'
2026-10-08T18:38:40.6980332Z   ...
2026-10-08T18:38:40.6980740Z # Subtest: external MCP approval names the server and tool and uncertainty never offers replay
2026-10-08T18:38:40.6981348Z ok 100 - external MCP approval names the server and tool and uncertainty never offers replay
2026-10-08T18:38:40.6981710Z   ---
2026-10-08T18:38:40.6981858Z   duration_ms: 11.4525
2026-10-08T18:38:40.6982036Z   type: 'test'
2026-10-08T18:38:40.6982190Z   ...
2026-10-08T18:38:40.6982628Z # Subtest: run detail selector preserves conversation history and blocks submission while another run is active
2026-10-08T18:38:40.6983348Z ok 101 - run detail selector preserves conversation history and blocks submission while another run is active
2026-10-08T18:38:40.6983966Z   ---
2026-10-08T18:38:40.6984143Z   duration_ms: 12.5122
2026-10-08T18:38:40.6984323Z   type: 'test'
2026-10-08T18:38:40.6984473Z   ...
2026-10-08T18:38:40.6984867Z # Subtest: uncertain edit inspection renders escaped observations and never offers an effect approval
2026-10-08T18:38:40.6985234Z ok 102 - uncertain edit inspection renders escaped observations and never offers an effect approval
2026-10-08T18:38:40.6985456Z   ---
2026-10-08T18:38:40.6985551Z   duration_ms: 12.9445
2026-10-08T18:38:40.6985660Z   type: 'test'
2026-10-08T18:38:40.6985754Z   ...
2026-10-08T18:38:40.6985976Z # Subtest: durable response profile badges use recorded identities and reject malformed metadata
2026-10-08T18:38:40.6986320Z ok 103 - durable response profile badges use recorded identities and reject malformed metadata
2026-10-08T18:38:40.6986541Z   ---
2026-10-08T18:38:40.6986631Z   duration_ms: 15.1198
2026-10-08T18:38:40.6986740Z   type: 'test'
2026-10-08T18:38:40.6986836Z   ...
2026-10-08T18:38:40.6987046Z # Subtest: history renders Markdown/code, copies plain code and shows exact provider usage
2026-10-08T18:38:40.6987550Z ok 104 - history renders Markdown/code, copies plain code and shows exact provider usage
2026-10-08T18:38:40.6987851Z   ---
2026-10-08T18:38:40.6987946Z   duration_ms: 17.5107
2026-10-08T18:38:40.6988053Z   type: 'test'
2026-10-08T18:38:40.6988147Z   ...
2026-10-08T18:38:40.6988354Z # Subtest: unknown historical usage stays unavailable and malicious Markdown is sanitized
2026-10-08T18:38:40.6989053Z ok 105 - unknown historical usage stays unavailable and malicious Markdown is sanitized
2026-10-08T18:38:40.6989638Z   ---
2026-10-08T18:38:40.6989795Z   duration_ms: 14.0821
2026-10-08T18:38:40.6989967Z   type: 'test'
2026-10-08T18:38:40.6990115Z   ...
2026-10-08T18:38:40.6990500Z # Subtest: live token badges use model usage events and reset when the persisted transcript arrives
2026-10-08T18:38:40.6991112Z ok 106 - live token badges use model usage events and reset when the persisted transcript arrives
2026-10-08T18:38:40.6991489Z   ---
2026-10-08T18:38:40.6991635Z   duration_ms: 16.9958
2026-10-08T18:38:40.6991802Z   type: 'test'
2026-10-08T18:38:40.6991948Z   ...
2026-10-08T18:38:40.6992373Z # Subtest: tool-turn checkpoint starts a new live response and history refresh preserves its received prefix
2026-10-08T18:38:40.6993044Z ok 107 - tool-turn checkpoint starts a new live response and history refresh preserves its received prefix
2026-10-08T18:38:40.6993438Z   ---
2026-10-08T18:38:40.6993579Z   duration_ms: 14.7797
2026-10-08T18:38:40.6993744Z   type: 'test'
2026-10-08T18:38:40.6993887Z   ...
2026-10-08T18:38:40.6994253Z # Subtest: bottom model selector exposes only backend-advertised IDs and sends the selected ID
2026-10-08T18:38:40.6994823Z ok 108 - bottom model selector exposes only backend-advertised IDs and sends the selected ID
2026-10-08T18:38:40.6995182Z   ---
2026-10-08T18:38:40.6995330Z   duration_ms: 10.7741
2026-10-08T18:38:40.6995493Z   type: 'test'
2026-10-08T18:38:40.6995639Z   ...
2026-10-08T18:38:40.6996044Z # Subtest: provider cache/reasoning counts and backend first-token time render without derived estimates
2026-10-08T18:38:40.6996698Z ok 109 - provider cache/reasoning counts and backend first-token time render without derived estimates
2026-10-08T18:38:40.6997072Z   ---
2026-10-08T18:38:40.6997214Z   duration_ms: 9.9445
2026-10-08T18:38:40.6997381Z   type: 'test'
2026-10-08T18:38:40.6997523Z   ...
2026-10-08T18:38:40.6997929Z # Subtest: Claude usage events and persisted metadata keep uncached input, cache writes and reads distinct
2026-10-08T18:38:40.6998588Z ok 110 - Claude usage events and persisted metadata keep uncached input, cache writes and reads distinct
2026-10-08T18:38:40.6998986Z   ---
2026-10-08T18:38:40.6999124Z   duration_ms: 14.7083
2026-10-08T18:38:40.6999289Z   type: 'test'
2026-10-08T18:38:40.6999433Z   ...
2026-10-08T18:38:40.6999790Z # Subtest: zero Claude counters remain visible while absent input and output stay unavailable
2026-10-08T18:38:40.7000444Z ok 111 - zero Claude counters remain visible while absent input and output stay unavailable
2026-10-08T18:38:40.7000655Z   ---
2026-10-08T18:38:40.7000743Z   duration_ms: 18.0941
2026-10-08T18:38:40.7000923Z   type: 'test'
2026-10-08T18:38:40.7001016Z   ...
2026-10-08T18:38:40.7001200Z # Subtest: cache-write badges require supplied safe nonnegative integer counts
2026-10-08T18:38:40.7001484Z ok 112 - cache-write badges require supplied safe nonnegative integer counts
2026-10-08T18:38:40.7001665Z   ---
2026-10-08T18:38:40.7001750Z   duration_ms: 31.6916
2026-10-08T18:38:40.7001852Z   type: 'test'
2026-10-08T18:38:40.7001990Z   ...
2026-10-08T18:38:40.7002222Z # Subtest: common provider metrics keep their original label unless native usage marks uncached input
2026-10-08T18:38:40.7002593Z ok 113 - common provider metrics keep their original label unless native usage marks uncached input
2026-10-08T18:38:40.7002815Z   ---
2026-10-08T18:38:40.7002905Z   duration_ms: 14.2321
2026-10-08T18:38:40.7003007Z   type: 'test'
2026-10-08T18:38:40.7003101Z   ...
2026-10-08T18:38:40.7003323Z # Subtest: pending file comparison sends only an operation ID and remains separate from approval
2026-10-08T18:38:40.7003664Z ok 114 - pending file comparison sends only an operation ID and remains separate from approval
2026-10-08T18:38:40.7003873Z   ---
2026-10-08T18:38:40.7003963Z   duration_ms: 12.7326
2026-10-08T18:38:40.7004064Z   type: 'test'
2026-10-08T18:38:40.7004153Z   ...
2026-10-08T18:38:40.7004368Z # Subtest: top-right settings dialog clears key input and leaves model selection in the footer
2026-10-08T18:38:40.7004702Z ok 115 - top-right settings dialog clears key input and leaves model selection in the footer
2026-10-08T18:38:40.7004908Z   ---
2026-10-08T18:38:40.7004998Z   duration_ms: 11.9431
2026-10-08T18:38:40.7005101Z   type: 'test'
2026-10-08T18:38:40.7005195Z   ...
2026-10-08T18:38:40.7005452Z # Subtest: graph human form preserves a draft across checkpoints and sends raw input with the displayed revision
2026-10-08T18:38:40.7005853Z ok 116 - graph human form preserves a draft across checkpoints and sends raw input with the displayed revision
2026-10-08T18:38:40.7006090Z   ---
2026-10-08T18:38:40.7006183Z   duration_ms: 12.737
2026-10-08T18:38:40.7006288Z   type: 'test'
2026-10-08T18:38:40.7006380Z   ...
2026-10-08T18:38:40.7006641Z # Subtest: graph child responses retain actual supplied per-response metrics independently of the root transcript
2026-10-08T18:38:40.7007054Z ok 117 - graph child responses retain actual supplied per-response metrics independently of the root transcript
2026-10-08T18:38:40.7007300Z   ---
2026-10-08T18:38:40.7007391Z   duration_ms: 19.7863
2026-10-08T18:38:40.7007496Z   type: 'test'
2026-10-08T18:38:40.7007588Z   ...
2026-10-08T18:38:40.7007809Z # Subtest: footer workflow chooser enables a real advertised tool graph on a model-free backend
2026-10-08T18:38:40.7008151Z ok 118 - footer workflow chooser enables a real advertised tool graph on a model-free backend
2026-10-08T18:38:40.7008359Z   ---
2026-10-08T18:38:40.7008444Z   duration_ms: 9.6212
2026-10-08T18:38:40.7008547Z   type: 'test'
2026-10-08T18:38:40.7008640Z   ...
2026-10-08T18:38:40.7008879Z # Subtest: graph join summary keeps full observed outputs expandable without fabricated aggregate metrics
2026-10-08T18:38:40.7009647Z ok 119 - graph join summary keeps full observed outputs expandable without fabricated aggregate metrics
2026-10-08T18:38:40.7009983Z   ---
2026-10-08T18:38:40.7010108Z   duration_ms: 12.3082
2026-10-08T18:38:40.7010245Z   type: 'test'
2026-10-08T18:38:40.7010337Z   ...
2026-10-08T18:38:40.7213404Z 1..119
2026-10-08T18:38:40.7213566Z # tests 119
2026-10-08T18:38:40.7213712Z # suites 0
2026-10-08T18:38:40.7213843Z # pass 119
2026-10-08T18:38:40.7214509Z # fail 0
2026-10-08T18:38:40.7214738Z # cancelled 0
2026-10-08T18:38:40.7214990Z # skipped 0
2026-10-08T18:38:40.7224173Z # todo 0
2026-10-08T18:38:40.7224754Z # duration_ms 1811.9155
2026-10-08T18:38:40.7904455Z ##[group]Run node views/browser/build.mjs build/browser-assets
2026-10-08T18:38:40.7904749Z [36;1mnode views/browser/build.mjs build/browser-assets[0m
2026-10-08T18:38:40.7904946Z [36;1mif ($LASTEXITCODE -ne 0) { exit $LASTEXITCODE }[0m
2026-10-08T18:38:40.7905143Z [36;1m$env:XMIND_BROWSER_TEST_ASSETS='build/browser-assets'[0m
2026-10-08T18:38:40.7905392Z [36;1mnode --test views/browser/tests/*.cjs > build/ci-evidence/browser-controller.log[0m
2026-10-08T18:38:40.7905636Z [36;1mif ($LASTEXITCODE -ne 0) { exit $LASTEXITCODE }[0m
2026-10-08T18:38:40.7906078Z [36;1mnode views/browser/tests/native-contract.mjs build/native/Release/xmind_server.exe ../xlang3/build/Release/modules ../stdlib-source/Lib build/browser-assets > build/ci-evidence/browser-native.log[0m
2026-10-08T18:38:40.7906496Z [36;1mexit $LASTEXITCODE[0m
2026-10-08T18:38:40.7951218Z shell: C:\Program Files\PowerShell\7\pwsh.EXE -command ". '{0}'"
2026-10-08T18:38:40.7951426Z ##[endgroup]
2026-10-08T18:38:40.9962421Z Browser view assets built at D:\a\xMind\xMind\xmind\build\browser-assets
2026-10-08T18:38:42.7984065Z ##[group]Run npm run package -- --out ../../build/ci-evidence/xmind.vsix > ../../build/ci-evidence/browser-package.log
2026-10-08T18:38:42.7984796Z [36;1mnpm run package -- --out ../../build/ci-evidence/xmind.vsix > ../../build/ci-evidence/browser-package.log[0m
2026-10-08T18:38:42.7985482Z [36;1mif ($LASTEXITCODE -ne 0) { exit $LASTEXITCODE }[0m
2026-10-08T18:38:42.7986013Z [36;1m../../Tools/verify-browser-vsix.ps1 -Path ../../build/ci-evidence/xmind.vsix > ../../build/ci-evidence/browser-package-verification.log[0m
2026-10-08T18:38:42.8032172Z shell: C:\Program Files\PowerShell\7\pwsh.EXE -command ". '{0}'"
2026-10-08T18:38:42.8032367Z ##[endgroup]
2026-10-08T18:38:44.8350186Z ##[group]Run actions/upload-artifact@b7c566a772e6b6bfb58ed0dc250532a479d7789f
2026-10-08T18:38:44.8350434Z with:
2026-10-08T18:38:44.8350620Z   name: native-windows-evidence-2cd392f83f642ae5278e7d77fa55822258a8a126
2026-10-08T18:38:44.8350860Z   path: xmind/build/ci-evidence/
xmind/build/native/Testing/

2026-10-08T18:38:44.8351033Z   retention-days: 14
2026-10-08T18:38:44.8351146Z   if-no-files-found: warn
2026-10-08T18:38:44.8351262Z   compression-level: 6
2026-10-08T18:38:44.8351368Z   overwrite: false
2026-10-08T18:38:44.8351476Z   include-hidden-files: false
2026-10-08T18:38:44.8351596Z ##[endgroup]
2026-10-08T18:38:44.9551198Z Multiple search paths detected. Calculating the least common ancestor of all paths
2026-10-08T18:38:44.9552609Z The least common ancestor is D:\a\xMind\xMind\xmind\build. This will be the root directory of the artifact
2026-10-08T18:38:44.9553083Z With the provided path, there will be 18 files uploaded
2026-10-08T18:38:44.9555743Z Artifact name is valid!
2026-10-08T18:38:44.9556270Z Root directory input is valid!
2026-10-08T18:38:45.3119115Z Beginning upload of artifact content to blob storage
2026-10-08T18:38:45.8205326Z Uploaded bytes 186101
2026-10-08T18:38:45.8870675Z Finished uploading artifact content to blob storage!
2026-10-08T18:38:45.8871408Z SHA256 digest of uploaded artifact zip is 7b87e8d8490f7787111d39fd846c2cdba3382922f045c0a11d5e0bf0a5942e0b
2026-10-08T18:38:45.8872893Z Finalizing artifact upload
2026-10-08T18:38:46.2613212Z Artifact native-windows-evidence-2cd392f83f642ae5278e7d77fa55822258a8a126.zip successfully finalized. Artifact ID 11571550624
2026-10-08T18:38:46.2614170Z Artifact native-windows-evidence-2cd392f83f642ae5278e7d77fa55822258a8a126 has been successfully uploaded! Final size is 186101 bytes. Artifact ID is 11571550624
2026-10-08T18:38:46.2614976Z Artifact download URL: https://github.com/xlang-foundation/xMind/actions/runs/37824215372/artifacts/11571550624
2026-10-08T18:38:46.2828542Z ##[group]Run actions/upload-artifact@b7c566a772e6b6bfb58ed0dc250532a479d7789f
2026-10-08T18:38:46.2828801Z with:
2026-10-08T18:38:46.2828986Z   name: native-windows-runtime-2cd392f83f642ae5278e7d77fa55822258a8a126
2026-10-08T18:38:46.2829362Z   path: xmind/build/native-distribution/
2026-10-08T18:38:46.2829510Z   if-no-files-found: error
2026-10-08T18:38:46.2829632Z   retention-days: 14
2026-10-08T18:38:46.2829750Z   compression-level: 6
2026-10-08T18:38:46.2829861Z   overwrite: false
2026-10-08T18:38:46.2829973Z   include-hidden-files: false
2026-10-08T18:38:46.2830098Z ##[endgroup]
2026-10-08T18:38:46.4089231Z With the provided path, there will be 29 files uploaded
2026-10-08T18:38:46.4092606Z Artifact name is valid!
2026-10-08T18:38:46.4093150Z Root directory input is valid!
2026-10-08T18:38:46.7358994Z Beginning upload of artifact content to blob storage
2026-10-08T18:38:48.2888568Z Uploaded bytes 8388608
2026-10-08T18:38:48.3672771Z Uploaded bytes 9318186
2026-10-08T18:38:48.4284832Z Finished uploading artifact content to blob storage!
2026-10-08T18:38:48.4285804Z SHA256 digest of uploaded artifact zip is beffc59944ec52f265a09a2e4232c5a6d443647624b1fee61dbdcda6b9ce06eb
2026-10-08T18:38:48.4287301Z Finalizing artifact upload
2026-10-08T18:38:48.8162035Z Artifact native-windows-runtime-2cd392f83f642ae5278e7d77fa55822258a8a126.zip successfully finalized. Artifact ID 11571485806
2026-10-08T18:38:48.8162695Z Artifact native-windows-runtime-2cd392f83f642ae5278e7d77fa55822258a8a126 has been successfully uploaded! Final size is 9318186 bytes. Artifact ID is 11571485806
2026-10-08T18:38:48.8168551Z Artifact download URL: https://github.com/xlang-foundation/xMind/actions/runs/37824215372/artifacts/11571485806
2026-10-08T18:38:48.8425322Z Post job cleanup.
2026-10-08T18:38:48.9558246Z Post job cleanup.
2026-10-08T18:38:49.0600144Z [command]"C:\Program Files\Git\bin\git.exe" version
2026-10-08T18:38:49.0787367Z git version 2.55.0.windows.5
2026-10-08T18:38:49.0833404Z Temporarily overriding HOME='D:\a\_temp\a07e30fb-31c2-4fa4-85d3-276daed77a65' before making global git config changes
2026-10-08T18:38:49.0833834Z Adding repository directory to the temporary git global config as a safe directory
2026-10-08T18:38:49.0839583Z [command]"C:\Program Files\Git\bin\git.exe" config --global --add safe.directory D:\a\xMind\xMind\stdlib-source
2026-10-08T18:38:49.1023954Z Removing SSH command configuration
2026-10-08T18:38:49.1030026Z [command]"C:\Program Files\Git\bin\git.exe" config --local --name-only --get-regexp core\.sshCommand
2026-10-08T18:38:49.1212160Z [command]"C:\Program Files\Git\bin\git.exe" submodule foreach --recursive "sh -c \"git config --local --name-only --get-regexp 'core\.sshCommand' && git config --local --unset-all 'core.sshCommand' || :\""
2026-10-08T18:38:49.4538914Z Removing HTTP extra header
2026-10-08T18:38:49.4546069Z [command]"C:\Program Files\Git\bin\git.exe" config --local --name-only --get-regexp http\.https\:\/\/github\.com\/\.extraheader
2026-10-08T18:38:49.4742158Z [command]"C:\Program Files\Git\bin\git.exe" submodule foreach --recursive "sh -c \"git config --local --name-only --get-regexp 'http\.https\:\/\/github\.com\/\.extraheader' && git config --local --unset-all 'http.https://github.com/.extraheader' || :\""
2026-10-08T18:38:49.8307335Z Removing includeIf entries pointing to credentials config files
2026-10-08T18:38:49.8316206Z [command]"C:\Program Files\Git\bin\git.exe" config --local --name-only --get-regexp ^includeIf\.gitdir:
2026-10-08T18:38:49.8474953Z includeif.gitdir:D:/a/xMind/xMind/stdlib-source/.git.path
2026-10-08T18:38:49.8475357Z includeif.gitdir:D:/a/xMind/xMind/stdlib-source/.git/worktrees/*.path
2026-10-08T18:38:49.8499862Z [command]"C:\Program Files\Git\bin\git.exe" config --local --get-all includeif.gitdir:D:/a/xMind/xMind/stdlib-source/.git.path
2026-10-08T18:38:49.8655264Z D:\a\_temp\git-credentials-8429d667-ae74-42c4-adb4-136f83656460.config
2026-10-08T18:38:49.8682526Z [command]"C:\Program Files\Git\bin\git.exe" config --local --unset includeif.gitdir:D:/a/xMind/xMind/stdlib-source/.git.path D:\a\_temp\git-credentials-8429d667-ae74-42c4-adb4-136f83656460.config
2026-10-08T18:38:49.8879068Z [command]"C:\Program Files\Git\bin\git.exe" config --local --get-all includeif.gitdir:D:/a/xMind/xMind/stdlib-source/.git/worktrees/*.path
2026-10-08T18:38:49.9072654Z D:\a\_temp\git-credentials-8429d667-ae74-42c4-adb4-136f83656460.config
2026-10-08T18:38:49.9097966Z [command]"C:\Program Files\Git\bin\git.exe" config --local --unset includeif.gitdir:D:/a/xMind/xMind/stdlib-source/.git/worktrees/*.path D:\a\_temp\git-credentials-8429d667-ae74-42c4-adb4-136f83656460.config
2026-10-08T18:38:49.9317770Z [command]"C:\Program Files\Git\bin\git.exe" submodule foreach --recursive "git config --local --show-origin --name-only --get-regexp remote.origin.url"
2026-10-08T18:38:50.2670493Z Removing credentials config 'D:\a\_temp\git-credentials-8429d667-ae74-42c4-adb4-136f83656460.config'
2026-10-08T18:38:50.2899925Z Post job cleanup.
2026-10-08T18:38:50.3899551Z [command]"C:\Program Files\Git\bin\git.exe" version
2026-10-08T18:38:50.4074656Z git version 2.55.0.windows.5
2026-10-08T18:38:50.4115243Z Temporarily overriding HOME='D:\a\_temp\b83bfc5c-553c-4566-8196-03fa2bd15d07' before making global git config changes
2026-10-08T18:38:50.4116004Z Adding repository directory to the temporary git global config as a safe directory
2026-10-08T18:38:50.4121200Z [command]"C:\Program Files\Git\bin\git.exe" config --global --add safe.directory D:\a\xMind\xMind\xlang3
2026-10-08T18:38:50.4302463Z Removing SSH command configuration
2026-10-08T18:38:50.4308556Z [command]"C:\Program Files\Git\bin\git.exe" config --local --name-only --get-regexp core\.sshCommand
2026-10-08T18:38:50.4491564Z [command]"C:\Program Files\Git\bin\git.exe" submodule foreach --recursive "sh -c \"git config --local --name-only --get-regexp 'core\.sshCommand' && git config --local --unset-all 'core.sshCommand' || :\""
2026-10-08T18:38:50.8039734Z Removing HTTP extra header
2026-10-08T18:38:50.8046881Z [command]"C:\Program Files\Git\bin\git.exe" config --local --name-only --get-regexp http\.https\:\/\/github\.com\/\.extraheader
2026-10-08T18:38:50.8234706Z [command]"C:\Program Files\Git\bin\git.exe" submodule foreach --recursive "sh -c \"git config --local --name-only --get-regexp 'http\.https\:\/\/github\.com\/\.extraheader' && git config --local --unset-all 'http.https://github.com/.extraheader' || :\""
2026-10-08T18:38:51.1582738Z Removing includeIf entries pointing to credentials config files
2026-10-08T18:38:51.1592069Z [command]"C:\Program Files\Git\bin\git.exe" config --local --name-only --get-regexp ^includeIf\.gitdir:
2026-10-08T18:38:51.1752173Z includeif.gitdir:D:/a/xMind/xMind/xlang3/.git.path
2026-10-08T18:38:51.1752895Z includeif.gitdir:D:/a/xMind/xMind/xlang3/.git/worktrees/*.path
2026-10-08T18:38:51.1777494Z [command]"C:\Program Files\Git\bin\git.exe" config --local --get-all includeif.gitdir:D:/a/xMind/xMind/xlang3/.git.path
2026-10-08T18:38:51.1931505Z D:\a\_temp\git-credentials-cb55008f-96a6-476e-8e35-08e2c1713d61.config
2026-10-08T18:38:51.1956996Z [command]"C:\Program Files\Git\bin\git.exe" config --local --unset includeif.gitdir:D:/a/xMind/xMind/xlang3/.git.path D:\a\_temp\git-credentials-cb55008f-96a6-476e-8e35-08e2c1713d61.config
2026-10-08T18:38:51.2135420Z [command]"C:\Program Files\Git\bin\git.exe" config --local --get-all includeif.gitdir:D:/a/xMind/xMind/xlang3/.git/worktrees/*.path
2026-10-08T18:38:51.2289297Z D:\a\_temp\git-credentials-cb55008f-96a6-476e-8e35-08e2c1713d61.config
2026-10-08T18:38:51.2312417Z [command]"C:\Program Files\Git\bin\git.exe" config --local --unset includeif.gitdir:D:/a/xMind/xMind/xlang3/.git/worktrees/*.path D:\a\_temp\git-credentials-cb55008f-96a6-476e-8e35-08e2c1713d61.config
2026-10-08T18:38:51.2489754Z [command]"C:\Program Files\Git\bin\git.exe" submodule foreach --recursive "git config --local --show-origin --name-only --get-regexp remote.origin.url"
2026-10-08T18:38:51.5960961Z Removing credentials config 'D:\a\_temp\git-credentials-cb55008f-96a6-476e-8e35-08e2c1713d61.config'
2026-10-08T18:38:51.6189233Z Post job cleanup.
2026-10-08T18:38:51.7159428Z [command]"C:\Program Files\Git\bin\git.exe" version
2026-10-08T18:38:51.7338730Z git version 2.55.0.windows.5
2026-10-08T18:38:51.7385073Z Temporarily overriding HOME='D:\a\_temp\c93c8099-30ab-410a-a4f0-9417dc8e6147' before making global git config changes
2026-10-08T18:38:51.7385837Z Adding repository directory to the temporary git global config as a safe directory
2026-10-08T18:38:51.7391083Z [command]"C:\Program Files\Git\bin\git.exe" config --global --add safe.directory D:\a\xMind\xMind\xmind
2026-10-08T18:38:51.7575545Z Removing SSH command configuration
2026-10-08T18:38:51.7581713Z [command]"C:\Program Files\Git\bin\git.exe" config --local --name-only --get-regexp core\.sshCommand
2026-10-08T18:38:51.7768985Z [command]"C:\Program Files\Git\bin\git.exe" submodule foreach --recursive "sh -c \"git config --local --name-only --get-regexp 'core\.sshCommand' && git config --local --unset-all 'core.sshCommand' || :\""
2026-10-08T18:38:52.0912900Z Removing HTTP extra header
2026-10-08T18:38:52.0919937Z [command]"C:\Program Files\Git\bin\git.exe" config --local --name-only --get-regexp http\.https\:\/\/github\.com\/\.extraheader
2026-10-08T18:38:52.1105304Z [command]"C:\Program Files\Git\bin\git.exe" submodule foreach --recursive "sh -c \"git config --local --name-only --get-regexp 'http\.https\:\/\/github\.com\/\.extraheader' && git config --local --unset-all 'http.https://github.com/.extraheader' || :\""
2026-10-08T18:38:52.4390201Z Removing includeIf entries pointing to credentials config files
2026-10-08T18:38:52.4399614Z [command]"C:\Program Files\Git\bin\git.exe" config --local --name-only --get-regexp ^includeIf\.gitdir:
2026-10-08T18:38:52.4559451Z includeif.gitdir:D:/a/xMind/xMind/xmind/.git.path
2026-10-08T18:38:52.4559791Z includeif.gitdir:D:/a/xMind/xMind/xmind/.git/worktrees/*.path
2026-10-08T18:38:52.4584842Z [command]"C:\Program Files\Git\bin\git.exe" config --local --get-all includeif.gitdir:D:/a/xMind/xMind/xmind/.git.path
2026-10-08T18:38:52.4742153Z D:\a\_temp\git-credentials-f07c7da3-78bf-488f-a60f-6ca621747930.config
2026-10-08T18:38:52.4768459Z [command]"C:\Program Files\Git\bin\git.exe" config --local --unset includeif.gitdir:D:/a/xMind/xMind/xmind/.git.path D:\a\_temp\git-credentials-f07c7da3-78bf-488f-a60f-6ca621747930.config
2026-10-08T18:38:52.4950523Z [command]"C:\Program Files\Git\bin\git.exe" config --local --get-all includeif.gitdir:D:/a/xMind/xMind/xmind/.git/worktrees/*.path
2026-10-08T18:38:52.5103924Z D:\a\_temp\git-credentials-f07c7da3-78bf-488f-a60f-6ca621747930.config
2026-10-08T18:38:52.5129658Z [command]"C:\Program Files\Git\bin\git.exe" config --local --unset includeif.gitdir:D:/a/xMind/xMind/xmind/.git/worktrees/*.path D:\a\_temp\git-credentials-f07c7da3-78bf-488f-a60f-6ca621747930.config
2026-10-08T18:38:52.5316387Z [command]"C:\Program Files\Git\bin\git.exe" submodule foreach --recursive "git config --local --show-origin --name-only --get-regexp remote.origin.url"
2026-10-08T18:38:52.8923519Z Removing credentials config 'D:\a\_temp\git-credentials-f07c7da3-78bf-488f-a60f-6ca621747930.config'
2026-10-08T18:38:52.9072763Z Cleaning up orphan processes
2026-10-08T18:38:52.9388636Z Terminate orphan process: pid (6452) (vctip)
2026-10-08T18:38:52.9485038Z Terminate orphan process: pid (9720) (MSBuild)
2026-10-08T18:38:52.9522313Z Terminate orphan process: pid (9712) (conhost)
