2026-10-10T06:54:01.5189158Z Current runner version: '2.337.0'
2026-10-10T06:54:01.5216292Z ##[group]Runner Image Provisioner
2026-10-10T06:54:01.5217132Z Hosted Compute Agent
2026-10-10T06:54:01.5217673Z Version: 20260901.588
2026-10-10T06:54:01.5218308Z Commit: f88ec8081b781fac6c440065ac7ff9e710ce3d0b
2026-10-10T06:54:01.5219003Z Build Date: 2026-09-01T19:56:44Z
2026-10-10T06:54:01.5220217Z Worker ID: {f037b162-9874-413f-a2d3-46a3ecdbe58b}
2026-10-10T06:54:01.5220906Z Azure Region: westus
2026-10-10T06:54:01.5221418Z ##[endgroup]
2026-10-10T06:54:01.5222936Z ##[group]Operating System
2026-10-10T06:54:01.5223579Z Microsoft Windows Server 2025
2026-10-10T06:54:01.5224216Z 10.0.26100
2026-10-10T06:54:01.5224741Z Datacenter
2026-10-10T06:54:01.5225220Z ##[endgroup]
2026-10-10T06:54:01.5225728Z ##[group]Runner Image
2026-10-10T06:54:01.5226329Z Image: windows-2025-vs2026
2026-10-10T06:54:01.5226888Z Version: 20260925.250.1
2026-10-10T06:54:01.5228496Z Included Software: https://github.com/actions/runner-images/blob/win25-vs2026/20260925.250/images/windows/Windows2025-VS2026-Readme.md
2026-10-10T06:54:01.5230094Z Image Release: https://github.com/actions/runner-images/releases/tag/win25-vs2026%2F20260925.250
2026-10-10T06:54:01.5231051Z ##[endgroup]
2026-10-10T06:54:01.5232083Z ##[group]GITHUB_TOKEN Permissions
2026-10-10T06:54:01.5233929Z Contents: read
2026-10-10T06:54:01.5234517Z Metadata: read
2026-10-10T06:54:01.5235044Z ##[endgroup]
2026-10-10T06:54:01.5237249Z Secret source: Actions
2026-10-10T06:54:01.5238225Z Cache mode: write
2026-10-10T06:54:01.5239018Z Prepare workflow directory
2026-10-10T06:54:01.5738163Z Prepare all required actions
2026-10-10T06:54:01.5786971Z Getting action download info
2026-10-10T06:54:01.9185435Z Download action repository 'actions/checkout@d23441a48e516b6c34aea4fa41551a30e30af803' (SHA:d23441a48e516b6c34aea4fa41551a30e30af803)
2026-10-10T06:54:02.0526809Z Download action repository 'actions/setup-node@249970729cb0ef3589644e2896645e5dc5ba9c38' (SHA:249970729cb0ef3589644e2896645e5dc5ba9c38)
2026-10-10T06:54:02.2176414Z Download action repository 'actions/upload-artifact@b7c566a772e6b6bfb58ed0dc250532a479d7789f' (SHA:b7c566a772e6b6bfb58ed0dc250532a479d7789f)
2026-10-10T06:54:02.5697736Z Complete job name: contracts
2026-10-10T06:54:02.7269217Z ##[group]Run actions/checkout@d23441a48e516b6c34aea4fa41551a30e30af803
2026-10-10T06:54:02.7270612Z with:
2026-10-10T06:54:02.7271097Z   path: xmind
2026-10-10T06:54:02.7271613Z   persist-credentials: false
2026-10-10T06:54:02.7272238Z   repository: xlang-foundation/xMind
2026-10-10T06:54:02.7277511Z   token: ***
2026-10-10T06:54:02.7278006Z   ssh-strict: true
2026-10-10T06:54:02.7278506Z   ssh-user: git
2026-10-10T06:54:02.7279002Z   clean: true
2026-10-10T06:54:02.7279519Z   sparse-checkout-cone-mode: true
2026-10-10T06:54:02.7280142Z   fetch-depth: 1
2026-10-10T06:54:02.7280650Z   fetch-tags: false
2026-10-10T06:54:02.7281159Z   show-progress: true
2026-10-10T06:54:02.7281645Z   lfs: false
2026-10-10T06:54:02.7282051Z   submodules: false
2026-10-10T06:54:02.7282516Z   set-safe-directory: true
2026-10-10T06:54:02.7283025Z   allow-unsafe-pr-checkout: false
2026-10-10T06:54:02.7283767Z ##[endgroup]
2026-10-10T06:54:02.8921679Z Syncing repository: xlang-foundation/xMind
2026-10-10T06:54:02.8923503Z ##[group]Getting Git version info
2026-10-10T06:54:02.8924119Z Working directory is 'D:\a\xMind\xMind\xmind'
2026-10-10T06:54:02.9803678Z [command]"C:\Program Files\Git\bin\git.exe" version
2026-10-10T06:54:03.3189270Z git version 2.55.0.windows.5
2026-10-10T06:54:03.3252718Z ##[endgroup]
2026-10-10T06:54:03.3274250Z Temporarily overriding HOME='D:\a\_temp\cbe73308-d484-4787-a2ba-9512daecf819' before making global git config changes
2026-10-10T06:54:03.3277870Z Adding repository directory to the temporary git global config as a safe directory
2026-10-10T06:54:03.3287720Z [command]"C:\Program Files\Git\bin\git.exe" config --global --add safe.directory D:\a\xMind\xMind\xmind
2026-10-10T06:54:03.3891428Z ##[group]Determining repository object format
2026-10-10T06:54:03.3895660Z ##[endgroup]
2026-10-10T06:54:03.3897178Z ##[group]Initializing the repository
2026-10-10T06:54:03.3905756Z [command]"C:\Program Files\Git\bin\git.exe" init D:\a\xMind\xMind\xmind
2026-10-10T06:54:03.4718684Z Initialized empty Git repository in D:/a/xMind/xMind/xmind/.git/
2026-10-10T06:54:03.4774568Z [command]"C:\Program Files\Git\bin\git.exe" remote add origin https://github.com/xlang-foundation/xMind
2026-10-10T06:54:03.5405676Z ##[endgroup]
2026-10-10T06:54:03.5407519Z ##[group]Disabling automatic garbage collection
2026-10-10T06:54:03.5415450Z [command]"C:\Program Files\Git\bin\git.exe" config --local gc.auto 0
2026-10-10T06:54:03.5723050Z ##[endgroup]
2026-10-10T06:54:03.5726599Z ##[group]Setting up auth
2026-10-10T06:54:03.5729742Z Removing SSH command configuration
2026-10-10T06:54:03.5734456Z [command]"C:\Program Files\Git\bin\git.exe" config --local --name-only --get-regexp core\.sshCommand
2026-10-10T06:54:03.6090697Z [command]"C:\Program Files\Git\bin\git.exe" submodule foreach --recursive "sh -c \"git config --local --name-only --get-regexp 'core\.sshCommand' && git config --local --unset-all 'core.sshCommand' || :\""
2026-10-10T06:54:05.2129256Z Removing HTTP extra header
2026-10-10T06:54:05.2140089Z [command]"C:\Program Files\Git\bin\git.exe" config --local --name-only --get-regexp http\.https\:\/\/github\.com\/\.extraheader
2026-10-10T06:54:05.2445968Z [command]"C:\Program Files\Git\bin\git.exe" submodule foreach --recursive "sh -c \"git config --local --name-only --get-regexp 'http\.https\:\/\/github\.com\/\.extraheader' && git config --local --unset-all 'http.https://github.com/.extraheader' || :\""
2026-10-10T06:54:05.8820861Z Removing includeIf entries pointing to credentials config files
2026-10-10T06:54:05.8831850Z [command]"C:\Program Files\Git\bin\git.exe" config --local --name-only --get-regexp ^includeIf\.gitdir:
2026-10-10T06:54:05.9224279Z [command]"C:\Program Files\Git\bin\git.exe" submodule foreach --recursive "git config --local --show-origin --name-only --get-regexp remote.origin.url"
2026-10-10T06:54:06.6367464Z [command]"C:\Program Files\Git\bin\git.exe" config --file D:\a\_temp\git-credentials-deefceca-1b84-4af5-b0d2-f8eb44a2ad79.config http.https://github.com/.extraheader "AUTHORIZATION: basic ***"
2026-10-10T06:54:06.6685203Z [command]"C:\Program Files\Git\bin\git.exe" config --local includeIf.gitdir:D:/a/xMind/xMind/xmind/.git.path D:\a\_temp\git-credentials-deefceca-1b84-4af5-b0d2-f8eb44a2ad79.config
2026-10-10T06:54:06.6996393Z [command]"C:\Program Files\Git\bin\git.exe" config --local includeIf.gitdir:D:/a/xMind/xMind/xmind/.git/worktrees/*.path D:\a\_temp\git-credentials-deefceca-1b84-4af5-b0d2-f8eb44a2ad79.config
2026-10-10T06:54:06.7344840Z [command]"C:\Program Files\Git\bin\git.exe" config --local includeIf.gitdir:/github/workspace/xmind/.git.path /github/runner_temp/git-credentials-deefceca-1b84-4af5-b0d2-f8eb44a2ad79.config
2026-10-10T06:54:06.7643714Z [command]"C:\Program Files\Git\bin\git.exe" config --local includeIf.gitdir:/github/workspace/xmind/.git/worktrees/*.path /github/runner_temp/git-credentials-deefceca-1b84-4af5-b0d2-f8eb44a2ad79.config
2026-10-10T06:54:06.7941966Z ##[endgroup]
2026-10-10T06:54:06.7942779Z ##[group]Fetching the repository
2026-10-10T06:54:06.7956713Z [command]"C:\Program Files\Git\bin\git.exe" -c protocol.version=2 fetch --no-tags --prune --no-recurse-submodules --depth=1 origin +67082693786d0dc6181e1b717a260a02aa97bf20:refs/remotes/origin/checkpoint/native-persistence-m1
2026-10-10T06:54:11.5829443Z From https://github.com/xlang-foundation/xMind
2026-10-10T06:54:11.5830775Z  * [new ref]         67082693786d0dc6181e1b717a260a02aa97bf20 -> origin/checkpoint/native-persistence-m1
2026-10-10T06:54:11.5898562Z [command]"C:\Program Files\Git\bin\git.exe" branch --list --remote origin/checkpoint/native-persistence-m1
2026-10-10T06:54:11.6332810Z   origin/checkpoint/native-persistence-m1
2026-10-10T06:54:11.6383265Z [command]"C:\Program Files\Git\bin\git.exe" rev-parse refs/remotes/origin/checkpoint/native-persistence-m1
2026-10-10T06:54:11.6655436Z 67082693786d0dc6181e1b717a260a02aa97bf20
2026-10-10T06:54:11.6690467Z ##[endgroup]
2026-10-10T06:54:11.6690871Z ##[group]Determining the checkout info
2026-10-10T06:54:11.6692078Z ##[endgroup]
2026-10-10T06:54:11.6701009Z [command]"C:\Program Files\Git\bin\git.exe" sparse-checkout disable
2026-10-10T06:54:11.7131892Z [command]"C:\Program Files\Git\bin\git.exe" config --local --unset-all extensions.worktreeConfig
2026-10-10T06:54:11.7421387Z ##[group]Checking out the ref
2026-10-10T06:54:11.7430259Z [command]"C:\Program Files\Git\bin\git.exe" checkout --progress --force -B checkpoint/native-persistence-m1 refs/remotes/origin/checkpoint/native-persistence-m1
2026-10-10T06:54:12.9197497Z Updating files:  90% (3184/3531)
2026-10-10T06:54:12.9305276Z Updating files:  91% (3214/3531)
2026-10-10T06:54:12.9421113Z Updating files:  92% (3249/3531)
2026-10-10T06:54:12.9537927Z Updating files:  93% (3284/3531)
2026-10-10T06:54:12.9666072Z Updating files:  94% (3320/3531)
2026-10-10T06:54:12.9812432Z Updating files:  95% (3355/3531)
2026-10-10T06:54:12.9922308Z Updating files:  96% (3390/3531)
2026-10-10T06:54:13.0021541Z Updating files:  97% (3426/3531)
2026-10-10T06:54:13.0134134Z Updating files:  98% (3461/3531)
2026-10-10T06:54:13.0242273Z Updating files:  99% (3496/3531)
2026-10-10T06:54:13.0245538Z Updating files: 100% (3531/3531)
2026-10-10T06:54:13.0245992Z Updating files: 100% (3531/3531), done.
2026-10-10T06:54:13.0431269Z Switched to a new branch 'checkpoint/native-persistence-m1'
2026-10-10T06:54:13.0497443Z branch 'checkpoint/native-persistence-m1' set up to track 'origin/checkpoint/native-persistence-m1'.
2026-10-10T06:54:13.0579656Z ##[endgroup]
2026-10-10T06:54:13.1025862Z [command]"C:\Program Files\Git\bin\git.exe" log -1 --format=%H
2026-10-10T06:54:13.1312888Z 67082693786d0dc6181e1b717a260a02aa97bf20
2026-10-10T06:54:13.1360005Z ##[group]Removing auth
2026-10-10T06:54:13.1360350Z Removing SSH command configuration
2026-10-10T06:54:13.1369257Z [command]"C:\Program Files\Git\bin\git.exe" config --local --name-only --get-regexp core\.sshCommand
2026-10-10T06:54:13.1685903Z [command]"C:\Program Files\Git\bin\git.exe" submodule foreach --recursive "sh -c \"git config --local --name-only --get-regexp 'core\.sshCommand' && git config --local --unset-all 'core.sshCommand' || :\""
2026-10-10T06:54:13.7041466Z Removing HTTP extra header
2026-10-10T06:54:13.7051683Z [command]"C:\Program Files\Git\bin\git.exe" config --local --name-only --get-regexp http\.https\:\/\/github\.com\/\.extraheader
2026-10-10T06:54:13.7377645Z [command]"C:\Program Files\Git\bin\git.exe" submodule foreach --recursive "sh -c \"git config --local --name-only --get-regexp 'http\.https\:\/\/github\.com\/\.extraheader' && git config --local --unset-all 'http.https://github.com/.extraheader' || :\""
2026-10-10T06:54:14.3125193Z Removing includeIf entries pointing to credentials config files
2026-10-10T06:54:14.3134516Z [command]"C:\Program Files\Git\bin\git.exe" config --local --name-only --get-regexp ^includeIf\.gitdir:
2026-10-10T06:54:14.3404507Z includeif.gitdir:D:/a/xMind/xMind/xmind/.git.path
2026-10-10T06:54:14.3405422Z includeif.gitdir:D:/a/xMind/xMind/xmind/.git/worktrees/*.path
2026-10-10T06:54:14.3406259Z includeif.gitdir:/github/workspace/xmind/.git.path
2026-10-10T06:54:14.3407088Z includeif.gitdir:/github/workspace/xmind/.git/worktrees/*.path
2026-10-10T06:54:14.3452581Z [command]"C:\Program Files\Git\bin\git.exe" config --local --get-all includeif.gitdir:D:/a/xMind/xMind/xmind/.git.path
2026-10-10T06:54:14.3712404Z D:\a\_temp\git-credentials-deefceca-1b84-4af5-b0d2-f8eb44a2ad79.config
2026-10-10T06:54:14.3760260Z [command]"C:\Program Files\Git\bin\git.exe" config --local --unset includeif.gitdir:D:/a/xMind/xMind/xmind/.git.path D:\a\_temp\git-credentials-deefceca-1b84-4af5-b0d2-f8eb44a2ad79.config
2026-10-10T06:54:14.4073426Z [command]"C:\Program Files\Git\bin\git.exe" config --local --get-all includeif.gitdir:D:/a/xMind/xMind/xmind/.git/worktrees/*.path
2026-10-10T06:54:14.4335592Z D:\a\_temp\git-credentials-deefceca-1b84-4af5-b0d2-f8eb44a2ad79.config
2026-10-10T06:54:14.4386277Z [command]"C:\Program Files\Git\bin\git.exe" config --local --unset includeif.gitdir:D:/a/xMind/xMind/xmind/.git/worktrees/*.path D:\a\_temp\git-credentials-deefceca-1b84-4af5-b0d2-f8eb44a2ad79.config
2026-10-10T06:54:14.4690459Z [command]"C:\Program Files\Git\bin\git.exe" config --local --get-all includeif.gitdir:/github/workspace/xmind/.git.path
2026-10-10T06:54:14.4950780Z /github/runner_temp/git-credentials-deefceca-1b84-4af5-b0d2-f8eb44a2ad79.config
2026-10-10T06:54:14.4996580Z [command]"C:\Program Files\Git\bin\git.exe" config --local --unset includeif.gitdir:/github/workspace/xmind/.git.path /github/runner_temp/git-credentials-deefceca-1b84-4af5-b0d2-f8eb44a2ad79.config
2026-10-10T06:54:14.5305586Z [command]"C:\Program Files\Git\bin\git.exe" config --local --get-all includeif.gitdir:/github/workspace/xmind/.git/worktrees/*.path
2026-10-10T06:54:14.5569070Z /github/runner_temp/git-credentials-deefceca-1b84-4af5-b0d2-f8eb44a2ad79.config
2026-10-10T06:54:14.5608850Z [command]"C:\Program Files\Git\bin\git.exe" config --local --unset includeif.gitdir:/github/workspace/xmind/.git/worktrees/*.path /github/runner_temp/git-credentials-deefceca-1b84-4af5-b0d2-f8eb44a2ad79.config
2026-10-10T06:54:14.5910676Z [command]"C:\Program Files\Git\bin\git.exe" submodule foreach --recursive "git config --local --show-origin --name-only --get-regexp remote.origin.url"
2026-10-10T06:54:15.1363360Z Removing credentials config 'D:\a\_temp\git-credentials-deefceca-1b84-4af5-b0d2-f8eb44a2ad79.config'
2026-10-10T06:54:15.1375037Z ##[endgroup]
2026-10-10T06:54:15.1805286Z ##[group]Run actions/checkout@d23441a48e516b6c34aea4fa41551a30e30af803
2026-10-10T06:54:15.1805958Z with:
2026-10-10T06:54:15.1806328Z   repository: CantorAI/xlang3
2026-10-10T06:54:15.1806666Z   ref: 7b8b32ae3a0e6a99fac7babd97362736099448fb
2026-10-10T06:54:15.1806944Z   path: xlang3
2026-10-10T06:54:15.1807159Z   persist-credentials: false
2026-10-10T06:54:15.1809666Z   token: ***
2026-10-10T06:54:15.1809861Z   ssh-strict: true
2026-10-10T06:54:15.1810064Z   ssh-user: git
2026-10-10T06:54:15.1810246Z   clean: true
2026-10-10T06:54:15.1810443Z   sparse-checkout-cone-mode: true
2026-10-10T06:54:15.1810684Z   fetch-depth: 1
2026-10-10T06:54:15.1810867Z   fetch-tags: false
2026-10-10T06:54:15.1811059Z   show-progress: true
2026-10-10T06:54:15.1811251Z   lfs: false
2026-10-10T06:54:15.1811428Z   submodules: false
2026-10-10T06:54:15.1811621Z   set-safe-directory: true
2026-10-10T06:54:15.1811852Z   allow-unsafe-pr-checkout: false
2026-10-10T06:54:15.1812121Z ##[endgroup]
2026-10-10T06:54:15.2894247Z Syncing repository: CantorAI/xlang3
2026-10-10T06:54:15.2903127Z ##[group]Getting Git version info
2026-10-10T06:54:15.2904071Z Working directory is 'D:\a\xMind\xMind\xlang3'
2026-10-10T06:54:15.3715630Z [command]"C:\Program Files\Git\bin\git.exe" version
2026-10-10T06:54:15.4031816Z git version 2.55.0.windows.5
2026-10-10T06:54:15.4082549Z ##[endgroup]
2026-10-10T06:54:15.4100877Z Temporarily overriding HOME='D:\a\_temp\2b19081d-aa93-488f-9338-cca22966c2e0' before making global git config changes
2026-10-10T06:54:15.4102343Z Adding repository directory to the temporary git global config as a safe directory
2026-10-10T06:54:15.4112828Z [command]"C:\Program Files\Git\bin\git.exe" config --global --add safe.directory D:\a\xMind\xMind\xlang3
2026-10-10T06:54:15.4428954Z ##[group]Determining repository object format
2026-10-10T06:54:15.4432395Z ##[endgroup]
2026-10-10T06:54:15.4432772Z ##[group]Initializing the repository
2026-10-10T06:54:15.4442468Z [command]"C:\Program Files\Git\bin\git.exe" init D:\a\xMind\xMind\xlang3
2026-10-10T06:54:15.4785744Z Initialized empty Git repository in D:/a/xMind/xMind/xlang3/.git/
2026-10-10T06:54:15.4830323Z [command]"C:\Program Files\Git\bin\git.exe" remote add origin https://github.com/CantorAI/xlang3
2026-10-10T06:54:15.5141613Z ##[endgroup]
2026-10-10T06:54:15.5142336Z ##[group]Disabling automatic garbage collection
2026-10-10T06:54:15.5151596Z [command]"C:\Program Files\Git\bin\git.exe" config --local gc.auto 0
2026-10-10T06:54:15.5451431Z ##[endgroup]
2026-10-10T06:54:15.5451791Z ##[group]Setting up auth
2026-10-10T06:54:15.5453335Z Removing SSH command configuration
2026-10-10T06:54:15.5464523Z [command]"C:\Program Files\Git\bin\git.exe" config --local --name-only --get-regexp core\.sshCommand
2026-10-10T06:54:15.5761935Z [command]"C:\Program Files\Git\bin\git.exe" submodule foreach --recursive "sh -c \"git config --local --name-only --get-regexp 'core\.sshCommand' && git config --local --unset-all 'core.sshCommand' || :\""
2026-10-10T06:54:16.1364878Z Removing HTTP extra header
2026-10-10T06:54:16.1374292Z [command]"C:\Program Files\Git\bin\git.exe" config --local --name-only --get-regexp http\.https\:\/\/github\.com\/\.extraheader
2026-10-10T06:54:16.1675563Z [command]"C:\Program Files\Git\bin\git.exe" submodule foreach --recursive "sh -c \"git config --local --name-only --get-regexp 'http\.https\:\/\/github\.com\/\.extraheader' && git config --local --unset-all 'http.https://github.com/.extraheader' || :\""
2026-10-10T06:54:16.7472312Z Removing includeIf entries pointing to credentials config files
2026-10-10T06:54:16.7482805Z [command]"C:\Program Files\Git\bin\git.exe" config --local --name-only --get-regexp ^includeIf\.gitdir:
2026-10-10T06:54:16.7777766Z [command]"C:\Program Files\Git\bin\git.exe" submodule foreach --recursive "git config --local --show-origin --name-only --get-regexp remote.origin.url"
2026-10-10T06:54:17.3393301Z [command]"C:\Program Files\Git\bin\git.exe" config --file D:\a\_temp\git-credentials-c888709d-c2b8-4a5e-8b0f-d7328e1e0a7b.config http.https://github.com/.extraheader "AUTHORIZATION: basic ***"
2026-10-10T06:54:17.3686430Z [command]"C:\Program Files\Git\bin\git.exe" config --local includeIf.gitdir:D:/a/xMind/xMind/xlang3/.git.path D:\a\_temp\git-credentials-c888709d-c2b8-4a5e-8b0f-d7328e1e0a7b.config
2026-10-10T06:54:17.3975519Z [command]"C:\Program Files\Git\bin\git.exe" config --local includeIf.gitdir:D:/a/xMind/xMind/xlang3/.git/worktrees/*.path D:\a\_temp\git-credentials-c888709d-c2b8-4a5e-8b0f-d7328e1e0a7b.config
2026-10-10T06:54:17.4280105Z [command]"C:\Program Files\Git\bin\git.exe" config --local includeIf.gitdir:/github/workspace/xlang3/.git.path /github/runner_temp/git-credentials-c888709d-c2b8-4a5e-8b0f-d7328e1e0a7b.config
2026-10-10T06:54:17.4589788Z [command]"C:\Program Files\Git\bin\git.exe" config --local includeIf.gitdir:/github/workspace/xlang3/.git/worktrees/*.path /github/runner_temp/git-credentials-c888709d-c2b8-4a5e-8b0f-d7328e1e0a7b.config
2026-10-10T06:54:17.4881820Z ##[endgroup]
2026-10-10T06:54:17.4882199Z ##[group]Fetching the repository
2026-10-10T06:54:17.4895202Z [command]"C:\Program Files\Git\bin\git.exe" -c protocol.version=2 fetch --no-tags --prune --no-recurse-submodules --depth=1 origin 7b8b32ae3a0e6a99fac7babd97362736099448fb
2026-10-10T06:54:20.6101925Z From https://github.com/CantorAI/xlang3
2026-10-10T06:54:20.6102556Z  * branch            7b8b32ae3a0e6a99fac7babd97362736099448fb -> FETCH_HEAD
2026-10-10T06:54:20.6158766Z [command]"C:\Program Files\Git\bin\git.exe" rev-parse --verify --quiet 7b8b32ae3a0e6a99fac7babd97362736099448fb^{object}
2026-10-10T06:54:20.6432552Z 7b8b32ae3a0e6a99fac7babd97362736099448fb
2026-10-10T06:54:20.6466898Z ##[endgroup]
2026-10-10T06:54:20.6467778Z ##[group]Determining the checkout info
2026-10-10T06:54:20.6469370Z ##[endgroup]
2026-10-10T06:54:20.6478359Z [command]"C:\Program Files\Git\bin\git.exe" sparse-checkout disable
2026-10-10T06:54:20.6824268Z [command]"C:\Program Files\Git\bin\git.exe" config --local --unset-all extensions.worktreeConfig
2026-10-10T06:54:20.7114857Z ##[group]Checking out the ref
2026-10-10T06:54:20.7124872Z [command]"C:\Program Files\Git\bin\git.exe" checkout --progress --force 7b8b32ae3a0e6a99fac7babd97362736099448fb
2026-10-10T06:54:22.5729856Z Updating files:  51% (3038/5862)
2026-10-10T06:54:22.5998131Z Updating files:  52% (3049/5862)
2026-10-10T06:54:22.6184838Z Updating files:  53% (3107/5862)
2026-10-10T06:54:22.6387739Z Updating files:  54% (3166/5862)
2026-10-10T06:54:22.6551553Z Updating files:  55% (3225/5862)
2026-10-10T06:54:22.6769812Z Updating files:  56% (3283/5862)
2026-10-10T06:54:22.7546588Z Updating files:  57% (3342/5862)
2026-10-10T06:54:22.7565682Z Updating files:  57% (3393/5862)
2026-10-10T06:54:22.7728496Z Updating files:  58% (3400/5862)
2026-10-10T06:54:22.7848814Z Updating files:  59% (3459/5862)
2026-10-10T06:54:22.7971746Z Updating files:  60% (3518/5862)
2026-10-10T06:54:22.8091913Z Updating files:  61% (3576/5862)
2026-10-10T06:54:22.8233920Z Updating files:  62% (3635/5862)
2026-10-10T06:54:22.8345473Z Updating files:  63% (3694/5862)
2026-10-10T06:54:22.8461178Z Updating files:  64% (3752/5862)
2026-10-10T06:54:22.8580782Z Updating files:  65% (3811/5862)
2026-10-10T06:54:22.8704230Z Updating files:  66% (3869/5862)
2026-10-10T06:54:22.8820144Z Updating files:  67% (3928/5862)
2026-10-10T06:54:22.8939255Z Updating files:  68% (3987/5862)
2026-10-10T06:54:22.9072996Z Updating files:  69% (4045/5862)
2026-10-10T06:54:22.9191721Z Updating files:  70% (4104/5862)
2026-10-10T06:54:22.9311477Z Updating files:  71% (4163/5862)
2026-10-10T06:54:22.9425256Z Updating files:  72% (4221/5862)
2026-10-10T06:54:22.9538095Z Updating files:  73% (4280/5862)
2026-10-10T06:54:22.9653340Z Updating files:  74% (4338/5862)
2026-10-10T06:54:22.9783418Z Updating files:  75% (4397/5862)
2026-10-10T06:54:22.9893740Z Updating files:  76% (4456/5862)
2026-10-10T06:54:23.0014375Z Updating files:  77% (4514/5862)
2026-10-10T06:54:23.0128062Z Updating files:  78% (4573/5862)
2026-10-10T06:54:23.0238509Z Updating files:  79% (4631/5862)
2026-10-10T06:54:23.0354635Z Updating files:  80% (4690/5862)
2026-10-10T06:54:23.0457835Z Updating files:  81% (4749/5862)
2026-10-10T06:54:23.0573741Z Updating files:  82% (4807/5862)
2026-10-10T06:54:23.0706851Z Updating files:  83% (4866/5862)
2026-10-10T06:54:23.0830570Z Updating files:  84% (4925/5862)
2026-10-10T06:54:23.0933317Z Updating files:  85% (4983/5862)
2026-10-10T06:54:23.1037618Z Updating files:  86% (5042/5862)
2026-10-10T06:54:23.1155836Z Updating files:  87% (5100/5862)
2026-10-10T06:54:23.1292873Z Updating files:  88% (5159/5862)
2026-10-10T06:54:23.1475253Z Updating files:  89% (5218/5862)
2026-10-10T06:54:23.1645911Z Updating files:  90% (5276/5862)
2026-10-10T06:54:23.2429553Z Updating files:  91% (5335/5862)
2026-10-10T06:54:23.2582632Z Updating files:  92% (5394/5862)
2026-10-10T06:54:23.2719365Z Updating files:  93% (5452/5862)
2026-10-10T06:54:23.2871159Z Updating files:  94% (5511/5862)
2026-10-10T06:54:23.3020452Z Updating files:  95% (5569/5862)
2026-10-10T06:54:23.3284017Z Updating files:  96% (5628/5862)
2026-10-10T06:54:23.3450289Z Updating files:  97% (5687/5862)
2026-10-10T06:54:23.3645284Z Updating files:  98% (5745/5862)
2026-10-10T06:54:23.3865818Z Updating files:  99% (5804/5862)
2026-10-10T06:54:23.3866275Z Updating files: 100% (5862/5862)
2026-10-10T06:54:23.3866550Z Updating files: 100% (5862/5862), done.
2026-10-10T06:54:23.4054078Z Note: switching to '7b8b32ae3a0e6a99fac7babd97362736099448fb'.
2026-10-10T06:54:23.4054617Z 
2026-10-10T06:54:23.4054980Z You are in 'detached HEAD' state. You can look around, make experimental
2026-10-10T06:54:23.4055879Z changes and commit them, and you can discard any commits you make in this
2026-10-10T06:54:23.4057099Z state without impacting any branches by switching back to a branch.
2026-10-10T06:54:23.4057634Z 
2026-10-10T06:54:23.4057975Z If you want to create a new branch to retain commits you create, you may
2026-10-10T06:54:23.4058843Z do so (now or later) by using -c with the switch command. Example:
2026-10-10T06:54:23.4059322Z 
2026-10-10T06:54:23.4059521Z   git switch -c <new-branch-name>
2026-10-10T06:54:23.4059836Z 
2026-10-10T06:54:23.4059996Z Or undo this operation with:
2026-10-10T06:54:23.4060284Z 
2026-10-10T06:54:23.4060757Z   git switch -
2026-10-10T06:54:23.4060966Z 
2026-10-10T06:54:23.4061348Z Turn off this advice by setting config variable advice.detachedHead to false
2026-10-10T06:54:23.4061886Z 
2026-10-10T06:54:23.4062292Z HEAD is now at 7b8b32a Preserve UTF-8 working-directory and system path metadata
2026-10-10T06:54:23.4233824Z ##[endgroup]
2026-10-10T06:54:23.4557972Z [command]"C:\Program Files\Git\bin\git.exe" log -1 --format=%H
2026-10-10T06:54:23.4821813Z 7b8b32ae3a0e6a99fac7babd97362736099448fb
2026-10-10T06:54:23.4864751Z ##[group]Removing auth
2026-10-10T06:54:23.4865077Z Removing SSH command configuration
2026-10-10T06:54:23.4874313Z [command]"C:\Program Files\Git\bin\git.exe" config --local --name-only --get-regexp core\.sshCommand
2026-10-10T06:54:23.5179798Z [command]"C:\Program Files\Git\bin\git.exe" submodule foreach --recursive "sh -c \"git config --local --name-only --get-regexp 'core\.sshCommand' && git config --local --unset-all 'core.sshCommand' || :\""
2026-10-10T06:54:24.0879918Z Removing HTTP extra header
2026-10-10T06:54:24.0890911Z [command]"C:\Program Files\Git\bin\git.exe" config --local --name-only --get-regexp http\.https\:\/\/github\.com\/\.extraheader
2026-10-10T06:54:24.1196097Z [command]"C:\Program Files\Git\bin\git.exe" submodule foreach --recursive "sh -c \"git config --local --name-only --get-regexp 'http\.https\:\/\/github\.com\/\.extraheader' && git config --local --unset-all 'http.https://github.com/.extraheader' || :\""
2026-10-10T06:54:24.6575100Z Removing includeIf entries pointing to credentials config files
2026-10-10T06:54:24.6584774Z [command]"C:\Program Files\Git\bin\git.exe" config --local --name-only --get-regexp ^includeIf\.gitdir:
2026-10-10T06:54:24.6845258Z includeif.gitdir:D:/a/xMind/xMind/xlang3/.git.path
2026-10-10T06:54:24.6845934Z includeif.gitdir:D:/a/xMind/xMind/xlang3/.git/worktrees/*.path
2026-10-10T06:54:24.6846571Z includeif.gitdir:/github/workspace/xlang3/.git.path
2026-10-10T06:54:24.6847303Z includeif.gitdir:/github/workspace/xlang3/.git/worktrees/*.path
2026-10-10T06:54:24.6889877Z [command]"C:\Program Files\Git\bin\git.exe" config --local --get-all includeif.gitdir:D:/a/xMind/xMind/xlang3/.git.path
2026-10-10T06:54:24.7166123Z D:\a\_temp\git-credentials-c888709d-c2b8-4a5e-8b0f-d7328e1e0a7b.config
2026-10-10T06:54:24.7216785Z [command]"C:\Program Files\Git\bin\git.exe" config --local --unset includeif.gitdir:D:/a/xMind/xMind/xlang3/.git.path D:\a\_temp\git-credentials-c888709d-c2b8-4a5e-8b0f-d7328e1e0a7b.config
2026-10-10T06:54:24.7530221Z [command]"C:\Program Files\Git\bin\git.exe" config --local --get-all includeif.gitdir:D:/a/xMind/xMind/xlang3/.git/worktrees/*.path
2026-10-10T06:54:24.7791081Z D:\a\_temp\git-credentials-c888709d-c2b8-4a5e-8b0f-d7328e1e0a7b.config
2026-10-10T06:54:24.7833450Z [command]"C:\Program Files\Git\bin\git.exe" config --local --unset includeif.gitdir:D:/a/xMind/xMind/xlang3/.git/worktrees/*.path D:\a\_temp\git-credentials-c888709d-c2b8-4a5e-8b0f-d7328e1e0a7b.config
2026-10-10T06:54:24.8133808Z [command]"C:\Program Files\Git\bin\git.exe" config --local --get-all includeif.gitdir:/github/workspace/xlang3/.git.path
2026-10-10T06:54:24.8396759Z /github/runner_temp/git-credentials-c888709d-c2b8-4a5e-8b0f-d7328e1e0a7b.config
2026-10-10T06:54:24.8441363Z [command]"C:\Program Files\Git\bin\git.exe" config --local --unset includeif.gitdir:/github/workspace/xlang3/.git.path /github/runner_temp/git-credentials-c888709d-c2b8-4a5e-8b0f-d7328e1e0a7b.config
2026-10-10T06:54:24.8754491Z [command]"C:\Program Files\Git\bin\git.exe" config --local --get-all includeif.gitdir:/github/workspace/xlang3/.git/worktrees/*.path
2026-10-10T06:54:24.9013439Z /github/runner_temp/git-credentials-c888709d-c2b8-4a5e-8b0f-d7328e1e0a7b.config
2026-10-10T06:54:24.9053867Z [command]"C:\Program Files\Git\bin\git.exe" config --local --unset includeif.gitdir:/github/workspace/xlang3/.git/worktrees/*.path /github/runner_temp/git-credentials-c888709d-c2b8-4a5e-8b0f-d7328e1e0a7b.config
2026-10-10T06:54:24.9355022Z [command]"C:\Program Files\Git\bin\git.exe" submodule foreach --recursive "git config --local --show-origin --name-only --get-regexp remote.origin.url"
2026-10-10T06:54:25.4823308Z Removing credentials config 'D:\a\_temp\git-credentials-c888709d-c2b8-4a5e-8b0f-d7328e1e0a7b.config'
2026-10-10T06:54:25.4834192Z ##[endgroup]
2026-10-10T06:54:25.5203248Z ##[group]Run actions/checkout@d23441a48e516b6c34aea4fa41551a30e30af803
2026-10-10T06:54:25.5203717Z with:
2026-10-10T06:54:25.5203915Z   repository: python/cpython
2026-10-10T06:54:25.5204208Z   ref: ebf955df7a89ed0c7968f79faec1de49f61ed7cb
2026-10-10T06:54:25.5204520Z   path: stdlib-source
2026-10-10T06:54:25.5204744Z   sparse-checkout: Lib

2026-10-10T06:54:25.5204976Z   persist-credentials: false
2026-10-10T06:54:25.5208096Z   token: ***
2026-10-10T06:54:25.5208292Z   ssh-strict: true
2026-10-10T06:54:25.5208489Z   ssh-user: git
2026-10-10T06:54:25.5208674Z   clean: true
2026-10-10T06:54:25.5208878Z   sparse-checkout-cone-mode: true
2026-10-10T06:54:25.5209142Z   fetch-depth: 1
2026-10-10T06:54:25.5209350Z   fetch-tags: false
2026-10-10T06:54:25.5209560Z   show-progress: true
2026-10-10T06:54:25.5209773Z   lfs: false
2026-10-10T06:54:25.5209957Z   submodules: false
2026-10-10T06:54:25.5210171Z   set-safe-directory: true
2026-10-10T06:54:25.5210440Z   allow-unsafe-pr-checkout: false
2026-10-10T06:54:25.5210702Z ##[endgroup]
2026-10-10T06:54:25.6333720Z Syncing repository: python/cpython
2026-10-10T06:54:25.6343090Z ##[group]Getting Git version info
2026-10-10T06:54:25.6343673Z Working directory is 'D:\a\xMind\xMind\stdlib-source'
2026-10-10T06:54:25.7148843Z [command]"C:\Program Files\Git\bin\git.exe" version
2026-10-10T06:54:25.7419074Z git version 2.55.0.windows.5
2026-10-10T06:54:25.7466915Z ##[endgroup]
2026-10-10T06:54:25.7484542Z Temporarily overriding HOME='D:\a\_temp\64e7d0c3-14be-4a35-8bed-0bc0fbd8eda9' before making global git config changes
2026-10-10T06:54:25.7485442Z Adding repository directory to the temporary git global config as a safe directory
2026-10-10T06:54:25.7494822Z [command]"C:\Program Files\Git\bin\git.exe" config --global --add safe.directory D:\a\xMind\xMind\stdlib-source
2026-10-10T06:54:25.7779628Z ##[group]Determining repository object format
2026-10-10T06:54:25.7782726Z ##[endgroup]
2026-10-10T06:54:25.7783201Z ##[group]Initializing the repository
2026-10-10T06:54:25.7794081Z [command]"C:\Program Files\Git\bin\git.exe" init D:\a\xMind\xMind\stdlib-source
2026-10-10T06:54:25.8159835Z Initialized empty Git repository in D:/a/xMind/xMind/stdlib-source/.git/
2026-10-10T06:54:25.8205868Z [command]"C:\Program Files\Git\bin\git.exe" remote add origin https://github.com/python/cpython
2026-10-10T06:54:25.8521673Z ##[endgroup]
2026-10-10T06:54:25.8522134Z ##[group]Disabling automatic garbage collection
2026-10-10T06:54:25.8532723Z [command]"C:\Program Files\Git\bin\git.exe" config --local gc.auto 0
2026-10-10T06:54:25.8822982Z ##[endgroup]
2026-10-10T06:54:25.8823409Z ##[group]Setting up auth
2026-10-10T06:54:25.8825285Z Removing SSH command configuration
2026-10-10T06:54:25.8837096Z [command]"C:\Program Files\Git\bin\git.exe" config --local --name-only --get-regexp core\.sshCommand
2026-10-10T06:54:25.9136572Z [command]"C:\Program Files\Git\bin\git.exe" submodule foreach --recursive "sh -c \"git config --local --name-only --get-regexp 'core\.sshCommand' && git config --local --unset-all 'core.sshCommand' || :\""
2026-10-10T06:54:26.4805539Z Removing HTTP extra header
2026-10-10T06:54:26.4817956Z [command]"C:\Program Files\Git\bin\git.exe" config --local --name-only --get-regexp http\.https\:\/\/github\.com\/\.extraheader
2026-10-10T06:54:26.5114841Z [command]"C:\Program Files\Git\bin\git.exe" submodule foreach --recursive "sh -c \"git config --local --name-only --get-regexp 'http\.https\:\/\/github\.com\/\.extraheader' && git config --local --unset-all 'http.https://github.com/.extraheader' || :\""
2026-10-10T06:54:27.0889412Z Removing includeIf entries pointing to credentials config files
2026-10-10T06:54:27.0900648Z [command]"C:\Program Files\Git\bin\git.exe" config --local --name-only --get-regexp ^includeIf\.gitdir:
2026-10-10T06:54:27.1196750Z [command]"C:\Program Files\Git\bin\git.exe" submodule foreach --recursive "git config --local --show-origin --name-only --get-regexp remote.origin.url"
2026-10-10T06:54:27.6704756Z [command]"C:\Program Files\Git\bin\git.exe" config --file D:\a\_temp\git-credentials-fbb5a035-216c-4922-9e24-cc0bfd59ad18.config http.https://github.com/.extraheader "AUTHORIZATION: basic ***"
2026-10-10T06:54:27.7009785Z [command]"C:\Program Files\Git\bin\git.exe" config --local includeIf.gitdir:D:/a/xMind/xMind/stdlib-source/.git.path D:\a\_temp\git-credentials-fbb5a035-216c-4922-9e24-cc0bfd59ad18.config
2026-10-10T06:54:27.7299640Z [command]"C:\Program Files\Git\bin\git.exe" config --local includeIf.gitdir:D:/a/xMind/xMind/stdlib-source/.git/worktrees/*.path D:\a\_temp\git-credentials-fbb5a035-216c-4922-9e24-cc0bfd59ad18.config
2026-10-10T06:54:27.7612488Z [command]"C:\Program Files\Git\bin\git.exe" config --local includeIf.gitdir:/github/workspace/stdlib-source/.git.path /github/runner_temp/git-credentials-fbb5a035-216c-4922-9e24-cc0bfd59ad18.config
2026-10-10T06:54:27.7921193Z [command]"C:\Program Files\Git\bin\git.exe" config --local includeIf.gitdir:/github/workspace/stdlib-source/.git/worktrees/*.path /github/runner_temp/git-credentials-fbb5a035-216c-4922-9e24-cc0bfd59ad18.config
2026-10-10T06:54:27.8232185Z ##[endgroup]
2026-10-10T06:54:27.8232571Z ##[group]Fetching the repository
2026-10-10T06:54:27.8246747Z [command]"C:\Program Files\Git\bin\git.exe" -c protocol.version=2 fetch --no-tags --prune --no-recurse-submodules --filter=blob:none --depth=1 origin ebf955df7a89ed0c7968f79faec1de49f61ed7cb
2026-10-10T06:54:28.3160471Z From https://github.com/python/cpython
2026-10-10T06:54:28.3161150Z  * branch            ebf955df7a89ed0c7968f79faec1de49f61ed7cb -> FETCH_HEAD
2026-10-10T06:54:28.3214940Z [command]"C:\Program Files\Git\bin\git.exe" rev-parse --verify --quiet ebf955df7a89ed0c7968f79faec1de49f61ed7cb^{object}
2026-10-10T06:54:28.3479282Z ebf955df7a89ed0c7968f79faec1de49f61ed7cb
2026-10-10T06:54:28.3513454Z ##[endgroup]
2026-10-10T06:54:28.3514211Z ##[group]Determining the checkout info
2026-10-10T06:54:28.3515346Z ##[endgroup]
2026-10-10T06:54:28.3515974Z ##[group]Setting up sparse checkout
2026-10-10T06:54:28.3523982Z [command]"C:\Program Files\Git\bin\git.exe" sparse-checkout set Lib
2026-10-10T06:54:28.3858969Z ##[endgroup]
2026-10-10T06:54:28.3859330Z ##[group]Checking out the ref
2026-10-10T06:54:28.3867300Z [command]"C:\Program Files\Git\bin\git.exe" checkout --progress --force ebf955df7a89ed0c7968f79faec1de49f61ed7cb
2026-10-10T06:54:32.4711143Z Updating files:   0% (1/2406)
2026-10-10T06:54:32.4801355Z Updating files:   1% (25/2406)
2026-10-10T06:54:32.4876667Z Updating files:   2% (49/2406)
2026-10-10T06:54:32.4948460Z Updating files:   3% (73/2406)
2026-10-10T06:54:32.5021064Z Updating files:   4% (97/2406)
2026-10-10T06:54:32.5093634Z Updating files:   5% (121/2406)
2026-10-10T06:54:32.5177173Z Updating files:   6% (145/2406)
2026-10-10T06:54:32.5256507Z Updating files:   7% (169/2406)
2026-10-10T06:54:32.5329046Z Updating files:   8% (193/2406)
2026-10-10T06:54:32.5403191Z Updating files:   9% (217/2406)
2026-10-10T06:54:32.5460366Z Updating files:  10% (241/2406)
2026-10-10T06:54:32.5526903Z Updating files:  11% (265/2406)
2026-10-10T06:54:32.5592359Z Updating files:  12% (289/2406)
2026-10-10T06:54:32.5735702Z Updating files:  13% (313/2406)
2026-10-10T06:54:32.5832333Z Updating files:  14% (337/2406)
2026-10-10T06:54:32.5897715Z Updating files:  15% (361/2406)
2026-10-10T06:54:32.5980026Z Updating files:  16% (385/2406)
2026-10-10T06:54:32.6044378Z Updating files:  17% (410/2406)
2026-10-10T06:54:32.6108016Z Updating files:  18% (434/2406)
2026-10-10T06:54:32.6175457Z Updating files:  19% (458/2406)
2026-10-10T06:54:32.6249708Z Updating files:  20% (482/2406)
2026-10-10T06:54:32.6325015Z Updating files:  21% (506/2406)
2026-10-10T06:54:32.6422808Z Updating files:  22% (530/2406)
2026-10-10T06:54:32.6494720Z Updating files:  23% (554/2406)
2026-10-10T06:54:32.6604204Z Updating files:  24% (578/2406)
2026-10-10T06:54:32.6711948Z Updating files:  25% (602/2406)
2026-10-10T06:54:32.6799294Z Updating files:  26% (626/2406)
2026-10-10T06:54:32.6882629Z Updating files:  27% (650/2406)
2026-10-10T06:54:32.6951041Z Updating files:  28% (674/2406)
2026-10-10T06:54:32.7003036Z Updating files:  29% (698/2406)
2026-10-10T06:54:32.7058203Z Updating files:  30% (722/2406)
2026-10-10T06:54:32.7182357Z Updating files:  31% (746/2406)
2026-10-10T06:54:32.7270531Z Updating files:  32% (770/2406)
2026-10-10T06:54:32.7359655Z Updating files:  33% (794/2406)
2026-10-10T06:54:32.7426947Z Updating files:  34% (819/2406)
2026-10-10T06:54:32.7489112Z Updating files:  35% (843/2406)
2026-10-10T06:54:32.7581031Z Updating files:  36% (867/2406)
2026-10-10T06:54:32.7662759Z Updating files:  37% (891/2406)
2026-10-10T06:54:32.7742189Z Updating files:  38% (915/2406)
2026-10-10T06:54:32.7821714Z Updating files:  39% (939/2406)
2026-10-10T06:54:32.7897498Z Updating files:  40% (963/2406)
2026-10-10T06:54:32.7967116Z Updating files:  41% (987/2406)
2026-10-10T06:54:32.8037076Z Updating files:  42% (1011/2406)
2026-10-10T06:54:32.8132866Z Updating files:  43% (1035/2406)
2026-10-10T06:54:32.8223069Z Updating files:  44% (1059/2406)
2026-10-10T06:54:32.8323859Z Updating files:  45% (1083/2406)
2026-10-10T06:54:32.8391144Z Updating files:  46% (1107/2406)
2026-10-10T06:54:32.8481003Z Updating files:  47% (1131/2406)
2026-10-10T06:54:32.8566770Z Updating files:  48% (1155/2406)
2026-10-10T06:54:32.8644792Z Updating files:  49% (1179/2406)
2026-10-10T06:54:32.8709655Z Updating files:  50% (1203/2406)
2026-10-10T06:54:32.8769091Z Updating files:  51% (1228/2406)
2026-10-10T06:54:32.8839740Z Updating files:  52% (1252/2406)
2026-10-10T06:54:32.8935966Z Updating files:  53% (1276/2406)
2026-10-10T06:54:32.8997180Z Updating files:  54% (1300/2406)
2026-10-10T06:54:32.9048491Z Updating files:  55% (1324/2406)
2026-10-10T06:54:32.9099639Z Updating files:  56% (1348/2406)
2026-10-10T06:54:32.9184888Z Updating files:  57% (1372/2406)
2026-10-10T06:54:32.9271863Z Updating files:  58% (1396/2406)
2026-10-10T06:54:32.9344563Z Updating files:  59% (1420/2406)
2026-10-10T06:54:32.9428907Z Updating files:  60% (1444/2406)
2026-10-10T06:54:32.9510603Z Updating files:  61% (1468/2406)
2026-10-10T06:54:32.9593553Z Updating files:  62% (1492/2406)
2026-10-10T06:54:32.9651503Z Updating files:  63% (1516/2406)
2026-10-10T06:54:32.9712320Z Updating files:  64% (1540/2406)
2026-10-10T06:54:32.9780767Z Updating files:  65% (1564/2406)
2026-10-10T06:54:32.9853996Z Updating files:  66% (1588/2406)
2026-10-10T06:54:32.9923019Z Updating files:  67% (1613/2406)
2026-10-10T06:54:33.0029344Z Updating files:  68% (1637/2406)
2026-10-10T06:54:33.0089602Z Updating files:  69% (1661/2406)
2026-10-10T06:54:33.0199726Z Updating files:  70% (1685/2406)
2026-10-10T06:54:33.0259312Z Updating files:  71% (1709/2406)
2026-10-10T06:54:33.0362231Z Updating files:  72% (1733/2406)
2026-10-10T06:54:33.0441567Z Updating files:  73% (1757/2406)
2026-10-10T06:54:33.0511261Z Updating files:  74% (1781/2406)
2026-10-10T06:54:33.0604890Z Updating files:  75% (1805/2406)
2026-10-10T06:54:33.0704472Z Updating files:  76% (1829/2406)
2026-10-10T06:54:33.0799571Z Updating files:  77% (1853/2406)
2026-10-10T06:54:33.0918547Z Updating files:  78% (1877/2406)
2026-10-10T06:54:33.0993051Z Updating files:  79% (1901/2406)
2026-10-10T06:54:33.1045055Z Updating files:  80% (1925/2406)
2026-10-10T06:54:33.1094601Z Updating files:  81% (1949/2406)
2026-10-10T06:54:33.1141488Z Updating files:  82% (1973/2406)
2026-10-10T06:54:33.1198032Z Updating files:  83% (1997/2406)
2026-10-10T06:54:33.1287363Z Updating files:  84% (2022/2406)
2026-10-10T06:54:33.1376094Z Updating files:  85% (2046/2406)
2026-10-10T06:54:33.1457018Z Updating files:  86% (2070/2406)
2026-10-10T06:54:33.1542449Z Updating files:  87% (2094/2406)
2026-10-10T06:54:33.1622322Z Updating files:  88% (2118/2406)
2026-10-10T06:54:33.1703892Z Updating files:  89% (2142/2406)
2026-10-10T06:54:33.1756818Z Updating files:  90% (2166/2406)
2026-10-10T06:54:33.1862778Z Updating files:  91% (2190/2406)
2026-10-10T06:54:33.1905031Z Updating files:  92% (2214/2406)
2026-10-10T06:54:33.1950864Z Updating files:  93% (2238/2406)
2026-10-10T06:54:33.2073361Z Updating files:  94% (2262/2406)
2026-10-10T06:54:33.2149050Z Updating files:  95% (2286/2406)
2026-10-10T06:54:33.2223528Z Updating files:  96% (2310/2406)
2026-10-10T06:54:33.2303340Z Updating files:  97% (2334/2406)
2026-10-10T06:54:33.2378902Z Updating files:  98% (2358/2406)
2026-10-10T06:54:33.2552219Z Updating files:  99% (2382/2406)
2026-10-10T06:54:33.2552736Z Updating files: 100% (2406/2406)
2026-10-10T06:54:33.2553315Z Updating files: 100% (2406/2406), done.
2026-10-10T06:54:33.2700905Z Note: switching to 'ebf955df7a89ed0c7968f79faec1de49f61ed7cb'.
2026-10-10T06:54:33.2701461Z 
2026-10-10T06:54:33.2701840Z You are in 'detached HEAD' state. You can look around, make experimental
2026-10-10T06:54:33.2703054Z changes and commit them, and you can discard any commits you make in this
2026-10-10T06:54:33.2703942Z state without impacting any branches by switching back to a branch.
2026-10-10T06:54:33.2704458Z 
2026-10-10T06:54:33.2704788Z If you want to create a new branch to retain commits you create, you may
2026-10-10T06:54:33.2705614Z do so (now or later) by using -c with the switch command. Example:
2026-10-10T06:54:33.2706090Z 
2026-10-10T06:54:33.2706271Z   git switch -c <new-branch-name>
2026-10-10T06:54:33.2706591Z 
2026-10-10T06:54:33.2706762Z Or undo this operation with:
2026-10-10T06:54:33.2707035Z 
2026-10-10T06:54:33.2707182Z   git switch -
2026-10-10T06:54:33.2707393Z 
2026-10-10T06:54:33.2707780Z Turn off this advice by setting config variable advice.detachedHead to false
2026-10-10T06:54:33.2708351Z 
2026-10-10T06:54:33.2708527Z HEAD is now at ebf955d Python 3.14.0
2026-10-10T06:54:33.2788691Z ##[endgroup]
2026-10-10T06:54:33.3123167Z [command]"C:\Program Files\Git\bin\git.exe" log -1 --format=%H
2026-10-10T06:54:33.3400860Z ebf955df7a89ed0c7968f79faec1de49f61ed7cb
2026-10-10T06:54:33.3443224Z ##[group]Removing auth
2026-10-10T06:54:33.3443654Z Removing SSH command configuration
2026-10-10T06:54:33.3452067Z [command]"C:\Program Files\Git\bin\git.exe" config --local --name-only --get-regexp core\.sshCommand
2026-10-10T06:54:33.3770567Z [command]"C:\Program Files\Git\bin\git.exe" submodule foreach --recursive "sh -c \"git config --local --name-only --get-regexp 'core\.sshCommand' && git config --local --unset-all 'core.sshCommand' || :\""
2026-10-10T06:54:33.9252985Z Removing HTTP extra header
2026-10-10T06:54:33.9262054Z [command]"C:\Program Files\Git\bin\git.exe" config --local --name-only --get-regexp http\.https\:\/\/github\.com\/\.extraheader
2026-10-10T06:54:33.9566472Z [command]"C:\Program Files\Git\bin\git.exe" submodule foreach --recursive "sh -c \"git config --local --name-only --get-regexp 'http\.https\:\/\/github\.com\/\.extraheader' && git config --local --unset-all 'http.https://github.com/.extraheader' || :\""
2026-10-10T06:54:34.5128775Z Removing includeIf entries pointing to credentials config files
2026-10-10T06:54:34.5137864Z [command]"C:\Program Files\Git\bin\git.exe" config --local --name-only --get-regexp ^includeIf\.gitdir:
2026-10-10T06:54:34.5401154Z includeif.gitdir:D:/a/xMind/xMind/stdlib-source/.git.path
2026-10-10T06:54:34.5401760Z includeif.gitdir:D:/a/xMind/xMind/stdlib-source/.git/worktrees/*.path
2026-10-10T06:54:34.5402230Z includeif.gitdir:/github/workspace/stdlib-source/.git.path
2026-10-10T06:54:34.5402787Z includeif.gitdir:/github/workspace/stdlib-source/.git/worktrees/*.path
2026-10-10T06:54:34.5451600Z [command]"C:\Program Files\Git\bin\git.exe" config --local --get-all includeif.gitdir:D:/a/xMind/xMind/stdlib-source/.git.path
2026-10-10T06:54:34.5712034Z D:\a\_temp\git-credentials-fbb5a035-216c-4922-9e24-cc0bfd59ad18.config
2026-10-10T06:54:34.5755131Z [command]"C:\Program Files\Git\bin\git.exe" config --local --unset includeif.gitdir:D:/a/xMind/xMind/stdlib-source/.git.path D:\a\_temp\git-credentials-fbb5a035-216c-4922-9e24-cc0bfd59ad18.config
2026-10-10T06:54:34.6066714Z [command]"C:\Program Files\Git\bin\git.exe" config --local --get-all includeif.gitdir:D:/a/xMind/xMind/stdlib-source/.git/worktrees/*.path
2026-10-10T06:54:34.6369503Z D:\a\_temp\git-credentials-fbb5a035-216c-4922-9e24-cc0bfd59ad18.config
2026-10-10T06:54:34.6425376Z [command]"C:\Program Files\Git\bin\git.exe" config --local --unset includeif.gitdir:D:/a/xMind/xMind/stdlib-source/.git/worktrees/*.path D:\a\_temp\git-credentials-fbb5a035-216c-4922-9e24-cc0bfd59ad18.config
2026-10-10T06:54:34.6738850Z [command]"C:\Program Files\Git\bin\git.exe" config --local --get-all includeif.gitdir:/github/workspace/stdlib-source/.git.path
2026-10-10T06:54:34.7001206Z /github/runner_temp/git-credentials-fbb5a035-216c-4922-9e24-cc0bfd59ad18.config
2026-10-10T06:54:34.7043257Z [command]"C:\Program Files\Git\bin\git.exe" config --local --unset includeif.gitdir:/github/workspace/stdlib-source/.git.path /github/runner_temp/git-credentials-fbb5a035-216c-4922-9e24-cc0bfd59ad18.config
2026-10-10T06:54:34.7356365Z [command]"C:\Program Files\Git\bin\git.exe" config --local --get-all includeif.gitdir:/github/workspace/stdlib-source/.git/worktrees/*.path
2026-10-10T06:54:34.7624529Z /github/runner_temp/git-credentials-fbb5a035-216c-4922-9e24-cc0bfd59ad18.config
2026-10-10T06:54:34.7668166Z [command]"C:\Program Files\Git\bin\git.exe" config --local --unset includeif.gitdir:/github/workspace/stdlib-source/.git/worktrees/*.path /github/runner_temp/git-credentials-fbb5a035-216c-4922-9e24-cc0bfd59ad18.config
2026-10-10T06:54:34.7982134Z [command]"C:\Program Files\Git\bin\git.exe" submodule foreach --recursive "git config --local --show-origin --name-only --get-regexp remote.origin.url"
2026-10-10T06:54:35.3406451Z Removing credentials config 'D:\a\_temp\git-credentials-fbb5a035-216c-4922-9e24-cc0bfd59ad18.config'
2026-10-10T06:54:35.3418285Z ##[endgroup]
2026-10-10T06:54:35.3764038Z ##[group]Run actions/setup-node@249970729cb0ef3589644e2896645e5dc5ba9c38
2026-10-10T06:54:35.3764519Z with:
2026-10-10T06:54:35.3764703Z   node-version: 22
2026-10-10T06:54:35.3764909Z   check-latest: false
2026-10-10T06:54:35.3767616Z   token: ***
2026-10-10T06:54:35.3767827Z   package-manager-cache: true
2026-10-10T06:54:35.3768081Z ##[endgroup]
2026-10-10T06:54:35.5583823Z Found in cache @ C:\hostedtoolcache\windows\node\22.23.3\x64
2026-10-10T06:54:35.5589925Z ##[group]Environment details
2026-10-10T06:54:39.9315354Z node: v22.23.3
2026-10-10T06:54:39.9315627Z npm: 10.9.9
2026-10-10T06:54:39.9315814Z yarn: 1.22.22
2026-10-10T06:54:39.9316310Z ##[endgroup]
2026-10-10T06:54:39.9611653Z ##[group]Run ./xmind/Tools/ci-native.ps1 -RuntimeSource ./xlang3 -StdlibSource ./stdlib-source/Lib
2026-10-10T06:54:39.9612604Z [36;1m./xmind/Tools/ci-native.ps1 -RuntimeSource ./xlang3 -StdlibSource ./stdlib-source/Lib[0m
2026-10-10T06:54:40.0234743Z shell: C:\Program Files\PowerShell\7\pwsh.EXE -command ". '{0}'"
2026-10-10T06:54:40.0235357Z ##[endgroup]
2026-10-10T06:54:50.9710442Z -- The C compiler identification is MSVC 19.51.36260.0
2026-10-10T06:54:52.2934755Z -- The CXX compiler identification is MSVC 19.51.36260.0
2026-10-10T06:54:52.4158175Z -- Detecting C compiler ABI info
2026-10-10T06:54:53.4559470Z -- Detecting C compiler ABI info - done
2026-10-10T06:54:53.4858242Z -- Check for working C compiler: C:/Program Files/Microsoft Visual Studio/18/Enterprise/VC/Tools/MSVC/14.51.36231/bin/Hostx64/x64/cl.exe - skipped
2026-10-10T06:54:53.4873348Z -- Detecting C compile features
2026-10-10T06:54:53.4916795Z -- Detecting C compile features - done
2026-10-10T06:54:53.5560279Z -- Detecting CXX compiler ABI info
2026-10-10T06:54:54.2559426Z -- Detecting CXX compiler ABI info - done
2026-10-10T06:54:54.2792149Z -- Check for working CXX compiler: C:/Program Files/Microsoft Visual Studio/18/Enterprise/VC/Tools/MSVC/14.51.36231/bin/Hostx64/x64/cl.exe - skipped
2026-10-10T06:54:54.2797166Z -- Detecting CXX compile features
2026-10-10T06:54:54.2813195Z -- Detecting CXX compile features - done
2026-10-10T06:54:54.4975177Z -- Looking for sys/types.h
2026-10-10T06:54:55.3708312Z -- Looking for sys/types.h - found
2026-10-10T06:54:55.3709556Z -- Looking for stdint.h
2026-10-10T06:54:56.0546016Z -- Looking for stdint.h - found
2026-10-10T06:54:56.0548748Z -- Looking for stddef.h
2026-10-10T06:54:56.7335365Z -- Looking for stddef.h - found
2026-10-10T06:54:56.7336495Z -- Check size of off64_t
2026-10-10T06:54:57.6420443Z -- Check size of off64_t - failed
2026-10-10T06:54:57.6421024Z -- Looking for fseeko
2026-10-10T06:54:58.3020268Z -- Looking for fseeko - not found
2026-10-10T06:54:58.3021130Z -- Looking for stdarg.h
2026-10-10T06:54:58.9799601Z -- Looking for stdarg.h - found
2026-10-10T06:54:58.9800346Z -- Looking for unistd.h
2026-10-10T06:54:59.6946828Z -- Looking for unistd.h - not found
2026-10-10T06:54:59.6948751Z -- Performing Test HAVE___ATTR__VIS_HIDDEN
2026-10-10T06:55:00.2420999Z -- Performing Test HAVE___ATTR__VIS_HIDDEN - Failed
2026-10-10T06:55:00.4282233Z -- The ASM_MASM compiler identification is MSVC
2026-10-10T06:55:00.4333822Z -- Found assembler: C:/Program Files/Microsoft Visual Studio/18/Enterprise/VC/Tools/MSVC/14.51.36231/bin/Hostx64/x64/ml64.exe
2026-10-10T06:55:00.4886245Z -- Performing Test CMAKE_HAVE_LIBC_PTHREAD
2026-10-10T06:55:00.9867319Z -- Performing Test CMAKE_HAVE_LIBC_PTHREAD - Failed
2026-10-10T06:55:00.9868061Z -- Looking for pthread_create in pthreads
2026-10-10T06:55:01.5982594Z -- Looking for pthread_create in pthreads - not found
2026-10-10T06:55:01.5983621Z -- Looking for pthread_create in pthread
2026-10-10T06:55:02.1740010Z -- Looking for pthread_create in pthread - not found
2026-10-10T06:55:02.1844199Z -- Found Threads: TRUE
2026-10-10T06:55:02.1945040Z -- Configuring done (20.3s)
2026-10-10T06:55:03.0835953Z -- Generating done (0.9s)
2026-10-10T06:55:03.0849377Z -- Build files have been written to: D:/a/xMind/xMind/xlang3/build
2026-10-10T06:55:03.2475897Z MSBuild version 18.10.1-1.26427.6+3cd27c13e for .NET Framework
2026-10-10T06:55:03.2892600Z 
2026-10-10T06:55:03.5019125Z   Checking File Globs
2026-10-10T06:55:03.6504917Z   1>Checking Build System
2026-10-10T06:55:04.0133345Z   Building Custom Rule D:/a/xMind/xMind/xlang3/CMakeLists.txt
2026-10-10T06:55:04.2558034Z   blocksort.c
2026-10-10T06:55:04.3803727Z   Building Custom Rule D:/a/xMind/xMind/xlang3/CMakeLists.txt
2026-10-10T06:55:04.4961446Z   Building Custom Rule D:/a/xMind/xMind/xlang3/CMakeLists.txt
2026-10-10T06:55:04.5189983Z   Building Custom Rule D:/a/xMind/xMind/xlang3/modules/ctypes/CMakeLists.txt
2026-10-10T06:55:04.5626205Z   runtime_lock.cpp
2026-10-10T06:55:04.5627890Z   thread_module.cpp
2026-10-10T06:55:04.5631589Z   thread_objects.cpp
2026-10-10T06:55:04.6234989Z   Assembling D:\a\xMind\xMind\xlang3\modules\cffi\libffi\win64.asm...
2026-10-10T06:55:04.6265679Z   Building Custom Rule D:/a/xMind/xMind/xlang3/third_party/zlib/CMakeLists.txt
2026-10-10T06:55:05.4461740Z   adler32.c
2026-10-10T06:55:05.4553166Z   task_module.cpp
2026-10-10T06:55:05.4573518Z   task_objects.cpp
2026-10-10T06:55:05.4656545Z   compress.c
2026-10-10T06:55:05.4869843Z   crc32.c
2026-10-10T06:55:05.5331293Z   deflate.c
2026-10-10T06:55:05.5855910Z   gzclose.c
2026-10-10T06:55:05.6778889Z   gzlib.c
2026-10-10T06:55:05.7372905Z   gzread.c
2026-10-10T06:55:05.7656433Z   gzwrite.c
2026-10-10T06:55:05.8059780Z   inflate.c
2026-10-10T06:55:05.8318859Z   infback.c
2026-10-10T06:55:05.8523463Z   inftrees.c
2026-10-10T06:55:05.8715700Z   inffast.c
2026-10-10T06:55:05.8926909Z   trees.c
2026-10-10T06:55:05.9159923Z   uncompr.c
2026-10-10T06:55:05.9255972Z   zutil.c
2026-10-10T06:55:05.9550958Z   Generating Code...
2026-10-10T06:55:08.1204424Z   huffman.c
2026-10-10T06:55:08.4404850Z   ctypes_ffi.cpp
2026-10-10T06:55:08.7715732Z   crctable.c
2026-10-10T06:55:09.3560226Z   randtable.c
2026-10-10T06:55:09.6187074Z   zlibstatic.vcxproj -> D:\a\xMind\xMind\xlang3\build\third_party\zlib\Release\zs.lib
2026-10-10T06:55:09.8002478Z   compress.c
2026-10-10T06:55:09.9665662Z   xlang3_task_runtime.vcxproj -> D:\a\xMind\xMind\xlang3\build\Release\xlang3_task_runtime.lib
2026-10-10T06:55:10.1937250Z   decompress.c
2026-10-10T06:55:10.2757095Z   xlang3_thread_runtime.vcxproj -> D:\a\xMind\xMind\xlang3\build\Release\xlang3_thread_runtime.lib
2026-10-10T06:55:10.4528157Z   bzlib.c
2026-10-10T06:55:10.6736974Z   Generating Code...
2026-10-10T06:55:12.6091330Z   ffi.c
2026-10-10T06:55:12.6326962Z   prep_cif.c
2026-10-10T06:55:12.6507331Z   types.c
2026-10-10T06:55:12.6635328Z   Generating Code...
2026-10-10T06:55:12.8035338Z   xlang3_ctypes_ffi.vcxproj -> D:\a\xMind\xMind\xlang3\build\modules\ctypes\Release\xlang3_ctypes_ffi.lib
2026-10-10T06:55:13.7460581Z   bzip2static.vcxproj -> D:\a\xMind\xMind\xlang3\build\Release\bzip2static.lib
2026-10-10T06:55:13.7989323Z   Building Custom Rule D:/a/xMind/xMind/xlang3/CMakeLists.txt
2026-10-10T06:55:13.9306031Z   abc_module.cpp
2026-10-10T06:55:13.9329940Z   ast_module.cpp
2026-10-10T06:55:13.9330752Z   atexit_module.cpp
2026-10-10T06:55:13.9333598Z   binascii_module.cpp
2026-10-10T06:55:15.7929170Z   bisect_module.cpp
2026-10-10T06:55:15.9275221Z   bz2_module.cpp
2026-10-10T06:55:15.9612891Z   cmath_module.cpp
2026-10-10T06:55:16.5473125Z   decimal_module.cpp
2026-10-10T06:55:17.6376534Z   codecs_module.cpp
2026-10-10T06:55:17.9666552Z   locale_module.cpp
2026-10-10T06:55:18.4676726Z   multibytecodec_module.cpp
2026-10-10T06:55:18.6099448Z   collections_module.cpp
2026-10-10T06:55:19.8914972Z   contextvars_module.cpp
2026-10-10T06:55:20.5424309Z   asyncio_module.cpp
2026-10-10T06:55:20.9262184Z   asyncio_future.cpp
2026-10-10T06:55:21.0805915Z   asyncio_task.cpp
2026-10-10T06:55:22.0540571Z   csv_module.cpp
2026-10-10T06:55:22.7553407Z   ctypes_module.cpp
2026-10-10T06:55:23.1732041Z   errno_module.cpp
2026-10-10T06:55:23.2360960Z   faulthandler_module.cpp
2026-10-10T06:55:24.1363128Z   functools_module.cpp
2026-10-10T06:55:25.0593883Z   gc_module.cpp
2026-10-10T06:55:25.0905286Z   lsprof_module.cpp
2026-10-10T06:55:25.3494596Z   array_module.cpp
2026-10-10T06:55:26.0534805Z   imp_module.cpp
2026-10-10T06:55:27.0123843Z   importlib_module.cpp
2026-10-10T06:55:27.2132306Z   interpreters_module.cpp
2026-10-10T06:55:27.2806866Z   itertools_module.cpp
2026-10-10T06:55:27.9398500Z   io_module.cpp
2026-10-10T06:55:29.2109272Z   json_module.cpp
2026-10-10T06:55:29.3888906Z   marshal_module.cpp
2026-10-10T06:55:29.8827824Z   msvcrt_module.cpp
2026-10-10T06:55:30.3197625Z   multiprocessing_module.cpp
2026-10-10T06:55:31.3812251Z   opcode_module.cpp
2026-10-10T06:55:31.8468048Z   operator_module.cpp
2026-10-10T06:55:32.3572334Z   os_module.cpp
2026-10-10T06:55:32.4247622Z   overlapped_module.cpp
2026-10-10T06:55:33.2854826Z   pickle_module.cpp
2026-10-10T06:55:33.7573227Z   pyexpat_module.cpp
2026-10-10T06:55:35.0423552Z   queue_module.cpp
2026-10-10T06:55:35.4195963Z   random_module.cpp
2026-10-10T06:55:35.6743795Z   signal_module.cpp
2026-10-10T06:55:35.7751403Z   sha2_module.cpp
2026-10-10T06:55:37.0136088Z   socket_select_module.cpp
2026-10-10T06:55:37.3943405Z   sre_module.cpp
2026-10-10T06:55:37.6582314Z   source_encoding.cpp
2026-10-10T06:55:38.4213319Z   stat_module.cpp
2026-10-10T06:55:38.8769064Z   string_module.cpp
2026-10-10T06:55:39.8924790Z   struct_module.cpp
2026-10-10T06:55:40.2435901Z   sysconfig_native_module.cpp
2026-10-10T06:55:40.7450284Z   sys_module.cpp
2026-10-10T06:55:40.7978765Z   time_module.cpp
2026-10-10T06:55:41.9279214Z   tokenize_module.cpp
2026-10-10T06:55:42.0918683Z   typing_module.cpp
2026-10-10T06:55:43.7069881Z   unicodedata_module.cpp
2026-10-10T06:55:43.9476824Z   weakref_module.cpp
2026-10-10T06:55:44.1120839Z   warnings_module.cpp
2026-10-10T06:55:44.2667963Z   winapi_module.cpp
2026-10-10T06:55:45.6385794Z   posix_process_module.cpp
2026-10-10T06:55:45.9387947Z   winreg_module.cpp
2026-10-10T06:55:46.8814177Z   zlib_module.cpp
2026-10-10T06:55:46.9301219Z   zip_archive.cpp
2026-10-10T06:55:47.4460674Z   zipimport_module.cpp
2026-10-10T06:55:50.8323897Z   xlang3_system_runtime.vcxproj -> D:\a\xMind\xMind\xlang3\build\Release\xlang3_system_runtime.lib
2026-10-10T06:55:50.8948256Z   Building Custom Rule D:/a/xMind/xMind/xlang3/CMakeLists.txt
2026-10-10T06:55:51.0702993Z   builtins.cpp
2026-10-10T06:55:51.0705773Z   builtin_modules.cpp
2026-10-10T06:55:51.1041236Z   exception_builtins.cpp
2026-10-10T06:55:51.1043609Z   functional_builtins.cpp
2026-10-10T06:55:52.8348141Z   io_builtins.cpp
2026-10-10T06:55:53.1155965Z   math_module.cpp
2026-10-10T06:55:57.4616432Z   object_type_builtins.cpp
2026-10-10T06:55:58.8418521Z   raw_block_builtins.cpp
2026-10-10T06:56:01.1965971Z   sequence_builtins.cpp
2026-10-10T06:56:02.2436438Z   ipc_runtime.cpp
2026-10-10T06:56:08.1625375Z   shared_memory_block_stream.cpp
2026-10-10T06:56:10.8741792Z   shared_memory_transport.cpp
2026-10-10T06:56:12.8973607Z   block_stream.cpp
2026-10-10T06:56:12.9643126Z   ipc_value_marshal.cpp
2026-10-10T06:56:13.6426918Z   xlang_stream.cpp
2026-10-10T06:56:14.4363419Z   c_api_bridge.cpp
2026-10-10T06:56:14.6212320Z   exceptions.cpp
2026-10-10T06:56:15.3310078Z   expression.cpp
2026-10-10T06:56:15.5869707Z   functional_iterators.cpp
2026-10-10T06:56:17.7015706Z   generator.cpp
2026-10-10T06:56:17.7623337Z   attribute.cpp
2026-10-10T06:56:20.7767956Z   list_methods.cpp
2026-10-10T06:56:21.3455012Z   dict_methods.cpp
2026-10-10T06:56:21.7093608Z   file_methods.cpp
2026-10-10T06:56:22.5971335Z   int_methods.cpp
2026-10-10T06:56:25.5969263Z   set_methods.cpp
2026-10-10T06:56:26.8180714Z   string_methods.cpp
2026-10-10T06:56:27.6915217Z   tuple_methods.cpp
2026-10-10T06:56:29.4713742Z   bytes_methods.cpp
2026-10-10T06:56:30.6070415Z   iterator_methods.cpp
2026-10-10T06:56:31.3559648Z   property_methods.cpp
2026-10-10T06:56:36.0498311Z   x3_bucket_allocator.cpp
2026-10-10T06:56:37.9811136Z   x3_memory.cpp
2026-10-10T06:56:38.1563268Z   x3_object_pool.cpp
2026-10-10T06:56:38.2963804Z   x3_page_allocator.cpp
2026-10-10T06:56:38.4314042Z   x3_runtime_memory.cpp
2026-10-10T06:56:38.8435680Z   x3_temp_arena.cpp
2026-10-10T06:56:39.2846634Z   perf_counters.cpp
2026-10-10T06:56:39.4353354Z   interpreter_events.cpp
2026-10-10T06:56:39.4532669Z   bigint.cpp
2026-10-10T06:56:39.5721317Z   value.cpp
2026-10-10T06:56:39.6118014Z   value_hash.cpp
2026-10-10T06:56:41.5393176Z   object_model.cpp
2026-10-10T06:56:41.6029365Z   sequence.cpp
2026-10-10T06:56:42.7579844Z   mapping.cpp
2026-10-10T06:56:51.4419806Z   set_object.cpp
2026-10-10T06:56:51.6117644Z   module_object.cpp
2026-10-10T06:56:51.6803445Z   module_slots.cpp
2026-10-10T06:56:54.9115195Z   runtime.cpp
2026-10-10T06:56:56.3850063Z   unicode_data.cpp
2026-10-10T06:56:58.6053084Z   unicode_names.cpp
2026-10-10T06:57:00.9350206Z   vfs.cpp
2026-10-10T06:57:07.6439819Z   source_cursor.cpp
2026-10-10T06:57:08.4917617Z   lexer.cpp
2026-10-10T06:57:08.8582387Z   parser.cpp
2026-10-10T06:57:12.2408500Z   scope_analysis.cpp
2026-10-10T06:57:16.0701263Z   xlang_module_globals.cpp
2026-10-10T06:57:17.1799396Z   lower.cpp
2026-10-10T06:57:17.8140187Z   codec.cpp
2026-10-10T06:57:20.2615218Z   xlang_interpreter.cpp
2026-10-10T06:57:22.2150825Z   xlang_vm_attr.cpp
2026-10-10T06:57:22.6917924Z   xlang_vm_loop.cpp
2026-10-10T06:57:28.3489588Z   object_table.cpp
2026-10-10T06:57:31.2761655Z   memory_file_store.cpp
2026-10-10T06:57:36.1270000Z   shared_memory_transport_win32.cpp
2026-10-10T06:57:38.1175744Z   debug_session.cpp
2026-10-10T06:57:42.7419698Z   dap_session.cpp
2026-10-10T06:57:44.7718775Z   dump.cpp
2026-10-10T06:57:47.8284207Z   c_api.cpp
2026-10-10T06:57:49.8309706Z   buffer_api.cpp
2026-10-10T06:57:55.3452334Z   tensor_storage.cpp
2026-10-10T06:57:56.6709610Z   tensor_serialization.cpp
2026-10-10T06:58:01.5678573Z   tensor_graph.cpp
2026-10-10T06:58:02.4164645Z   tensor_cpu.cpp
2026-10-10T06:58:02.4346693Z   tensor_module.cpp
2026-10-10T06:58:06.9922607Z   tensor_api.cpp
2026-10-10T06:58:07.8407417Z   protocol_api.cpp
2026-10-10T06:58:08.8810100Z   stream_api.cpp
2026-10-10T06:58:10.1857617Z   native_serialization_api.cpp
2026-10-10T06:58:10.6465454Z   ipc_api.cpp
2026-10-10T06:58:11.2987815Z   value_graph_writer.cpp
2026-10-10T06:58:12.4234569Z   value_graph_reader.cpp
2026-10-10T06:58:12.6919570Z   value_graph_lifetime.cpp
2026-10-10T06:58:15.0578550Z   import_loader.cpp
2026-10-10T06:58:17.0663231Z   native_package_loader.cpp
2026-10-10T06:58:23.2272354Z   Auto build dll exports
2026-10-10T06:58:23.6207326Z   xlang3_thread_runtime.lib(thread_module.obj) : MSIL .netmodule or module compiled with /GL found; restarting link with /LTCG; add /LTCG to the link command line to improve linker performance
2026-10-10T06:58:25.4537091Z      Creating library D:/a/xMind/xMind/xlang3/build/Release/xlang3_runtime.lib and object D:/a/xMind/xMind/xlang3/build/Release/xlang3_runtime.exp
2026-10-10T06:58:25.7059017Z   Generating code
2026-10-10T06:59:35.1669357Z   Finished generating code
2026-10-10T06:59:36.0668520Z   xlang3_runtime.vcxproj -> D:\a\xMind\xMind\xlang3\build\Release\xlang3_runtime.dll
2026-10-10T06:59:36.1228285Z   Building Custom Rule D:/a/xMind/xMind/xlang3/CMakeLists.txt
2026-10-10T06:59:36.2005278Z   xlang3.cpp
2026-10-10T06:59:41.0989493Z   xlang3.vcxproj -> D:\a\xMind\xMind\xlang3\build\Release\xlang3.exe
2026-10-10T06:59:41.2576736Z MSBuild version 18.10.1-1.26427.6+3cd27c13e for .NET Framework
2026-10-10T06:59:41.2949402Z 
2026-10-10T06:59:41.4842614Z   Checking File Globs
2026-10-10T06:59:41.6766701Z   Building Custom Rule D:/a/xMind/xMind/xlang3/modules/json/CMakeLists.txt
2026-10-10T06:59:41.8073126Z   main.cpp
2026-10-10T06:59:42.4037827Z   json_package.cpp
2026-10-10T06:59:44.3906058Z   json_convert.cpp
2026-10-10T06:59:46.1461879Z   Generating Code...
2026-10-10T06:59:49.2698669Z      Creating library D:/a/xMind/xMind/xlang3/build/Release/modules/xlang_json.x3pkg.lib and object D:/a/xMind/xMind/xlang3/build/Release/modules/xlang_json.x3pkg.exp
2026-10-10T06:59:49.3510796Z   xlang_json_native_package.vcxproj -> D:\a\xMind\xMind\xlang3\build\Release\modules\xlang_json.x3pkg.dll
2026-10-10T06:59:49.4825278Z MSBuild version 18.10.1-1.26427.6+3cd27c13e for .NET Framework
2026-10-10T06:59:49.5181937Z 
2026-10-10T06:59:49.7158812Z   Checking File Globs
2026-10-10T06:59:49.9040188Z   Building Custom Rule D:/a/xMind/xMind/xlang3/modules/sqlite/CMakeLists.txt
2026-10-10T06:59:50.0397932Z   main.cpp
2026-10-10T06:59:50.6388146Z   sqlite_package.cpp
2026-10-10T06:59:51.8044190Z   sqlite_values.cpp
2026-10-10T06:59:52.4012372Z   sqlite_handles.cpp
2026-10-10T06:59:52.9963826Z   Generating Code...
2026-10-10T06:59:53.7896679Z   sqlite3.c
2026-10-10T07:00:13.2434496Z      Creating library D:/a/xMind/xMind/xlang3/build/Release/modules/xlang_sqlite3.x3pkg.lib and object D:/a/xMind/xMind/xlang3/build/Release/modules/xlang_sqlite3.x3pkg.exp
2026-10-10T07:00:13.3296745Z   xlang_sqlite3_native_package.vcxproj -> D:\a\xMind\xMind\xlang3\build\Release\modules\xlang_sqlite3.x3pkg.dll
2026-10-10T07:00:13.4936751Z Pinned jsoncons native source and license hashes verified: 176 files
2026-10-10T07:00:13.5782863Z Pinned yaml-cpp native source and license verified: 101 exact upstream files
2026-10-10T07:00:13.6875910Z Pinned re2 native source and license verified: 131 exact upstream files
2026-10-10T07:00:13.8873809Z Pinned abseil-cpp native source and license verified: 1602 exact upstream files
2026-10-10T07:00:23.0707497Z 
2026-10-10T07:00:23.0709144Z added 97 packages in 9s
2026-10-10T07:00:36.9835438Z [31;1mnpm warn deprecated whatwg-encoding@3.1.1: Use @exodus/bytes instead for a more spec-conformant and faster implementation[0m
2026-10-10T07:00:37.4813611Z [31;1mnpm warn deprecated prebuild-install@7.1.3: No longer maintained. Please contact the author of the relevant native addon; alternatives are available.[0m
2026-10-10T07:00:45.3398668Z 
2026-10-10T07:00:45.3400591Z added 325 packages in 14s
2026-10-10T07:00:46.4481714Z -- The C compiler identification is MSVC 19.51.36260.0
2026-10-10T07:00:47.1392865Z -- The CXX compiler identification is MSVC 19.51.36260.0
2026-10-10T07:00:47.1629966Z -- Detecting C compiler ABI info
2026-10-10T07:00:47.8498640Z -- Detecting C compiler ABI info - done
2026-10-10T07:00:47.8688972Z -- Check for working C compiler: C:/Program Files/Microsoft Visual Studio/18/Enterprise/VC/Tools/MSVC/14.51.36231/bin/Hostx64/x64/cl.exe - skipped
2026-10-10T07:00:47.8694324Z -- Detecting C compile features
2026-10-10T07:00:47.8703483Z -- Detecting C compile features - done
2026-10-10T07:00:47.8814954Z -- Detecting CXX compiler ABI info
2026-10-10T07:00:48.5707107Z -- Detecting CXX compiler ABI info - done
2026-10-10T07:00:48.5901585Z -- Check for working CXX compiler: C:/Program Files/Microsoft Visual Studio/18/Enterprise/VC/Tools/MSVC/14.51.36231/bin/Hostx64/x64/cl.exe - skipped
2026-10-10T07:00:48.5906633Z -- Detecting CXX compile features
2026-10-10T07:00:48.5921811Z -- Detecting CXX compile features - done
2026-10-10T07:00:48.6930054Z -- Performing Test CMAKE_HAVE_LIBC_PTHREAD
2026-10-10T07:00:49.1796356Z -- Performing Test CMAKE_HAVE_LIBC_PTHREAD - Failed
2026-10-10T07:00:49.1797293Z -- Looking for pthread_create in pthreads
2026-10-10T07:00:49.7511210Z -- Looking for pthread_create in pthreads - not found
2026-10-10T07:00:49.7514612Z -- Looking for pthread_create in pthread
2026-10-10T07:00:50.3210608Z -- Looking for pthread_create in pthread - not found
2026-10-10T07:00:50.3224171Z -- Found Threads: TRUE
2026-10-10T07:00:51.4887193Z -- Configuring done (6.1s)
2026-10-10T07:00:55.0447069Z -- Generating done (3.6s)
2026-10-10T07:00:55.0461674Z -- Build files have been written to: D:/a/xMind/xMind/xmind/build/native
2026-10-10T07:00:55.2308411Z MSBuild version 18.10.1-1.26427.6+3cd27c13e for .NET Framework
2026-10-10T07:00:55.2646372Z 
2026-10-10T07:00:55.4697675Z   Checking File Globs
2026-10-10T07:00:55.6178349Z   1>Checking Build System
2026-10-10T07:00:56.2355181Z   Building Custom Rule D:/a/xMind/xMind/xmind/Native/third_party/abseil-cpp/absl/debugging/CMakeLists.txt
2026-10-10T07:00:56.2979879Z   Building Custom Rule D:/a/xMind/xMind/xmind/Native/third_party/abseil-cpp/absl/base/CMakeLists.txt
2026-10-10T07:00:56.3105724Z   Building Custom Rule D:/a/xMind/xMind/xmind/Native/third_party/abseil-cpp/absl/types/CMakeLists.txt
2026-10-10T07:00:56.3172759Z   Building Custom Rule D:/a/xMind/xMind/xmind/Native/third_party/abseil-cpp/absl/time/CMakeLists.txt
2026-10-10T07:00:56.3306212Z   Building Custom Rule D:/a/xMind/xMind/xmind/Native/third_party/abseil-cpp/absl/base/CMakeLists.txt
2026-10-10T07:00:56.5005387Z   spinlock_wait.cc
2026-10-10T07:00:57.2816615Z   civil_time_detail.cc
2026-10-10T07:00:57.2865321Z   utf8_for_code_point.cc
2026-10-10T07:00:57.2873953Z   source_location.cc
2026-10-10T07:00:57.2880937Z   absl_utf8_for_code_point.vcxproj -> D:\a\xMind\xMind\xmind\build\native\third_party\abseil-cpp\absl\debugging\Release\absl_utf8_for_code_point.lib
2026-10-10T07:00:57.2892465Z   absl_source_location.vcxproj -> D:\a\xMind\xMind\xmind\build\native\third_party\abseil-cpp\absl\types\Release\absl_source_location.lib
2026-10-10T07:00:57.2898372Z   hardening.cc
2026-10-10T07:00:57.3086186Z   absl_hardening.vcxproj -> D:\a\xMind\xMind\xmind\build\native\third_party\abseil-cpp\absl\base\Release\absl_hardening.lib
2026-10-10T07:00:58.5374436Z   Building Custom Rule D:/a/xMind/xMind/xmind/Native/third_party/abseil-cpp/absl/time/CMakeLists.txt
2026-10-10T07:00:58.9247314Z   absl_spinlock_wait.vcxproj -> D:\a\xMind\xMind\xmind\build\native\third_party\abseil-cpp\absl\base\Release\absl_spinlock_wait.lib
2026-10-10T07:00:58.9264660Z   Building Custom Rule D:/a/xMind/xMind/xmind/Native/third_party/abseil-cpp/absl/profiling/CMakeLists.txt
2026-10-10T07:00:59.3600412Z   exponential_biased.cc
2026-10-10T07:00:59.8259541Z   Building Custom Rule D:/a/xMind/xMind/xmind/Native/third_party/abseil-cpp/absl/base/CMakeLists.txt
2026-10-10T07:00:59.8268311Z   log_severity.cc
2026-10-10T07:00:59.8270994Z   time_zone_fixed.cc
2026-10-10T07:00:59.8279107Z   absl_exponential_biased.vcxproj -> D:\a\xMind\xMind\xmind\build\native\third_party\abseil-cpp\absl\profiling\Release\absl_exponential_biased.lib
2026-10-10T07:00:59.8284305Z   absl_civil_time.vcxproj -> D:\a\xMind\xMind\xmind\build\native\third_party\abseil-cpp\absl\time\Release\absl_civil_time.lib
2026-10-10T07:00:59.8289030Z   Building Custom Rule D:/a/xMind/xMind/xmind/Native/third_party/abseil-cpp/absl/flags/CMakeLists.txt
2026-10-10T07:00:59.8293151Z   commandlineflag.cc
2026-10-10T07:00:59.8777073Z   Building Custom Rule D:/a/xMind/xMind/xmind/Native/third_party/abseil-cpp/absl/debugging/CMakeLists.txt
2026-10-10T07:00:59.8928811Z   absl_flags_commandlineflag_internal.vcxproj -> D:\a\xMind\xMind\xmind\build\native\third_party\abseil-cpp\absl\flags\Release\absl_flags_commandlineflag_internal.lib
2026-10-10T07:00:59.9250238Z   absl_log_severity.vcxproj -> D:\a\xMind\xMind\xmind\build\native\third_party\abseil-cpp\absl\base\Release\absl_log_severity.lib
2026-10-10T07:00:59.9260721Z   leak_check.cc
2026-10-10T07:01:00.0545914Z   absl_leak_check.vcxproj -> D:\a\xMind\xMind\xmind\build\native\third_party\abseil-cpp\absl\debugging\Release\absl_leak_check.lib
2026-10-10T07:01:03.5148513Z   Building Custom Rule D:/a/xMind/xMind/xmind/Native/third_party/abseil-cpp/absl/log/CMakeLists.txt
2026-10-10T07:01:05.3664072Z   nullguard.cc
2026-10-10T07:01:06.9682242Z   Building Custom Rule D:/a/xMind/xMind/xmind/Native/CMakeLists.txt
2026-10-10T07:01:07.2664619Z   Building Custom Rule D:/a/xMind/xMind/xmind/Native/CMakeLists.txt
2026-10-10T07:01:07.4432671Z   mcp_wire.cpp
2026-10-10T07:01:07.6260787Z   file_patch.cpp
2026-10-10T07:01:07.6867590Z   time_zone_format.cc
2026-10-10T07:01:19.9798288Z   absl_log_internal_nullguard.vcxproj -> D:\a\xMind\xMind\xmind\build\native\third_party\abseil-cpp\absl\log\Release\absl_log_internal_nullguard.lib
2026-10-10T07:01:20.0435949Z   Building Custom Rule D:/a/xMind/xMind/xmind/Native/third_party/abseil-cpp/absl/base/CMakeLists.txt
2026-10-10T07:01:20.0593254Z   strerror.cc
2026-10-10T07:01:20.0669833Z   absl_strerror.vcxproj -> D:\a\xMind\xMind\xmind\build\native\third_party\abseil-cpp\absl\base\Release\absl_strerror.lib
2026-10-10T07:01:26.8083052Z   Building Custom Rule D:/a/xMind/xMind/xmind/Native/CMakeLists.txt
2026-10-10T07:01:55.8669822Z   Building Custom Rule D:/a/xMind/xMind/xmind/Native/CMakeLists.txt
2026-10-10T07:01:55.8876641Z   agentflow_file_patch.vcxproj -> D:\a\xMind\xMind\xmind\build\native\Release\agentflow_file_patch.lib
2026-10-10T07:01:55.9195133Z   secret_protection.cpp
2026-10-10T07:01:55.9643130Z   Building Custom Rule D:/a/xMind/xMind/xmind/Native/third_party/abseil-cpp/absl/base/CMakeLists.txt
2026-10-10T07:01:55.9917348Z   model_stream.cpp
2026-10-10T07:01:55.9986936Z   time_zone_if.cc
2026-10-10T07:01:56.0358313Z   raw_logging.cc
2026-10-10T07:01:56.0382933Z   mcp_requests.cpp
2026-10-10T07:01:56.0568920Z   absl_raw_logging_internal.vcxproj -> D:\a\xMind\xMind\xmind\build\native\third_party\abseil-cpp\absl\base\Release\absl_raw_logging_internal.lib
2026-10-10T07:01:56.0762876Z   agentflow_secrets.vcxproj -> D:\a\xMind\xMind\xmind\build\native\Release\agentflow_secrets.lib
2026-10-10T07:01:56.0810378Z   time_zone_impl.cc
2026-10-10T07:01:56.0858427Z   Building Custom Rule D:/a/xMind/xMind/xmind/Native/CMakeLists.txt
2026-10-10T07:01:56.0861947Z   windows_process.cpp
2026-10-10T07:01:56.0863523Z   model_request.cpp
2026-10-10T07:01:56.0865382Z   time_zone_info.cc
2026-10-10T07:01:56.0866476Z   mcp_handshake.cpp
2026-10-10T07:01:56.0868254Z   time_zone_libc.cc
2026-10-10T07:01:56.0869862Z   agentflow_process.vcxproj -> D:\a\xMind\xMind\xmind\build\native\Release\agentflow_process.lib
2026-10-10T07:01:56.0871891Z   Building Custom Rule D:/a/xMind/xMind/xmind/Native/third_party/yaml-cpp/CMakeLists.txt
2026-10-10T07:01:56.1085045Z   Building Custom Rule D:/a/xMind/xMind/xmind/Native/third_party/abseil-cpp/absl/debugging/CMakeLists.txt
2026-10-10T07:01:56.1099072Z   responses_stream.cpp
2026-10-10T07:01:56.1115777Z   time_zone_lookup.cc
2026-10-10T07:01:56.1129887Z   mcp_http_metadata.cpp
2026-10-10T07:01:56.1140217Z   Scanning sources for module dependencies...
2026-10-10T07:01:56.1167678Z   binary.cpp
2026-10-10T07:01:56.1223385Z   convert.cpp
2026-10-10T07:01:56.1233310Z   directives.cpp
2026-10-10T07:01:56.1238051Z   depthguard.cpp
2026-10-10T07:01:56.1239374Z   emit.cpp
2026-10-10T07:01:56.1244447Z   emitfromevents.cpp
2026-10-10T07:01:56.1255220Z   emitterstate.cpp
2026-10-10T07:01:56.1280883Z   emitter.cpp
2026-10-10T07:01:56.1284061Z   emitterutils.cpp
2026-10-10T07:01:56.1285233Z   exceptions.cpp
2026-10-10T07:01:56.1288188Z   exp.cpp
2026-10-10T07:01:56.1293606Z   fptostring.cpp
2026-10-10T07:01:56.1295074Z   memory.cpp
2026-10-10T07:01:56.1298235Z   node_data.cpp
2026-10-10T07:01:56.1301406Z   node.cpp
2026-10-10T07:01:56.1302574Z   nodebuilder.cpp
2026-10-10T07:01:56.1306795Z   nodeevents.cpp
2026-10-10T07:01:56.1307814Z   parse.cpp
2026-10-10T07:01:56.1311516Z   ostream_wrapper.cpp
2026-10-10T07:01:56.1324357Z   null.cpp
2026-10-10T07:01:56.1327315Z   parser.cpp
2026-10-10T07:01:56.1329616Z   regex_yaml.cpp
2026-10-10T07:01:56.1340112Z   scanner.cpp
2026-10-10T07:01:56.1362577Z   scanscalar.cpp
2026-10-10T07:01:56.1368021Z   scantag.cpp
2026-10-10T07:01:56.1477774Z   scantoken.cpp
2026-10-10T07:01:56.1494366Z   simplekey.cpp
2026-10-10T07:01:56.1538814Z   singledocparser.cpp
2026-10-10T07:01:56.1588478Z   stream.cpp
2026-10-10T07:01:56.1801602Z   tag.cpp
2026-10-10T07:01:56.2092724Z   time_zone_posix.cc
2026-10-10T07:01:56.2288612Z   Building Custom Rule D:/a/xMind/xMind/xmind/Native/third_party/abseil-cpp/absl/base/CMakeLists.txt
2026-10-10T07:01:56.2290556Z   Building Custom Rule D:/a/xMind/xMind/xmind/Native/third_party/abseil-cpp/absl/strings/CMakeLists.txt
2026-10-10T07:01:56.2292311Z   zone_info_source.cc
2026-10-10T07:01:56.2293092Z   time_zone_name_win.cc
2026-10-10T07:01:56.2293813Z   Compiling...
2026-10-10T07:01:56.2294488Z   depthguard.cpp
2026-10-10T07:01:56.2295158Z   binary.cpp
2026-10-10T07:01:56.2295843Z   responses_request.cpp
2026-10-10T07:01:56.2296526Z   Generating Code...
2026-10-10T07:01:56.2334629Z   mcp_http_stream.cpp
2026-10-10T07:01:56.2335548Z   convert.cpp
2026-10-10T07:01:56.2336508Z   directives.cpp
2026-10-10T07:01:56.2337226Z   emit.cpp
2026-10-10T07:01:56.2337942Z   emitfromevents.cpp
2026-10-10T07:01:56.2338687Z   emitter.cpp
2026-10-10T07:01:56.2339399Z   emitterstate.cpp
2026-10-10T07:01:56.2340151Z   throw_delegate.cc
2026-10-10T07:01:56.2340906Z   emitterutils.cpp
2026-10-10T07:01:56.2341645Z   exceptions.cpp
2026-10-10T07:01:56.2342342Z   exp.cpp
2026-10-10T07:01:56.2343511Z   fptostring.cpp
2026-10-10T07:01:56.2344228Z   memory.cpp
2026-10-10T07:01:56.2344970Z   responses_context.cpp
2026-10-10T07:01:56.2345714Z   mcp_tool_codec.cpp
2026-10-10T07:01:56.2348045Z D:\a\xMind\xMind\xmind\Native\third_party\yaml-cpp\src\fptostring.cpp(234,47): warning C4267: 'argument': conversion from 'size_t' to 'int', possible loss of data [D:\a\xMind\xMind\xmind\build\native\third_party\yaml-cpp\yaml-cpp.vcxproj]
2026-10-10T07:01:56.2352475Z D:\a\xMind\xMind\xmind\Native\third_party\yaml-cpp\src\fptostring.cpp(238,47): warning C4267: 'argument': conversion from 'size_t' to 'int', possible loss of data [D:\a\xMind\xMind\xmind\build\native\third_party\yaml-cpp\yaml-cpp.vcxproj]
2026-10-10T07:01:56.2354499Z   node.cpp
2026-10-10T07:01:56.2356771Z D:\a\xMind\xMind\xmind\Native\third_party\yaml-cpp\src\fptostring.cpp(195,36): warning C4267: 'initializing': conversion from 'size_t' to 'int', possible loss of data [D:\a\xMind\xMind\xmind\build\native\third_party\yaml-cpp\yaml-cpp.vcxproj]
2026-10-10T07:01:56.2359206Z       D:\a\xMind\xMind\xmind\Native\third_party\yaml-cpp\src\fptostring.cpp(195,36):
2026-10-10T07:01:56.2360578Z       the template instantiation context (the oldest one first) is
2026-10-10T07:01:56.2362200Z           D:\a\xMind\xMind\xmind\Native\third_party\yaml-cpp\src\fptostring.cpp(234,33):
2026-10-10T07:01:56.2364393Z           see reference to function template instantiation 'std::string YAML::detail::fp_formatting::FpToString<float>(T,int)' being compiled
2026-10-10T07:01:56.2365806Z           with
2026-10-10T07:01:56.2366405Z           [
2026-10-10T07:01:56.2366967Z               T=float
2026-10-10T07:01:56.2367542Z           ]
2026-10-10T07:01:56.2368094Z   
2026-10-10T07:01:56.2370620Z D:\a\xMind\xMind\xmind\Native\third_party\yaml-cpp\src\fptostring.cpp(195,36): warning C4267: 'initializing': conversion from 'size_t' to 'const int', possible loss of data [D:\a\xMind\xMind\xmind\build\native\third_party\yaml-cpp\yaml-cpp.vcxproj]
2026-10-10T07:01:56.2374505Z D:\a\xMind\xMind\xmind\Native\third_party\yaml-cpp\src\contrib\dragonbox.h(3008,29): warning C4267: '+=': conversion from 'size_t' to 'DecimalExponentType', possible loss of data [D:\a\xMind\xMind\xmind\build\native\third_party\yaml-cpp\yaml-cpp.vcxproj]
2026-10-10T07:01:56.2377761Z D:\a\xMind\xMind\xmind\Native\third_party\yaml-cpp\src\contrib\dragonbox.h(3008,29): warning C4267:         with [D:\a\xMind\xMind\xmind\build\native\third_party\yaml-cpp\yaml-cpp.vcxproj]
2026-10-10T07:01:56.2380497Z D:\a\xMind\xMind\xmind\Native\third_party\yaml-cpp\src\contrib\dragonbox.h(3008,29): warning C4267:         [ [D:\a\xMind\xMind\xmind\build\native\third_party\yaml-cpp\yaml-cpp.vcxproj]
2026-10-10T07:01:56.2384875Z D:\a\xMind\xMind\xmind\Native\third_party\yaml-cpp\src\contrib\dragonbox.h(3008,29): warning C4267:             DecimalExponentType=YAML::jkj::dragonbox::detail::impl<YAML::jkj::dragonbox::ieee754_binary_traits<YAML::jkj::dragonbox::ieee754_binary64,uint_least64_t,int>>::compute_nearest::decimal_exponent_type_ [D:\a\xMind\xMind\xmind\build\native\third_party\yaml-cpp\yaml-cpp.vcxproj]
2026-10-10T07:01:56.2388852Z D:\a\xMind\xMind\xmind\Native\third_party\yaml-cpp\src\contrib\dragonbox.h(3008,29): warning C4267:         ] [D:\a\xMind\xMind\xmind\build\native\third_party\yaml-cpp\yaml-cpp.vcxproj]
2026-10-10T07:01:56.2391230Z   (compiling source file '../../../../../../Native/third_party/yaml-cpp/src/fptostring.cpp')
2026-10-10T07:01:56.2392622Z       D:\a\xMind\xMind\xmind\Native\third_party\yaml-cpp\src\contrib\dragonbox.h(3008,29):
2026-10-10T07:01:56.2394474Z       the template instantiation context (the oldest one first) is
2026-10-10T07:01:56.2397381Z           D:\a\xMind\xMind\xmind\Native\third_party\yaml-cpp\src\fptostring.cpp(238,33):
2026-10-10T07:01:56.2407410Z           see reference to function template instantiation 'std::string YAML::detail::fp_formatting::FpToString<double>(T,int)' being compiled
2026-10-10T07:01:56.2410723Z           with
2026-10-10T07:01:56.2414862Z           [
2026-10-10T07:01:56.2417121Z               T=double
2026-10-10T07:01:56.2419573Z           ]
2026-10-10T07:01:56.2420943Z           D:\a\xMind\xMind\xmind\Native\third_party\yaml-cpp\src\fptostring.cpp(93,28):
2026-10-10T07:01:56.2426263Z           see reference to function template instantiation 'YAML::jkj::dragonbox::decimal_fp<unsigned __int64,int,true,false> YAML::jkj::dragonbox::to_decimal<T,YAML::jkj::dragonbox::default_float_bit_carrier_conversion_traits<Float>,YAML::jkj::dragonbox::ieee754_binary_traits<YAML::jkj::dragonbox::ieee754_binary64,uint_least64_t,int>,>(Float) noexcept' being compiled
2026-10-10T07:01:56.2431902Z           with
2026-10-10T07:01:56.2432551Z           [
2026-10-10T07:01:56.2433102Z               T=double,
2026-10-10T07:01:56.2433677Z               Float=double
2026-10-10T07:01:56.2434239Z           ]
2026-10-10T07:01:56.2435149Z           D:\a\xMind\xMind\xmind\Native\third_party\yaml-cpp\src\contrib\dragonbox.h(4163,20):
2026-10-10T07:01:56.2437875Z           see reference to function template instantiation 'YAML::jkj::dragonbox::decimal_fp<unsigned __int64,int,true,false> YAML::jkj::dragonbox::to_decimal_ex<FormatTraits,int,>(YAML::jkj::dragonbox::signed_significand_bits<FormatTraits>,ExponentBits) noexcept' being compiled
2026-10-10T07:01:56.2440225Z           with
2026-10-10T07:01:56.2440685Z           [
2026-10-10T07:01:56.2441763Z               FormatTraits=YAML::jkj::dragonbox::ieee754_binary_traits<YAML::jkj::dragonbox::ieee754_binary64,uint_least64_t,int>,
2026-10-10T07:01:56.2442895Z               ExponentBits=int
2026-10-10T07:01:56.2443446Z           ]
2026-10-10T07:01:56.2444286Z           D:\a\xMind\xMind\xmind\Native\third_party\yaml-cpp\src\contrib\dragonbox.h(4146,35):
2026-10-10T07:01:56.2449052Z           see reference to function template instantiation 'YAML::jkj::dragonbox::decimal_fp<unsigned __int64,int,true,false> YAML::jkj::dragonbox::policy::decimal_to_binary_rounding::nearest_to_even_t::delegate<YAML::jkj::dragonbox::signed_significand_bits<FormatTraits>,YAML::jkj::dragonbox::detail::to_decimal_dispatcher<FormatTraits,YAML::jkj::dragonbox::to_decimal_ex::policy_holder>,YAML::jkj::dragonbox::signed_significand_bits<FormatTraits>,ExponentBits>(SignedSignificandBits,Func,YAML::jkj::dragonbox::signed_significand_bits<FormatTraits>,ExponentBits) noexcept' being compiled
2026-10-10T07:01:56.2453734Z           with
2026-10-10T07:01:56.2454248Z           [
2026-10-10T07:01:56.2455396Z               FormatTraits=YAML::jkj::dragonbox::ieee754_binary_traits<YAML::jkj::dragonbox::ieee754_binary64,uint_least64_t,int>,
2026-10-10T07:01:56.2456710Z               ExponentBits=int,
2026-10-10T07:01:56.2458409Z               SignedSignificandBits=YAML::jkj::dragonbox::signed_significand_bits<YAML::jkj::dragonbox::ieee754_binary_traits<YAML::jkj::dragonbox::ieee754_binary64,uint_least64_t,int>>,
2026-10-10T07:01:56.2461309Z               Func=YAML::jkj::dragonbox::detail::to_decimal_dispatcher<YAML::jkj::dragonbox::ieee754_binary_traits<YAML::jkj::dragonbox::ieee754_binary64,uint_least64_t,int>,YAML::jkj::dragonbox::to_decimal_ex::policy_holder>
2026-10-10T07:01:56.2463092Z           ]
2026-10-10T07:01:56.2463931Z           D:\a\xMind\xMind\xmind\Native\third_party\yaml-cpp\src\contrib\dragonbox.h(2483,32):
2026-10-10T07:01:56.2467339Z           see reference to function template instantiation 'YAML::jkj::dragonbox::decimal_fp<unsigned __int64,int,true,false> YAML::jkj::dragonbox::detail::to_decimal_dispatcher<FormatTraits,YAML::jkj::dragonbox::to_decimal_ex::policy_holder>::operator ()<_Ty>(IntervalTypeProvider,YAML::jkj::dragonbox::signed_significand_bits<FormatTraits>,int) noexcept' being compiled
2026-10-10T07:01:56.2478305Z           with
2026-10-10T07:01:56.2478865Z           [
2026-10-10T07:01:56.2480000Z               FormatTraits=YAML::jkj::dragonbox::ieee754_binary_traits<YAML::jkj::dragonbox::ieee754_binary64,uint_least64_t,int>,
2026-10-10T07:01:56.2481609Z               _Ty=YAML::jkj::dragonbox::policy::decimal_to_binary_rounding::nearest_to_even_t,
2026-10-10T07:01:56.2484302Z               IntervalTypeProvider=YAML::jkj::dragonbox::policy::decimal_to_binary_rounding::nearest_to_even_t
2026-10-10T07:01:56.2485491Z           ]
2026-10-10T07:01:56.2486325Z           D:\a\xMind\xMind\xmind\Native\third_party\yaml-cpp\src\contrib\dragonbox.h(4108,61):
2026-10-10T07:01:56.2494235Z           see reference to function template instantiation 'YAML::jkj::dragonbox::decimal_fp<unsigned __int64,int,true,false> YAML::jkj::dragonbox::detail::impl<YAML::jkj::dragonbox::ieee754_binary_traits<YAML::jkj::dragonbox::ieee754_binary64,uint_least64_t,int>>::compute_nearest<YAML::jkj::dragonbox::policy::sign::return_sign_t,YAML::jkj::dragonbox::policy::trailing_zero::remove_t,_Ty,YAML::jkj::dragonbox::policy::binary_to_decimal_rounding::to_even_t,YAML::jkj::dragonbox::policy::cache::full_t,YAML::jkj::dragonbox::policy::preferred_integer_types::match_t>(YAML::jkj::dragonbox::signed_significand_bits<FormatTraits>,int) noexcept' being compiled
2026-10-10T07:01:56.2502402Z           with
2026-10-10T07:01:56.2503846Z           [
2026-10-10T07:01:56.2505747Z               _Ty=YAML::jkj::dragonbox::policy::decimal_to_binary_rounding::nearest_to_even_t,
2026-10-10T07:01:56.2510224Z               FormatTraits=YAML::jkj::dragonbox::ieee754_binary_traits<YAML::jkj::dragonbox::ieee754_binary64,uint_least64_t,int>
2026-10-10T07:01:56.2517320Z           ]
2026-10-10T07:01:56.2518991Z           D:\a\xMind\xMind\xmind\Native\third_party\yaml-cpp\src\contrib\dragonbox.h(3353,69):
2026-10-10T07:01:56.2527534Z           see reference to function template instantiation 'YAML::jkj::dragonbox::decimal_fp<unsigned __int64,YAML::jkj::dragonbox::detail::impl<YAML::jkj::dragonbox::ieee754_binary_traits<YAML::jkj::dragonbox::ieee754_binary64,uint_least64_t,int>>::compute_nearest::decimal_exponent_type_,false,false> YAML::jkj::dragonbox::policy::trailing_zero::remove_t::on_trailing_zeros<YAML::jkj::dragonbox::ieee754_binary64,unsigned __int64,YAML::jkj::dragonbox::detail::impl<YAML::jkj::dragonbox::ieee754_binary_traits<YAML::jkj::dragonbox::ieee754_binary64,uint_least64_t,int>>::compute_nearest::decimal_exponent_type_>(DecimalSignificand,DecimalExponentType) noexcept' being compiled
2026-10-10T07:01:56.2535075Z           with
2026-10-10T07:01:56.2536188Z           [
2026-10-10T07:01:56.2538063Z               DecimalSignificand=unsigned __int64,
2026-10-10T07:01:56.2541733Z               DecimalExponentType=YAML::jkj::dragonbox::detail::impl<YAML::jkj::dragonbox::ieee754_binary_traits<YAML::jkj::dragonbox::ieee754_binary64,uint_least64_t,int>>::compute_nearest::decimal_exponent_type_
2026-10-10T07:01:56.2543487Z           ]
2026-10-10T07:01:56.2544379Z           D:\a\xMind\xMind\xmind\Native\third_party\yaml-cpp\src\contrib\dragonbox.h(2379,51):
2026-10-10T07:01:56.2548144Z           see reference to class template instantiation 'YAML::jkj::dragonbox::remove_trailing_zeros_traits<YAML::jkj::dragonbox::policy::trailing_zero::remove_t,YAML::jkj::dragonbox::ieee754_binary64,unsigned __int64,YAML::jkj::dragonbox::detail::impl<YAML::jkj::dragonbox::ieee754_binary_traits<YAML::jkj::dragonbox::ieee754_binary64,uint_least64_t,int>>::compute_nearest::decimal_exponent_type_>' being compiled
2026-10-10T07:01:56.2551980Z           D:\a\xMind\xMind\xmind\Native\third_party\yaml-cpp\src\contrib\dragonbox.h(2978,13):
2026-10-10T07:01:56.2556259Z           while compiling class template member function 'void YAML::jkj::dragonbox::remove_trailing_zeros_traits<YAML::jkj::dragonbox::policy::trailing_zero::remove_t,YAML::jkj::dragonbox::ieee754_binary64,unsigned __int64,YAML::jkj::dragonbox::detail::impl<YAML::jkj::dragonbox::ieee754_binary_traits<YAML::jkj::dragonbox::ieee754_binary64,uint_least64_t,int>>::compute_nearest::decimal_exponent_type_>::remove_trailing_zeros(uint_least64_t &,DecimalExponentType &) noexcept'
2026-10-10T07:01:56.2559873Z           with
2026-10-10T07:01:56.2560492Z           [
2026-10-10T07:01:56.2562600Z               DecimalExponentType=YAML::jkj::dragonbox::detail::impl<YAML::jkj::dragonbox::ieee754_binary_traits<YAML::jkj::dragonbox::ieee754_binary64,uint_least64_t,int>>::compute_nearest::decimal_exponent_type_
2026-10-10T07:01:56.2564536Z           ]
2026-10-10T07:01:56.2565587Z               D:\a\xMind\xMind\xmind\Native\third_party\yaml-cpp\src\contrib\dragonbox.h(2379,72):
2026-10-10T07:01:56.2570123Z               see the first reference to 'YAML::jkj::dragonbox::remove_trailing_zeros_traits<YAML::jkj::dragonbox::policy::trailing_zero::remove_t,YAML::jkj::dragonbox::ieee754_binary64,unsigned __int64,YAML::jkj::dragonbox::detail::impl<YAML::jkj::dragonbox::ieee754_binary_traits<YAML::jkj::dragonbox::ieee754_binary64,uint_least64_t,int>>::compute_nearest::decimal_exponent_type_>::remove_trailing_zeros' in 'YAML::jkj::dragonbox::policy::trailing_zero::remove_t::on_trailing_zeros'
2026-10-10T07:01:56.2574046Z               D:\a\xMind\xMind\xmind\Native\third_party\yaml-cpp\src\contrib\dragonbox.h(3353,69):
2026-10-10T07:01:56.2576760Z               see the first reference to 'YAML::jkj::dragonbox::policy::trailing_zero::remove_t::on_trailing_zeros' in 'YAML::jkj::dragonbox::detail::impl<YAML::jkj::dragonbox::ieee754_binary_traits<YAML::jkj::dragonbox::ieee754_binary64,uint_least64_t,int>>::compute_nearest'
2026-10-10T07:01:56.2579686Z               D:\a\xMind\xMind\xmind\Native\third_party\yaml-cpp\src\contrib\dragonbox.h(4108,25):
2026-10-10T07:01:56.2584346Z               see the first reference to 'YAML::jkj::dragonbox::detail::impl<YAML::jkj::dragonbox::ieee754_binary_traits<YAML::jkj::dragonbox::ieee754_binary64,uint_least64_t,int>>::compute_nearest' in 'YAML::jkj::dragonbox::detail::to_decimal_dispatcher<FormatTraits,YAML::jkj::dragonbox::to_decimal_ex::policy_holder>::operator ()'
2026-10-10T07:01:56.2590473Z           with
2026-10-10T07:01:56.2593126Z           [
2026-10-10T07:01:56.2595428Z               FormatTraits=YAML::jkj::dragonbox::ieee754_binary_traits<YAML::jkj::dragonbox::ieee754_binary64,uint_least64_t,int>
2026-10-10T07:01:56.2598648Z           ]
2026-10-10T07:01:56.2600327Z               D:\a\xMind\xMind\xmind\Native\third_party\yaml-cpp\src\contrib\dragonbox.h(2483,25):
2026-10-10T07:01:56.2605019Z               see the first reference to 'YAML::jkj::dragonbox::detail::to_decimal_dispatcher<FormatTraits,YAML::jkj::dragonbox::to_decimal_ex::policy_holder>::operator ()' in 'YAML::jkj::dragonbox::policy::decimal_to_binary_rounding::nearest_to_even_t::delegate'
2026-10-10T07:01:56.2608988Z           with
2026-10-10T07:01:56.2610541Z           [
2026-10-10T07:01:56.2613967Z               FormatTraits=YAML::jkj::dragonbox::ieee754_binary_traits<YAML::jkj::dragonbox::ieee754_binary64,uint_least64_t,int>
2026-10-10T07:01:56.2616710Z           ]
2026-10-10T07:01:56.2623071Z               D:\a\xMind\xMind\xmind\Native\third_party\yaml-cpp\src\contrib\dragonbox.h(4146,35):
2026-10-10T07:01:56.2628974Z               see the first reference to 'YAML::jkj::dragonbox::policy::decimal_to_binary_rounding::nearest_to_even_t::delegate' in 'YAML::jkj::dragonbox::to_decimal_ex'
2026-10-10T07:01:56.2631059Z               D:\a\xMind\xMind\xmind\Native\third_party\yaml-cpp\src\contrib\dragonbox.h(4163,20):
2026-10-10T07:01:56.2632740Z               see the first reference to 'YAML::jkj::dragonbox::to_decimal_ex' in 'YAML::jkj::dragonbox::to_decimal'
2026-10-10T07:01:56.2634283Z               D:\a\xMind\xMind\xmind\Native\third_party\yaml-cpp\src\fptostring.cpp(93,28):
2026-10-10T07:01:56.2635934Z               see the first reference to 'YAML::jkj::dragonbox::to_decimal' in 'YAML::detail::fp_formatting::FpToString'
2026-10-10T07:01:56.2637156Z   
2026-10-10T07:01:56.2639412Z D:\a\xMind\xMind\xmind\Native\third_party\yaml-cpp\src\contrib\dragonbox.h(2970,29): warning C4267: '+=': conversion from 'size_t' to 'DecimalExponentType', possible loss of data [D:\a\xMind\xMind\xmind\build\native\third_party\yaml-cpp\yaml-cpp.vcxproj]
2026-10-10T07:01:56.2642971Z D:\a\xMind\xMind\xmind\Native\third_party\yaml-cpp\src\contrib\dragonbox.h(2970,29): warning C4267:         with [D:\a\xMind\xMind\xmind\build\native\third_party\yaml-cpp\yaml-cpp.vcxproj]
2026-10-10T07:01:56.2646236Z D:\a\xMind\xMind\xmind\Native\third_party\yaml-cpp\src\contrib\dragonbox.h(2970,29): warning C4267:         [ [D:\a\xMind\xMind\xmind\build\native\third_party\yaml-cpp\yaml-cpp.vcxproj]
2026-10-10T07:01:56.2650662Z D:\a\xMind\xMind\xmind\Native\third_party\yaml-cpp\src\contrib\dragonbox.h(2970,29): warning C4267:             DecimalExponentType=YAML::jkj::dragonbox::detail::impl<YAML::jkj::dragonbox::ieee754_binary_traits<YAML::jkj::dragonbox::ieee754_binary32,uint_least32_t,int>>::compute_nearest::decimal_exponent_type_ [D:\a\xMind\xMind\xmind\build\native\third_party\yaml-cpp\yaml-cpp.vcxproj]
2026-10-10T07:01:56.2654870Z D:\a\xMind\xMind\xmind\Native\third_party\yaml-cpp\src\contrib\dragonbox.h(2970,29): warning C4267:         ] [D:\a\xMind\xMind\xmind\build\native\third_party\yaml-cpp\yaml-cpp.vcxproj]
2026-10-10T07:01:56.2657004Z   (compiling source file '../../../../../../Native/third_party/yaml-cpp/src/fptostring.cpp')
2026-10-10T07:01:56.2658523Z       D:\a\xMind\xMind\xmind\Native\third_party\yaml-cpp\src\contrib\dragonbox.h(2970,29):
2026-10-10T07:01:56.2659830Z       the template instantiation context (the oldest one first) is
2026-10-10T07:01:56.2661496Z           D:\a\xMind\xMind\xmind\Native\third_party\yaml-cpp\src\fptostring.cpp(234,33):
2026-10-10T07:01:56.2663359Z           see reference to function template instantiation 'std::string YAML::detail::fp_formatting::FpToString<float>(T,int)' being compiled
2026-10-10T07:01:56.2664925Z           with
2026-10-10T07:01:56.2666022Z           [
2026-10-10T07:01:56.2666670Z               T=float
2026-10-10T07:01:56.2667356Z           ]
2026-10-10T07:01:56.2668310Z           D:\a\xMind\xMind\xmind\Native\third_party\yaml-cpp\src\fptostring.cpp(93,28):
2026-10-10T07:01:56.2671804Z           see reference to function template instantiation 'YAML::jkj::dragonbox::decimal_fp<unsigned int,int,true,false> YAML::jkj::dragonbox::to_decimal<T,YAML::jkj::dragonbox::default_float_bit_carrier_conversion_traits<Float>,YAML::jkj::dragonbox::ieee754_binary_traits<YAML::jkj::dragonbox::ieee754_binary32,uint_least32_t,int>,>(Float) noexcept' being compiled
2026-10-10T07:01:56.2674839Z           with
2026-10-10T07:01:56.2675440Z           [
2026-10-10T07:01:56.2676054Z               T=float,
2026-10-10T07:01:56.2676726Z               Float=float
2026-10-10T07:01:56.2677337Z           ]
2026-10-10T07:01:56.2680057Z           D:\a\xMind\xMind\xmind\Native\third_party\yaml-cpp\src\contrib\dragonbox.h(4163,20):
2026-10-10T07:01:56.2684108Z           see reference to function template instantiation 'YAML::jkj::dragonbox::decimal_fp<unsigned int,int,true,false> YAML::jkj::dragonbox::to_decimal_ex<FormatTraits,int,>(YAML::jkj::dragonbox::signed_significand_bits<FormatTraits>,ExponentBits) noexcept' being compiled
2026-10-10T07:01:56.2687586Z           with
2026-10-10T07:01:56.2688910Z           [
2026-10-10T07:01:56.2690835Z               FormatTraits=YAML::jkj::dragonbox::ieee754_binary_traits<YAML::jkj::dragonbox::ieee754_binary32,uint_least32_t,int>,
2026-10-10T07:01:56.2693292Z               ExponentBits=int
2026-10-10T07:01:56.2694578Z           ]
2026-10-10T07:01:56.2696255Z           D:\a\xMind\xMind\xmind\Native\third_party\yaml-cpp\src\contrib\dragonbox.h(4146,35):
2026-10-10T07:01:56.2703152Z           see reference to function template instantiation 'YAML::jkj::dragonbox::decimal_fp<unsigned int,int,true,false> YAML::jkj::dragonbox::policy::decimal_to_binary_rounding::nearest_to_even_t::delegate<YAML::jkj::dragonbox::signed_significand_bits<FormatTraits>,YAML::jkj::dragonbox::detail::to_decimal_dispatcher<FormatTraits,YAML::jkj::dragonbox::to_decimal_ex::policy_holder>,YAML::jkj::dragonbox::signed_significand_bits<FormatTraits>,ExponentBits>(SignedSignificandBits,Func,YAML::jkj::dragonbox::signed_significand_bits<FormatTraits>,ExponentBits) noexcept' being compiled
2026-10-10T07:01:56.2715955Z           with
2026-10-10T07:01:56.2716622Z           [
2026-10-10T07:01:56.2718138Z               FormatTraits=YAML::jkj::dragonbox::ieee754_binary_traits<YAML::jkj::dragonbox::ieee754_binary32,uint_least32_t,int>,
2026-10-10T07:01:56.2719466Z               ExponentBits=int,
2026-10-10T07:01:56.2721170Z               SignedSignificandBits=YAML::jkj::dragonbox::signed_significand_bits<YAML::jkj::dragonbox::ieee754_binary_traits<YAML::jkj::dragonbox::ieee754_binary32,uint_least32_t,int>>,
2026-10-10T07:01:56.2724104Z               Func=YAML::jkj::dragonbox::detail::to_decimal_dispatcher<YAML::jkj::dragonbox::ieee754_binary_traits<YAML::jkj::dragonbox::ieee754_binary32,uint_least32_t,int>,YAML::jkj::dragonbox::to_decimal_ex::policy_holder>
2026-10-10T07:01:56.2726301Z           ]
2026-10-10T07:01:56.2727231Z           D:\a\xMind\xMind\xmind\Native\third_party\yaml-cpp\src\contrib\dragonbox.h(2483,32):
2026-10-10T07:01:56.2730593Z           see reference to function template instantiation 'YAML::jkj::dragonbox::decimal_fp<unsigned int,int,true,false> YAML::jkj::dragonbox::detail::to_decimal_dispatcher<FormatTraits,YAML::jkj::dragonbox::to_decimal_ex::policy_holder>::operator ()<_Ty>(IntervalTypeProvider,YAML::jkj::dragonbox::signed_significand_bits<FormatTraits>,int) noexcept' being compiled
2026-10-10T07:01:56.2733681Z           with
2026-10-10T07:01:56.2734310Z           [
2026-10-10T07:01:56.2735489Z               FormatTraits=YAML::jkj::dragonbox::ieee754_binary_traits<YAML::jkj::dragonbox::ieee754_binary32,uint_least32_t,int>,
2026-10-10T07:01:56.2736999Z               _Ty=YAML::jkj::dragonbox::policy::decimal_to_binary_rounding::nearest_to_even_t,
2026-10-10T07:01:56.2738445Z               IntervalTypeProvider=YAML::jkj::dragonbox::policy::decimal_to_binary_rounding::nearest_to_even_t
2026-10-10T07:01:56.2739479Z           ]
2026-10-10T07:01:56.2740411Z           D:\a\xMind\xMind\xmind\Native\third_party\yaml-cpp\src\contrib\dragonbox.h(4108,61):
2026-10-10T07:01:56.2745568Z           see reference to function template instantiation 'YAML::jkj::dragonbox::decimal_fp<unsigned int,int,true,false> YAML::jkj::dragonbox::detail::impl<YAML::jkj::dragonbox::ieee754_binary_traits<YAML::jkj::dragonbox::ieee754_binary32,uint_least32_t,int>>::compute_nearest<YAML::jkj::dragonbox::policy::sign::return_sign_t,YAML::jkj::dragonbox::policy::trailing_zero::remove_t,_Ty,YAML::jkj::dragonbox::policy::binary_to_decimal_rounding::to_even_t,YAML::jkj::dragonbox::policy::cache::full_t,YAML::jkj::dragonbox::policy::preferred_integer_types::match_t>(YAML::jkj::dragonbox::signed_significand_bits<FormatTraits>,int) noexcept' being compiled
2026-10-10T07:01:56.2750656Z           with
2026-10-10T07:01:56.2751191Z           [
2026-10-10T07:01:56.2752123Z               _Ty=YAML::jkj::dragonbox::policy::decimal_to_binary_rounding::nearest_to_even_t,
2026-10-10T07:01:56.2753823Z               FormatTraits=YAML::jkj::dragonbox::ieee754_binary_traits<YAML::jkj::dragonbox::ieee754_binary32,uint_least32_t,int>
2026-10-10T07:01:56.2755073Z           ]
2026-10-10T07:01:56.2755981Z           D:\a\xMind\xMind\xmind\Native\third_party\yaml-cpp\src\contrib\dragonbox.h(3353,69):
2026-10-10T07:01:56.2765949Z           see reference to function template instantiation 'YAML::jkj::dragonbox::decimal_fp<unsigned int,YAML::jkj::dragonbox::detail::impl<YAML::jkj::dragonbox::ieee754_binary_traits<YAML::jkj::dragonbox::ieee754_binary32,uint_least32_t,int>>::compute_nearest::decimal_exponent_type_,false,false> YAML::jkj::dragonbox::policy::trailing_zero::remove_t::on_trailing_zeros<YAML::jkj::dragonbox::ieee754_binary32,unsigned int,YAML::jkj::dragonbox::detail::impl<YAML::jkj::dragonbox::ieee754_binary_traits<YAML::jkj::dragonbox::ieee754_binary32,uint_least32_t,int>>::compute_nearest::decimal_exponent_type_>(DecimalSignificand,DecimalExponentType) noexcept' being compiled
2026-10-10T07:01:56.2798893Z           with
2026-10-10T07:01:56.2799572Z           [
2026-10-10T07:01:56.2800349Z               DecimalSignificand=unsigned int,
2026-10-10T07:01:56.2802697Z               DecimalExponentType=YAML::jkj::dragonbox::detail::impl<YAML::jkj::dragonbox::ieee754_binary_traits<YAML::jkj::dragonbox::ieee754_binary32,uint_least32_t,int>>::compute_nearest::decimal_exponent_type_
2026-10-10T07:01:56.2804662Z           ]
2026-10-10T07:01:56.2805705Z           D:\a\xMind\xMind\xmind\Native\third_party\yaml-cpp\src\contrib\dragonbox.h(2379,51):
2026-10-10T07:01:56.2809753Z           see reference to class template instantiation 'YAML::jkj::dragonbox::remove_trailing_zeros_traits<YAML::jkj::dragonbox::policy::trailing_zero::remove_t,YAML::jkj::dragonbox::ieee754_binary32,unsigned int,YAML::jkj::dragonbox::detail::impl<YAML::jkj::dragonbox::ieee754_binary_traits<YAML::jkj::dragonbox::ieee754_binary32,uint_least32_t,int>>::compute_nearest::decimal_exponent_type_>' being compiled
2026-10-10T07:01:56.2813351Z           D:\a\xMind\xMind\xmind\Native\third_party\yaml-cpp\src\contrib\dragonbox.h(2946,13):
2026-10-10T07:01:56.2817676Z           while compiling class template member function 'void YAML::jkj::dragonbox::remove_trailing_zeros_traits<YAML::jkj::dragonbox::policy::trailing_zero::remove_t,YAML::jkj::dragonbox::ieee754_binary32,unsigned int,YAML::jkj::dragonbox::detail::impl<YAML::jkj::dragonbox::ieee754_binary_traits<YAML::jkj::dragonbox::ieee754_binary32,uint_least32_t,int>>::compute_nearest::decimal_exponent_type_>::remove_trailing_zeros(uint_least32_t &,DecimalExponentType &) noexcept'
2026-10-10T07:01:56.2821551Z           with
2026-10-10T07:01:56.2822295Z           [
2026-10-10T07:01:56.2824276Z               DecimalExponentType=YAML::jkj::dragonbox::detail::impl<YAML::jkj::dragonbox::ieee754_binary_traits<YAML::jkj::dragonbox::ieee754_binary32,uint_least32_t,int>>::compute_nearest::decimal_exponent_type_
2026-10-10T07:01:56.2826143Z           ]
2026-10-10T07:01:56.2827232Z               D:\a\xMind\xMind\xmind\Native\third_party\yaml-cpp\src\contrib\dragonbox.h(2379,72):
2026-10-10T07:01:56.2831914Z               see the first reference to 'YAML::jkj::dragonbox::remove_trailing_zeros_traits<YAML::jkj::dragonbox::policy::trailing_zero::remove_t,YAML::jkj::dragonbox::ieee754_binary32,unsigned int,YAML::jkj::dragonbox::detail::impl<YAML::jkj::dragonbox::ieee754_binary_traits<YAML::jkj::dragonbox::ieee754_binary32,uint_least32_t,int>>::compute_nearest::decimal_exponent_type_>::remove_trailing_zeros' in 'YAML::jkj::dragonbox::policy::trailing_zero::remove_t::on_trailing_zeros'
2026-10-10T07:01:56.2835925Z               D:\a\xMind\xMind\xmind\Native\third_party\yaml-cpp\src\contrib\dragonbox.h(3353,69):
2026-10-10T07:01:56.2838641Z               see the first reference to 'YAML::jkj::dragonbox::policy::trailing_zero::remove_t::on_trailing_zeros' in 'YAML::jkj::dragonbox::detail::impl<YAML::jkj::dragonbox::ieee754_binary_traits<YAML::jkj::dragonbox::ieee754_binary32,uint_least32_t,int>>::compute_nearest'
2026-10-10T07:01:56.2841129Z               D:\a\xMind\xMind\xmind\Native\third_party\yaml-cpp\src\contrib\dragonbox.h(4108,25):
2026-10-10T07:01:56.2844274Z               see the first reference to 'YAML::jkj::dragonbox::detail::impl<YAML::jkj::dragonbox::ieee754_binary_traits<YAML::jkj::dragonbox::ieee754_binary32,uint_least32_t,int>>::compute_nearest' in 'YAML::jkj::dragonbox::detail::to_decimal_dispatcher<FormatTraits,YAML::jkj::dragonbox::to_decimal_ex::policy_holder>::operator ()'
2026-10-10T07:01:56.2846881Z           with
2026-10-10T07:01:56.2847440Z           [
2026-10-10T07:01:56.2848640Z               FormatTraits=YAML::jkj::dragonbox::ieee754_binary_traits<YAML::jkj::dragonbox::ieee754_binary32,uint_least32_t,int>
2026-10-10T07:01:56.2850404Z           ]
2026-10-10T07:01:56.2851464Z               D:\a\xMind\xMind\xmind\Native\third_party\yaml-cpp\src\contrib\dragonbox.h(2483,25):
2026-10-10T07:01:56.2854036Z               see the first reference to 'YAML::jkj::dragonbox::detail::to_decimal_dispatcher<FormatTraits,YAML::jkj::dragonbox::to_decimal_ex::policy_holder>::operator ()' in 'YAML::jkj::dragonbox::policy::decimal_to_binary_rounding::nearest_to_even_t::delegate'
2026-10-10T07:01:56.2856484Z           with
2026-10-10T07:01:56.2857157Z           [
2026-10-10T07:01:56.2858727Z               FormatTraits=YAML::jkj::dragonbox::ieee754_binary_traits<YAML::jkj::dragonbox::ieee754_binary32,uint_least32_t,int>
2026-10-10T07:01:56.2860080Z           ]
2026-10-10T07:01:56.2861146Z               D:\a\xMind\xMind\xmind\Native\third_party\yaml-cpp\src\contrib\dragonbox.h(4146,35):
2026-10-10T07:01:56.2863143Z               see the first reference to 'YAML::jkj::dragonbox::policy::decimal_to_binary_rounding::nearest_to_even_t::delegate' in 'YAML::jkj::dragonbox::to_decimal_ex'
2026-10-10T07:01:56.2865142Z               D:\a\xMind\xMind\xmind\Native\third_party\yaml-cpp\src\contrib\dragonbox.h(4163,20):
2026-10-10T07:01:56.2866804Z               see the first reference to 'YAML::jkj::dragonbox::to_decimal_ex' in 'YAML::jkj::dragonbox::to_decimal'
2026-10-10T07:01:56.2868337Z               D:\a\xMind\xMind\xmind\Native\third_party\yaml-cpp\src\fptostring.cpp(93,28):
2026-10-10T07:01:56.2869943Z               see the first reference to 'YAML::jkj::dragonbox::to_decimal' in 'YAML::detail::fp_formatting::FpToString'
2026-10-10T07:01:56.2871473Z   
2026-10-10T07:01:56.2872072Z   node_data.cpp
2026-10-10T07:01:56.2872667Z   nodebuilder.cpp
2026-10-10T07:01:56.2873585Z   nodeevents.cpp
2026-10-10T07:01:56.2874847Z   absl_throw_delegate.vcxproj -> D:\a\xMind\xMind\xmind\build\native\third_party\abseil-cpp\absl\base\Release\absl_throw_delegate.lib
2026-10-10T07:01:56.2876332Z   null.cpp
2026-10-10T07:01:56.2877022Z   ostream_wrapper.cpp
2026-10-10T07:01:56.2877681Z   parse.cpp
2026-10-10T07:01:56.2878930Z   absl_time_zone.vcxproj -> D:\a\xMind\xMind\xmind\build\native\third_party\abseil-cpp\absl\time\Release\absl_time_zone.lib
2026-10-10T07:01:56.2880245Z   parser.cpp
2026-10-10T07:01:56.2880884Z   regex_yaml.cpp
2026-10-10T07:01:56.2881565Z   scanner.cpp
2026-10-10T07:01:56.2882181Z   scanscalar.cpp
2026-10-10T07:01:56.2882871Z   scantag.cpp
2026-10-10T07:01:56.2883346Z   scantoken.cpp
2026-10-10T07:01:56.2884012Z   simplekey.cpp
2026-10-10T07:01:56.2884725Z   singledocparser.cpp
2026-10-10T07:01:56.2885303Z   stream.cpp
2026-10-10T07:01:56.2885837Z   tag.cpp
2026-10-10T07:01:56.2886362Z   Generating Code...
2026-10-10T07:01:56.2886943Z   anthropic_request.cpp
2026-10-10T07:01:56.2887525Z   anthropic_stream.cpp
2026-10-10T07:01:56.2888096Z   address_is_readable.cc
2026-10-10T07:01:56.2888708Z   elf_mem_image.cc
2026-10-10T07:01:56.2889236Z   vdso_support.cc
2026-10-10T07:01:56.2889767Z   Generating Code...
2026-10-10T07:01:56.2891455Z   absl_debugging_internal.vcxproj -> D:\a\xMind\xMind\xmind\build\native\third_party\abseil-cpp\absl\debugging\Release\absl_debugging_internal.lib
2026-10-10T07:01:56.2892834Z   cordz_functions.cc
2026-10-10T07:01:56.2893836Z   yaml-cpp.vcxproj -> D:\a\xMind\xMind\xmind\build\native\third_party\yaml-cpp\Release\yaml-cpp.lib
2026-10-10T07:01:56.2895977Z   absl_cordz_functions.vcxproj -> D:\a\xMind\xMind\xmind\build\native\third_party\abseil-cpp\absl\strings\Release\absl_cordz_functions.lib
2026-10-10T07:01:56.2897646Z   Building Custom Rule D:/a/xMind/xMind/xmind/Native/third_party/abseil-cpp/absl/base/CMakeLists.txt
2026-10-10T07:01:56.3682979Z   casts.cc
2026-10-10T07:02:00.8733524Z   anthropic_history.cpp
2026-10-10T07:02:02.0421591Z   cycleclock.cc
2026-10-10T07:02:02.1280822Z   agentflow_mcp_wire.vcxproj -> D:\a\xMind\xMind\xmind\build\native\Release\agentflow_mcp_wire.lib
2026-10-10T07:02:03.7855805Z   spinlock.cc
2026-10-10T07:02:04.4301875Z   gemini_request.cpp
2026-10-10T07:02:04.9512369Z   sysinfo.cc
2026-10-10T07:02:06.3042261Z   thread_identity.cc
2026-10-10T07:02:07.4375062Z   unscaledcycleclock.cc
2026-10-10T07:02:07.5986698Z   Generating Code...
2026-10-10T07:02:07.7380194Z   gemini_stream.cpp
2026-10-10T07:02:07.9441547Z   absl_base.vcxproj -> D:\a\xMind\xMind\xmind\build\native\third_party\abseil-cpp\absl\base\Release\absl_base.lib
2026-10-10T07:02:08.1530176Z   Building Custom Rule D:/a/xMind/xMind/xmind/Native/third_party/abseil-cpp/absl/base/CMakeLists.txt
2026-10-10T07:02:08.1567587Z   Building Custom Rule D:/a/xMind/xMind/xmind/Native/third_party/abseil-cpp/absl/base/CMakeLists.txt
2026-10-10T07:02:08.1607355Z   Building Custom Rule D:/a/xMind/xMind/xmind/Native/third_party/abseil-cpp/absl/hash/CMakeLists.txt
2026-10-10T07:02:08.1638482Z   Building Custom Rule D:/a/xMind/xMind/xmind/Native/third_party/abseil-cpp/absl/debugging/CMakeLists.txt
2026-10-10T07:02:08.1823162Z   Building Custom Rule D:/a/xMind/xMind/xmind/Native/third_party/abseil-cpp/absl/base/CMakeLists.txt
2026-10-10T07:02:08.2488755Z   Building Custom Rule D:/a/xMind/xMind/xmind/Native/third_party/abseil-cpp/absl/numeric/CMakeLists.txt
2026-10-10T07:02:08.2868645Z   Building Custom Rule D:/a/xMind/xMind/xmind/Native/third_party/abseil-cpp/absl/log/CMakeLists.txt
2026-10-10T07:02:08.2873652Z   Building Custom Rule D:/a/xMind/xMind/xmind/Native/third_party/abseil-cpp/absl/strings/CMakeLists.txt
2026-10-10T07:02:10.1641281Z   low_level_alloc.cc
2026-10-10T07:02:10.1685791Z   decode_rust_punycode.cc
2026-10-10T07:02:11.9327037Z   cpu_detect.cc
2026-10-10T07:02:12.3779584Z   conditions.cc
2026-10-10T07:02:15.3980498Z   absl_base_cpu_detect.vcxproj -> D:\a\xMind\xMind\xmind\build\native\third_party\abseil-cpp\absl\base\Release\absl_base_cpu_detect.lib
2026-10-10T07:02:15.4056543Z   tracing.cc
2026-10-10T07:02:15.4089997Z   absl_decode_rust_punycode.vcxproj -> D:\a\xMind\xMind\xmind\build\native\third_party\abseil-cpp\absl\debugging\Release\absl_decode_rust_punycode.lib
2026-10-10T07:02:15.4148546Z   absl_tracing_internal.vcxproj -> D:\a\xMind\xMind\xmind\build\native\third_party\abseil-cpp\absl\base\Release\absl_tracing_internal.lib
2026-10-10T07:02:15.4522013Z   Building Custom Rule D:/a/xMind/xMind/xmind/Native/third_party/abseil-cpp/absl/crc/CMakeLists.txt
2026-10-10T07:02:15.4858981Z   city.cc
2026-10-10T07:02:15.5198072Z   Building Custom Rule D:/a/xMind/xMind/xmind/Native/third_party/abseil-cpp/absl/debugging/CMakeLists.txt
2026-10-10T07:02:15.6045117Z   absl_log_internal_conditions.vcxproj -> D:\a\xMind\xMind\xmind\build\native\third_party\abseil-cpp\absl\log\Release\absl_log_internal_conditions.lib
2026-10-10T07:02:15.6385594Z   crc.cc
2026-10-10T07:02:15.6724897Z   demangle_rust.cc
2026-10-10T07:02:15.7061272Z   absl_malloc_internal.vcxproj -> D:\a\xMind\xMind\xmind\build\native\third_party\abseil-cpp\absl\base\Release\absl_malloc_internal.lib
2026-10-10T07:02:15.7400451Z   absl_demangle_rust.vcxproj -> D:\a\xMind\xMind\xmind\build\native\third_party\abseil-cpp\absl\debugging\Release\absl_demangle_rust.lib
2026-10-10T07:02:15.7739179Z   Building Custom Rule D:/a/xMind/xMind/xmind/Native/third_party/abseil-cpp/absl/synchronization/CMakeLists.txt
2026-10-10T07:02:15.8075762Z   absl_city.vcxproj -> D:\a\xMind\xMind\xmind\build\native\third_party\abseil-cpp\absl\hash\Release\absl_city.lib
2026-10-10T07:02:15.8410537Z   graphcycles.cc
2026-10-10T07:02:15.8749335Z   crc_x86_arm_combined.cc
2026-10-10T07:02:15.9086023Z   Building Custom Rule D:/a/xMind/xMind/xmind/Native/third_party/abseil-cpp/absl/debugging/CMakeLists.txt
2026-10-10T07:02:15.9420908Z   demangle.cc
2026-10-10T07:02:15.9761008Z   gemini_history.cpp
2026-10-10T07:02:16.0105270Z   Generating Code...
2026-10-10T07:02:16.0435438Z   Building Custom Rule D:/a/xMind/xMind/xmind/Native/third_party/abseil-cpp/absl/debugging/CMakeLists.txt
2026-10-10T07:02:16.1252590Z   absl_crc_internal.vcxproj -> D:\a\xMind\xMind\xmind\build\native\third_party\abseil-cpp\absl\crc\Release\absl_crc_internal.lib
2026-10-10T07:02:16.1588129Z   stacktrace.cc
2026-10-10T07:02:16.1926699Z   absl_graphcycles_internal.vcxproj -> D:\a\xMind\xMind\xmind\build\native\third_party\abseil-cpp\absl\synchronization\Release\absl_graphcycles_internal.lib
2026-10-10T07:02:16.2265073Z   absl_demangle_internal.vcxproj -> D:\a\xMind\xMind\xmind\build\native\third_party\abseil-cpp\absl\debugging\Release\absl_demangle_internal.lib
2026-10-10T07:02:16.2603354Z   ostringstream.cc
2026-10-10T07:02:16.2939634Z   int128.cc
2026-10-10T07:02:16.4828310Z   absl_stacktrace.vcxproj -> D:\a\xMind\xMind\xmind\build\native\third_party\abseil-cpp\absl\debugging\Release\absl_stacktrace.lib
2026-10-10T07:02:16.6783829Z   utf8.cc
2026-10-10T07:02:16.9410140Z   escaping.cc
2026-10-10T07:02:18.4090316Z   absl_int128.vcxproj -> D:\a\xMind\xMind\xmind\build\native\third_party\abseil-cpp\absl\numeric\Release\absl_int128.lib
2026-10-10T07:02:18.4831729Z   Generating Code...
2026-10-10T07:02:18.7377719Z   absl_strings_internal.vcxproj -> D:\a\xMind\xMind\xmind\build\native\third_party\abseil-cpp\absl\strings\Release\absl_strings_internal.lib
2026-10-10T07:02:18.8218019Z   Building Custom Rule D:/a/xMind/xMind/xmind/Native/third_party/abseil-cpp/absl/strings/CMakeLists.txt
2026-10-10T07:02:18.9148149Z   ascii.cc
2026-10-10T07:02:19.3435250Z   gemini_model_policy.cpp
2026-10-10T07:02:19.6798481Z   charconv.cc
2026-10-10T07:02:20.9874180Z   escaping.cc
2026-10-10T07:02:21.1874206Z   deepseek_request.cpp
2026-10-10T07:02:22.4627138Z   charconv_bigint.cc
2026-10-10T07:02:23.5924466Z   charconv_parse.cc
2026-10-10T07:02:24.4390646Z   damerau_levenshtein_distance.cc
2026-10-10T07:02:24.8542892Z   deepseek_model_policy.cpp
2026-10-10T07:02:24.9733995Z   memutil.cc
2026-10-10T07:02:25.7069290Z   stringify_sink.cc
2026-10-10T07:02:26.6062602Z   match.cc
2026-10-10T07:02:26.7194603Z   provider_model_policy.cpp
2026-10-10T07:02:27.6515822Z   numbers.cc
2026-10-10T07:02:28.6457999Z   Generating Code...
2026-10-10T07:02:31.1699630Z   str_cat.cc
2026-10-10T07:02:34.9930018Z   str_replace.cc
2026-10-10T07:02:38.5397980Z   str_split.cc
2026-10-10T07:02:43.1152974Z   substitute.cc
2026-10-10T07:02:49.2725739Z   Generating Code...
2026-10-10T07:03:00.8373101Z   absl_strings.vcxproj -> D:\a\xMind\xMind\xmind\build\native\third_party\abseil-cpp\absl\strings\Release\absl_strings.lib
2026-10-10T07:03:03.4647944Z   Building Custom Rule D:/a/xMind/xMind/xmind/Native/third_party/abseil-cpp/absl/log/CMakeLists.txt
2026-10-10T07:03:03.4662112Z   proto.cc
2026-10-10T07:03:03.4726967Z   Building Custom Rule D:/a/xMind/xMind/xmind/Native/third_party/abseil-cpp/absl/log/CMakeLists.txt
2026-10-10T07:03:07.2263601Z   fnmatch.cc
2026-10-10T07:03:07.8219283Z   Building Custom Rule D:/a/xMind/xMind/xmind/Native/third_party/abseil-cpp/absl/flags/CMakeLists.txt
2026-10-10T07:03:07.8509056Z   absl_log_internal_fnmatch.vcxproj -> D:\a\xMind\xMind\xmind\build\native\third_party\abseil-cpp\absl\log\Release\absl_log_internal_fnmatch.lib
2026-10-10T07:03:07.8542857Z   absl_log_internal_proto.vcxproj -> D:\a\xMind\xMind\xmind\build\native\third_party\abseil-cpp\absl\log\Release\absl_log_internal_proto.lib
2026-10-10T07:03:09.4566966Z   commandlineflag.cc
2026-10-10T07:03:09.4636599Z   Building Custom Rule D:/a/xMind/xMind/xmind/Native/third_party/abseil-cpp/absl/strings/CMakeLists.txt
2026-10-10T07:03:09.5140234Z   arg.cc
2026-10-10T07:03:09.5141444Z   agentflow_models.vcxproj -> D:\a\xMind\xMind\xmind\build\native\Release\agentflow_models.lib
2026-10-10T07:03:09.5142982Z   Building Custom Rule D:/a/xMind/xMind/xmind/Native/third_party/abseil-cpp/absl/log/CMakeLists.txt
2026-10-10T07:03:09.5267360Z   Building Custom Rule D:/a/xMind/xMind/xmind/Native/third_party/abseil-cpp/absl/time/CMakeLists.txt
2026-10-10T07:03:11.1029705Z   absl_flags_commandlineflag.vcxproj -> D:\a\xMind\xMind\xmind\build\native\third_party\abseil-cpp\absl\flags\Release\absl_flags_commandlineflag.lib
2026-10-10T07:03:16.0581312Z   Building Custom Rule D:/a/xMind/xMind/xmind/Native/third_party/abseil-cpp/absl/debugging/CMakeLists.txt
2026-10-10T07:03:18.3741991Z   Building Custom Rule D:/a/xMind/xMind/xmind/Native/CMakeLists.txt
2026-10-10T07:03:18.3760152Z   symbolize.cc
2026-10-10T07:03:18.3763692Z   Building Custom Rule D:/a/xMind/xMind/xmind/Native/third_party/abseil-cpp/absl/hash/CMakeLists.txt
2026-10-10T07:03:18.3768727Z   backend_lease.cpp
2026-10-10T07:03:18.3772794Z   bind.cc
2026-10-10T07:03:18.3778274Z   Building Custom Rule D:/a/xMind/xMind/xmind/Native/third_party/abseil-cpp/absl/flags/CMakeLists.txt
2026-10-10T07:03:18.3788787Z D:\a\xMind\xMind\xmind\Native\src\backend_lease.cpp(21,72): warning C4996: 'std::filesystem::u8path': warning STL4021: The std::filesystem::u8path() overloads are deprecated in C++20. The constructors of std::filesystem::path provide equivalent functionality via construction from u8string, u8string_view, or iterators with value_type char8_t. You can define _SILENCE_CXX20_U8PATH_DEPRECATION_WARNING or _SILENCE_ALL_CXX20_DEPRECATION_WARNINGS to suppress this warning. [D:\a\xMind\xMind\xmind\build\native\agentflow_core.vcxproj]
2026-10-10T07:03:18.3795371Z   civil_time.cc
2026-10-10T07:03:18.3798374Z   xlang_sqlite.cpp
2026-10-10T07:03:18.3801302Z   extension.cc
2026-10-10T07:03:18.3806591Z C:\Program Files\Microsoft Visual Studio\18\Enterprise\VC\Tools\MSVC\14.51.36231\include\memory(3997,10): warning C4996: 'std::atomic_store_explicit': warning STL4029: std::atomic_*() overloads for shared_ptr are deprecated in C++20. The shared_ptr specialization of std::atomic provides superior functionality. You can define _SILENCE_CXX20_OLD_SHARED_PTR_ATOMIC_SUPPORT_DEPRECATION_WARNING or _SILENCE_ALL_CXX20_DEPRECATION_WARNINGS to suppress this warning. [D:\a\xMind\xMind\xmind\build\native\agentflow_core.vcxproj]
2026-10-10T07:03:18.3811881Z   (compiling source file '../../../../../../Native/src/xlang_sqlite.cpp')
2026-10-10T07:03:18.3813987Z       C:\Program Files\Microsoft Visual Studio\18\Enterprise\VC\Tools\MSVC\14.51.36231\include\memory(3997,10):
2026-10-10T07:03:18.3816395Z       the template instantiation context (the oldest one first) is
2026-10-10T07:03:18.3818522Z           D:\a\xMind\xMind\xlang3\sdk\xlang3\cpp\package.h(49,23):
2026-10-10T07:03:18.3830057Z           see reference to function template instantiation 'void std::atomic_store<X::detail::InstanceEvents>(std::shared_ptr<X::detail::InstanceEvents> *,std::shared_ptr<X::detail::InstanceEvents>)' being compiled
2026-10-10T07:03:18.3903918Z   
2026-10-10T07:03:18.3905521Z   repository.cpp
2026-10-10T07:03:18.6954016Z   private_handle_accessor.cc
2026-10-10T07:03:18.6960300Z   float_conversion.cc
2026-10-10T07:03:18.7205650Z   clock.cc
2026-10-10T07:03:18.7211374Z   output.cc
2026-10-10T07:03:18.7216677Z   parser.cc
2026-10-10T07:03:18.7341449Z   duration.cc
2026-10-10T07:03:22.8917662Z   absl_symbolize.vcxproj -> D:\a\xMind\xMind\xmind\build\native\third_party\abseil-cpp\absl\debugging\Release\absl_symbolize.lib
2026-10-10T07:03:22.9122586Z   Generating Code...
2026-10-10T07:03:23.0584580Z   absl_flags_private_handle_accessor.vcxproj -> D:\a\xMind\xMind\xmind\build\native\third_party\abseil-cpp\absl\flags\Release\absl_flags_private_handle_accessor.lib
2026-10-10T07:03:25.1328526Z D:\a\xMind\xMind\xmind\Native\src\repository.cpp(2041,176): warning C4457: declaration of 'owner' hides function parameter [D:\a\xMind\xMind\xmind\build\native\agentflow_core.vcxproj]
2026-10-10T07:03:25.1339859Z       D:\a\xMind\xMind\xmind\Native\src\repository.cpp(2028,65):
2026-10-10T07:03:25.1343859Z       see declaration of 'owner'
2026-10-10T07:03:25.1345534Z   
2026-10-10T07:03:25.1510642Z   format.cc
2026-10-10T07:03:25.1517342Z   structured_proto.cc
2026-10-10T07:03:25.3256421Z   absl_log_internal_structured_proto.vcxproj -> D:\a\xMind\xMind\xmind\build\native\third_party\abseil-cpp\absl\log\Release\absl_log_internal_structured_proto.lib
2026-10-10T07:03:25.4831748Z   absl_str_format_internal.vcxproj -> D:\a\xMind\xMind\xmind\build\native\third_party\abseil-cpp\absl\strings\Release\absl_str_format_internal.lib
2026-10-10T07:03:31.9005427Z   Building Custom Rule D:/a/xMind/xMind/xmind/Native/third_party/abseil-cpp/absl/flags/CMakeLists.txt
2026-10-10T07:03:31.9303265Z   Building Custom Rule D:/a/xMind/xMind/xmind/Native/third_party/abseil-cpp/absl/crc/CMakeLists.txt
2026-10-10T07:03:38.4002063Z   crc32c.cc
2026-10-10T07:03:38.9856052Z   legacy_owner.cpp
2026-10-10T07:03:39.1587830Z   crc_memcpy_fallback.cc
2026-10-10T07:03:39.1987775Z   marshalling.cc
2026-10-10T07:03:39.3947960Z   time.cc
2026-10-10T07:03:39.3997057Z   Generating Code...
2026-10-10T07:03:39.4097115Z   absl_flags_marshalling.vcxproj -> D:\a\xMind\xMind\xmind\build\native\third_party\abseil-cpp\absl\flags\Release\absl_flags_marshalling.lib
2026-10-10T07:03:39.5647511Z   absl_time.vcxproj -> D:\a\xMind\xMind\xmind\build\native\third_party\abseil-cpp\absl\time\Release\absl_time.lib
2026-10-10T07:03:39.5905031Z   Building Custom Rule D:/a/xMind/xMind/xmind/Native/third_party/abseil-cpp/absl/log/CMakeLists.txt
2026-10-10T07:03:39.6548058Z   Building Custom Rule D:/a/xMind/xMind/xmind/Native/third_party/abseil-cpp/absl/synchronization/CMakeLists.txt
2026-10-10T07:03:39.6662582Z   crc_memcpy_x86_arm_combined.cc
2026-10-10T07:03:39.6704570Z   kernel_timeout.cc
2026-10-10T07:03:39.6737556Z   log_entry.cc
2026-10-10T07:03:39.6766066Z   crc_non_temporal_memcpy.cc
2026-10-10T07:03:39.6811666Z   persistence_service.cpp
2026-10-10T07:03:39.6819992Z   Generating Code...
2026-10-10T07:03:39.6824418Z   absl_kernel_timeout_internal.vcxproj -> D:\a\xMind\xMind\xmind\build\native\third_party\abseil-cpp\absl\synchronization\Release\absl_kernel_timeout_internal.lib
2026-10-10T07:03:39.6832408Z   absl_crc32c.vcxproj -> D:\a\xMind\xMind\xmind\build\native\third_party\abseil-cpp\absl\crc\Release\absl_crc32c.lib
2026-10-10T07:03:39.6836774Z   hash.cc
2026-10-10T07:03:39.6843461Z   absl_log_entry.vcxproj -> D:\a\xMind\xMind\xmind\build\native\third_party\abseil-cpp\absl\log\Release\absl_log_entry.lib
2026-10-10T07:03:39.6871454Z   Building Custom Rule D:/a/xMind/xMind/xmind/Native/third_party/abseil-cpp/absl/synchronization/CMakeLists.txt
2026-10-10T07:03:39.6931578Z   Building Custom Rule D:/a/xMind/xMind/xmind/Native/third_party/abseil-cpp/absl/debugging/CMakeLists.txt
2026-10-10T07:03:42.7083226Z   Building Custom Rule D:/a/xMind/xMind/xmind/Native/third_party/abseil-cpp/absl/crc/CMakeLists.txt
2026-10-10T07:03:42.7149851Z   crc_cord_state.cc
2026-10-10T07:03:42.8111816Z   absl_hash.vcxproj -> D:\a\xMind\xMind\xmind\build\native\third_party\abseil-cpp\absl\hash\Release\absl_hash.lib
2026-10-10T07:03:42.8220227Z   Building Custom Rule D:/a/xMind/xMind/xmind/Native/third_party/abseil-cpp/absl/log/CMakeLists.txt
2026-10-10T07:03:42.9620660Z   absl_crc_cord_state.vcxproj -> D:\a\xMind\xMind\xmind\build\native\third_party\abseil-cpp\absl\crc\Release\absl_crc_cord_state.lib
2026-10-10T07:03:52.8687706Z   globals.cc
2026-10-10T07:03:58.1029251Z   barrier.cc
2026-10-10T07:03:58.1737224Z   Building Custom Rule D:/a/xMind/xMind/xmind/Native/third_party/abseil-cpp/absl/log/CMakeLists.txt
2026-10-10T07:03:58.3409283Z   Building Custom Rule D:/a/xMind/xMind/xmind/Native/third_party/abseil-cpp/absl/strings/CMakeLists.txt
2026-10-10T07:03:58.3784829Z   graph.cpp
2026-10-10T07:03:58.4798504Z   blocking_counter.cc
2026-10-10T07:03:58.5467733Z   log_sink.cc
2026-10-10T07:03:58.6124533Z   absl_log_sink.vcxproj -> D:\a\xMind\xMind\xmind\build\native\third_party\abseil-cpp\absl\log\Release\absl_log_sink.lib
2026-10-10T07:03:58.6790946Z   cord_internal.cc
2026-10-10T07:03:58.7930199Z   cord_rep_btree.cc
2026-10-10T07:03:58.8606051Z   dynamic_plan.cpp
2026-10-10T07:03:58.9273253Z   create_thread_identity.cc
2026-10-10T07:03:58.9920861Z   futex_waiter.cc
2026-10-10T07:03:59.0777674Z   cord_rep_btree_navigator.cc
2026-10-10T07:03:59.1446035Z   per_thread_sem.cc
2026-10-10T07:03:59.2121494Z   examine_stack.cc
2026-10-10T07:03:59.2777579Z   pthread_waiter.cc
2026-10-10T07:03:59.3909610Z   sem_waiter.cc
2026-10-10T07:03:59.4451345Z   stdcpp_waiter.cc
2026-10-10T07:03:59.6237466Z   cord_rep_btree_reader.cc
2026-10-10T07:03:59.6900896Z   context_digest.cpp
2026-10-10T07:04:01.0119787Z   context_selection.cpp
2026-10-10T07:04:01.7906861Z   waiter_base.cc
2026-10-10T07:04:02.9857025Z   Generating Code...
2026-10-10T07:04:08.6046454Z   cord_rep_crc.cc
2026-10-10T07:04:08.6743887Z   win32_waiter.cc
2026-10-10T07:04:13.5279339Z   absl_examine_stack.vcxproj -> D:\a\xMind\xMind\xmind\build\native\third_party\abseil-cpp\absl\debugging\Release\absl_examine_stack.lib
2026-10-10T07:04:13.6319032Z   cord_rep_consume.cc
2026-10-10T07:04:13.7148631Z   notification.cc
2026-10-10T07:04:28.0516006Z   mutex.cc
2026-10-10T07:04:28.0525179Z   Generating Code...
2026-10-10T07:04:28.0532593Z   Generating Code...
2026-10-10T07:04:28.0553625Z   absl_cord_internal.vcxproj -> D:\a\xMind\xMind\xmind\build\native\third_party\abseil-cpp\absl\strings\Release\absl_cord_internal.lib
2026-10-10T07:04:28.1077207Z   absl_synchronization.vcxproj -> D:\a\xMind\xMind\xmind\build\native\third_party\abseil-cpp\absl\synchronization\Release\absl_synchronization.lib
2026-10-10T07:04:28.2123040Z   Building Custom Rule D:/a/xMind/xMind/xmind/Native/third_party/abseil-cpp/absl/strings/CMakeLists.txt
2026-10-10T07:04:28.2259552Z   Building Custom Rule D:/a/xMind/xMind/xmind/Native/third_party/abseil-cpp/absl/flags/CMakeLists.txt
2026-10-10T07:04:28.3530704Z   absl_log_internal_globals.vcxproj -> D:\a\xMind\xMind\xmind\build\native\third_party\abseil-cpp\absl\log\Release\absl_log_internal_globals.lib
2026-10-10T07:04:28.3745630Z   Building Custom Rule D:/a/xMind/xMind/xmind/Native/third_party/abseil-cpp/absl/container/CMakeLists.txt
2026-10-10T07:04:34.0169992Z   cordz_handle.cc
2026-10-10T07:04:34.0193117Z   Building Custom Rule D:/a/xMind/xMind/xmind/Native/third_party/abseil-cpp/absl/log/CMakeLists.txt
2026-10-10T07:04:34.0209202Z   hashtablez_sampler.cc
2026-10-10T07:04:34.0220287Z   program_name.cc
2026-10-10T07:04:34.0237987Z   hashtablez_sampler_force_weak_definition.cc
2026-10-10T07:04:34.0351277Z   absl_cordz_handle.vcxproj -> D:\a\xMind\xMind\xmind\build\native\third_party\abseil-cpp\absl\strings\Release\absl_cordz_handle.lib
2026-10-10T07:04:34.0752695Z   absl_flags_program_name.vcxproj -> D:\a\xMind\xMind\xmind\build\native\third_party\abseil-cpp\absl\flags\Release\absl_flags_program_name.lib
2026-10-10T07:04:34.1079528Z   Building Custom Rule D:/a/xMind/xMind/xmind/Native/third_party/abseil-cpp/absl/log/CMakeLists.txt
2026-10-10T07:04:39.1814448Z   Building Custom Rule D:/a/xMind/xMind/xmind/Native/third_party/abseil-cpp/absl/strings/CMakeLists.txt
2026-10-10T07:04:41.0311180Z   Generating Code...
2026-10-10T07:04:41.0454255Z   absl_hashtablez_sampler.vcxproj -> D:\a\xMind\xMind\xmind\build\native\third_party\abseil-cpp\absl\container\Release\absl_hashtablez_sampler.lib
2026-10-10T07:04:41.1347376Z   Building Custom Rule D:/a/xMind/xMind/xmind/Native/third_party/abseil-cpp/absl/flags/CMakeLists.txt
2026-10-10T07:04:53.6211165Z   cordz_info.cc
2026-10-10T07:04:53.7517966Z   usage_config.cc
2026-10-10T07:04:53.7548898Z   log_format.cc
2026-10-10T07:04:53.7612734Z   absl_flags_config.vcxproj -> D:\a\xMind\xMind\xmind\build\native\third_party\abseil-cpp\absl\flags\Release\absl_flags_config.lib
2026-10-10T07:04:53.8684134Z   vlog_config.cc
2026-10-10T07:04:53.9658632Z   agentflow_core.vcxproj -> D:\a\xMind\xMind\xmind\build\native\Release\agentflow_core.lib
2026-10-10T07:04:54.0673954Z   Building Custom Rule D:/a/xMind/xMind/xmind/Native/CMakeLists.txt
2026-10-10T07:04:54.2626732Z   Building Custom Rule D:/a/xMind/xMind/xmind/Native/third_party/abseil-cpp/absl/flags/CMakeLists.txt
2026-10-10T07:04:54.3394620Z   absl_cordz_info.vcxproj -> D:\a\xMind\xMind\xmind\build\native\third_party\abseil-cpp\absl\strings\Release\absl_cordz_info.lib
2026-10-10T07:04:54.4065119Z   permission_waiter.cpp
2026-10-10T07:04:55.8651396Z   flag.cc
2026-10-10T07:04:55.8670394Z   absl_log_internal_format.vcxproj -> D:\a\xMind\xMind\xmind\build\native\third_party\abseil-cpp\absl\log\Release\absl_log_internal_format.lib
2026-10-10T07:04:55.9909146Z   Building Custom Rule D:/a/xMind/xMind/xmind/Native/third_party/abseil-cpp/absl/strings/CMakeLists.txt
2026-10-10T07:04:56.1655356Z   cord.cc
2026-10-10T07:04:58.2518608Z   absl_vlog_config_internal.vcxproj -> D:\a\xMind\xMind\xmind\build\native\third_party\abseil-cpp\absl\log\Release\absl_vlog_config_internal.lib
2026-10-10T07:04:58.3546966Z   Building Custom Rule D:/a/xMind/xMind/xmind/Native/third_party/abseil-cpp/absl/log/CMakeLists.txt
2026-10-10T07:04:58.5206643Z   globals.cc
2026-10-10T07:04:59.4508910Z   agentflow_policy.vcxproj -> D:\a\xMind\xMind\xmind\build\native\Release\agentflow_policy.lib
2026-10-10T07:05:00.6011171Z   cord_analysis.cc
2026-10-10T07:05:00.6467435Z   absl_flags_internal.vcxproj -> D:\a\xMind\xMind\xmind\build\native\third_party\abseil-cpp\absl\flags\Release\absl_flags_internal.lib
2026-10-10T07:05:02.0453336Z   absl_log_globals.vcxproj -> D:\a\xMind\xMind\xmind\build\native\third_party\abseil-cpp\absl\log\Release\absl_log_globals.lib
2026-10-10T07:05:02.1551079Z   Building Custom Rule D:/a/xMind/xMind/xmind/Native/third_party/abseil-cpp/absl/log/CMakeLists.txt
2026-10-10T07:05:02.2788764Z   log_sink_set.cc
2026-10-10T07:05:03.4720497Z   Generating Code...
2026-10-10T07:05:04.6901334Z   absl_cord.vcxproj -> D:\a\xMind\xMind\xmind\build\native\third_party\abseil-cpp\absl\strings\Release\absl_cord.lib
2026-10-10T07:05:04.7986168Z   Building Custom Rule D:/a/xMind/xMind/xmind/Native/third_party/abseil-cpp/absl/container/CMakeLists.txt
2026-10-10T07:05:04.9306665Z   raw_hash_set.cc
2026-10-10T07:05:05.5622141Z   absl_log_internal_log_sink_set.vcxproj -> D:\a\xMind\xMind\xmind\build\native\third_party\abseil-cpp\absl\log\Release\absl_log_internal_log_sink_set.lib
2026-10-10T07:05:05.6707288Z   Building Custom Rule D:/a/xMind/xMind/xmind/Native/third_party/abseil-cpp/absl/log/CMakeLists.txt
2026-10-10T07:05:05.8134713Z   log_message.cc
2026-10-10T07:05:08.7840511Z   absl_log_internal_message.vcxproj -> D:\a\xMind\xMind\xmind\build\native\third_party\abseil-cpp\absl\log\Release\absl_log_internal_message.lib
2026-10-10T07:05:08.8651927Z   absl_raw_hash_set.vcxproj -> D:\a\xMind\xMind\xmind\build\native\third_party\abseil-cpp\absl\container\Release\absl_raw_hash_set.lib
2026-10-10T07:05:08.9870275Z   Building Custom Rule D:/a/xMind/xMind/xmind/Native/third_party/abseil-cpp/absl/log/CMakeLists.txt
2026-10-10T07:05:08.9890161Z   Building Custom Rule D:/a/xMind/xMind/xmind/Native/third_party/abseil-cpp/absl/flags/CMakeLists.txt
2026-10-10T07:05:09.1276120Z   check_op.cc
2026-10-10T07:05:09.1678805Z   reflection.cc
2026-10-10T07:05:11.7297943Z   absl_log_internal_check_op.vcxproj -> D:\a\xMind\xMind\xmind\build\native\third_party\abseil-cpp\absl\log\Release\absl_log_internal_check_op.lib
2026-10-10T07:05:13.0617041Z   absl_flags_reflection.vcxproj -> D:\a\xMind\xMind\xmind\build\native\third_party\abseil-cpp\absl\flags\Release\absl_flags_reflection.lib
2026-10-10T07:05:13.1768520Z   Building Custom Rule D:/a/xMind/xMind/xmind/Native/third_party/re2/CMakeLists.txt
2026-10-10T07:05:13.3255690Z   bitmap256.cc
2026-10-10T07:05:15.4485759Z   bitstate.cc
2026-10-10T07:05:17.6600890Z   compile.cc
2026-10-10T07:05:20.7334792Z   dfa.cc
2026-10-10T07:05:23.9786853Z   filtered_re2.cc
2026-10-10T07:05:27.2089293Z   mimics_pcre.cc
2026-10-10T07:05:29.5969737Z   nfa.cc
2026-10-10T07:05:32.0240763Z   onepass.cc
2026-10-10T07:05:34.4769518Z   parse.cc
2026-10-10T07:05:36.7819204Z   perl_groups.cc
2026-10-10T07:05:36.7926967Z   prefilter.cc
2026-10-10T07:05:39.2276709Z   prefilter_tree.cc
2026-10-10T07:05:42.4123503Z   prog.cc
2026-10-10T07:05:44.9080358Z   re2.cc
2026-10-10T07:05:47.4810969Z   regexp.cc
2026-10-10T07:05:50.7969996Z   set.cc
2026-10-10T07:05:53.1004725Z   simplify.cc
2026-10-10T07:05:55.4034091Z   tostring.cc
2026-10-10T07:05:57.7589612Z   unicode_casefold.cc
2026-10-10T07:05:57.7706444Z   unicode_groups.cc
2026-10-10T07:05:57.7973176Z   Generating Code...
2026-10-10T07:06:05.9400224Z   Compiling...
2026-10-10T07:06:05.9400912Z   rune.cc
2026-10-10T07:06:05.9603132Z   strutil.cc
2026-10-10T07:06:06.4455464Z   Generating Code...
2026-10-10T07:06:06.6783345Z   re2.vcxproj -> D:\a\xMind\xMind\xmind\build\native\third_party\re2\Release\re2.lib
2026-10-10T07:06:06.8060083Z   Building Custom Rule D:/a/xMind/xMind/xmind/Native/CMakeLists.txt
2026-10-10T07:06:06.9538499Z   workspace_tools.cpp
2026-10-10T07:06:10.7642132Z   windows_workspace.cpp
2026-10-10T07:06:13.9579378Z   path_glob.cpp
2026-10-10T07:06:16.1239017Z   path_ignore.cpp
2026-10-10T07:06:18.0807012Z   search_pattern.cpp
2026-10-10T07:06:19.1830297Z   repository_instruction_context.cpp
2026-10-10T07:06:22.8075353Z   skill_context.cpp
2026-10-10T07:06:26.6407889Z   Generating Code...
2026-10-10T07:06:40.0136847Z   agentflow_workspace.vcxproj -> D:\a\xMind\xMind\xmind\build\native\Release\agentflow_workspace.lib
2026-10-10T07:06:40.1188399Z   Building Custom Rule D:/a/xMind/xMind/xmind/Native/CMakeLists.txt
2026-10-10T07:06:40.2458203Z   process_executor.cpp
2026-10-10T07:06:48.3258458Z   agentflow_process_effects.vcxproj -> D:\a\xMind\xMind\xmind\build\native\Release\agentflow_process_effects.lib
2026-10-10T07:06:48.3980618Z   Building Custom Rule D:/a/xMind/xMind/xmind/Native/CMakeLists.txt
2026-10-10T07:06:48.5223670Z   process_executor_contract.cpp
2026-10-10T07:06:58.1003310Z   agentflow_process_executor_contract.vcxproj -> D:\a\xMind\xMind\xmind\build\native\Release\agentflow_process_executor_contract.exe
2026-10-10T07:06:58.3087732Z MSBuild version 18.10.1-1.26427.6+3cd27c13e for .NET Framework
2026-10-10T07:06:58.3447616Z 
2026-10-10T07:06:58.5477648Z   Checking File Globs
2026-10-10T07:06:59.6991404Z   absl_time_zone.vcxproj -> D:\a\xMind\xMind\xmind\build\native\third_party\abseil-cpp\absl\time\Release\absl_time_zone.lib
2026-10-10T07:06:59.7276998Z   absl_civil_time.vcxproj -> D:\a\xMind\xMind\xmind\build\native\third_party\abseil-cpp\absl\time\Release\absl_civil_time.lib
2026-10-10T07:06:59.7453839Z   absl_source_location.vcxproj -> D:\a\xMind\xMind\xmind\build\native\third_party\abseil-cpp\absl\types\Release\absl_source_location.lib
2026-10-10T07:06:59.7497084Z   absl_utf8_for_code_point.vcxproj -> D:\a\xMind\xMind\xmind\build\native\third_party\abseil-cpp\absl\debugging\Release\absl_utf8_for_code_point.lib
2026-10-10T07:06:59.7898630Z   absl_log_severity.vcxproj -> D:\a\xMind\xMind\xmind\build\native\third_party\abseil-cpp\absl\base\Release\absl_log_severity.lib
2026-10-10T07:06:59.7998423Z   absl_exponential_biased.vcxproj -> D:\a\xMind\xMind\xmind\build\native\third_party\abseil-cpp\absl\profiling\Release\absl_exponential_biased.lib
2026-10-10T07:06:59.8218018Z   absl_spinlock_wait.vcxproj -> D:\a\xMind\xMind\xmind\build\native\third_party\abseil-cpp\absl\base\Release\absl_spinlock_wait.lib
2026-10-10T07:06:59.8675124Z   absl_hardening.vcxproj -> D:\a\xMind\xMind\xmind\build\native\third_party\abseil-cpp\absl\base\Release\absl_hardening.lib
2026-10-10T07:07:00.1839322Z   absl_leak_check.vcxproj -> D:\a\xMind\xMind\xmind\build\native\third_party\abseil-cpp\absl\debugging\Release\absl_leak_check.lib
2026-10-10T07:07:00.4605145Z   absl_log_internal_nullguard.vcxproj -> D:\a\xMind\xMind\xmind\build\native\third_party\abseil-cpp\absl\log\Release\absl_log_internal_nullguard.lib
2026-10-10T07:07:00.4959356Z   absl_strerror.vcxproj -> D:\a\xMind\xMind\xmind\build\native\third_party\abseil-cpp\absl\base\Release\absl_strerror.lib
2026-10-10T07:07:00.7542798Z   agentflow_mcp_wire.vcxproj -> D:\a\xMind\xMind\xmind\build\native\Release\agentflow_mcp_wire.lib
2026-10-10T07:07:00.8089662Z   agentflow_file_patch.vcxproj -> D:\a\xMind\xMind\xmind\build\native\Release\agentflow_file_patch.lib
2026-10-10T07:07:00.9302919Z   agentflow_models.vcxproj -> D:\a\xMind\xMind\xmind\build\native\Release\agentflow_models.lib
2026-10-10T07:07:01.0387714Z   agentflow_secrets.vcxproj -> D:\a\xMind\xMind\xmind\build\native\Release\agentflow_secrets.lib
2026-10-10T07:07:01.1827972Z   Scanning sources for module dependencies...
2026-10-10T07:07:01.2406455Z   agentflow_process.vcxproj -> D:\a\xMind\xMind\xmind\build\native\Release\agentflow_process.lib
2026-10-10T07:07:01.3137803Z   yaml-cpp.vcxproj -> D:\a\xMind\xMind\xmind\build\native\third_party\yaml-cpp\Release\yaml-cpp.lib
2026-10-10T07:07:01.6837482Z   Building Custom Rule D:/a/xMind/xMind/xmind/Native/CMakeLists.txt
2026-10-10T07:07:01.8123375Z   owner_process.cpp
2026-10-10T07:07:01.8308899Z   absl_flags_commandlineflag_internal.vcxproj -> D:\a\xMind\xMind\xmind\build\native\third_party\abseil-cpp\absl\flags\Release\absl_flags_commandlineflag_internal.lib
2026-10-10T07:07:02.0395898Z   Building Custom Rule D:/a/xMind/xMind/xmind/Native/CMakeLists.txt
2026-10-10T07:07:02.0505958Z   Building Custom Rule D:/a/xMind/xMind/xmind/Native/CMakeLists.txt
2026-10-10T07:07:02.2080740Z   Building Custom Rule D:/a/xMind/xMind/xmind/Native/CMakeLists.txt
2026-10-10T07:07:04.2549292Z   json_schema.cpp
2026-10-10T07:07:04.2556163Z   absl_raw_logging_internal.vcxproj -> D:\a\xMind\xMind\xmind\build\native\third_party\abseil-cpp\absl\base\Release\absl_raw_logging_internal.lib
2026-10-10T07:07:04.2581226Z   windows_mcp_stdio.cpp
2026-10-10T07:07:04.2604797Z   agentflow_core.vcxproj -> D:\a\xMind\xMind\xmind\build\native\Release\agentflow_core.lib
2026-10-10T07:07:04.2617482Z   winhttp_stream_transport.cpp
2026-10-10T07:07:04.4906716Z   agentflow_owner_process.vcxproj -> D:\a\xMind\xMind\xmind\build\native\Release\agentflow_owner_process.lib
2026-10-10T07:07:11.1805525Z   Building Custom Rule D:/a/xMind/xMind/xmind/Native/CMakeLists.txt
2026-10-10T07:07:30.1813326Z   Building Custom Rule D:/a/xMind/xMind/xmind/Native/CMakeLists.txt
2026-10-10T07:07:39.6801482Z   a2a_task_control.cpp
2026-10-10T07:07:46.8057284Z   agent_instructions.cpp
2026-10-10T07:07:47.1900073Z   mcp_client.cpp
2026-10-10T07:07:47.3092826Z   Generating Code...
2026-10-10T07:07:47.3380207Z   agentflow_policy.vcxproj -> D:\a\xMind\xMind\xmind\build\native\Release\agentflow_policy.lib
2026-10-10T07:07:47.3723394Z   agentflow_provider_transport.vcxproj -> D:\a\xMind\xMind\xmind\build\native\Release\agentflow_provider_transport.lib
2026-10-10T07:07:47.5994760Z   Building Custom Rule D:/a/xMind/xMind/xmind/Native/CMakeLists.txt
2026-10-10T07:07:47.6956106Z   runtime_generation.cpp
2026-10-10T07:07:47.7054840Z   agentflow_mcp_stdio.vcxproj -> D:\a\xMind\xMind\xmind\build\native\Release\agentflow_mcp_stdio.lib
2026-10-10T07:07:47.7161318Z   Building Custom Rule D:/a/xMind/xMind/xmind/Native/CMakeLists.txt
2026-10-10T07:07:47.9422198Z   agentflow_instruction_configuration.vcxproj -> D:\a\xMind\xMind\xmind\build\native\Release\agentflow_instruction_configuration.lib
2026-10-10T07:07:52.7432588Z   graph_catalog.cpp
2026-10-10T07:07:55.3600387Z   agentflow_json_schema.vcxproj -> D:\a\xMind\xMind\xmind\build\native\Release\agentflow_json_schema.lib
2026-10-10T07:07:55.3611815Z   agentflow_a2a.vcxproj -> D:\a\xMind\xMind\xmind\build\native\Release\agentflow_a2a.lib
2026-10-10T07:07:55.5457452Z   absl_throw_delegate.vcxproj -> D:\a\xMind\xMind\xmind\build\native\third_party\abseil-cpp\absl\base\Release\absl_throw_delegate.lib
2026-10-10T07:07:55.5526673Z   absl_debugging_internal.vcxproj -> D:\a\xMind\xMind\xmind\build\native\third_party\abseil-cpp\absl\debugging\Release\absl_debugging_internal.lib
2026-10-10T07:07:55.5532887Z   absl_cordz_functions.vcxproj -> D:\a\xMind\xMind\xmind\build\native\third_party\abseil-cpp\absl\strings\Release\absl_cordz_functions.lib
2026-10-10T07:07:55.5583265Z   Building Custom Rule D:/a/xMind/xMind/xmind/Native/CMakeLists.txt
2026-10-10T07:07:55.5704025Z   mcp_configuration.cpp
2026-10-10T07:07:55.5708178Z   Building Custom Rule D:/a/xMind/xMind/xmind/Native/CMakeLists.txt
2026-10-10T07:07:55.5714170Z   agentflow_runtime_generation.vcxproj -> D:\a\xMind\xMind\xmind\build\native\Release\agentflow_runtime_generation.lib
2026-10-10T07:07:55.5716867Z   mcp_http_client.cpp
2026-10-10T07:07:55.5735875Z   Building Custom Rule D:/a/xMind/xMind/xmind/Native/CMakeLists.txt
2026-10-10T07:07:55.5741491Z   legacy_owner_process.cpp
2026-10-10T07:07:55.5744986Z   agentflow_graph.vcxproj -> D:\a\xMind\xMind\xmind\build\native\Release\agentflow_graph.lib
2026-10-10T07:07:55.7550101Z   mcp_oauth.cpp
2026-10-10T07:08:03.5955428Z   Building Custom Rule D:/a/xMind/xMind/xmind/Native/CMakeLists.txt
2026-10-10T07:08:03.6301051Z   Building Custom Rule D:/a/xMind/xMind/xmind/Native/CMakeLists.txt
2026-10-10T07:08:03.6406298Z   mcp_oauth_authorization.cpp
2026-10-10T07:08:03.6413048Z   chat_provider.cpp
2026-10-10T07:08:03.6428344Z   agentflow_legacy_owner_process.vcxproj -> D:\a\xMind\xMind\xmind\build\native\Release\agentflow_legacy_owner_process.lib
2026-10-10T07:08:15.3041616Z   view_sessions.cpp
2026-10-10T07:08:17.0645796Z   agentflow_mcp_configuration.vcxproj -> D:\a\xMind\xMind\xmind\build\native\Release\agentflow_mcp_configuration.lib
2026-10-10T07:08:17.0667044Z   Building Custom Rule D:/a/xMind/xMind/xmind/Native/CMakeLists.txt
2026-10-10T07:08:17.0675742Z   schema_worker_main.cpp
2026-10-10T07:08:17.0691616Z   gemini_provider.cpp
2026-10-10T07:08:17.0920350Z   mcp_oauth_callback.cpp
2026-10-10T07:08:17.1048649Z   absl_base.vcxproj -> D:\a\xMind\xMind\xmind\build\native\third_party\abseil-cpp\absl\base\Release\absl_base.lib
2026-10-10T07:08:17.1102408Z   agentflow_view_sessions.vcxproj -> D:\a\xMind\xMind\xmind\build\native\Release\agentflow_view_sessions.lib
2026-10-10T07:08:17.2719357Z   responses_context_transport.cpp
2026-10-10T07:08:17.2725778Z   absl_malloc_internal.vcxproj -> D:\a\xMind\xMind\xmind\build\native\third_party\abseil-cpp\absl\base\Release\absl_malloc_internal.lib
2026-10-10T07:08:17.2733241Z   absl_city.vcxproj -> D:\a\xMind\xMind\xmind\build\native\third_party\abseil-cpp\absl\hash\Release\absl_city.lib
2026-10-10T07:08:17.5270701Z   absl_int128.vcxproj -> D:\a\xMind\xMind\xmind\build\native\third_party\abseil-cpp\absl\numeric\Release\absl_int128.lib
2026-10-10T07:08:17.5274684Z   absl_tracing_internal.vcxproj -> D:\a\xMind\xMind\xmind\build\native\third_party\abseil-cpp\absl\base\Release\absl_tracing_internal.lib
2026-10-10T07:08:17.5278632Z   absl_log_internal_conditions.vcxproj -> D:\a\xMind\xMind\xmind\build\native\third_party\abseil-cpp\absl\log\Release\absl_log_internal_conditions.lib
2026-10-10T07:08:17.6333757Z   absl_graphcycles_internal.vcxproj -> D:\a\xMind\xMind\xmind\build\native\third_party\abseil-cpp\absl\synchronization\Release\absl_graphcycles_internal.lib
2026-10-10T07:08:17.8541397Z   xmind_schema_worker.vcxproj -> D:\a\xMind\xMind\xmind\build\native\Release\xmind_schema_worker.exe
2026-10-10T07:08:18.0201148Z   absl_base_cpu_detect.vcxproj -> D:\a\xMind\xMind\xmind\build\native\third_party\abseil-cpp\absl\base\Release\absl_base_cpu_detect.lib
2026-10-10T07:08:18.0405250Z   absl_stacktrace.vcxproj -> D:\a\xMind\xMind\xmind\build\native\third_party\abseil-cpp\absl\debugging\Release\absl_stacktrace.lib
2026-10-10T07:08:18.1342425Z   Building Custom Rule D:/a/xMind/xMind/xmind/Native/CMakeLists.txt
2026-10-10T07:08:18.3840307Z   absl_crc_internal.vcxproj -> D:\a\xMind\xMind\xmind\build\native\third_party\abseil-cpp\absl\crc\Release\absl_crc_internal.lib
2026-10-10T07:08:18.3843463Z   schema_worker.cpp
2026-10-10T07:08:18.3845925Z   absl_decode_rust_punycode.vcxproj -> D:\a\xMind\xMind\xmind\build\native\third_party\abseil-cpp\absl\debugging\Release\absl_decode_rust_punycode.lib
2026-10-10T07:08:19.1983313Z   absl_demangle_rust.vcxproj -> D:\a\xMind\xMind\xmind\build\native\third_party\abseil-cpp\absl\debugging\Release\absl_demangle_rust.lib
2026-10-10T07:08:19.2943710Z   absl_strings_internal.vcxproj -> D:\a\xMind\xMind\xmind\build\native\third_party\abseil-cpp\absl\strings\Release\absl_strings_internal.lib
2026-10-10T07:08:19.5818923Z   absl_demangle_internal.vcxproj -> D:\a\xMind\xMind\xmind\build\native\third_party\abseil-cpp\absl\debugging\Release\absl_demangle_internal.lib
2026-10-10T07:08:33.2231759Z   absl_strings.vcxproj -> D:\a\xMind\xMind\xmind\build\native\third_party\abseil-cpp\absl\strings\Release\absl_strings.lib
2026-10-10T07:08:33.2697414Z   absl_log_internal_fnmatch.vcxproj -> D:\a\xMind\xMind\xmind\build\native\third_party\abseil-cpp\absl\log\Release\absl_log_internal_fnmatch.lib
2026-10-10T07:08:33.3291501Z   absl_symbolize.vcxproj -> D:\a\xMind\xMind\xmind\build\native\third_party\abseil-cpp\absl\debugging\Release\absl_symbolize.lib
2026-10-10T07:08:33.3493882Z   absl_log_internal_proto.vcxproj -> D:\a\xMind\xMind\xmind\build\native\third_party\abseil-cpp\absl\log\Release\absl_log_internal_proto.lib
2026-10-10T07:08:33.3854801Z   absl_hash.vcxproj -> D:\a\xMind\xMind\xmind\build\native\third_party\abseil-cpp\absl\hash\Release\absl_hash.lib
2026-10-10T07:08:33.3936498Z   Generating Code...
2026-10-10T07:08:33.4042309Z   absl_str_format_internal.vcxproj -> D:\a\xMind\xMind\xmind\build\native\third_party\abseil-cpp\absl\strings\Release\absl_str_format_internal.lib
2026-10-10T07:08:33.4523832Z   Generating Code...
2026-10-10T07:08:33.4535415Z   agentflow_chat_provider.vcxproj -> D:\a\xMind\xMind\xmind\build\native\Release\agentflow_chat_provider.lib
2026-10-10T07:08:33.4544291Z   absl_flags_marshalling.vcxproj -> D:\a\xMind\xMind\xmind\build\native\third_party\abseil-cpp\absl\flags\Release\absl_flags_marshalling.lib
2026-10-10T07:08:33.5435506Z   absl_flags_commandlineflag.vcxproj -> D:\a\xMind\xMind\xmind\build\native\third_party\abseil-cpp\absl\flags\Release\absl_flags_commandlineflag.lib
2026-10-10T07:08:34.1104097Z   absl_log_internal_structured_proto.vcxproj -> D:\a\xMind\xMind\xmind\build\native\third_party\abseil-cpp\absl\log\Release\absl_log_internal_structured_proto.lib
2026-10-10T07:08:34.1466593Z   absl_flags_private_handle_accessor.vcxproj -> D:\a\xMind\xMind\xmind\build\native\third_party\abseil-cpp\absl\flags\Release\absl_flags_private_handle_accessor.lib
2026-10-10T07:08:34.1857772Z   absl_examine_stack.vcxproj -> D:\a\xMind\xMind\xmind\build\native\third_party\abseil-cpp\absl\debugging\Release\absl_examine_stack.lib
2026-10-10T07:08:34.1938983Z   absl_time.vcxproj -> D:\a\xMind\xMind\xmind\build\native\third_party\abseil-cpp\absl\time\Release\absl_time.lib
2026-10-10T07:08:34.2091739Z   absl_crc32c.vcxproj -> D:\a\xMind\xMind\xmind\build\native\third_party\abseil-cpp\absl\crc\Release\absl_crc32c.lib
2026-10-10T07:08:34.2210627Z   absl_kernel_timeout_internal.vcxproj -> D:\a\xMind\xMind\xmind\build\native\third_party\abseil-cpp\absl\synchronization\Release\absl_kernel_timeout_internal.lib
2026-10-10T07:08:34.2216162Z   agentflow_schema_worker.vcxproj -> D:\a\xMind\xMind\xmind\build\native\Release\agentflow_schema_worker.lib
2026-10-10T07:08:34.2225258Z   absl_log_internal_globals.vcxproj -> D:\a\xMind\xMind\xmind\build\native\third_party\abseil-cpp\absl\log\Release\absl_log_internal_globals.lib
2026-10-10T07:08:34.3044690Z   absl_log_entry.vcxproj -> D:\a\xMind\xMind\xmind\build\native\third_party\abseil-cpp\absl\log\Release\absl_log_entry.lib
2026-10-10T07:08:34.3480194Z   absl_crc_cord_state.vcxproj -> D:\a\xMind\xMind\xmind\build\native\third_party\abseil-cpp\absl\crc\Release\absl_crc_cord_state.lib
2026-10-10T07:08:37.0471645Z   absl_log_sink.vcxproj -> D:\a\xMind\xMind\xmind\build\native\third_party\abseil-cpp\absl\log\Release\absl_log_sink.lib
2026-10-10T07:08:37.0537410Z   absl_log_internal_format.vcxproj -> D:\a\xMind\xMind\xmind\build\native\third_party\abseil-cpp\absl\log\Release\absl_log_internal_format.lib
2026-10-10T07:08:37.4079569Z   absl_cord_internal.vcxproj -> D:\a\xMind\xMind\xmind\build\native\third_party\abseil-cpp\absl\strings\Release\absl_cord_internal.lib
2026-10-10T07:08:37.4269593Z   absl_synchronization.vcxproj -> D:\a\xMind\xMind\xmind\build\native\third_party\abseil-cpp\absl\synchronization\Release\absl_synchronization.lib
2026-10-10T07:08:37.4430306Z   absl_cordz_handle.vcxproj -> D:\a\xMind\xMind\xmind\build\native\third_party\abseil-cpp\absl\strings\Release\absl_cordz_handle.lib
2026-10-10T07:08:37.4965620Z   absl_flags_program_name.vcxproj -> D:\a\xMind\xMind\xmind\build\native\third_party\abseil-cpp\absl\flags\Release\absl_flags_program_name.lib
2026-10-10T07:08:37.4980698Z   absl_hashtablez_sampler.vcxproj -> D:\a\xMind\xMind\xmind\build\native\third_party\abseil-cpp\absl\container\Release\absl_hashtablez_sampler.lib
2026-10-10T07:08:37.5423380Z   absl_flags_config.vcxproj -> D:\a\xMind\xMind\xmind\build\native\third_party\abseil-cpp\absl\flags\Release\absl_flags_config.lib
2026-10-10T07:08:37.6846924Z   absl_cordz_info.vcxproj -> D:\a\xMind\xMind\xmind\build\native\third_party\abseil-cpp\absl\strings\Release\absl_cordz_info.lib
2026-10-10T07:08:37.7793210Z   absl_vlog_config_internal.vcxproj -> D:\a\xMind\xMind\xmind\build\native\third_party\abseil-cpp\absl\log\Release\absl_vlog_config_internal.lib
2026-10-10T07:08:39.9965199Z   absl_flags_internal.vcxproj -> D:\a\xMind\xMind\xmind\build\native\third_party\abseil-cpp\absl\flags\Release\absl_flags_internal.lib
2026-10-10T07:08:40.0002527Z   absl_cord.vcxproj -> D:\a\xMind\xMind\xmind\build\native\third_party\abseil-cpp\absl\strings\Release\absl_cord.lib
2026-10-10T07:08:40.0416633Z   absl_log_globals.vcxproj -> D:\a\xMind\xMind\xmind\build\native\third_party\abseil-cpp\absl\log\Release\absl_log_globals.lib
2026-10-10T07:08:40.3405616Z   absl_log_internal_log_sink_set.vcxproj -> D:\a\xMind\xMind\xmind\build\native\third_party\abseil-cpp\absl\log\Release\absl_log_internal_log_sink_set.lib
2026-10-10T07:08:43.3519552Z   absl_log_internal_message.vcxproj -> D:\a\xMind\xMind\xmind\build\native\third_party\abseil-cpp\absl\log\Release\absl_log_internal_message.lib
2026-10-10T07:08:43.3662700Z   absl_raw_hash_set.vcxproj -> D:\a\xMind\xMind\xmind\build\native\third_party\abseil-cpp\absl\container\Release\absl_raw_hash_set.lib
2026-10-10T07:08:43.3727596Z   absl_log_internal_check_op.vcxproj -> D:\a\xMind\xMind\xmind\build\native\third_party\abseil-cpp\absl\log\Release\absl_log_internal_check_op.lib
2026-10-10T07:08:43.4493706Z   absl_flags_reflection.vcxproj -> D:\a\xMind\xMind\xmind\build\native\third_party\abseil-cpp\absl\flags\Release\absl_flags_reflection.lib
2026-10-10T07:08:43.6723336Z   re2.vcxproj -> D:\a\xMind\xMind\xmind\build\native\third_party\re2\Release\re2.lib
2026-10-10T07:08:43.9254115Z   agentflow_workspace.vcxproj -> D:\a\xMind\xMind\xmind\build\native\Release\agentflow_workspace.lib
2026-10-10T07:08:44.1510025Z   agentflow_mcp_http.vcxproj -> D:\a\xMind\xMind\xmind\build\native\Release\agentflow_mcp_http.lib
2026-10-10T07:08:44.4183816Z   Building Custom Rule D:/a/xMind/xMind/xmind/Native/CMakeLists.txt
2026-10-10T07:08:44.4202088Z   Building Custom Rule D:/a/xMind/xMind/xmind/Native/CMakeLists.txt
2026-10-10T07:08:44.5443545Z   Building Custom Rule D:/a/xMind/xMind/xmind/Native/CMakeLists.txt
2026-10-10T07:08:52.1173841Z   console_transport.cpp
2026-10-10T07:08:58.0544928Z   local_profile.cpp
2026-10-10T07:09:05.1795944Z   Building Custom Rule D:/a/xMind/xMind/xmind/Native/CMakeLists.txt
2026-10-10T07:09:09.9287247Z   backend_owner_control.cpp
2026-10-10T07:09:15.3028902Z   Building Custom Rule D:/a/xMind/xMind/xmind/Native/CMakeLists.txt
2026-10-10T07:09:15.7239259Z   edit_executor.cpp
2026-10-10T07:09:15.7784359Z   create_executor.cpp
2026-10-10T07:09:15.8070040Z   agentflow_backend_owner_control.vcxproj -> D:\a\xMind\xMind\xmind\build\native\Release\agentflow_backend_owner_control.lib
2026-10-10T07:09:15.8583470Z   agentflow_process_effects.vcxproj -> D:\a\xMind\xMind\xmind\build\native\Release\agentflow_process_effects.lib
2026-10-10T07:09:15.8679894Z   mcp_tool_registry.cpp
2026-10-10T07:09:15.9150191Z   Building Custom Rule D:/a/xMind/xMind/xmind/Native/CMakeLists.txt
2026-10-10T07:09:15.9182487Z   agentflow_mcp_effects.vcxproj -> D:\a\xMind\xMind\xmind\build\native\Release\agentflow_mcp_effects.lib
2026-10-10T07:09:15.9204073Z   patch_file_executor.cpp
2026-10-10T07:09:15.9378559Z   agentflow_console_transport.vcxproj -> D:\a\xMind\xMind\xmind\build\native\Release\agentflow_console_transport.lib
2026-10-10T07:09:15.9450133Z   mcp_client_factory.cpp
2026-10-10T07:09:16.5112494Z   Building Custom Rule D:/a/xMind/xMind/xmind/Native/CMakeLists.txt
2026-10-10T07:09:17.2375866Z   process_configuration.cpp
2026-10-10T07:09:17.5178861Z   agentflow_local_profile.vcxproj -> D:\a\xMind\xMind\xmind\build\native\Release\agentflow_local_profile.lib
2026-10-10T07:09:20.4120525Z   mcp_oauth_credentials.cpp
2026-10-10T07:09:20.7114948Z   patch_executor.cpp
2026-10-10T07:09:26.9447012Z   Generating Code...
2026-10-10T07:09:27.5958768Z   agentflow_mcp_client_factory.vcxproj -> D:\a\xMind\xMind\xmind\build\native\Release\agentflow_mcp_client_factory.lib
2026-10-10T07:09:27.6853907Z   Building Custom Rule D:/a/xMind/xMind/xmind/Native/CMakeLists.txt
2026-10-10T07:09:27.7449164Z   agentflow_process_configuration.vcxproj -> D:\a\xMind\xMind\xmind\build\native\Release\agentflow_process_configuration.lib
2026-10-10T07:09:27.8219985Z   mcp_oauth_service.cpp
2026-10-10T07:09:28.2777704Z   patch_tool.cpp
2026-10-10T07:09:32.3417305Z   agentflow_mcp_oauth_service.vcxproj -> D:\a\xMind\xMind\xmind\build\native\Release\agentflow_mcp_oauth_service.lib
2026-10-10T07:09:32.4657864Z   Building Custom Rule D:/a/xMind/xMind/xmind/Native/CMakeLists.txt
2026-10-10T07:09:32.6796563Z   http_server.cpp
2026-10-10T07:09:33.0427410Z   Generating Code...
2026-10-10T07:09:49.8700261Z   agentflow_edits.vcxproj -> D:\a\xMind\xMind\xmind\build\native\Release\agentflow_edits.lib
2026-10-10T07:09:50.0095003Z   Building Custom Rule D:/a/xMind/xMind/xmind/Native/CMakeLists.txt
2026-10-10T07:09:50.2151544Z   agent_runner.cpp
2026-10-10T07:10:10.9391033Z   agent_service.cpp
2026-10-10T07:10:11.1883663Z   root_execution_budget.cpp
2026-10-10T07:10:12.1161304Z   agentflow_http.vcxproj -> D:\a\xMind\xMind\xmind\build\native\Release\agentflow_http.lib
2026-10-10T07:10:13.9122383Z   delegation_executor.cpp
2026-10-10T07:10:18.0606818Z   agent_authority.cpp
2026-10-10T07:10:22.9369137Z   native_child_executor.cpp
2026-10-10T07:10:25.5819999Z   dynamic_plan_executor.cpp
2026-10-10T07:10:29.7832225Z   context_manager.cpp
2026-10-10T07:10:34.0845247Z   context_model_policy.cpp
2026-10-10T07:10:36.6409555Z   Generating Code...
2026-10-10T07:11:24.0488402Z   agentflow_agent.vcxproj -> D:\a\xMind\xMind\xmind\build\native\Release\agentflow_agent.lib
2026-10-10T07:11:24.1882907Z   Building Custom Rule D:/a/xMind/xMind/xmind/Native/CMakeLists.txt
2026-10-10T07:11:24.3748853Z   graph_runner.cpp
2026-10-10T07:11:29.7211981Z   graph_service.cpp
2026-10-10T07:11:34.1477748Z   Generating Code...
2026-10-10T07:11:54.8894742Z   agentflow_graph_execution.vcxproj -> D:\a\xMind\xMind\xmind\build\native\Release\agentflow_graph_execution.lib
2026-10-10T07:11:55.0382025Z   Building Custom Rule D:/a/xMind/xMind/xmind/Native/CMakeLists.txt
2026-10-10T07:11:55.2147552Z   provider_setup.cpp
2026-10-10T07:12:00.0982429Z   provider_profiles.cpp
2026-10-10T07:12:04.6144607Z   provider_profile_runtime.cpp
2026-10-10T07:12:09.0914196Z   provider_profile_legacy_setup.cpp
2026-10-10T07:12:12.3651767Z   provider_catalogue.cpp
2026-10-10T07:12:15.9330728Z   execution_platform.cpp
2026-10-10T07:12:18.8513833Z   provider_yaml_config.cpp
2026-10-10T07:12:21.8289194Z   Generating Code...
2026-10-10T07:12:37.2595500Z   agentflow_runtime.vcxproj -> D:\a\xMind\xMind\xmind\build\native\Release\agentflow_runtime.lib
2026-10-10T07:12:37.4195432Z   Building Custom Rule D:/a/xMind/xMind/xmind/Native/CMakeLists.txt
2026-10-10T07:12:37.6310268Z   xmind_main.cpp
2026-10-10T07:12:41.2264869Z   server_main.cpp
2026-10-10T07:12:45.6031843Z   cli_main.cpp
2026-10-10T07:12:53.5082747Z   schema_worker_main.cpp
2026-10-10T07:12:57.1146772Z   admin_main.cpp
2026-10-10T07:13:01.9743363Z   local_view_main.cpp
2026-10-10T07:13:08.5633642Z   Generating Code...
2026-10-10T07:13:39.9172766Z   xmind.vcxproj -> D:\a\xMind\xMind\xmind\build\native\Release\xmind.exe
2026-10-10T07:13:40.1579976Z Test project D:/a/xMind/xMind/xmind/build/native
2026-10-10T07:13:40.1786021Z     Start 97: native_local_view_contract
2026-10-10T07:14:27.3529690Z 1/1 Test #97: native_local_view_contract .......   Passed   47.17 sec
2026-10-10T07:14:27.7608272Z 
2026-10-10T07:14:27.7610439Z 100% tests passed, 0 tests failed out of 1
2026-10-10T07:14:27.7611191Z 
2026-10-10T07:14:27.7612773Z Total Test time (real) =  47.60 sec
2026-10-10T07:14:27.9275953Z MSBuild version 18.10.1-1.26427.6+3cd27c13e for .NET Framework
2026-10-10T07:14:27.9652995Z 
2026-10-10T07:14:28.2102036Z   Checking File Globs
2026-10-10T07:14:29.6408419Z   absl_log_severity.vcxproj -> D:\a\xMind\xMind\xmind\build\native\third_party\abseil-cpp\absl\base\Release\absl_log_severity.lib
2026-10-10T07:14:29.6741541Z   absl_exponential_biased.vcxproj -> D:\a\xMind\xMind\xmind\build\native\third_party\abseil-cpp\absl\profiling\Release\absl_exponential_biased.lib
2026-10-10T07:14:29.6750949Z   absl_civil_time.vcxproj -> D:\a\xMind\xMind\xmind\build\native\third_party\abseil-cpp\absl\time\Release\absl_civil_time.lib
2026-10-10T07:14:29.7506031Z   agentflow_mcp_wire.vcxproj -> D:\a\xMind\xMind\xmind\build\native\Release\agentflow_mcp_wire.lib
2026-10-10T07:14:29.7511163Z   absl_time_zone.vcxproj -> D:\a\xMind\xMind\xmind\build\native\third_party\abseil-cpp\absl\time\Release\absl_time_zone.lib
2026-10-10T07:14:29.7526789Z   absl_utf8_for_code_point.vcxproj -> D:\a\xMind\xMind\xmind\build\native\third_party\abseil-cpp\absl\debugging\Release\absl_utf8_for_code_point.lib
2026-10-10T07:14:29.7530071Z   absl_spinlock_wait.vcxproj -> D:\a\xMind\xMind\xmind\build\native\third_party\abseil-cpp\absl\base\Release\absl_spinlock_wait.lib
2026-10-10T07:14:30.1148373Z   absl_hardening.vcxproj -> D:\a\xMind\xMind\xmind\build\native\third_party\abseil-cpp\absl\base\Release\absl_hardening.lib
2026-10-10T07:14:30.1372396Z   absl_source_location.vcxproj -> D:\a\xMind\xMind\xmind\build\native\third_party\abseil-cpp\absl\types\Release\absl_source_location.lib
2026-10-10T07:14:30.1768010Z   agentflow_secrets.vcxproj -> D:\a\xMind\xMind\xmind\build\native\Release\agentflow_secrets.lib
2026-10-10T07:14:30.1920974Z   absl_flags_commandlineflag_internal.vcxproj -> D:\a\xMind\xMind\xmind\build\native\third_party\abseil-cpp\absl\flags\Release\absl_flags_commandlineflag_internal.lib
2026-10-10T07:14:30.3704601Z   absl_leak_check.vcxproj -> D:\a\xMind\xMind\xmind\build\native\third_party\abseil-cpp\absl\debugging\Release\absl_leak_check.lib
2026-10-10T07:14:30.8292344Z   absl_log_internal_nullguard.vcxproj -> D:\a\xMind\xMind\xmind\build\native\third_party\abseil-cpp\absl\log\Release\absl_log_internal_nullguard.lib
2026-10-10T07:14:30.9092701Z   absl_strerror.vcxproj -> D:\a\xMind\xMind\xmind\build\native\third_party\abseil-cpp\absl\base\Release\absl_strerror.lib
2026-10-10T07:14:31.0446705Z   agentflow_file_patch.vcxproj -> D:\a\xMind\xMind\xmind\build\native\Release\agentflow_file_patch.lib
2026-10-10T07:14:31.3025244Z   Scanning sources for module dependencies...
2026-10-10T07:14:31.5255829Z   agentflow_process.vcxproj -> D:\a\xMind\xMind\xmind\build\native\Release\agentflow_process.lib
2026-10-10T07:14:31.5265552Z   yaml-cpp.vcxproj -> D:\a\xMind\xMind\xmind\build\native\third_party\yaml-cpp\Release\yaml-cpp.lib
2026-10-10T07:14:31.5280217Z   agentflow_models.vcxproj -> D:\a\xMind\xMind\xmind\build\native\Release\agentflow_models.lib
2026-10-10T07:14:32.1628455Z   agentflow_json_schema.vcxproj -> D:\a\xMind\xMind\xmind\build\native\Release\agentflow_json_schema.lib
2026-10-10T07:14:32.2384707Z   agentflow_mcp_stdio.vcxproj -> D:\a\xMind\xMind\xmind\build\native\Release\agentflow_mcp_stdio.lib
2026-10-10T07:14:32.3351575Z   agentflow_provider_transport.vcxproj -> D:\a\xMind\xMind\xmind\build\native\Release\agentflow_provider_transport.lib
2026-10-10T07:14:32.3661749Z   xmind_schema_worker.vcxproj -> D:\a\xMind\xMind\xmind\build\native\Release\xmind_schema_worker.exe
2026-10-10T07:14:32.3677498Z   agentflow_owner_process.vcxproj -> D:\a\xMind\xMind\xmind\build\native\Release\agentflow_owner_process.lib
2026-10-10T07:14:32.7895499Z   agentflow_mcp_http.vcxproj -> D:\a\xMind\xMind\xmind\build\native\Release\agentflow_mcp_http.lib
2026-10-10T07:14:32.7906971Z   absl_raw_logging_internal.vcxproj -> D:\a\xMind\xMind\xmind\build\native\third_party\abseil-cpp\absl\base\Release\absl_raw_logging_internal.lib
2026-10-10T07:14:32.9376438Z   Building Custom Rule D:/a/xMind/xMind/xmind/Native/CMakeLists.txt
2026-10-10T07:14:33.1544446Z   anthropic_stream_contract.cpp
2026-10-10T07:14:33.1769070Z   agentflow_chat_provider.vcxproj -> D:\a\xMind\xMind\xmind\build\native\Release\agentflow_chat_provider.lib
2026-10-10T07:14:33.1793292Z   agentflow_core.vcxproj -> D:\a\xMind\xMind\xmind\build\native\Release\agentflow_core.lib
2026-10-10T07:14:33.2481830Z   Building Custom Rule D:/a/xMind/xMind/xmind/Native/CMakeLists.txt
2026-10-10T07:14:33.3873800Z   Building Custom Rule D:/a/xMind/xMind/xmind/Native/CMakeLists.txt
2026-10-10T07:14:33.5193443Z   anthropic_request_contract.cpp
2026-10-10T07:14:33.5220698Z   Building Custom Rule D:/a/xMind/xMind/xmind/Native/CMakeLists.txt
2026-10-10T07:14:33.5329501Z   Building Custom Rule D:/a/xMind/xMind/xmind/Native/CMakeLists.txt
2026-10-10T07:14:33.6904556Z   credential_repository_contract.cpp
2026-10-10T07:14:33.7865398Z   agentflow_a2a.vcxproj -> D:\a\xMind\xMind\xmind\build\native\Release\agentflow_a2a.lib
2026-10-10T07:14:42.4271807Z   Building Custom Rule D:/a/xMind/xMind/xmind/Native/CMakeLists.txt
2026-10-10T07:14:46.7618429Z   agentflow_policy.vcxproj -> D:\a\xMind\xMind\xmind\build\native\Release\agentflow_policy.lib
2026-10-10T07:14:46.8035449Z   context_selection_contract.cpp
2026-10-10T07:14:50.1567331Z   agentflow_context_selection_contract.vcxproj -> D:\a\xMind\xMind\xmind\build\native\Release\agentflow_context_selection_contract.exe
2026-10-10T07:14:50.2134924Z   agentflow_anthropic_request_contract.vcxproj -> D:\a\xMind\xMind\xmind\build\native\Release\agentflow_anthropic_request_contract.exe
2026-10-10T07:14:50.2836555Z   Building Custom Rule D:/a/xMind/xMind/xmind/Native/CMakeLists.txt
2026-10-10T07:14:50.2978416Z   agentflow_credential_repository_contract.vcxproj -> D:\a\xMind\xMind\xmind\build\native\Release\agentflow_credential_repository_contract.exe
2026-10-10T07:14:50.3174119Z   context_repository_contract.cpp
2026-10-10T07:14:50.4555142Z   Building Custom Rule D:/a/xMind/xMind/xmind/Native/CMakeLists.txt
2026-10-10T07:14:50.4631171Z   anthropic_history_contract.cpp
2026-10-10T07:14:50.4649722Z   agentflow_graph.vcxproj -> D:\a\xMind\xMind\xmind\build\native\Release\agentflow_graph.lib
2026-10-10T07:14:51.1108155Z   Building Custom Rule D:/a/xMind/xMind/xmind/Native/CMakeLists.txt
2026-10-10T07:14:51.1146828Z   agentflow_runtime_generation.vcxproj -> D:\a\xMind\xMind\xmind\build\native\Release\agentflow_runtime_generation.lib
2026-10-10T07:14:51.1209837Z   backend_owner_contract.cpp
2026-10-10T07:14:51.3463236Z   agentflow_anthropic_stream_contract.vcxproj -> D:\a\xMind\xMind\xmind\build\native\Release\agentflow_anthropic_stream_contract.exe
2026-10-10T07:14:51.4951349Z   Building Custom Rule D:/a/xMind/xMind/xmind/Native/CMakeLists.txt
2026-10-10T07:15:02.6137558Z   agentflow_schema_worker.vcxproj -> D:\a\xMind\xMind\xmind\build\native\Release\agentflow_schema_worker.lib
2026-10-10T07:15:08.8130954Z   agentflow_backend_owner_contract.vcxproj -> D:\a\xMind\xMind\xmind\build\native\Release\agentflow_backend_owner_contract.exe
2026-10-10T07:15:08.8292585Z   agentflow_anthropic_history_contract.vcxproj -> D:\a\xMind\xMind\xmind\build\native\Release\agentflow_anthropic_history_contract.exe
2026-10-10T07:15:08.8341725Z   agentflow_mcp_configuration.vcxproj -> D:\a\xMind\xMind\xmind\build\native\Release\agentflow_mcp_configuration.lib
2026-10-10T07:15:08.8354815Z   absl_cordz_functions.vcxproj -> D:\a\xMind\xMind\xmind\build\native\third_party\abseil-cpp\absl\strings\Release\absl_cordz_functions.lib
2026-10-10T07:15:15.1933084Z   absl_throw_delegate.vcxproj -> D:\a\xMind\xMind\xmind\build\native\third_party\abseil-cpp\absl\base\Release\absl_throw_delegate.lib
2026-10-10T07:15:22.0752512Z   Building Custom Rule D:/a/xMind/xMind/xmind/Native/CMakeLists.txt
2026-10-10T07:15:22.2293309Z   absl_debugging_internal.vcxproj -> D:\a\xMind\xMind\xmind\build\native\third_party\abseil-cpp\absl\debugging\Release\absl_debugging_internal.lib
2026-10-10T07:15:22.7519492Z   agentflow_view_sessions.vcxproj -> D:\a\xMind\xMind\xmind\build\native\Release\agentflow_view_sessions.lib
2026-10-10T07:15:22.7784410Z   file_patch_contract.cpp
2026-10-10T07:15:22.7875149Z   Building Custom Rule D:/a/xMind/xMind/xmind/Native/CMakeLists.txt
2026-10-10T07:15:22.9360273Z   gemini_history_contract.cpp
2026-10-10T07:15:22.9738628Z   chat_provider_contract.cpp
2026-10-10T07:15:23.1839432Z   agentflow_file_patch_contract.vcxproj -> D:\a\xMind\xMind\xmind\build\native\Release\agentflow_file_patch_contract.exe
2026-10-10T07:15:23.2218174Z   anthropic_provider_contract.cpp
2026-10-10T07:15:23.3163491Z   agentflow_chat_provider_contract.vcxproj -> D:\a\xMind\xMind\xmind\build\native\Release\agentflow_chat_provider_contract.exe
2026-10-10T07:15:23.8031667Z   agentflow_context_repository_contract.vcxproj -> D:\a\xMind\xMind\xmind\build\native\Release\agentflow_context_repository_contract.exe
2026-10-10T07:15:24.0523696Z   Building Custom Rule D:/a/xMind/xMind/xmind/Native/CMakeLists.txt
2026-10-10T07:15:24.1254732Z   dynamic_plan_repository_contract.cpp
2026-10-10T07:15:24.1929664Z   dynamic_plan_contract.cpp
2026-10-10T07:15:24.2325525Z   Building Custom Rule D:/a/xMind/xMind/xmind/Native/CMakeLists.txt
2026-10-10T07:15:24.2699569Z   gemini_request_contract.cpp
2026-10-10T07:15:24.3047962Z   agentflow_anthropic_provider_contract.vcxproj -> D:\a\xMind\xMind\xmind\build\native\Release\agentflow_anthropic_provider_contract.exe
2026-10-10T07:15:24.5794410Z   Building Custom Rule D:/a/xMind/xMind/xmind/Native/CMakeLists.txt
2026-10-10T07:15:39.4254600Z   gemini_provider_contract.cpp
2026-10-10T07:15:42.9887886Z   Building Custom Rule D:/a/xMind/xMind/xmind/Native/CMakeLists.txt
2026-10-10T07:15:45.3637215Z   gemini_stream_contract.cpp
2026-10-10T07:15:47.9528950Z   agentflow_gemini_request_contract.vcxproj -> D:\a\xMind\xMind\xmind\build\native\Release\agentflow_gemini_request_contract.exe
2026-10-10T07:15:49.5921680Z   agentflow_gemini_history_contract.vcxproj -> D:\a\xMind\xMind\xmind\build\native\Release\agentflow_gemini_history_contract.exe
2026-10-10T07:15:49.6065126Z   agentflow_gemini_provider_contract.vcxproj -> D:\a\xMind\xMind\xmind\build\native\Release\agentflow_gemini_provider_contract.exe
2026-10-10T07:15:49.6226651Z   agentflow_mcp_client_factory.vcxproj -> D:\a\xMind\xMind\xmind\build\native\Release\agentflow_mcp_client_factory.lib
2026-10-10T07:15:49.6317094Z   Building Custom Rule D:/a/xMind/xMind/xmind/Native/CMakeLists.txt
2026-10-10T07:15:49.6386067Z   agentflow_dynamic_plan_repository_contract.vcxproj -> D:\a\xMind\xMind\xmind\build\native\Release\agentflow_dynamic_plan_repository_contract.exe
2026-10-10T07:15:49.6523992Z   http_stream_transport_contract.cpp
2026-10-10T07:15:51.9729090Z   absl_base.vcxproj -> D:\a\xMind\xMind\xmind\build\native\third_party\abseil-cpp\absl\base\Release\absl_base.lib
2026-10-10T07:15:58.7681051Z   agentflow_instruction_configuration.vcxproj -> D:\a\xMind\xMind\xmind\build\native\Release\agentflow_instruction_configuration.lib
2026-10-10T07:15:58.8025711Z   agentflow_gemini_stream_contract.vcxproj -> D:\a\xMind\xMind\xmind\build\native\Release\agentflow_gemini_stream_contract.exe
2026-10-10T07:15:58.9679357Z   Building Custom Rule D:/a/xMind/xMind/xmind/Native/CMakeLists.txt
2026-10-10T07:15:59.0876684Z   Building Custom Rule D:/a/xMind/xMind/xmind/Native/CMakeLists.txt
2026-10-10T07:15:59.1224968Z   json_schema_contract.cpp
2026-10-10T07:15:59.1576079Z   instruction_configuration_contract.cpp
2026-10-10T07:15:59.1812774Z   Building Custom Rule D:/a/xMind/xMind/xmind/Native/CMakeLists.txt
2026-10-10T07:15:59.1857852Z   incoming_repository_contract.cpp
2026-10-10T07:15:59.1873659Z   agentflow_json_schema_contract.vcxproj -> D:\a\xMind\xMind\xmind\build\native\Release\agentflow_json_schema_contract.exe
2026-10-10T07:15:59.1882187Z   agentflow_http_stream_transport_contract.vcxproj -> D:\a\xMind\xMind\xmind\build\native\Release\agentflow_http_stream_transport_contract.exe
2026-10-10T07:15:59.1894222Z   agentflow_mcp_oauth_service.vcxproj -> D:\a\xMind\xMind\xmind\build\native\Release\agentflow_mcp_oauth_service.lib
2026-10-10T07:15:59.1900803Z   Building Custom Rule D:/a/xMind/xMind/xmind/Native/CMakeLists.txt
2026-10-10T07:15:59.2094352Z   Building Custom Rule D:/a/xMind/xMind/xmind/Native/CMakeLists.txt
2026-10-10T07:16:01.8881100Z   legacy_owner_contract.cpp
2026-10-10T07:16:01.9506611Z   agentflow_instruction_configuration_contract.vcxproj -> D:\a\xMind\xMind\xmind\build\native\Release\agentflow_instruction_configuration_contract.exe
2026-10-10T07:16:01.9896027Z   absl_base_cpu_detect.vcxproj -> D:\a\xMind\xMind\xmind\build\native\third_party\abseil-cpp\absl\base\Release\absl_base_cpu_detect.lib
2026-10-10T07:16:02.0238127Z   absl_tracing_internal.vcxproj -> D:\a\xMind\xMind\xmind\build\native\third_party\abseil-cpp\absl\base\Release\absl_tracing_internal.lib
2026-10-10T07:16:02.0617028Z   agentflow_legacy_owner_process.vcxproj -> D:\a\xMind\xMind\xmind\build\native\Release\agentflow_legacy_owner_process.lib
2026-10-10T07:16:02.0950197Z   Building Custom Rule D:/a/xMind/xMind/xmind/Native/CMakeLists.txt
2026-10-10T07:16:02.1298829Z   absl_log_internal_conditions.vcxproj -> D:\a\xMind\xMind\xmind\build\native\third_party\abseil-cpp\absl\log\Release\absl_log_internal_conditions.lib
2026-10-10T07:16:02.1800083Z   absl_city.vcxproj -> D:\a\xMind\xMind\xmind\build\native\third_party\abseil-cpp\absl\hash\Release\absl_city.lib
2026-10-10T07:16:02.2539611Z   mcp_client_contract.cpp
2026-10-10T07:16:02.2876409Z   agentflow_incoming_repository_contract.vcxproj -> D:\a\xMind\xMind\xmind\build\native\Release\agentflow_incoming_repository_contract.exe
2026-10-10T07:16:02.3705015Z   absl_strings_internal.vcxproj -> D:\a\xMind\xMind\xmind\build\native\third_party\abseil-cpp\absl\strings\Release\absl_strings_internal.lib
2026-10-10T07:16:02.4043311Z   Building Custom Rule D:/a/xMind/xMind/xmind/Native/CMakeLists.txt
2026-10-10T07:16:02.4381449Z   Building Custom Rule D:/a/xMind/xMind/xmind/Native/CMakeLists.txt
2026-10-10T07:16:05.3916604Z   mcp_configuration_contract.cpp
2026-10-10T07:16:05.8504967Z   Building Custom Rule D:/a/xMind/xMind/xmind/Native/CMakeLists.txt
2026-10-10T07:16:08.3213556Z   mcp_handshake_contract.cpp
2026-10-10T07:16:08.9385832Z   agentflow_mcp_client_contract.vcxproj -> D:\a\xMind\xMind\xmind\build\native\Release\agentflow_mcp_client_contract.exe
2026-10-10T07:16:08.9390176Z   absl_malloc_internal.vcxproj -> D:\a\xMind\xMind\xmind\build\native\third_party\abseil-cpp\absl\base\Release\absl_malloc_internal.lib
2026-10-10T07:16:11.0002947Z   Building Custom Rule D:/a/xMind/xMind/xmind/Native/CMakeLists.txt
2026-10-10T07:16:11.2623367Z   mcp_oauth_callback_contract.cpp
2026-10-10T07:16:11.3299527Z   agentflow_legacy_owner_contract.vcxproj -> D:\a\xMind\xMind\xmind\build\native\Release\agentflow_legacy_owner_contract.exe
2026-10-10T07:16:19.7243046Z   Building Custom Rule D:/a/xMind/xMind/xmind/Native/CMakeLists.txt
2026-10-10T07:16:19.7365497Z   graph_checkpoint_contract.cpp
2026-10-10T07:16:19.9223008Z   absl_int128.vcxproj -> D:\a\xMind\xMind\xmind\build\native\third_party\abseil-cpp\absl\numeric\Release\absl_int128.lib
2026-10-10T07:16:19.9660091Z   mcp_oauth_credentials_contract.cpp
2026-10-10T07:16:20.7063049Z   agentflow_mcp_handshake_contract.vcxproj -> D:\a\xMind\xMind\xmind\build\native\Release\agentflow_mcp_handshake_contract.exe
2026-10-10T07:16:20.9892528Z   Building Custom Rule D:/a/xMind/xMind/xmind/Native/CMakeLists.txt
2026-10-10T07:16:21.2814001Z   absl_decode_rust_punycode.vcxproj -> D:\a\xMind\xMind\xmind\build\native\third_party\abseil-cpp\absl\debugging\Release\absl_decode_rust_punycode.lib
2026-10-10T07:16:21.3284481Z   Building Custom Rule D:/a/xMind/xMind/xmind/Native/CMakeLists.txt
2026-10-10T07:16:21.3663630Z   mcp_stdio_contract.cpp
2026-10-10T07:16:21.4002914Z   agentflow_mcp_configuration_contract.vcxproj -> D:\a\xMind\xMind\xmind\build\native\Release\agentflow_mcp_configuration_contract.exe
2026-10-10T07:16:21.4358227Z   mcp_wire_contract.cpp
2026-10-10T07:16:22.9802112Z   agentflow_mcp_oauth_callback_contract.vcxproj -> D:\a\xMind\xMind\xmind\build\native\Release\agentflow_mcp_oauth_callback_contract.exe
2026-10-10T07:16:23.4840821Z   graph_contract.cpp
2026-10-10T07:16:34.0561919Z   agentflow_mcp_stdio_contract.vcxproj -> D:\a\xMind\xMind\xmind\build\native\Release\agentflow_mcp_stdio_contract.exe
2026-10-10T07:16:34.3655258Z   agentflow_mcp_wire_contract.vcxproj -> D:\a\xMind\xMind\xmind\build\native\Release\agentflow_mcp_wire_contract.exe
2026-10-10T07:16:34.5531876Z   agentflow_mcp_oauth_credentials_contract.vcxproj -> D:\a\xMind\xMind\xmind\build\native\Release\agentflow_mcp_oauth_credentials_contract.exe
2026-10-10T07:16:34.5757000Z   agentflow_dynamic_plan_contract.vcxproj -> D:\a\xMind\xMind\xmind\build\native\Release\agentflow_dynamic_plan_contract.exe
2026-10-10T07:16:38.6446702Z   Building Custom Rule D:/a/xMind/xMind/xmind/Native/CMakeLists.txt
2026-10-10T07:16:38.7118443Z   Building Custom Rule D:/a/xMind/xMind/xmind/Native/CMakeLists.txt
2026-10-10T07:16:38.7587363Z   Building Custom Rule D:/a/xMind/xMind/xmind/Native/CMakeLists.txt
2026-10-10T07:16:38.8349157Z   model_stream_contract.cpp
2026-10-10T07:16:38.9263697Z   Building Custom Rule D:/a/xMind/xMind/xmind/Native/CMakeLists.txt
2026-10-10T07:16:39.0586712Z   owner_process_contract.cpp
2026-10-10T07:16:39.1726303Z   operation_repository_contract.cpp
2026-10-10T07:16:41.4346664Z   absl_graphcycles_internal.vcxproj -> D:\a\xMind\xMind\xmind\build\native\third_party\abseil-cpp\absl\synchronization\Release\absl_graphcycles_internal.lib
2026-10-10T07:16:41.6087990Z   agentflow_owner_process_contract.vcxproj -> D:\a\xMind\xMind\xmind\build\native\Release\agentflow_owner_process_contract.exe
2026-10-10T07:16:41.7539934Z   model_request_contract.cpp
2026-10-10T07:16:48.3819984Z   agentflow_graph_checkpoint_contract.vcxproj -> D:\a\xMind\xMind\xmind\build\native\Release\agentflow_graph_checkpoint_contract.exe
2026-10-10T07:16:48.8558684Z   agentflow_operation_repository_contract.vcxproj -> D:\a\xMind\xMind\xmind\build\native\Release\agentflow_operation_repository_contract.exe
2026-10-10T07:16:49.8531674Z   Building Custom Rule D:/a/xMind/xMind/xmind/Native/CMakeLists.txt
2026-10-10T07:16:49.9725479Z   agentflow_model_stream_contract.vcxproj -> D:\a\xMind\xMind\xmind\build\native\Release\agentflow_model_stream_contract.exe
2026-10-10T07:16:49.9735369Z   persistence_service_contract.cpp
2026-10-10T07:16:50.1762124Z   Building Custom Rule D:/a/xMind/xMind/xmind/Native/CMakeLists.txt
2026-10-10T07:16:50.2962807Z   Building Custom Rule D:/a/xMind/xMind/xmind/Native/CMakeLists.txt
2026-10-10T07:16:50.4976650Z   absl_stacktrace.vcxproj -> D:\a\xMind\xMind\xmind\build\native\third_party\abseil-cpp\absl\debugging\Release\absl_stacktrace.lib
2026-10-10T07:16:50.6604292Z   absl_demangle_rust.vcxproj -> D:\a\xMind\xMind\xmind\build\native\third_party\abseil-cpp\absl\debugging\Release\absl_demangle_rust.lib
2026-10-10T07:16:50.6801182Z   process_contract.cpp
2026-10-10T07:16:51.0466064Z   permission_waiter_contract.cpp
2026-10-10T07:16:52.6689061Z   agentflow_graph_contract.vcxproj -> D:\a\xMind\xMind\xmind\build\native\Release\agentflow_graph_contract.exe
2026-10-10T07:16:59.7927097Z   Building Custom Rule D:/a/xMind/xMind/xmind/Native/CMakeLists.txt
2026-10-10T07:17:00.3166309Z   repository_contract.cpp
2026-10-10T07:17:00.7247412Z   agentflow_persistence_service_contract.vcxproj -> D:\a\xMind\xMind\xmind\build\native\Release\agentflow_persistence_service_contract.exe
2026-10-10T07:17:02.6541631Z   Building Custom Rule D:/a/xMind/xMind/xmind/Native/CMakeLists.txt
2026-10-10T07:17:02.7073775Z   Building Custom Rule D:/a/xMind/xMind/xmind/Native/CMakeLists.txt
2026-10-10T07:17:02.7494631Z   agentflow_model_request_contract.vcxproj -> D:\a\xMind\xMind\xmind\build\native\Release\agentflow_model_request_contract.exe
2026-10-10T07:17:02.8464389Z   schema_budget_fixture.cpp
2026-10-10T07:17:03.0594782Z   responses_contract.cpp
2026-10-10T07:17:04.6188332Z   Building Custom Rule D:/a/xMind/xMind/xmind/Native/CMakeLists.txt
2026-10-10T07:17:05.3182040Z   Building Custom Rule D:/a/xMind/xMind/xmind/Native/CMakeLists.txt
2026-10-10T07:17:05.4578860Z   responses_context_contract.cpp
2026-10-10T07:17:06.1470595Z   secret_protection_contract.cpp
2026-10-10T07:17:19.9223536Z   agentflow_permission_waiter_contract.vcxproj -> D:\a\xMind\xMind\xmind\build\native\Release\agentflow_permission_waiter_contract.exe
2026-10-10T07:17:20.0173192Z   agentflow_process_contract.vcxproj -> D:\a\xMind\xMind\xmind\build\native\Release\agentflow_process_contract.exe
2026-10-10T07:17:20.1124772Z   agentflow_schema_budget_fixture.vcxproj -> D:\a\xMind\xMind\xmind\build\native\Release\agentflow_schema_budget_fixture.exe
2026-10-10T07:17:20.1843028Z   agentflow_responses_contract.vcxproj -> D:\a\xMind\xMind\xmind\build\native\Release\agentflow_responses_contract.exe
2026-10-10T07:17:20.6104934Z   absl_strings.vcxproj -> D:\a\xMind\xMind\xmind\build\native\third_party\abseil-cpp\absl\strings\Release\absl_strings.lib
2026-10-10T07:17:20.6201419Z   absl_crc_internal.vcxproj -> D:\a\xMind\xMind\xmind\build\native\third_party\abseil-cpp\absl\crc\Release\absl_crc_internal.lib
2026-10-10T07:17:20.6645581Z   Building Custom Rule D:/a/xMind/xMind/xmind/Native/CMakeLists.txt
2026-10-10T07:17:20.7227367Z   Building Custom Rule D:/a/xMind/xMind/xmind/Native/CMakeLists.txt
2026-10-10T07:17:20.8751267Z   task_list_repository_contract.cpp
2026-10-10T07:17:21.0494605Z   Building Custom Rule D:/a/xMind/xMind/xmind/Native/CMakeLists.txt
2026-10-10T07:17:21.0958651Z   runtime_generation_contract.cpp
2026-10-10T07:17:21.2669092Z   skill_state_contract.cpp
2026-10-10T07:17:22.0591067Z   agentflow_responses_context_contract.vcxproj -> D:\a\xMind\xMind\xmind\build\native\Release\agentflow_responses_context_contract.exe
2026-10-10T07:17:22.0989899Z   Building Custom Rule D:/a/xMind/xMind/xmind/Native/CMakeLists.txt
2026-10-10T07:17:22.1327045Z   xlang_sqlite_contract.cpp
2026-10-10T07:17:24.2933476Z   Building Custom Rule D:/a/xMind/xMind/xmind/Native/CMakeLists.txt
2026-10-10T07:17:24.6767419Z   agentflow_xlang_sqlite_contract.vcxproj -> D:\a\xMind\xMind\xmind\build\native\Release\agentflow_xlang_sqlite_contract.exe
2026-10-10T07:17:25.5960218Z   Building Custom Rule D:/a/xMind/xMind/xmind/Native/CMakeLists.txt
2026-10-10T07:17:25.6311041Z   absl_demangle_internal.vcxproj -> D:\a\xMind\xMind\xmind\build\native\third_party\abseil-cpp\absl\debugging\Release\absl_demangle_internal.lib
2026-10-10T07:17:25.6638534Z   persistence_demo.cpp
2026-10-10T07:17:25.6978213Z   absl_log_internal_fnmatch.vcxproj -> D:\a\xMind\xMind\xmind\build\native\third_party\abseil-cpp\absl\log\Release\absl_log_internal_fnmatch.lib
2026-10-10T07:17:25.7795181Z   absl_log_internal_proto.vcxproj -> D:\a\xMind\xMind\xmind\build\native\third_party\abseil-cpp\absl\log\Release\absl_log_internal_proto.lib
2026-10-10T07:17:26.7113712Z   absl_log_internal_structured_proto.vcxproj -> D:\a\xMind\xMind\xmind\build\native\third_party\abseil-cpp\absl\log\Release\absl_log_internal_structured_proto.lib
2026-10-10T07:17:29.1351110Z   absl_str_format_internal.vcxproj -> D:\a\xMind\xMind\xmind\build\native\third_party\abseil-cpp\absl\strings\Release\absl_str_format_internal.lib
2026-10-10T07:17:29.2729866Z   agentflow_secret_contract.vcxproj -> D:\a\xMind\xMind\xmind\build\native\Release\agentflow_secret_contract.exe
2026-10-10T07:17:29.8427435Z   agentflow_runtime_generation_contract.vcxproj -> D:\a\xMind\xMind\xmind\build\native\Release\agentflow_runtime_generation_contract.exe
2026-10-10T07:17:29.8511515Z   absl_hash.vcxproj -> D:\a\xMind\xMind\xmind\build\native\third_party\abseil-cpp\absl\hash\Release\absl_hash.lib
2026-10-10T07:17:29.8771631Z   schema_worker_contract.cpp
2026-10-10T07:17:29.8807323Z   absl_flags_commandlineflag.vcxproj -> D:\a\xMind\xMind\xmind\build\native\third_party\abseil-cpp\absl\flags\Release\absl_flags_commandlineflag.lib
2026-10-10T07:17:29.8881116Z   agentflow_task_list_repository_contract.vcxproj -> D:\a\xMind\xMind\xmind\build\native\Release\agentflow_task_list_repository_contract.exe
2026-10-10T07:17:30.3746865Z   agentflow_repository_contract.vcxproj -> D:\a\xMind\xMind\xmind\build\native\Release\agentflow_repository_contract.exe
2026-10-10T07:17:31.1816719Z   absl_time.vcxproj -> D:\a\xMind\xMind\xmind\build\native\third_party\abseil-cpp\absl\time\Release\absl_time.lib
2026-10-10T07:17:31.5017098Z   xmind_persistence_demo.vcxproj -> D:\a\xMind\xMind\xmind\build\native\Release\xmind_persistence_demo.exe
2026-10-10T07:17:31.8284663Z   absl_flags_marshalling.vcxproj -> D:\a\xMind\xMind\xmind\build\native\third_party\abseil-cpp\absl\flags\Release\absl_flags_marshalling.lib
2026-10-10T07:17:31.8300358Z   absl_crc32c.vcxproj -> D:\a\xMind\xMind\xmind\build\native\third_party\abseil-cpp\absl\crc\Release\absl_crc32c.lib
2026-10-10T07:17:32.0014854Z   absl_symbolize.vcxproj -> D:\a\xMind\xMind\xmind\build\native\third_party\abseil-cpp\absl\debugging\Release\absl_symbolize.lib
2026-10-10T07:17:32.0305129Z   absl_flags_private_handle_accessor.vcxproj -> D:\a\xMind\xMind\xmind\build\native\third_party\abseil-cpp\absl\flags\Release\absl_flags_private_handle_accessor.lib
2026-10-10T07:17:32.1546025Z   absl_kernel_timeout_internal.vcxproj -> D:\a\xMind\xMind\xmind\build\native\third_party\abseil-cpp\absl\synchronization\Release\absl_kernel_timeout_internal.lib
2026-10-10T07:17:32.1548178Z   absl_log_entry.vcxproj -> D:\a\xMind\xMind\xmind\build\native\third_party\abseil-cpp\absl\log\Release\absl_log_entry.lib
2026-10-10T07:17:32.2001446Z   absl_log_internal_globals.vcxproj -> D:\a\xMind\xMind\xmind\build\native\third_party\abseil-cpp\absl\log\Release\absl_log_internal_globals.lib
2026-10-10T07:17:32.2278315Z   absl_examine_stack.vcxproj -> D:\a\xMind\xMind\xmind\build\native\third_party\abseil-cpp\absl\debugging\Release\absl_examine_stack.lib
2026-10-10T07:17:32.3624912Z   absl_log_sink.vcxproj -> D:\a\xMind\xMind\xmind\build\native\third_party\abseil-cpp\absl\log\Release\absl_log_sink.lib
2026-10-10T07:17:32.4739972Z   absl_crc_cord_state.vcxproj -> D:\a\xMind\xMind\xmind\build\native\third_party\abseil-cpp\absl\crc\Release\absl_crc_cord_state.lib
2026-10-10T07:17:32.5876865Z   absl_log_internal_format.vcxproj -> D:\a\xMind\xMind\xmind\build\native\third_party\abseil-cpp\absl\log\Release\absl_log_internal_format.lib
2026-10-10T07:17:32.7557808Z   absl_cord_internal.vcxproj -> D:\a\xMind\xMind\xmind\build\native\third_party\abseil-cpp\absl\strings\Release\absl_cord_internal.lib
2026-10-10T07:17:32.7796976Z   absl_synchronization.vcxproj -> D:\a\xMind\xMind\xmind\build\native\third_party\abseil-cpp\absl\synchronization\Release\absl_synchronization.lib
2026-10-10T07:17:32.9723930Z   absl_flags_program_name.vcxproj -> D:\a\xMind\xMind\xmind\build\native\third_party\abseil-cpp\absl\flags\Release\absl_flags_program_name.lib
2026-10-10T07:17:32.9749156Z   absl_cordz_handle.vcxproj -> D:\a\xMind\xMind\xmind\build\native\third_party\abseil-cpp\absl\strings\Release\absl_cordz_handle.lib
2026-10-10T07:17:32.9755322Z   absl_hashtablez_sampler.vcxproj -> D:\a\xMind\xMind\xmind\build\native\third_party\abseil-cpp\absl\container\Release\absl_hashtablez_sampler.lib
2026-10-10T07:17:33.0389213Z   absl_vlog_config_internal.vcxproj -> D:\a\xMind\xMind\xmind\build\native\third_party\abseil-cpp\absl\log\Release\absl_vlog_config_internal.lib
2026-10-10T07:17:33.2357633Z   absl_flags_config.vcxproj -> D:\a\xMind\xMind\xmind\build\native\third_party\abseil-cpp\absl\flags\Release\absl_flags_config.lib
2026-10-10T07:17:33.2482621Z   absl_log_globals.vcxproj -> D:\a\xMind\xMind\xmind\build\native\third_party\abseil-cpp\absl\log\Release\absl_log_globals.lib
2026-10-10T07:17:33.3067914Z   absl_cordz_info.vcxproj -> D:\a\xMind\xMind\xmind\build\native\third_party\abseil-cpp\absl\strings\Release\absl_cordz_info.lib
2026-10-10T07:17:33.3489916Z   absl_flags_internal.vcxproj -> D:\a\xMind\xMind\xmind\build\native\third_party\abseil-cpp\absl\flags\Release\absl_flags_internal.lib
2026-10-10T07:17:33.4702362Z   absl_log_internal_log_sink_set.vcxproj -> D:\a\xMind\xMind\xmind\build\native\third_party\abseil-cpp\absl\log\Release\absl_log_internal_log_sink_set.lib
2026-10-10T07:17:33.6326520Z   absl_cord.vcxproj -> D:\a\xMind\xMind\xmind\build\native\third_party\abseil-cpp\absl\strings\Release\absl_cord.lib
2026-10-10T07:17:33.8575468Z   absl_raw_hash_set.vcxproj -> D:\a\xMind\xMind\xmind\build\native\third_party\abseil-cpp\absl\container\Release\absl_raw_hash_set.lib
2026-10-10T07:17:34.0001840Z   absl_log_internal_message.vcxproj -> D:\a\xMind\xMind\xmind\build\native\third_party\abseil-cpp\absl\log\Release\absl_log_internal_message.lib
2026-10-10T07:17:34.2095243Z   absl_log_internal_check_op.vcxproj -> D:\a\xMind\xMind\xmind\build\native\third_party\abseil-cpp\absl\log\Release\absl_log_internal_check_op.lib
2026-10-10T07:17:34.3184473Z   absl_flags_reflection.vcxproj -> D:\a\xMind\xMind\xmind\build\native\third_party\abseil-cpp\absl\flags\Release\absl_flags_reflection.lib
2026-10-10T07:17:36.5371493Z   re2.vcxproj -> D:\a\xMind\xMind\xmind\build\native\third_party\re2\Release\re2.lib
2026-10-10T07:17:36.7817305Z   agentflow_workspace.vcxproj -> D:\a\xMind\xMind\xmind\build\native\Release\agentflow_workspace.lib
2026-10-10T07:17:37.0921949Z   Building Custom Rule D:/a/xMind/xMind/xmind/Native/CMakeLists.txt
2026-10-10T07:17:37.1480984Z   Building Custom Rule D:/a/xMind/xMind/xmind/Native/CMakeLists.txt
2026-10-10T07:17:37.5404924Z   agentflow_local_profile.vcxproj -> D:\a\xMind\xMind\xmind\build\native\Release\agentflow_local_profile.lib
2026-10-10T07:17:37.5463423Z   agentflow_console_transport.vcxproj -> D:\a\xMind\xMind\xmind\build\native\Release\agentflow_console_transport.lib
2026-10-10T07:17:37.7117953Z   skill_context_contract.cpp
2026-10-10T07:17:37.7137291Z   agentflow_edits.vcxproj -> D:\a\xMind\xMind\xmind\build\native\Release\agentflow_edits.lib
2026-10-10T07:17:37.8645946Z   agentflow_backend_owner_control.vcxproj -> D:\a\xMind\xMind\xmind\build\native\Release\agentflow_backend_owner_control.lib
2026-10-10T07:17:38.1115061Z   workspace_tools_contract.cpp
2026-10-10T07:17:40.9508860Z   agentflow_skill_state_contract.vcxproj -> D:\a\xMind\xMind\xmind\build\native\Release\agentflow_skill_state_contract.exe
2026-10-10T07:17:42.5579768Z   agentflow_process_effects.vcxproj -> D:\a\xMind\xMind\xmind\build\native\Release\agentflow_process_effects.lib
2026-10-10T07:17:43.4892291Z   agentflow_mcp_effects.vcxproj -> D:\a\xMind\xMind\xmind\build\native\Release\agentflow_mcp_effects.lib
2026-10-10T07:17:43.9963938Z   Building Custom Rule D:/a/xMind/xMind/xmind/Native/CMakeLists.txt
2026-10-10T07:17:44.0729439Z   Building Custom Rule D:/a/xMind/xMind/xmind/Native/CMakeLists.txt
2026-10-10T07:17:44.2442518Z   Building Custom Rule D:/a/xMind/xMind/xmind/Native/CMakeLists.txt
2026-10-10T07:17:44.5034479Z   Building Custom Rule D:/a/xMind/xMind/xmind/Native/CMakeLists.txt
2026-10-10T07:17:44.5067910Z   cli_main.cpp
2026-10-10T07:17:45.1273222Z   Building Custom Rule D:/a/xMind/xMind/xmind/Native/CMakeLists.txt
2026-10-10T07:17:49.8773230Z   agentflow_schema_worker_contract.vcxproj -> D:\a\xMind\xMind\xmind\build\native\Release\agentflow_schema_worker_contract.exe
2026-10-10T07:17:50.4019084Z   patch_executor_contract.cpp
2026-10-10T07:17:53.8971164Z   patch_file_executor_contract.cpp
2026-10-10T07:17:56.1409481Z   Building Custom Rule D:/a/xMind/xMind/xmind/Native/CMakeLists.txt
2026-10-10T07:18:05.3584240Z   patch_tool_contract.cpp
2026-10-10T07:18:06.6630088Z   create_executor_contract.cpp
2026-10-10T07:18:07.4803563Z   mcp_effect_contract.cpp
2026-10-10T07:18:20.2526546Z   Building Custom Rule D:/a/xMind/xMind/xmind/Native/CMakeLists.txt
2026-10-10T07:18:20.4834768Z   agentflow_skill_context_contract.vcxproj -> D:\a\xMind\xMind\xmind\build\native\Release\agentflow_skill_context_contract.exe
2026-10-10T07:18:21.2473682Z   edit_executor_contract.cpp
2026-10-10T07:18:21.3743062Z   agentflow_workspace_tools_contract.vcxproj -> D:\a\xMind\xMind\xmind\build\native\Release\agentflow_workspace_tools_contract.exe
2026-10-10T07:18:30.0265630Z   agentflow_create_executor_contract.vcxproj -> D:\a\xMind\xMind\xmind\build\native\Release\agentflow_create_executor_contract.exe
2026-10-10T07:18:30.6197573Z   agentflow_patch_executor_contract.vcxproj -> D:\a\xMind\xMind\xmind\build\native\Release\agentflow_patch_executor_contract.exe
2026-10-10T07:18:32.0204575Z   agentflow_patch_file_executor_contract.vcxproj -> D:\a\xMind\xMind\xmind\build\native\Release\agentflow_patch_file_executor_contract.exe
2026-10-10T07:18:32.0965152Z   xmind_cli.vcxproj -> D:\a\xMind\xMind\xmind\build\native\Release\xmind_cli.exe
2026-10-10T07:18:32.8805097Z   agentflow_edit_executor_contract.vcxproj -> D:\a\xMind\xMind\xmind\build\native\Release\agentflow_edit_executor_contract.exe
2026-10-10T07:18:33.0253897Z   agentflow_patch_tool_contract.vcxproj -> D:\a\xMind\xMind\xmind\build\native\Release\agentflow_patch_tool_contract.exe
2026-10-10T07:18:33.1356888Z   agentflow_agent.vcxproj -> D:\a\xMind\xMind\xmind\build\native\Release\agentflow_agent.lib
2026-10-10T07:18:33.4792520Z   agentflow_process_configuration.vcxproj -> D:\a\xMind\xMind\xmind\build\native\Release\agentflow_process_configuration.lib
2026-10-10T07:18:33.6635429Z   Building Custom Rule D:/a/xMind/xMind/xmind/Native/CMakeLists.txt
2026-10-10T07:18:33.6875913Z   Building Custom Rule D:/a/xMind/xMind/xmind/Native/CMakeLists.txt
2026-10-10T07:18:33.6890048Z   Building Custom Rule D:/a/xMind/xMind/xmind/Native/CMakeLists.txt
2026-10-10T07:18:33.7314112Z   Building Custom Rule D:/a/xMind/xMind/xmind/Native/CMakeLists.txt
2026-10-10T07:18:33.7352864Z   Building Custom Rule D:/a/xMind/xMind/xmind/Native/CMakeLists.txt
2026-10-10T07:18:33.8245529Z   Building Custom Rule D:/a/xMind/xMind/xmind/Native/CMakeLists.txt
2026-10-10T07:18:33.9608412Z   Building Custom Rule D:/a/xMind/xMind/xmind/Native/CMakeLists.txt
2026-10-10T07:18:33.9724673Z   Building Custom Rule D:/a/xMind/xMind/xmind/Native/CMakeLists.txt
2026-10-10T07:18:33.9870956Z   Building Custom Rule D:/a/xMind/xMind/xmind/Native/CMakeLists.txt
2026-10-10T07:18:49.4254625Z   Building Custom Rule D:/a/xMind/xMind/xmind/Native/CMakeLists.txt
2026-10-10T07:18:55.3628704Z   dynamic_plan_mcp_contract.cpp
2026-10-10T07:18:57.9744850Z   graph_children_contract.cpp
2026-10-10T07:18:58.4095940Z   dynamic_plan_engine_contract.cpp
2026-10-10T07:18:58.4669608Z   context_engine_contract.cpp
2026-10-10T07:18:58.5392345Z   agent_service_contract.cpp
2026-10-10T07:18:58.5763673Z   agentflow_graph_children_contract.vcxproj -> D:\a\xMind\xMind\xmind\build\native\Release\agentflow_graph_children_contract.exe
2026-10-10T07:18:58.6150704Z   agentflow_context_engine_contract.vcxproj -> D:\a\xMind\xMind\xmind\build\native\Release\agentflow_context_engine_contract.exe
2026-10-10T07:18:58.6981177Z   agentflow_dynamic_plan_engine_contract.vcxproj -> D:\a\xMind\xMind\xmind\build\native\Release\agentflow_dynamic_plan_engine_contract.exe
2026-10-10T07:18:58.7401884Z   gemini_agent_contract.cpp
2026-10-10T07:18:58.8786607Z   deepseek_provider_contract.cpp
2026-10-10T07:19:01.3783734Z   agentflow_dynamic_plan_mcp_contract.vcxproj -> D:\a\xMind\xMind\xmind\build\native\Release\agentflow_dynamic_plan_mcp_contract.exe
2026-10-10T07:19:01.4851467Z   agent_authority_contract.cpp
2026-10-10T07:19:04.2565824Z   native_delegation_contract.cpp
2026-10-10T07:19:04.2948775Z   agentflow_process_executor_contract.vcxproj -> D:\a\xMind\xMind\xmind\build\native\Release\agentflow_process_executor_contract.exe
2026-10-10T07:19:04.3337227Z   agentflow_agent_service_contract.vcxproj -> D:\a\xMind\xMind\xmind\build\native\Release\agentflow_agent_service_contract.exe
2026-10-10T07:19:10.9584992Z   native_child_executor_contract.cpp
2026-10-10T07:19:11.2236309Z   agentflow_agent_authority_contract.vcxproj -> D:\a\xMind\xMind\xmind\build\native\Release\agentflow_agent_authority_contract.exe
2026-10-10T07:19:21.5119192Z   agentflow_gemini_agent_contract.vcxproj -> D:\a\xMind\xMind\xmind\build\native\Release\agentflow_gemini_agent_contract.exe
2026-10-10T07:19:22.1758807Z   agentflow_mcp_effect_contract.vcxproj -> D:\a\xMind\xMind\xmind\build\native\Release\agentflow_mcp_effect_contract.exe
2026-10-10T07:19:22.4397639Z   Building Custom Rule D:/a/xMind/xMind/xmind/Native/CMakeLists.txt
2026-10-10T07:19:22.6663146Z   process_configuration_contract.cpp
2026-10-10T07:19:22.7280319Z   agentflow_native_child_executor_contract.vcxproj -> D:\a\xMind\xMind\xmind\build\native\Release\agentflow_native_child_executor_contract.exe
2026-10-10T07:19:23.3441756Z   agentflow_graph_execution.vcxproj -> D:\a\xMind\xMind\xmind\build\native\Release\agentflow_graph_execution.lib
2026-10-10T07:19:23.5349718Z   Building Custom Rule D:/a/xMind/xMind/xmind/Native/CMakeLists.txt
2026-10-10T07:19:24.2511851Z   anthropic_agent_contract.cpp
2026-10-10T07:19:24.4661627Z   Building Custom Rule D:/a/xMind/xMind/xmind/Native/CMakeLists.txt
2026-10-10T07:19:39.4973364Z   agent_runner_contract.cpp
2026-10-10T07:19:40.7807193Z   agentflow_process_configuration_contract.vcxproj -> D:\a\xMind\xMind\xmind\build\native\Release\agentflow_process_configuration_contract.exe
2026-10-10T07:19:40.9624388Z   agentflow_native_delegation_contract.vcxproj -> D:\a\xMind\xMind\xmind\build\native\Release\agentflow_native_delegation_contract.exe
2026-10-10T07:19:42.4143575Z   agentflow_agent_runner_contract.vcxproj -> D:\a\xMind\xMind\xmind\build\native\Release\agentflow_agent_runner_contract.exe
2026-10-10T07:19:43.1504750Z   agentflow_deepseek_provider_contract.vcxproj -> D:\a\xMind\xMind\xmind\build\native\Release\agentflow_deepseek_provider_contract.exe
2026-10-10T07:19:43.5201463Z   agentflow_anthropic_agent_contract.vcxproj -> D:\a\xMind\xMind\xmind\build\native\Release\agentflow_anthropic_agent_contract.exe
2026-10-10T07:19:43.7112133Z   Building Custom Rule D:/a/xMind/xMind/xmind/Native/CMakeLists.txt
2026-10-10T07:19:43.8048096Z   Building Custom Rule D:/a/xMind/xMind/xmind/Native/CMakeLists.txt
2026-10-10T07:19:43.8138886Z   agentflow_http.vcxproj -> D:\a\xMind\xMind\xmind\build\native\Release\agentflow_http.lib
2026-10-10T07:19:43.9305632Z   graph_mcp_contract.cpp
2026-10-10T07:19:43.9307639Z   Building Custom Rule D:/a/xMind/xMind/xmind/Native/CMakeLists.txt
2026-10-10T07:19:44.0348899Z   agentflow_runtime.vcxproj -> D:\a\xMind\xMind\xmind\build\native\Release\agentflow_runtime.lib
2026-10-10T07:19:44.3148804Z   graph_runner_contract.cpp
2026-10-10T07:19:44.3202993Z   admin_main.cpp
2026-10-10T07:19:44.8105772Z   Building Custom Rule D:/a/xMind/xMind/xmind/Native/CMakeLists.txt
2026-10-10T07:19:45.1752298Z   Building Custom Rule D:/a/xMind/xMind/xmind/Native/CMakeLists.txt
2026-10-10T07:19:45.3554692Z   Building Custom Rule D:/a/xMind/xMind/xmind/Native/CMakeLists.txt
2026-10-10T07:20:17.1114807Z   Building Custom Rule D:/a/xMind/xMind/xmind/Native/CMakeLists.txt
2026-10-10T07:20:18.4317418Z   context_graph_engine_contract.cpp
2026-10-10T07:20:18.4345454Z   mcp_oauth_service_contract.cpp
2026-10-10T07:20:18.4396328Z   approved_edit_http_fixture.cpp
2026-10-10T07:20:18.4402302Z   Building Custom Rule D:/a/xMind/xMind/xmind/Native/CMakeLists.txt
2026-10-10T07:20:18.4405638Z   mcp_oauth_trusted_contract.cpp
2026-10-10T07:20:18.4463931Z   xmind_admin.vcxproj -> D:\a\xMind\xMind\xmind\build\native\Release\xmind_admin.exe
2026-10-10T07:20:19.0599657Z   agentflow_graph_runner_contract.vcxproj -> D:\a\xMind\xMind\xmind\build\native\Release\agentflow_graph_runner_contract.exe
2026-10-10T07:20:19.6183394Z   agentflow_approved_edit_http_fixture.vcxproj -> D:\a\xMind\xMind\xmind\build\native\Release\agentflow_approved_edit_http_fixture.exe
2026-10-10T07:20:20.3790531Z   agentflow_mcp_oauth_service_contract.vcxproj -> D:\a\xMind\xMind\xmind\build\native\Release\agentflow_mcp_oauth_service_contract.exe
2026-10-10T07:20:21.8045793Z   agentflow_context_graph_engine_contract.vcxproj -> D:\a\xMind\xMind\xmind\build\native\Release\agentflow_context_graph_engine_contract.exe
2026-10-10T07:20:22.1770606Z   planning_http_contract.cpp
2026-10-10T07:20:22.1775386Z   agentflow_graph_mcp_contract.vcxproj -> D:\a\xMind\xMind\xmind\build\native\Release\agentflow_graph_mcp_contract.exe
2026-10-10T07:20:22.2047554Z   Building Custom Rule D:/a/xMind/xMind/xmind/Native/CMakeLists.txt
2026-10-10T07:20:22.4379055Z   context_control_contract.cpp
2026-10-10T07:20:25.3992380Z   Building Custom Rule D:/a/xMind/xMind/xmind/Native/CMakeLists.txt
2026-10-10T07:20:25.5664490Z   Building Custom Rule D:/a/xMind/xMind/xmind/Native/CMakeLists.txt
2026-10-10T07:20:25.5683658Z   Building Custom Rule D:/a/xMind/xMind/xmind/Native/CMakeLists.txt
2026-10-10T07:20:25.5695612Z   Building Custom Rule D:/a/xMind/xMind/xmind/Native/CMakeLists.txt
2026-10-10T07:20:25.9304824Z   Building Custom Rule D:/a/xMind/xMind/xmind/Native/CMakeLists.txt
2026-10-10T07:20:26.1198053Z   Building Custom Rule D:/a/xMind/xMind/xmind/Native/CMakeLists.txt
2026-10-10T07:20:26.1326728Z   Building Custom Rule D:/a/xMind/xMind/xmind/Native/CMakeLists.txt
2026-10-10T07:20:26.2375702Z   Building Custom Rule D:/a/xMind/xMind/xmind/Native/CMakeLists.txt
2026-10-10T07:20:42.2360501Z   agentflow_mcp_oauth_trusted_contract.vcxproj -> D:\a\xMind\xMind\xmind\build\native\Release\agentflow_mcp_oauth_trusted_contract.exe
2026-10-10T07:20:49.3625604Z   provider_profile_cli_contract.cpp
2026-10-10T07:20:54.1105883Z   provider_model_policy_runtime_contract.cpp
2026-10-10T07:21:02.9651622Z   backend_owner_http_contract.cpp
2026-10-10T07:21:03.0011698Z   agentflow_provider_profile_cli_contract.vcxproj -> D:\a\xMind\xMind\xmind\build\native\Release\agentflow_provider_profile_cli_contract.exe
2026-10-10T07:21:03.9003958Z   gemini_profile_runtime_contract.cpp
2026-10-10T07:21:05.6430302Z   agentflow_planning_http_contract.vcxproj -> D:\a\xMind\xMind\xmind\build\native\Release\agentflow_planning_http_contract.exe
2026-10-10T07:21:05.8010166Z   provider_profile_runtime_contract.cpp
2026-10-10T07:21:06.2783957Z   deepseek_profile_runtime_contract.cpp
2026-10-10T07:21:06.7232789Z   agentflow_context_control_contract.vcxproj -> D:\a\xMind\xMind\xmind\build\native\Release\agentflow_context_control_contract.exe
2026-10-10T07:21:06.7598173Z   agentflow_backend_owner_http_contract.vcxproj -> D:\a\xMind\xMind\xmind\build\native\Release\agentflow_backend_owner_http_contract.exe
2026-10-10T07:21:07.7139009Z   agentflow_provider_model_policy_runtime_contract.vcxproj -> D:\a\xMind\xMind\xmind\build\native\Release\agentflow_provider_model_policy_runtime_contract.exe
2026-10-10T07:21:09.0515965Z   Building Custom Rule D:/a/xMind/xMind/xmind/Native/CMakeLists.txt
2026-10-10T07:21:09.2133488Z   server_main.cpp
2026-10-10T07:21:09.4575259Z   provider_profiles_contract.cpp
2026-10-10T07:21:24.3966085Z   Building Custom Rule D:/a/xMind/xMind/xmind/Native/CMakeLists.txt
2026-10-10T07:21:25.1532491Z   provider_setup_contract.cpp
2026-10-10T07:21:28.5652171Z   xmind.vcxproj -> D:\a\xMind\xMind\xmind\build\native\Release\xmind.exe
2026-10-10T07:21:37.4503719Z   agentflow_gemini_profile_runtime_contract.vcxproj -> D:\a\xMind\xMind\xmind\build\native\Release\agentflow_gemini_profile_runtime_contract.exe
2026-10-10T07:21:40.9277963Z   agentflow_provider_profiles_contract.vcxproj -> D:\a\xMind\xMind\xmind\build\native\Release\agentflow_provider_profiles_contract.exe
2026-10-10T07:21:42.6587108Z   Building Custom Rule D:/a/xMind/xMind/xmind/Native/CMakeLists.txt
2026-10-10T07:21:43.4609059Z   provider_yaml_config_contract.cpp
2026-10-10T07:21:52.7785192Z   xmind_server.vcxproj -> D:\a\xMind\xMind\xmind\build\native\Release\xmind_server.exe
2026-10-10T07:22:00.9042325Z   agentflow_deepseek_profile_runtime_contract.vcxproj -> D:\a\xMind\xMind\xmind\build\native\Release\agentflow_deepseek_profile_runtime_contract.exe
2026-10-10T07:22:03.6964190Z   gemini_catalogue_contract.cpp
2026-10-10T07:22:05.0933536Z   agentflow_provider_yaml_config_contract.vcxproj -> D:\a\xMind\xMind\xmind\build\native\Release\agentflow_provider_yaml_config_contract.exe
2026-10-10T07:22:06.7075429Z   agentflow_gemini_catalogue_contract.vcxproj -> D:\a\xMind\xMind\xmind\build\native\Release\agentflow_gemini_catalogue_contract.exe
2026-10-10T07:22:06.8797341Z   agentflow_provider_profile_runtime_contract.vcxproj -> D:\a\xMind\xMind\xmind\build\native\Release\agentflow_provider_profile_runtime_contract.exe
2026-10-10T07:22:08.4271356Z   agentflow_provider_setup_contract.vcxproj -> D:\a\xMind\xMind\xmind\build\native\Release\agentflow_provider_setup_contract.exe
2026-10-10T07:22:08.5822522Z   Building Custom Rule D:/a/xMind/xMind/xmind/Native/CMakeLists.txt
2026-10-10T07:22:09.0154929Z Test project D:/a/xMind/xMind/xmind/build/native
2026-10-10T07:22:09.0308901Z         Start   1: native_json_schema_contract
2026-10-10T07:22:09.0494098Z   1/116 Test   #1: native_json_schema_contract .....................   Passed    0.02 sec
2026-10-10T07:22:09.0499313Z         Start   2: native_mcp_wire_contract
2026-10-10T07:22:09.0773516Z   2/116 Test   #2: native_mcp_wire_contract ........................   Passed    0.03 sec
2026-10-10T07:22:09.0777300Z         Start   3: model_stream_protocol_contract
2026-10-10T07:22:09.1641236Z   3/116 Test   #3: model_stream_protocol_contract ..................   Passed    0.09 sec
2026-10-10T07:22:09.1645359Z         Start   4: model_request_contract
2026-10-10T07:22:09.1810849Z   4/116 Test   #4: model_request_contract ..........................   Passed    0.02 sec
2026-10-10T07:22:09.1816187Z         Start   5: native_context_selection_contract
2026-10-10T07:22:09.1957691Z   5/116 Test   #5: native_context_selection_contract ...............   Passed    0.01 sec
2026-10-10T07:22:09.1958741Z         Start   6: native_gemini_request_contract
2026-10-10T07:22:09.3798275Z   6/116 Test   #6: native_gemini_request_contract ..................   Passed    0.18 sec
2026-10-10T07:22:09.3802413Z         Start   7: native_gemini_stream_contract
2026-10-10T07:22:09.4099418Z   7/116 Test   #7: native_gemini_stream_contract ...................   Passed    0.03 sec
2026-10-10T07:22:09.4104174Z         Start   8: native_gemini_history_contract
2026-10-10T07:22:09.5933725Z   8/116 Test   #8: native_gemini_history_contract ..................   Passed    0.18 sec
2026-10-10T07:22:09.5937754Z         Start   9: native_anthropic_request_contract
2026-10-10T07:22:09.6061624Z   9/116 Test   #9: native_anthropic_request_contract ...............   Passed    0.01 sec
2026-10-10T07:22:09.6066470Z         Start  10: native_anthropic_stream_contract
2026-10-10T07:22:09.7329576Z  10/116 Test  #10: native_anthropic_stream_contract ................   Passed    0.13 sec
2026-10-10T07:22:09.7333675Z         Start  11: native_anthropic_history_contract
2026-10-10T07:22:10.1886279Z  11/116 Test  #11: native_anthropic_history_contract ...............   Passed    0.45 sec
2026-10-10T07:22:10.1889860Z         Start  12: native_responses_protocol_contract
2026-10-10T07:22:10.3447477Z  12/116 Test  #12: native_responses_protocol_contract ..............   Passed    0.16 sec
2026-10-10T07:22:10.3450958Z         Start  13: native_dynamic_plan_contract
2026-10-10T07:22:10.3805218Z  13/116 Test  #13: native_dynamic_plan_contract ....................   Passed    0.03 sec
2026-10-10T07:22:10.3809511Z         Start  14: native_agent_authority_contract
2026-10-10T07:22:10.3988379Z  14/116 Test  #14: native_agent_authority_contract .................   Passed    0.02 sec
2026-10-10T07:22:10.3993337Z         Start  15: native_dynamic_plan_repository_contract
2026-10-10T07:22:16.6189463Z  15/116 Test  #15: native_dynamic_plan_repository_contract .........   Passed    6.22 sec
2026-10-10T07:22:16.6192861Z         Start  16: native_context_repository_contract
2026-10-10T07:22:25.3641147Z  16/116 Test  #16: native_context_repository_contract ..............   Passed    8.74 sec
2026-10-10T07:22:25.3643585Z         Start  17: native_context_control_contract
2026-10-10T07:22:30.6666903Z  17/116 Test  #17: native_context_control_contract .................   Passed    5.30 sec
2026-10-10T07:22:30.6670958Z         Start  18: native_context_cli_contract
2026-10-10T07:22:31.0043094Z  18/116 Test  #18: native_context_cli_contract .....................   Passed    0.34 sec
2026-10-10T07:22:31.0047255Z         Start  19: native_context_engine_contract
2026-10-10T07:22:39.5377570Z  19/116 Test  #19: native_context_engine_contract ..................   Passed    8.53 sec
2026-10-10T07:22:39.5381113Z         Start  20: native_context_graph_engine_contract
2026-10-10T07:22:42.2328207Z  20/116 Test  #20: native_context_graph_engine_contract ............   Passed    2.69 sec
2026-10-10T07:22:42.2332976Z         Start  21: native_provider_yaml_config_contract
2026-10-10T07:22:43.2293000Z  21/116 Test  #21: native_provider_yaml_config_contract ............   Passed    1.00 sec
2026-10-10T07:22:43.2297605Z         Start  22: native_planning_http_contract
2026-10-10T07:22:43.8285973Z  22/116 Test  #22: native_planning_http_contract ...................   Passed    0.60 sec
2026-10-10T07:22:43.8287754Z         Start  23: native_child_executor_contract
2026-10-10T07:22:44.2086081Z  23/116 Test  #23: native_child_executor_contract ..................   Passed    0.38 sec
2026-10-10T07:22:44.2090495Z         Start  24: native_dynamic_plan_engine_contract
2026-10-10T07:22:47.1395440Z  24/116 Test  #24: native_dynamic_plan_engine_contract .............   Passed    2.93 sec
2026-10-10T07:22:47.1400434Z         Start  25: native_dynamic_plan_mcp_contract
2026-10-10T07:22:52.6767905Z  25/116 Test  #25: native_dynamic_plan_mcp_contract ................   Passed    5.54 sec
2026-10-10T07:22:52.6771771Z         Start  26: native_secret_protection_contract
2026-10-10T07:22:52.6910161Z  26/116 Test  #26: native_secret_protection_contract ...............   Passed    0.01 sec
2026-10-10T07:22:52.6914953Z         Start  27: native_a2a_task_control_http_contract
2026-10-10T07:22:54.4623438Z  27/116 Test  #27: native_a2a_task_control_http_contract ...........   Passed    1.77 sec
2026-10-10T07:22:54.4628034Z         Start  28: native_a2a_message_http_contract
2026-10-10T07:22:54.9860392Z  28/116 Test  #28: native_a2a_message_http_contract ................   Passed    0.52 sec
2026-10-10T07:22:54.9864727Z         Start  29: native_a2a_stream_http_contract
2026-10-10T07:22:57.8207099Z  29/116 Test  #29: native_a2a_stream_http_contract .................   Passed    2.83 sec
2026-10-10T07:22:57.8211095Z         Start  30: native_a2a_v1_http_contract
2026-10-10T07:22:59.0741437Z  30/116 Test  #30: native_a2a_v1_http_contract .....................   Passed    1.25 sec
2026-10-10T07:22:59.0746173Z         Start  31: native_responses_agent_http_contract
2026-10-10T07:23:09.3989761Z  31/116 Test  #31: native_responses_agent_http_contract ............   Passed   10.32 sec
2026-10-10T07:23:09.3994335Z         Start  32: native_graph_service_http_contract
2026-10-10T07:23:17.2295763Z  32/116 Test  #32: native_graph_service_http_contract ..............   Passed    7.83 sec
2026-10-10T07:23:17.2300135Z         Start  33: native_provider_cli_contract
2026-10-10T07:23:22.5265415Z  33/116 Test  #33: native_provider_cli_contract ....................   Passed    5.30 sec
2026-10-10T07:23:22.5266448Z         Start  34: native_provider_setup_contract
2026-10-10T07:23:29.2413295Z  34/116 Test  #34: native_provider_setup_contract ..................   Passed    6.71 sec
2026-10-10T07:23:29.2417833Z         Start  35: native_graph_runner_contract
2026-10-10T07:23:35.1916172Z  35/116 Test  #35: native_graph_runner_contract ....................   Passed    5.95 sec
2026-10-10T07:23:35.1919940Z         Start  36: native_graph_mcp_contract
2026-10-10T07:23:44.2127287Z  36/116 Test  #36: native_graph_mcp_contract .......................   Passed    9.02 sec
2026-10-10T07:23:44.2131679Z         Start  37: native_graph_mcp_http_contract
2026-10-10T07:23:47.5037832Z  37/116 Test  #37: native_graph_mcp_http_contract ..................   Passed    3.29 sec
2026-10-10T07:23:47.5043133Z         Start  38: native_delegation_contract
2026-10-10T07:23:53.8445138Z  38/116 Test  #38: native_delegation_contract ......................   Passed    6.34 sec
2026-10-10T07:23:53.8449782Z         Start  39: native_delegation_http_contract
2026-10-10T07:23:55.3630576Z  39/116 Test  #39: native_delegation_http_contract .................   Passed    1.52 sec
2026-10-10T07:23:55.3635545Z         Start  40: native_graph_checkpoint_contract
2026-10-10T07:23:56.1186847Z  40/116 Test  #40: native_graph_checkpoint_contract ................   Passed    0.75 sec
2026-10-10T07:23:56.1191563Z         Start  41: native_graph_children_contract
2026-10-10T07:23:56.7422105Z  41/116 Test  #41: native_graph_children_contract ..................   Passed    0.62 sec
2026-10-10T07:23:56.7425787Z         Start  42: native_graph_contract
2026-10-10T07:23:57.3493656Z  42/116 Test  #42: native_graph_contract ...........................   Passed    0.61 sec
2026-10-10T07:23:57.3498540Z         Start  43: native_instruction_configuration_contract
2026-10-10T07:23:57.7020642Z  43/116 Test  #43: native_instruction_configuration_contract .......   Passed    0.35 sec
2026-10-10T07:23:57.7024426Z         Start  44: native_process_configuration_contract
2026-10-10T07:23:57.9182247Z  44/116 Test  #44: native_process_configuration_contract ...........   Passed    0.22 sec
2026-10-10T07:23:57.9186972Z         Start  45: native_process_executor_contract
2026-10-10T07:24:05.2491424Z  45/116 Test  #45: native_process_executor_contract ................   Passed    7.33 sec
2026-10-10T07:24:05.2496404Z         Start  46: native_agent_process_http_contract
2026-10-10T07:24:10.9646244Z  46/116 Test  #46: native_agent_process_http_contract ..............   Passed    5.71 sec
2026-10-10T07:24:10.9651508Z         Start  47: native_process_adapter_contract
2026-10-10T07:24:15.3424812Z  47/116 Test  #47: native_process_adapter_contract .................   Passed    4.38 sec
2026-10-10T07:24:15.3427685Z         Start  48: native_mcp_configuration_contract
2026-10-10T07:24:15.7534952Z  48/116 Test  #48: native_mcp_configuration_contract ...............   Passed    0.41 sec
2026-10-10T07:24:15.7540525Z         Start  49: native_mcp_oauth_credentials_contract
2026-10-10T07:24:16.0986396Z  49/116 Test  #49: native_mcp_oauth_credentials_contract ...........   Passed    0.34 sec
2026-10-10T07:24:16.0990693Z         Start  50: native_mcp_oauth_service_contract
2026-10-10T07:24:17.6129440Z  50/116 Test  #50: native_mcp_oauth_service_contract ...............   Passed    1.51 sec
2026-10-10T07:24:17.6133655Z         Start  51: native_mcp_authorization_cli_contract
2026-10-10T07:24:18.9932753Z  51/116 Test  #51: native_mcp_authorization_cli_contract ...........   Passed    1.38 sec
2026-10-10T07:24:18.9936838Z         Start  52: native_mcp_oauth_trusted_peer_contract
2026-10-10T07:24:19.2813795Z  52/116 Test  #52: native_mcp_oauth_trusted_peer_contract ..........   Passed    0.29 sec
2026-10-10T07:24:19.2818729Z         Start  53: native_mcp_oauth_trusted_contract
2026-10-10T07:24:20.7246727Z  53/116 Test  #53: native_mcp_oauth_trusted_contract ...............***Failed    1.44 sec
2026-10-10T07:24:20.7248316Z node:internal/errors:983
2026-10-10T07:24:20.7250063Z   const err = new Error(message);
2026-10-10T07:24:20.7250761Z               ^
2026-10-10T07:24:20.7251032Z 
2026-10-10T07:24:20.7253709Z Error: Command failed: pwsh.exe -NoProfile -NonInteractive -File D:/a/xMind/xMind/xmind/Native/../Tools/ci-oauth-certificate.ps1 -Action Install -CertificateFile D:\a\_temp\xmind-oauth-trust-7jjpwD\ca.cer -Thumbprint E460374A2783E0941AFD4E0F937A46F97EB3E71A
2026-10-10T07:24:20.7258197Z [31;1mImport-Certificate: [0mD:\a\xMind\xMind\xmind\Tools\ci-oauth-certificate.ps1:27[0m
2026-10-10T07:24:20.7260068Z [31;1m[0m[36;1mLine |[0m
2026-10-10T07:24:20.7262070Z [31;1m[0m[36;1m[36;1m  27 | [0m . uthImported=[36;1mImport-Certificate -FilePath $oauthFile -CertStoreLocatio[0m .[0m
2026-10-10T07:24:20.7264122Z [31;1m[0m[36;1m[36;1m[0m[36;1m[0m[36;1m     | [31;1m               ~~~~~~~~~~~~~~~~~~~~~~~~~~~~~~~~~~~~~~~~~~~~~~~~~~~~~~~~~[0m
2026-10-10T07:24:20.7266429Z [31;1m[0m[36;1m[36;1m[0m[36;1m[0m[36;1m[31;1m[31;1m[36;1m     | [31;1mUI is not allowed in this operation.[0m
2026-10-10T07:24:20.7267201Z 
2026-10-10T07:24:20.7267857Z     at genericNodeError (node:internal/errors:983:15)
2026-10-10T07:24:20.7268838Z     at wrappedFn (node:internal/errors:537:14)
2026-10-10T07:24:20.7269656Z     at ChildProcess.exithandler (node:child_process:417:12)
2026-10-10T07:24:20.7271376Z     at ChildProcess.emit (node:events:519:28)
2026-10-10T07:24:20.7272501Z     at maybeClose (node:internal/child_process:1101:16)
2026-10-10T07:24:20.7273891Z     at ChildProcess._handle.onexit (node:internal/child_process:304:5) {
2026-10-10T07:24:20.7274788Z   code: 1,
2026-10-10T07:24:20.7275622Z   killed: false,
2026-10-10T07:24:20.7277141Z   signal: null,
2026-10-10T07:24:20.7279491Z   cmd: 'pwsh.exe -NoProfile -NonInteractive -File D:/a/xMind/xMind/xmind/Native/../Tools/ci-oauth-certificate.ps1 -Action Install -CertificateFile D:\\a\\_temp\\xmind-oauth-trust-7jjpwD\\ca.cer -Thumbprint E460374A2783E0941AFD4E0F937A46F97EB3E71A',
2026-10-10T07:24:20.7281486Z   stdout: '',
2026-10-10T07:24:20.7282513Z   stderr: '\x1B[31;1mImport-Certificate: \x1B[0mD:\\a\\xMind\\xMind\\xmind\\Tools\\ci-oauth-certificate.ps1:27\x1B[0m\r\n' +
2026-10-10T07:24:20.7283724Z     '\x1B[31;1m\x1B[0m\x1B[36;1mLine |\x1B[0m\r\n' +
2026-10-10T07:24:20.7285112Z     '\x1B[31;1m\x1B[0m\x1B[36;1m\x1B[36;1m  27 | \x1B[0m . uthImported=\x1B[36;1mImport-Certificate -FilePath $oauthFile -CertStoreLocatio\x1B[0m .\x1B[0m\r\n' +
2026-10-10T07:24:20.7286960Z     '\x1B[31;1m\x1B[0m\x1B[36;1m\x1B[36;1m\x1B[0m\x1B[36;1m\x1B[0m\x1B[36;1m     | \x1B[31;1m               ~~~~~~~~~~~~~~~~~~~~~~~~~~~~~~~~~~~~~~~~~~~~~~~~~~~~~~~~~\x1B[0m\r\n' +
2026-10-10T07:24:20.7288781Z     '\x1B[31;1m\x1B[0m\x1B[36;1m\x1B[36;1m\x1B[0m\x1B[36;1m\x1B[0m\x1B[36;1m\x1B[31;1m\x1B[31;1m\x1B[36;1m     | \x1B[31;1mUI is not allowed in this operation.\x1B[0m\r\n'
2026-10-10T07:24:20.7290296Z }
2026-10-10T07:24:20.7290505Z 
2026-10-10T07:24:20.7290740Z Node.js v22.23.3
2026-10-10T07:24:20.7291040Z 
2026-10-10T07:24:20.7291315Z         Start  54: native_schema_worker_contract
2026-10-10T07:24:23.1731014Z  54/116 Test  #54: native_schema_worker_contract ...................   Passed    2.45 sec
2026-10-10T07:24:23.1732067Z         Start  55: native_mcp_stdio_contract
2026-10-10T07:24:26.4150357Z  55/116 Test  #55: native_mcp_stdio_contract .......................   Passed    3.24 sec
2026-10-10T07:24:26.4154440Z         Start  56: native_mcp_handshake_contract
2026-10-10T07:24:27.4401171Z  56/116 Test  #56: native_mcp_handshake_contract ...................   Passed    1.02 sec
2026-10-10T07:24:27.4404542Z         Start  57: native_mcp_client_contract
2026-10-10T07:24:28.7128733Z  57/116 Test  #57: native_mcp_client_contract ......................   Passed    1.27 sec
2026-10-10T07:24:28.7132699Z         Start  58: native_mcp_effect_contract
2026-10-10T07:24:49.9248811Z  58/116 Test  #58: native_mcp_effect_contract ......................   Passed   21.21 sec
2026-10-10T07:24:49.9250542Z         Start  59: native_agent_service_contract
2026-10-10T07:24:51.0496384Z  59/116 Test  #59: native_agent_service_contract ...................   Passed    1.12 sec
2026-10-10T07:24:51.0501001Z         Start  60: native_agent_runner_contract
2026-10-10T07:24:57.9971313Z  60/116 Test  #60: native_agent_runner_contract ....................   Passed    6.95 sec
2026-10-10T07:24:57.9975513Z         Start  61: native_gemini_agent_contract
2026-10-10T07:24:58.9753680Z  61/116 Test  #61: native_gemini_agent_contract ....................   Passed    0.98 sec
2026-10-10T07:24:58.9758697Z         Start  62: native_anthropic_agent_contract
2026-10-10T07:25:00.3150232Z  62/116 Test  #62: native_anthropic_agent_contract .................   Passed    1.34 sec
2026-10-10T07:25:00.3154445Z         Start  63: native_file_patch_contract
2026-10-10T07:25:00.3353896Z  63/116 Test  #63: native_file_patch_contract ......................   Passed    0.02 sec
2026-10-10T07:25:00.3357797Z         Start  64: native_skill_state_contract
2026-10-10T07:25:00.9096539Z  64/116 Test  #64: native_skill_state_contract .....................   Passed    0.57 sec
2026-10-10T07:25:00.9100183Z         Start  65: native_skill_catalogue_contract
2026-10-10T07:25:03.5203894Z  65/116 Test  #65: native_skill_catalogue_contract .................   Passed    2.61 sec
2026-10-10T07:25:03.5208850Z         Start  66: native_create_executor_contract
2026-10-10T07:25:05.1819069Z  66/116 Test  #66: native_create_executor_contract .................   Passed    1.66 sec
2026-10-10T07:25:05.1822561Z         Start  67: native_edit_executor_contract
2026-10-10T07:25:06.0002660Z  67/116 Test  #67: native_edit_executor_contract ...................   Passed    0.82 sec
2026-10-10T07:25:06.0006918Z         Start  68: native_patch_file_executor_contract
2026-10-10T07:25:07.5544216Z  68/116 Test  #68: native_patch_file_executor_contract .............   Passed    1.55 sec
2026-10-10T07:25:07.5548231Z         Start  69: native_patch_executor_contract
2026-10-10T07:25:09.4103265Z  69/116 Test  #69: native_patch_executor_contract ..................   Passed    1.85 sec
2026-10-10T07:25:09.4106417Z         Start  70: native_patch_tool_contract
2026-10-10T07:25:10.3935460Z  70/116 Test  #70: native_patch_tool_contract ......................   Passed    0.98 sec
2026-10-10T07:25:10.3939067Z         Start  71: native_approved_edit_http_contract
2026-10-10T07:25:11.5610624Z  71/116 Test  #71: native_approved_edit_http_contract ..............   Passed    1.17 sec
2026-10-10T07:25:11.5615050Z         Start  72: native_workspace_tools_contract
2026-10-10T07:25:15.2286960Z  72/116 Test  #72: native_workspace_tools_contract .................   Passed    3.67 sec
2026-10-10T07:25:15.2291486Z         Start  73: native_repository_instructions_contract
2026-10-10T07:25:15.7269177Z  73/116 Test  #73: native_repository_instructions_contract .........   Passed    0.50 sec
2026-10-10T07:25:15.7273304Z         Start  74: native_skill_context_contract
2026-10-10T07:25:16.8484280Z  74/116 Test  #74: native_skill_context_contract ...................   Passed    1.12 sec
2026-10-10T07:25:16.8487630Z         Start  75: native_chat_provider_contract
2026-10-10T07:25:17.0091915Z  75/116 Test  #75: native_chat_provider_contract ...................   Passed    0.16 sec
2026-10-10T07:25:17.0096297Z         Start  76: native_gemini_provider_contract
2026-10-10T07:25:17.1987109Z  76/116 Test  #76: native_gemini_provider_contract .................   Passed    0.19 sec
2026-10-10T07:25:17.1992373Z         Start  77: native_deepseek_provider_contract
2026-10-10T07:25:17.9140543Z  77/116 Test  #77: native_deepseek_provider_contract ...............   Passed    0.71 sec
2026-10-10T07:25:17.9144812Z         Start  78: native_deepseek_profile_runtime_contract
2026-10-10T07:25:18.6168145Z  78/116 Test  #78: native_deepseek_profile_runtime_contract ........   Passed    0.70 sec
2026-10-10T07:25:18.6172784Z         Start  79: native_provider_model_policy_runtime_contract
2026-10-10T07:25:19.6105745Z  79/116 Test  #79: native_provider_model_policy_runtime_contract ...   Passed    0.99 sec
2026-10-10T07:25:19.6109944Z         Start  80: native_anthropic_provider_contract
2026-10-10T07:25:19.7945271Z  80/116 Test  #80: native_anthropic_provider_contract ..............   Passed    0.18 sec
2026-10-10T07:25:19.7950329Z         Start  81: native_mcp_oauth_callback_contract
2026-10-10T07:25:20.7043018Z  81/116 Test  #81: native_mcp_oauth_callback_contract ..............   Passed    0.91 sec
2026-10-10T07:25:20.7047332Z         Start  82: native_responses_context_contract
2026-10-10T07:25:22.0392831Z  82/116 Test  #82: native_responses_context_contract ...............   Passed    1.33 sec
2026-10-10T07:25:22.0397335Z         Start  83: native_http_stream_transport_contract
2026-10-10T07:25:33.4278842Z  83/116 Test  #83: native_http_stream_transport_contract ...........   Passed   11.39 sec
2026-10-10T07:25:33.4284369Z         Start  84: native_agent_http_contract
2026-10-10T07:25:40.7143094Z  84/116 Test  #84: native_agent_http_contract ......................   Passed    7.29 sec
2026-10-10T07:25:40.7147825Z         Start  85: native_agent_edit_http_contract
2026-10-10T07:26:01.9278671Z  85/116 Test  #85: native_agent_edit_http_contract .................   Passed   21.21 sec
2026-10-10T07:26:01.9280015Z         Start  86: native_agent_patch_http_contract
2026-10-10T07:26:06.3227667Z  86/116 Test  #86: native_agent_patch_http_contract ................   Passed    4.39 sec
2026-10-10T07:26:06.3233007Z         Start  87: native_agent_mcp_http_contract
2026-10-10T07:26:09.1770173Z  87/116 Test  #87: native_agent_mcp_http_contract ..................   Passed    2.85 sec
2026-10-10T07:26:09.1773987Z         Start  88: native_mcp_sdk_modern_contract
2026-10-10T07:26:13.0954515Z  88/116 Test  #88: native_mcp_sdk_modern_contract ..................   Passed    3.92 sec
2026-10-10T07:26:13.0958510Z         Start  89: native_mcp_sdk_legacy_contract
2026-10-10T07:26:17.1563995Z  89/116 Test  #89: native_mcp_sdk_legacy_contract ..................   Passed    4.06 sec
2026-10-10T07:26:17.1569480Z         Start  90: native_http_cli_contract
2026-10-10T07:26:19.7390724Z  90/116 Test  #90: native_http_cli_contract ........................   Passed    2.58 sec
2026-10-10T07:26:19.7394381Z         Start  91: native_unified_program_contract
2026-10-10T07:26:21.3207056Z  91/116 Test  #91: native_unified_program_contract .................   Passed    1.58 sec
2026-10-10T07:26:21.3209795Z         Start  92: native_unified_patch_http_contract
2026-10-10T07:26:26.1052199Z  92/116 Test  #92: native_unified_patch_http_contract ..............   Passed    4.78 sec
2026-10-10T07:26:26.1056233Z         Start  93: native_unified_graph_http_contract
2026-10-10T07:26:34.2406383Z  93/116 Test  #93: native_unified_graph_http_contract ..............   Passed    8.13 sec
2026-10-10T07:26:34.2411832Z         Start  94: native_unified_mcp_http_contract
2026-10-10T07:26:37.5964344Z  94/116 Test  #94: native_unified_mcp_http_contract ................   Passed    3.35 sec
2026-10-10T07:26:37.5968597Z         Start  95: native_console_workspace_contract
2026-10-10T07:26:38.7473149Z  95/116 Test  #95: native_console_workspace_contract ...............   Passed    1.15 sec
2026-10-10T07:26:38.7476967Z         Start  96: native_local_profile_contract
2026-10-10T07:27:18.1921741Z  96/116 Test  #96: native_local_profile_contract ...................   Passed   39.44 sec
2026-10-10T07:27:18.1923453Z         Start  97: native_local_view_contract
2026-10-10T07:28:13.1991501Z  97/116 Test  #97: native_local_view_contract ......................   Passed   55.01 sec
2026-10-10T07:28:13.1992705Z         Start  98: embedded_xlang_sqlite_contract
2026-10-10T07:28:13.2329997Z  98/116 Test  #98: embedded_xlang_sqlite_contract ..................   Passed    0.03 sec
2026-10-10T07:28:13.2331513Z         Start  99: native_incoming_repository_contract
2026-10-10T07:28:16.6168933Z  99/116 Test  #99: native_incoming_repository_contract .............   Passed    3.38 sec
2026-10-10T07:28:16.6171775Z         Start 100: native_task_list_repository_contract
2026-10-10T07:28:17.3947530Z 100/116 Test #100: native_task_list_repository_contract ............   Passed    0.78 sec
2026-10-10T07:28:17.3951242Z         Start 101: native_permission_waiter_contract
2026-10-10T07:28:18.2966006Z 101/116 Test #101: native_permission_waiter_contract ...............   Passed    0.90 sec
2026-10-10T07:28:18.2969889Z         Start 102: native_operation_repository_contract
2026-10-10T07:28:20.4654354Z 102/116 Test #102: native_operation_repository_contract ............   Passed    2.17 sec
2026-10-10T07:28:20.4658295Z         Start 103: xlang_repository_contract
2026-10-10T07:28:20.9681869Z 103/116 Test #103: xlang_repository_contract .......................   Passed    0.50 sec
2026-10-10T07:28:20.9686654Z         Start 104: persistence_service_contract
2026-10-10T07:28:24.1567266Z 104/116 Test #104: persistence_service_contract ....................   Passed    3.19 sec
2026-10-10T07:28:24.1571412Z         Start 105: native_backend_owner_contract
2026-10-10T07:28:26.7980377Z 105/116 Test #105: native_backend_owner_contract ...................   Passed    2.64 sec
2026-10-10T07:28:26.7983073Z         Start 106: native_legacy_owner_contract
2026-10-10T07:28:27.5330021Z 106/116 Test #106: native_legacy_owner_contract ....................   Passed    0.73 sec
2026-10-10T07:28:27.5334761Z         Start 107: native_owner_process_contract
2026-10-10T07:28:27.7132882Z 107/116 Test #107: native_owner_process_contract ...................   Passed    0.18 sec
2026-10-10T07:28:27.7136501Z         Start 108: native_runtime_generation_contract
2026-10-10T07:28:30.4177713Z 108/116 Test #108: native_runtime_generation_contract ..............   Passed    2.70 sec
2026-10-10T07:28:30.4182089Z         Start 109: native_backend_owner_http_contract
2026-10-10T07:28:31.6458113Z 109/116 Test #109: native_backend_owner_http_contract ..............   Passed    1.23 sec
2026-10-10T07:28:31.6461577Z         Start 110: native_backend_handoff_contract
2026-10-10T07:28:34.7533159Z 110/116 Test #110: native_backend_handoff_contract .................   Passed    3.11 sec
2026-10-10T07:28:34.7538899Z         Start 111: native_provider_profiles_contract
2026-10-10T07:28:35.4616361Z 111/116 Test #111: native_provider_profiles_contract ...............   Passed    0.71 sec
2026-10-10T07:28:35.4620330Z         Start 112: native_provider_profile_runtime_contract
2026-10-10T07:28:39.9720089Z 112/116 Test #112: native_provider_profile_runtime_contract ........   Passed    4.51 sec
2026-10-10T07:28:39.9724423Z         Start 113: native_provider_profile_cli_contract
2026-10-10T07:28:43.1898794Z 113/116 Test #113: native_provider_profile_cli_contract ............   Passed    3.22 sec
2026-10-10T07:28:43.1903396Z         Start 114: native_gemini_catalogue_contract
2026-10-10T07:28:54.0484735Z 114/116 Test #114: native_gemini_catalogue_contract ................   Passed   10.86 sec
2026-10-10T07:28:54.0489778Z         Start 115: native_gemini_profile_runtime_contract
2026-10-10T07:28:56.0929776Z 115/116 Test #115: native_gemini_profile_runtime_contract ..........   Passed    2.04 sec
2026-10-10T07:28:56.0933405Z         Start 116: encrypted_credential_repository_contract
2026-10-10T07:28:56.8616960Z 116/116 Test #116: encrypted_credential_repository_contract ........   Passed    0.77 sec
2026-10-10T07:28:56.8632563Z 
2026-10-10T07:28:56.8633241Z 99% tests passed, 1 tests failed out of 116
2026-10-10T07:28:56.8634897Z 
2026-10-10T07:28:56.8752637Z Total Test time (real) = 407.85 sec
2026-10-10T07:28:56.8753543Z 
2026-10-10T07:28:56.8754605Z The following tests FAILED:
2026-10-10T07:28:56.8755749Z 	 53 - native_mcp_oauth_trusted_contract (Failed)
2026-10-10T07:28:56.8889961Z [31;1mErrors while running CTest[0m
2026-10-10T07:28:56.9635091Z [31;1mException: [0mD:\a\xMind\xMind\xmind\Tools\ci-native.ps1:12[0m
2026-10-10T07:28:56.9636094Z [31;1m[0m[36;1mLine |[0m
2026-10-10T07:28:56.9637399Z [31;1m[0m[36;1m[36;1m  12 | [0m … XITCODE -ne 0){[36;1mthrow ($Name+' failed with exit code '+$LASTEXITCODE)[0m}[0m
2026-10-10T07:28:56.9638439Z [31;1m[0m[36;1m[36;1m[0m[36;1m[0m[36;1m     | [31;1m                  ~~~~~~~~~~~~~~~~~~~~~~~~~~~~~~~~~~~~~~~~~~~~~~~~~~~~~[0m
2026-10-10T07:28:56.9639339Z [31;1m[0m[36;1m[36;1m[0m[36;1m[0m[36;1m[31;1m[31;1m[36;1m     | [31;1mnative-ctest failed with exit code 8[0m
2026-10-10T07:28:56.9898710Z ##[error]Process completed with exit code 1.
2026-10-10T07:28:57.0185656Z ##[group]Run actions/upload-artifact@b7c566a772e6b6bfb58ed0dc250532a479d7789f
2026-10-10T07:28:57.0186215Z with:
2026-10-10T07:28:57.0186597Z   name: native-windows-evidence-67082693786d0dc6181e1b717a260a02aa97bf20
2026-10-10T07:28:57.0187177Z   path: xmind/build/ci-evidence/
xmind/build/native/Testing/

2026-10-10T07:28:57.0187579Z   retention-days: 14
2026-10-10T07:28:57.0187838Z   if-no-files-found: warn
2026-10-10T07:28:57.0188118Z   compression-level: 6
2026-10-10T07:28:57.0188384Z   overwrite: false
2026-10-10T07:28:57.0188650Z   include-hidden-files: false
2026-10-10T07:28:57.0188882Z ##[endgroup]
2026-10-10T07:28:57.2173103Z Multiple search paths detected. Calculating the least common ancestor of all paths
2026-10-10T07:28:57.2176833Z The least common ancestor is D:\a\xMind\xMind\xmind\build. This will be the root directory of the artifact
2026-10-10T07:28:57.2177990Z With the provided path, there will be 17 files uploaded
2026-10-10T07:28:57.2184438Z Artifact name is valid!
2026-10-10T07:28:57.2186599Z Root directory input is valid!
2026-10-10T07:28:57.6018711Z Beginning upload of artifact content to blob storage
2026-10-10T07:28:58.0021651Z Uploaded bytes 44007
2026-10-10T07:28:58.0776796Z Finished uploading artifact content to blob storage!
2026-10-10T07:28:58.0778439Z SHA256 digest of uploaded artifact zip is 185559f0e8d11c5ce5f42a4e263ac5f3b7e640d2a2e4e1510677bedfc21ca6db
2026-10-10T07:28:58.0781170Z Finalizing artifact upload
2026-10-10T07:28:58.4960271Z Artifact native-windows-evidence-67082693786d0dc6181e1b717a260a02aa97bf20.zip successfully finalized. Artifact ID 11662449280
2026-10-10T07:28:58.4962827Z Artifact native-windows-evidence-67082693786d0dc6181e1b717a260a02aa97bf20 has been successfully uploaded! Final size is 44007 bytes. Artifact ID is 11662449280
2026-10-10T07:28:58.4970870Z Artifact download URL: https://github.com/xlang-foundation/xMind/actions/runs/38032273799/artifacts/11662449280
2026-10-10T07:28:58.5352762Z Post job cleanup.
2026-10-10T07:28:58.7722626Z [command]"C:\Program Files\Git\bin\git.exe" version
2026-10-10T07:28:58.8015491Z git version 2.55.0.windows.5
2026-10-10T07:28:58.8094346Z Temporarily overriding HOME='D:\a\_temp\d6548b5a-8cd0-44c9-b222-8c9cbe82f42e' before making global git config changes
2026-10-10T07:28:58.8096084Z Adding repository directory to the temporary git global config as a safe directory
2026-10-10T07:28:58.8106202Z [command]"C:\Program Files\Git\bin\git.exe" config --global --add safe.directory D:\a\xMind\xMind\stdlib-source
2026-10-10T07:28:58.8460346Z Removing SSH command configuration
2026-10-10T07:28:58.8465915Z [command]"C:\Program Files\Git\bin\git.exe" config --local --name-only --get-regexp core\.sshCommand
2026-10-10T07:28:58.8789673Z [command]"C:\Program Files\Git\bin\git.exe" submodule foreach --recursive "sh -c \"git config --local --name-only --get-regexp 'core\.sshCommand' && git config --local --unset-all 'core.sshCommand' || :\""
2026-10-10T07:28:59.4771867Z Removing HTTP extra header
2026-10-10T07:28:59.4786617Z [command]"C:\Program Files\Git\bin\git.exe" config --local --name-only --get-regexp http\.https\:\/\/github\.com\/\.extraheader
2026-10-10T07:28:59.5148695Z [command]"C:\Program Files\Git\bin\git.exe" submodule foreach --recursive "sh -c \"git config --local --name-only --get-regexp 'http\.https\:\/\/github\.com\/\.extraheader' && git config --local --unset-all 'http.https://github.com/.extraheader' || :\""
2026-10-10T07:29:00.1401094Z Removing includeIf entries pointing to credentials config files
2026-10-10T07:29:00.1415211Z [command]"C:\Program Files\Git\bin\git.exe" config --local --name-only --get-regexp ^includeIf\.gitdir:
2026-10-10T07:29:00.1711911Z includeif.gitdir:D:/a/xMind/xMind/stdlib-source/.git.path
2026-10-10T07:29:00.1713262Z includeif.gitdir:D:/a/xMind/xMind/stdlib-source/.git/worktrees/*.path
2026-10-10T07:29:00.1758185Z [command]"C:\Program Files\Git\bin\git.exe" config --local --get-all includeif.gitdir:D:/a/xMind/xMind/stdlib-source/.git.path
2026-10-10T07:29:00.2052822Z D:\a\_temp\git-credentials-fbb5a035-216c-4922-9e24-cc0bfd59ad18.config
2026-10-10T07:29:00.2103388Z [command]"C:\Program Files\Git\bin\git.exe" config --local --unset includeif.gitdir:D:/a/xMind/xMind/stdlib-source/.git.path D:\a\_temp\git-credentials-fbb5a035-216c-4922-9e24-cc0bfd59ad18.config
2026-10-10T07:29:00.2439248Z [command]"C:\Program Files\Git\bin\git.exe" config --local --get-all includeif.gitdir:D:/a/xMind/xMind/stdlib-source/.git/worktrees/*.path
2026-10-10T07:29:00.2739093Z D:\a\_temp\git-credentials-fbb5a035-216c-4922-9e24-cc0bfd59ad18.config
2026-10-10T07:29:00.2787857Z [command]"C:\Program Files\Git\bin\git.exe" config --local --unset includeif.gitdir:D:/a/xMind/xMind/stdlib-source/.git/worktrees/*.path D:\a\_temp\git-credentials-fbb5a035-216c-4922-9e24-cc0bfd59ad18.config
2026-10-10T07:29:00.3130238Z [command]"C:\Program Files\Git\bin\git.exe" submodule foreach --recursive "git config --local --show-origin --name-only --get-regexp remote.origin.url"
2026-10-10T07:29:00.9006857Z Removing credentials config 'D:\a\_temp\git-credentials-fbb5a035-216c-4922-9e24-cc0bfd59ad18.config'
2026-10-10T07:29:00.9415226Z Post job cleanup.
2026-10-10T07:29:01.1817900Z [command]"C:\Program Files\Git\bin\git.exe" version
2026-10-10T07:29:01.2182685Z git version 2.55.0.windows.5
2026-10-10T07:29:01.2257401Z Temporarily overriding HOME='D:\a\_temp\e3514811-765b-4316-b7bc-ca402e1a614b' before making global git config changes
2026-10-10T07:29:01.2258785Z Adding repository directory to the temporary git global config as a safe directory
2026-10-10T07:29:01.2269777Z [command]"C:\Program Files\Git\bin\git.exe" config --global --add safe.directory D:\a\xMind\xMind\xlang3
2026-10-10T07:29:01.2642697Z Removing SSH command configuration
2026-10-10T07:29:01.2659787Z [command]"C:\Program Files\Git\bin\git.exe" config --local --name-only --get-regexp core\.sshCommand
2026-10-10T07:29:01.3013075Z [command]"C:\Program Files\Git\bin\git.exe" submodule foreach --recursive "sh -c \"git config --local --name-only --get-regexp 'core\.sshCommand' && git config --local --unset-all 'core.sshCommand' || :\""
2026-10-10T07:29:01.9173353Z Removing HTTP extra header
2026-10-10T07:29:01.9184989Z [command]"C:\Program Files\Git\bin\git.exe" config --local --name-only --get-regexp http\.https\:\/\/github\.com\/\.extraheader
2026-10-10T07:29:01.9550295Z [command]"C:\Program Files\Git\bin\git.exe" submodule foreach --recursive "sh -c \"git config --local --name-only --get-regexp 'http\.https\:\/\/github\.com\/\.extraheader' && git config --local --unset-all 'http.https://github.com/.extraheader' || :\""
2026-10-10T07:29:02.5544173Z Removing includeIf entries pointing to credentials config files
2026-10-10T07:29:02.5560999Z [command]"C:\Program Files\Git\bin\git.exe" config --local --name-only --get-regexp ^includeIf\.gitdir:
2026-10-10T07:29:02.5845224Z includeif.gitdir:D:/a/xMind/xMind/xlang3/.git.path
2026-10-10T07:29:02.5846307Z includeif.gitdir:D:/a/xMind/xMind/xlang3/.git/worktrees/*.path
2026-10-10T07:29:02.5895264Z [command]"C:\Program Files\Git\bin\git.exe" config --local --get-all includeif.gitdir:D:/a/xMind/xMind/xlang3/.git.path
2026-10-10T07:29:02.6178915Z D:\a\_temp\git-credentials-c888709d-c2b8-4a5e-8b0f-d7328e1e0a7b.config
2026-10-10T07:29:02.6229816Z [command]"C:\Program Files\Git\bin\git.exe" config --local --unset includeif.gitdir:D:/a/xMind/xMind/xlang3/.git.path D:\a\_temp\git-credentials-c888709d-c2b8-4a5e-8b0f-d7328e1e0a7b.config
2026-10-10T07:29:02.6573426Z [command]"C:\Program Files\Git\bin\git.exe" config --local --get-all includeif.gitdir:D:/a/xMind/xMind/xlang3/.git/worktrees/*.path
2026-10-10T07:29:02.6860156Z D:\a\_temp\git-credentials-c888709d-c2b8-4a5e-8b0f-d7328e1e0a7b.config
2026-10-10T07:29:02.6906337Z [command]"C:\Program Files\Git\bin\git.exe" config --local --unset includeif.gitdir:D:/a/xMind/xMind/xlang3/.git/worktrees/*.path D:\a\_temp\git-credentials-c888709d-c2b8-4a5e-8b0f-d7328e1e0a7b.config
2026-10-10T07:29:02.7254044Z [command]"C:\Program Files\Git\bin\git.exe" submodule foreach --recursive "git config --local --show-origin --name-only --get-regexp remote.origin.url"
2026-10-10T07:29:03.3176226Z Removing credentials config 'D:\a\_temp\git-credentials-c888709d-c2b8-4a5e-8b0f-d7328e1e0a7b.config'
2026-10-10T07:29:03.3664742Z Post job cleanup.
2026-10-10T07:29:03.6077933Z [command]"C:\Program Files\Git\bin\git.exe" version
2026-10-10T07:29:03.6395185Z git version 2.55.0.windows.5
2026-10-10T07:29:03.6477711Z Temporarily overriding HOME='D:\a\_temp\7c07571e-7f77-47a8-899e-12e82654cdd0' before making global git config changes
2026-10-10T07:29:03.6479914Z Adding repository directory to the temporary git global config as a safe directory
2026-10-10T07:29:03.6491447Z [command]"C:\Program Files\Git\bin\git.exe" config --global --add safe.directory D:\a\xMind\xMind\xmind
2026-10-10T07:29:03.6824732Z Removing SSH command configuration
2026-10-10T07:29:03.6837501Z [command]"C:\Program Files\Git\bin\git.exe" config --local --name-only --get-regexp core\.sshCommand
2026-10-10T07:29:03.7182374Z [command]"C:\Program Files\Git\bin\git.exe" submodule foreach --recursive "sh -c \"git config --local --name-only --get-regexp 'core\.sshCommand' && git config --local --unset-all 'core.sshCommand' || :\""
2026-10-10T07:29:04.2965256Z Removing HTTP extra header
2026-10-10T07:29:04.2977669Z [command]"C:\Program Files\Git\bin\git.exe" config --local --name-only --get-regexp http\.https\:\/\/github\.com\/\.extraheader
2026-10-10T07:29:04.3342814Z [command]"C:\Program Files\Git\bin\git.exe" submodule foreach --recursive "sh -c \"git config --local --name-only --get-regexp 'http\.https\:\/\/github\.com\/\.extraheader' && git config --local --unset-all 'http.https://github.com/.extraheader' || :\""
2026-10-10T07:29:04.9276606Z Removing includeIf entries pointing to credentials config files
2026-10-10T07:29:04.9290633Z [command]"C:\Program Files\Git\bin\git.exe" config --local --name-only --get-regexp ^includeIf\.gitdir:
2026-10-10T07:29:04.9569292Z includeif.gitdir:D:/a/xMind/xMind/xmind/.git.path
2026-10-10T07:29:04.9569968Z includeif.gitdir:D:/a/xMind/xMind/xmind/.git/worktrees/*.path
2026-10-10T07:29:04.9629084Z [command]"C:\Program Files\Git\bin\git.exe" config --local --get-all includeif.gitdir:D:/a/xMind/xMind/xmind/.git.path
2026-10-10T07:29:05.0021749Z D:\a\_temp\git-credentials-deefceca-1b84-4af5-b0d2-f8eb44a2ad79.config
2026-10-10T07:29:05.0073697Z [command]"C:\Program Files\Git\bin\git.exe" config --local --unset includeif.gitdir:D:/a/xMind/xMind/xmind/.git.path D:\a\_temp\git-credentials-deefceca-1b84-4af5-b0d2-f8eb44a2ad79.config
2026-10-10T07:29:05.0413656Z [command]"C:\Program Files\Git\bin\git.exe" config --local --get-all includeif.gitdir:D:/a/xMind/xMind/xmind/.git/worktrees/*.path
2026-10-10T07:29:05.0694218Z D:\a\_temp\git-credentials-deefceca-1b84-4af5-b0d2-f8eb44a2ad79.config
2026-10-10T07:29:05.0742994Z [command]"C:\Program Files\Git\bin\git.exe" config --local --unset includeif.gitdir:D:/a/xMind/xMind/xmind/.git/worktrees/*.path D:\a\_temp\git-credentials-deefceca-1b84-4af5-b0d2-f8eb44a2ad79.config
2026-10-10T07:29:05.1085138Z [command]"C:\Program Files\Git\bin\git.exe" submodule foreach --recursive "git config --local --show-origin --name-only --get-regexp remote.origin.url"
2026-10-10T07:29:05.6933422Z Removing credentials config 'D:\a\_temp\git-credentials-deefceca-1b84-4af5-b0d2-f8eb44a2ad79.config'
2026-10-10T07:29:05.7184740Z Cleaning up orphan processes
2026-10-10T07:29:05.7698652Z Terminate orphan process: pid (7592) (vctip)
2026-10-10T07:29:05.7907878Z Terminate orphan process: pid (7760) (MSBuild)
2026-10-10T07:29:05.8022082Z Terminate orphan process: pid (8904) (MSBuild)
2026-10-10T07:29:05.8249975Z Terminate orphan process: pid (8092) (MSBuild)
