2026-10-10T06:17:48.3535244Z Current runner version: '2.337.0'
2026-10-10T06:17:48.3574484Z ##[group]Runner Image Provisioner
2026-10-10T06:17:48.3575558Z Hosted Compute Agent
2026-10-10T06:17:48.3576186Z Version: 20260901.588
2026-10-10T06:17:48.3576942Z Commit: f88ec8081b781fac6c440065ac7ff9e710ce3d0b
2026-10-10T06:17:48.3577666Z Build Date: 2026-09-01T19:56:44Z
2026-10-10T06:17:48.3578297Z Worker ID: {35dff94c-6c81-498d-8856-e681a571a26c}
2026-10-10T06:17:48.3578982Z Azure Region: westus
2026-10-10T06:17:48.3579657Z ##[endgroup]
2026-10-10T06:17:48.3581682Z ##[group]Operating System
2026-10-10T06:17:48.3582336Z Microsoft Windows Server 2025
2026-10-10T06:17:48.3582923Z 10.0.26100
2026-10-10T06:17:48.3583815Z Datacenter
2026-10-10T06:17:48.3584343Z ##[endgroup]
2026-10-10T06:17:48.3584904Z ##[group]Runner Image
2026-10-10T06:17:48.3585497Z Image: windows-2025-vs2026
2026-10-10T06:17:48.3586083Z Version: 20260925.250.1
2026-10-10T06:17:48.3587539Z Included Software: https://github.com/actions/runner-images/blob/win25-vs2026/20260925.250/images/windows/Windows2025-VS2026-Readme.md
2026-10-10T06:17:48.3589171Z Image Release: https://github.com/actions/runner-images/releases/tag/win25-vs2026%2F20260925.250
2026-10-10T06:17:48.3590088Z ##[endgroup]
2026-10-10T06:17:48.3591205Z ##[group]GITHUB_TOKEN Permissions
2026-10-10T06:17:48.3593110Z Contents: read
2026-10-10T06:17:48.3593767Z Metadata: read
2026-10-10T06:17:48.3594305Z ##[endgroup]
2026-10-10T06:17:48.3596564Z Secret source: Actions
2026-10-10T06:17:48.3597423Z Cache mode: write
2026-10-10T06:17:48.3598104Z Prepare workflow directory
2026-10-10T06:17:48.4075261Z Prepare all required actions
2026-10-10T06:17:48.4133140Z Getting action download info
2026-10-10T06:17:48.7667924Z Download action repository 'actions/checkout@d23441a48e516b6c34aea4fa41551a30e30af803' (SHA:d23441a48e516b6c34aea4fa41551a30e30af803)
2026-10-10T06:17:48.9260664Z Download action repository 'actions/setup-node@249970729cb0ef3589644e2896645e5dc5ba9c38' (SHA:249970729cb0ef3589644e2896645e5dc5ba9c38)
2026-10-10T06:17:49.0898369Z Download action repository 'actions/upload-artifact@b7c566a772e6b6bfb58ed0dc250532a479d7789f' (SHA:b7c566a772e6b6bfb58ed0dc250532a479d7789f)
2026-10-10T06:17:49.4711046Z Complete job name: contracts
2026-10-10T06:17:49.6327281Z ##[group]Run actions/checkout@d23441a48e516b6c34aea4fa41551a30e30af803
2026-10-10T06:17:49.6328886Z with:
2026-10-10T06:17:49.6329546Z   path: xmind
2026-10-10T06:17:49.6330223Z   persist-credentials: false
2026-10-10T06:17:49.6331008Z   repository: xlang-foundation/xMind
2026-10-10T06:17:49.6335906Z   token: ***
2026-10-10T06:17:49.6336559Z   ssh-strict: true
2026-10-10T06:17:49.6337215Z   ssh-user: git
2026-10-10T06:17:49.6337847Z   clean: true
2026-10-10T06:17:49.6338525Z   sparse-checkout-cone-mode: true
2026-10-10T06:17:49.6339289Z   fetch-depth: 1
2026-10-10T06:17:49.6339947Z   fetch-tags: false
2026-10-10T06:17:49.6340621Z   show-progress: true
2026-10-10T06:17:49.6341627Z   lfs: false
2026-10-10T06:17:49.6342484Z   submodules: false
2026-10-10T06:17:49.6343204Z   set-safe-directory: true
2026-10-10T06:17:49.6343955Z   allow-unsafe-pr-checkout: false
2026-10-10T06:17:49.6345002Z ##[endgroup]
2026-10-10T06:17:49.7945158Z Syncing repository: xlang-foundation/xMind
2026-10-10T06:17:49.7947546Z ##[group]Getting Git version info
2026-10-10T06:17:49.7948472Z Working directory is 'D:\a\xMind\xMind\xmind'
2026-10-10T06:17:49.8895531Z [command]"C:\Program Files\Git\bin\git.exe" version
2026-10-10T06:17:50.3304648Z git version 2.55.0.windows.5
2026-10-10T06:17:50.3352535Z ##[endgroup]
2026-10-10T06:17:50.3373631Z Temporarily overriding HOME='D:\a\_temp\fa3098ae-315c-4b4e-ac45-9f0e180a3db2' before making global git config changes
2026-10-10T06:17:50.3375791Z Adding repository directory to the temporary git global config as a safe directory
2026-10-10T06:17:50.3385055Z [command]"C:\Program Files\Git\bin\git.exe" config --global --add safe.directory D:\a\xMind\xMind\xmind
2026-10-10T06:17:50.4184990Z ##[group]Determining repository object format
2026-10-10T06:17:50.4191802Z ##[endgroup]
2026-10-10T06:17:50.4193060Z ##[group]Initializing the repository
2026-10-10T06:17:50.4204496Z [command]"C:\Program Files\Git\bin\git.exe" init D:\a\xMind\xMind\xmind
2026-10-10T06:17:50.5118206Z Initialized empty Git repository in D:/a/xMind/xMind/xmind/.git/
2026-10-10T06:17:50.5164573Z [command]"C:\Program Files\Git\bin\git.exe" remote add origin https://github.com/xlang-foundation/xMind
2026-10-10T06:17:50.5790517Z ##[endgroup]
2026-10-10T06:17:50.5791666Z ##[group]Disabling automatic garbage collection
2026-10-10T06:17:50.5800477Z [command]"C:\Program Files\Git\bin\git.exe" config --local gc.auto 0
2026-10-10T06:17:50.6127089Z ##[endgroup]
2026-10-10T06:17:50.6129650Z ##[group]Setting up auth
2026-10-10T06:17:50.6131578Z Removing SSH command configuration
2026-10-10T06:17:50.6140134Z [command]"C:\Program Files\Git\bin\git.exe" config --local --name-only --get-regexp core\.sshCommand
2026-10-10T06:17:50.6474913Z [command]"C:\Program Files\Git\bin\git.exe" submodule foreach --recursive "sh -c \"git config --local --name-only --get-regexp 'core\.sshCommand' && git config --local --unset-all 'core.sshCommand' || :\""
2026-10-10T06:17:52.1413699Z Removing HTTP extra header
2026-10-10T06:17:52.1423452Z [command]"C:\Program Files\Git\bin\git.exe" config --local --name-only --get-regexp http\.https\:\/\/github\.com\/\.extraheader
2026-10-10T06:17:52.1742750Z [command]"C:\Program Files\Git\bin\git.exe" submodule foreach --recursive "sh -c \"git config --local --name-only --get-regexp 'http\.https\:\/\/github\.com\/\.extraheader' && git config --local --unset-all 'http.https://github.com/.extraheader' || :\""
2026-10-10T06:17:52.7157218Z Removing includeIf entries pointing to credentials config files
2026-10-10T06:17:52.7174656Z [command]"C:\Program Files\Git\bin\git.exe" config --local --name-only --get-regexp ^includeIf\.gitdir:
2026-10-10T06:17:52.7520296Z [command]"C:\Program Files\Git\bin\git.exe" submodule foreach --recursive "git config --local --show-origin --name-only --get-regexp remote.origin.url"
2026-10-10T06:17:53.3255018Z [command]"C:\Program Files\Git\bin\git.exe" config --file D:\a\_temp\git-credentials-ceed55e4-00f3-4f04-930b-10aa87e60919.config http.https://github.com/.extraheader "AUTHORIZATION: basic ***"
2026-10-10T06:17:53.3583908Z [command]"C:\Program Files\Git\bin\git.exe" config --local includeIf.gitdir:D:/a/xMind/xMind/xmind/.git.path D:\a\_temp\git-credentials-ceed55e4-00f3-4f04-930b-10aa87e60919.config
2026-10-10T06:17:53.3897860Z [command]"C:\Program Files\Git\bin\git.exe" config --local includeIf.gitdir:D:/a/xMind/xMind/xmind/.git/worktrees/*.path D:\a\_temp\git-credentials-ceed55e4-00f3-4f04-930b-10aa87e60919.config
2026-10-10T06:17:53.4266354Z [command]"C:\Program Files\Git\bin\git.exe" config --local includeIf.gitdir:/github/workspace/xmind/.git.path /github/runner_temp/git-credentials-ceed55e4-00f3-4f04-930b-10aa87e60919.config
2026-10-10T06:17:53.4581179Z [command]"C:\Program Files\Git\bin\git.exe" config --local includeIf.gitdir:/github/workspace/xmind/.git/worktrees/*.path /github/runner_temp/git-credentials-ceed55e4-00f3-4f04-930b-10aa87e60919.config
2026-10-10T06:17:53.4954341Z ##[endgroup]
2026-10-10T06:17:53.4954905Z ##[group]Fetching the repository
2026-10-10T06:17:53.4974021Z [command]"C:\Program Files\Git\bin\git.exe" -c protocol.version=2 fetch --no-tags --prune --no-recurse-submodules --depth=1 origin +73ccf9020f0b9fcb1579382ba9c70811e93ede01:refs/remotes/origin/checkpoint/native-persistence-m1
2026-10-10T06:17:55.4429984Z From https://github.com/xlang-foundation/xMind
2026-10-10T06:17:55.4431420Z  * [new ref]         73ccf9020f0b9fcb1579382ba9c70811e93ede01 -> origin/checkpoint/native-persistence-m1
2026-10-10T06:17:55.4483651Z [command]"C:\Program Files\Git\bin\git.exe" branch --list --remote origin/checkpoint/native-persistence-m1
2026-10-10T06:17:55.4861845Z   origin/checkpoint/native-persistence-m1
2026-10-10T06:17:55.4906959Z [command]"C:\Program Files\Git\bin\git.exe" rev-parse refs/remotes/origin/checkpoint/native-persistence-m1
2026-10-10T06:17:55.5196991Z 73ccf9020f0b9fcb1579382ba9c70811e93ede01
2026-10-10T06:17:55.5234244Z ##[endgroup]
2026-10-10T06:17:55.5234698Z ##[group]Determining the checkout info
2026-10-10T06:17:55.5236608Z ##[endgroup]
2026-10-10T06:17:55.5246468Z [command]"C:\Program Files\Git\bin\git.exe" sparse-checkout disable
2026-10-10T06:17:55.5710521Z [command]"C:\Program Files\Git\bin\git.exe" config --local --unset-all extensions.worktreeConfig
2026-10-10T06:17:55.6024389Z ##[group]Checking out the ref
2026-10-10T06:17:55.6039180Z [command]"C:\Program Files\Git\bin\git.exe" checkout --progress --force -B checkpoint/native-persistence-m1 refs/remotes/origin/checkpoint/native-persistence-m1
2026-10-10T06:17:56.6661098Z Updating files:  97% (3390/3491)
2026-10-10T06:17:56.6762868Z Updating files:  98% (3422/3491)
2026-10-10T06:17:56.6872735Z Updating files:  99% (3457/3491)
2026-10-10T06:17:56.6873270Z Updating files: 100% (3491/3491)
2026-10-10T06:17:56.6873778Z Updating files: 100% (3491/3491), done.
2026-10-10T06:17:56.7055201Z Switched to a new branch 'checkpoint/native-persistence-m1'
2026-10-10T06:17:56.7121871Z branch 'checkpoint/native-persistence-m1' set up to track 'origin/checkpoint/native-persistence-m1'.
2026-10-10T06:17:56.7189830Z ##[endgroup]
2026-10-10T06:17:56.7630579Z [command]"C:\Program Files\Git\bin\git.exe" log -1 --format=%H
2026-10-10T06:17:56.7925025Z 73ccf9020f0b9fcb1579382ba9c70811e93ede01
2026-10-10T06:17:56.7965542Z ##[group]Removing auth
2026-10-10T06:17:56.7966080Z Removing SSH command configuration
2026-10-10T06:17:56.7977172Z [command]"C:\Program Files\Git\bin\git.exe" config --local --name-only --get-regexp core\.sshCommand
2026-10-10T06:17:56.8292533Z [command]"C:\Program Files\Git\bin\git.exe" submodule foreach --recursive "sh -c \"git config --local --name-only --get-regexp 'core\.sshCommand' && git config --local --unset-all 'core.sshCommand' || :\""
2026-10-10T06:17:57.4643379Z Removing HTTP extra header
2026-10-10T06:17:57.4654107Z [command]"C:\Program Files\Git\bin\git.exe" config --local --name-only --get-regexp http\.https\:\/\/github\.com\/\.extraheader
2026-10-10T06:17:57.4997383Z [command]"C:\Program Files\Git\bin\git.exe" submodule foreach --recursive "sh -c \"git config --local --name-only --get-regexp 'http\.https\:\/\/github\.com\/\.extraheader' && git config --local --unset-all 'http.https://github.com/.extraheader' || :\""
2026-10-10T06:17:58.0778700Z Removing includeIf entries pointing to credentials config files
2026-10-10T06:17:58.0789607Z [command]"C:\Program Files\Git\bin\git.exe" config --local --name-only --get-regexp ^includeIf\.gitdir:
2026-10-10T06:17:58.1076689Z includeif.gitdir:D:/a/xMind/xMind/xmind/.git.path
2026-10-10T06:17:58.1077530Z includeif.gitdir:D:/a/xMind/xMind/xmind/.git/worktrees/*.path
2026-10-10T06:17:58.1078255Z includeif.gitdir:/github/workspace/xmind/.git.path
2026-10-10T06:17:58.1078990Z includeif.gitdir:/github/workspace/xmind/.git/worktrees/*.path
2026-10-10T06:17:58.1122302Z [command]"C:\Program Files\Git\bin\git.exe" config --local --get-all includeif.gitdir:D:/a/xMind/xMind/xmind/.git.path
2026-10-10T06:17:58.1402628Z D:\a\_temp\git-credentials-ceed55e4-00f3-4f04-930b-10aa87e60919.config
2026-10-10T06:17:58.1446974Z [command]"C:\Program Files\Git\bin\git.exe" config --local --unset includeif.gitdir:D:/a/xMind/xMind/xmind/.git.path D:\a\_temp\git-credentials-ceed55e4-00f3-4f04-930b-10aa87e60919.config
2026-10-10T06:17:58.1762190Z [command]"C:\Program Files\Git\bin\git.exe" config --local --get-all includeif.gitdir:D:/a/xMind/xMind/xmind/.git/worktrees/*.path
2026-10-10T06:17:58.2035333Z D:\a\_temp\git-credentials-ceed55e4-00f3-4f04-930b-10aa87e60919.config
2026-10-10T06:17:58.2080322Z [command]"C:\Program Files\Git\bin\git.exe" config --local --unset includeif.gitdir:D:/a/xMind/xMind/xmind/.git/worktrees/*.path D:\a\_temp\git-credentials-ceed55e4-00f3-4f04-930b-10aa87e60919.config
2026-10-10T06:17:58.2398700Z [command]"C:\Program Files\Git\bin\git.exe" config --local --get-all includeif.gitdir:/github/workspace/xmind/.git.path
2026-10-10T06:17:58.2672891Z /github/runner_temp/git-credentials-ceed55e4-00f3-4f04-930b-10aa87e60919.config
2026-10-10T06:17:58.2722679Z [command]"C:\Program Files\Git\bin\git.exe" config --local --unset includeif.gitdir:/github/workspace/xmind/.git.path /github/runner_temp/git-credentials-ceed55e4-00f3-4f04-930b-10aa87e60919.config
2026-10-10T06:17:58.3045831Z [command]"C:\Program Files\Git\bin\git.exe" config --local --get-all includeif.gitdir:/github/workspace/xmind/.git/worktrees/*.path
2026-10-10T06:17:58.3321994Z /github/runner_temp/git-credentials-ceed55e4-00f3-4f04-930b-10aa87e60919.config
2026-10-10T06:17:58.3363832Z [command]"C:\Program Files\Git\bin\git.exe" config --local --unset includeif.gitdir:/github/workspace/xmind/.git/worktrees/*.path /github/runner_temp/git-credentials-ceed55e4-00f3-4f04-930b-10aa87e60919.config
2026-10-10T06:17:58.3685136Z [command]"C:\Program Files\Git\bin\git.exe" submodule foreach --recursive "git config --local --show-origin --name-only --get-regexp remote.origin.url"
2026-10-10T06:17:58.9341240Z Removing credentials config 'D:\a\_temp\git-credentials-ceed55e4-00f3-4f04-930b-10aa87e60919.config'
2026-10-10T06:17:58.9353644Z ##[endgroup]
2026-10-10T06:17:58.9806135Z ##[group]Run actions/checkout@d23441a48e516b6c34aea4fa41551a30e30af803
2026-10-10T06:17:58.9806556Z with:
2026-10-10T06:17:58.9806744Z   repository: CantorAI/xlang3
2026-10-10T06:17:58.9807011Z   ref: 7b8b32ae3a0e6a99fac7babd97362736099448fb
2026-10-10T06:17:58.9807280Z   path: xlang3
2026-10-10T06:17:58.9807477Z   persist-credentials: false
2026-10-10T06:17:58.9810088Z   token: ***
2026-10-10T06:17:58.9810277Z   ssh-strict: true
2026-10-10T06:17:58.9810465Z   ssh-user: git
2026-10-10T06:17:58.9810640Z   clean: true
2026-10-10T06:17:58.9810831Z   sparse-checkout-cone-mode: true
2026-10-10T06:17:58.9811069Z   fetch-depth: 1
2026-10-10T06:17:58.9811243Z   fetch-tags: false
2026-10-10T06:17:58.9811424Z   show-progress: true
2026-10-10T06:17:58.9811623Z   lfs: false
2026-10-10T06:17:58.9811789Z   submodules: false
2026-10-10T06:17:58.9811980Z   set-safe-directory: true
2026-10-10T06:17:58.9812207Z   allow-unsafe-pr-checkout: false
2026-10-10T06:17:58.9812482Z ##[endgroup]
2026-10-10T06:17:59.0929305Z Syncing repository: CantorAI/xlang3
2026-10-10T06:17:59.0938073Z ##[group]Getting Git version info
2026-10-10T06:17:59.0938595Z Working directory is 'D:\a\xMind\xMind\xlang3'
2026-10-10T06:17:59.1790323Z [command]"C:\Program Files\Git\bin\git.exe" version
2026-10-10T06:17:59.2073732Z git version 2.55.0.windows.5
2026-10-10T06:17:59.2123515Z ##[endgroup]
2026-10-10T06:17:59.2142079Z Temporarily overriding HOME='D:\a\_temp\d2900ea4-28bf-4c87-b350-f71b62f36811' before making global git config changes
2026-10-10T06:17:59.2142877Z Adding repository directory to the temporary git global config as a safe directory
2026-10-10T06:17:59.2153422Z [command]"C:\Program Files\Git\bin\git.exe" config --global --add safe.directory D:\a\xMind\xMind\xlang3
2026-10-10T06:17:59.2469171Z ##[group]Determining repository object format
2026-10-10T06:17:59.2472627Z ##[endgroup]
2026-10-10T06:17:59.2473191Z ##[group]Initializing the repository
2026-10-10T06:17:59.2483562Z [command]"C:\Program Files\Git\bin\git.exe" init D:\a\xMind\xMind\xlang3
2026-10-10T06:17:59.2868842Z Initialized empty Git repository in D:/a/xMind/xMind/xlang3/.git/
2026-10-10T06:17:59.2920234Z [command]"C:\Program Files\Git\bin\git.exe" remote add origin https://github.com/CantorAI/xlang3
2026-10-10T06:17:59.3265783Z ##[endgroup]
2026-10-10T06:17:59.3266401Z ##[group]Disabling automatic garbage collection
2026-10-10T06:17:59.3277017Z [command]"C:\Program Files\Git\bin\git.exe" config --local gc.auto 0
2026-10-10T06:17:59.3572028Z ##[endgroup]
2026-10-10T06:17:59.3572590Z ##[group]Setting up auth
2026-10-10T06:17:59.3574440Z Removing SSH command configuration
2026-10-10T06:17:59.3586880Z [command]"C:\Program Files\Git\bin\git.exe" config --local --name-only --get-regexp core\.sshCommand
2026-10-10T06:17:59.3894512Z [command]"C:\Program Files\Git\bin\git.exe" submodule foreach --recursive "sh -c \"git config --local --name-only --get-regexp 'core\.sshCommand' && git config --local --unset-all 'core.sshCommand' || :\""
2026-10-10T06:17:59.9640333Z Removing HTTP extra header
2026-10-10T06:17:59.9650355Z [command]"C:\Program Files\Git\bin\git.exe" config --local --name-only --get-regexp http\.https\:\/\/github\.com\/\.extraheader
2026-10-10T06:17:59.9981539Z [command]"C:\Program Files\Git\bin\git.exe" submodule foreach --recursive "sh -c \"git config --local --name-only --get-regexp 'http\.https\:\/\/github\.com\/\.extraheader' && git config --local --unset-all 'http.https://github.com/.extraheader' || :\""
2026-10-10T06:18:00.5758106Z Removing includeIf entries pointing to credentials config files
2026-10-10T06:18:00.5770696Z [command]"C:\Program Files\Git\bin\git.exe" config --local --name-only --get-regexp ^includeIf\.gitdir:
2026-10-10T06:18:00.6117798Z [command]"C:\Program Files\Git\bin\git.exe" submodule foreach --recursive "git config --local --show-origin --name-only --get-regexp remote.origin.url"
2026-10-10T06:18:01.1816104Z [command]"C:\Program Files\Git\bin\git.exe" config --file D:\a\_temp\git-credentials-b3aa249b-6ed9-4d9d-bef7-4f045e40b362.config http.https://github.com/.extraheader "AUTHORIZATION: basic ***"
2026-10-10T06:18:01.2143816Z [command]"C:\Program Files\Git\bin\git.exe" config --local includeIf.gitdir:D:/a/xMind/xMind/xlang3/.git.path D:\a\_temp\git-credentials-b3aa249b-6ed9-4d9d-bef7-4f045e40b362.config
2026-10-10T06:18:01.2456285Z [command]"C:\Program Files\Git\bin\git.exe" config --local includeIf.gitdir:D:/a/xMind/xMind/xlang3/.git/worktrees/*.path D:\a\_temp\git-credentials-b3aa249b-6ed9-4d9d-bef7-4f045e40b362.config
2026-10-10T06:18:01.2766364Z [command]"C:\Program Files\Git\bin\git.exe" config --local includeIf.gitdir:/github/workspace/xlang3/.git.path /github/runner_temp/git-credentials-b3aa249b-6ed9-4d9d-bef7-4f045e40b362.config
2026-10-10T06:18:01.3077160Z [command]"C:\Program Files\Git\bin\git.exe" config --local includeIf.gitdir:/github/workspace/xlang3/.git/worktrees/*.path /github/runner_temp/git-credentials-b3aa249b-6ed9-4d9d-bef7-4f045e40b362.config
2026-10-10T06:18:01.3381369Z ##[endgroup]
2026-10-10T06:18:01.3381741Z ##[group]Fetching the repository
2026-10-10T06:18:01.3395427Z [command]"C:\Program Files\Git\bin\git.exe" -c protocol.version=2 fetch --no-tags --prune --no-recurse-submodules --depth=1 origin 7b8b32ae3a0e6a99fac7babd97362736099448fb
2026-10-10T06:18:04.2523448Z From https://github.com/CantorAI/xlang3
2026-10-10T06:18:04.2523933Z  * branch            7b8b32ae3a0e6a99fac7babd97362736099448fb -> FETCH_HEAD
2026-10-10T06:18:04.2575161Z [command]"C:\Program Files\Git\bin\git.exe" rev-parse --verify --quiet 7b8b32ae3a0e6a99fac7babd97362736099448fb^{object}
2026-10-10T06:18:04.2859188Z 7b8b32ae3a0e6a99fac7babd97362736099448fb
2026-10-10T06:18:04.2895610Z ##[endgroup]
2026-10-10T06:18:04.2896390Z ##[group]Determining the checkout info
2026-10-10T06:18:04.2898567Z ##[endgroup]
2026-10-10T06:18:04.2907701Z [command]"C:\Program Files\Git\bin\git.exe" sparse-checkout disable
2026-10-10T06:18:04.3275212Z [command]"C:\Program Files\Git\bin\git.exe" config --local --unset-all extensions.worktreeConfig
2026-10-10T06:18:04.3578030Z ##[group]Checking out the ref
2026-10-10T06:18:04.3588968Z [command]"C:\Program Files\Git\bin\git.exe" checkout --progress --force 7b8b32ae3a0e6a99fac7babd97362736099448fb
2026-10-10T06:18:05.4034954Z Updating files:  49% (2888/5862)
2026-10-10T06:18:05.4198771Z Updating files:  50% (2931/5862)
2026-10-10T06:18:06.3256055Z Updating files:  51% (2990/5862)
2026-10-10T06:18:06.3523642Z Updating files:  52% (3049/5862)
2026-10-10T06:18:06.3709296Z Updating files:  53% (3107/5862)
2026-10-10T06:18:06.3906711Z Updating files:  54% (3166/5862)
2026-10-10T06:18:06.3994038Z Updating files:  55% (3225/5862)
2026-10-10T06:18:06.4074761Z Updating files:  55% (3259/5862)
2026-10-10T06:18:06.4294724Z Updating files:  56% (3283/5862)
2026-10-10T06:18:06.5094226Z Updating files:  57% (3342/5862)
2026-10-10T06:18:06.5249544Z Updating files:  58% (3400/5862)
2026-10-10T06:18:06.5375699Z Updating files:  59% (3459/5862)
2026-10-10T06:18:06.5500511Z Updating files:  60% (3518/5862)
2026-10-10T06:18:06.5614543Z Updating files:  61% (3576/5862)
2026-10-10T06:18:06.5726602Z Updating files:  62% (3635/5862)
2026-10-10T06:18:06.6048154Z Updating files:  63% (3694/5862)
2026-10-10T06:18:06.6164354Z Updating files:  64% (3752/5862)
2026-10-10T06:18:06.6281520Z Updating files:  65% (3811/5862)
2026-10-10T06:18:06.6397701Z Updating files:  66% (3869/5862)
2026-10-10T06:18:06.6518271Z Updating files:  67% (3928/5862)
2026-10-10T06:18:06.6643638Z Updating files:  68% (3987/5862)
2026-10-10T06:18:06.6780953Z Updating files:  69% (4045/5862)
2026-10-10T06:18:06.6901817Z Updating files:  70% (4104/5862)
2026-10-10T06:18:06.7018016Z Updating files:  71% (4163/5862)
2026-10-10T06:18:06.7138516Z Updating files:  72% (4221/5862)
2026-10-10T06:18:06.7253565Z Updating files:  73% (4280/5862)
2026-10-10T06:18:06.7371594Z Updating files:  74% (4338/5862)
2026-10-10T06:18:06.7489627Z Updating files:  75% (4397/5862)
2026-10-10T06:18:06.7609548Z Updating files:  76% (4456/5862)
2026-10-10T06:18:06.7727266Z Updating files:  77% (4514/5862)
2026-10-10T06:18:06.7840018Z Updating files:  78% (4573/5862)
2026-10-10T06:18:06.7951233Z Updating files:  79% (4631/5862)
2026-10-10T06:18:06.8067662Z Updating files:  80% (4690/5862)
2026-10-10T06:18:06.8169627Z Updating files:  81% (4749/5862)
2026-10-10T06:18:06.8275981Z Updating files:  82% (4807/5862)
2026-10-10T06:18:06.8380384Z Updating files:  83% (4866/5862)
2026-10-10T06:18:06.8482212Z Updating files:  84% (4925/5862)
2026-10-10T06:18:06.8587835Z Updating files:  85% (4983/5862)
2026-10-10T06:18:06.8691873Z Updating files:  86% (5042/5862)
2026-10-10T06:18:06.8811089Z Updating files:  87% (5100/5862)
2026-10-10T06:18:06.8944606Z Updating files:  88% (5159/5862)
2026-10-10T06:18:06.9134128Z Updating files:  89% (5218/5862)
2026-10-10T06:18:06.9295765Z Updating files:  90% (5276/5862)
2026-10-10T06:18:07.0085660Z Updating files:  91% (5335/5862)
2026-10-10T06:18:07.0237853Z Updating files:  92% (5394/5862)
2026-10-10T06:18:07.0387459Z Updating files:  93% (5452/5862)
2026-10-10T06:18:07.0540941Z Updating files:  94% (5511/5862)
2026-10-10T06:18:07.0690610Z Updating files:  95% (5569/5862)
2026-10-10T06:18:07.0954196Z Updating files:  96% (5628/5862)
2026-10-10T06:18:07.1126181Z Updating files:  97% (5687/5862)
2026-10-10T06:18:07.1326961Z Updating files:  98% (5745/5862)
2026-10-10T06:18:07.1552297Z Updating files:  99% (5804/5862)
2026-10-10T06:18:07.1552776Z Updating files: 100% (5862/5862)
2026-10-10T06:18:07.1553261Z Updating files: 100% (5862/5862), done.
2026-10-10T06:18:07.1744976Z Note: switching to '7b8b32ae3a0e6a99fac7babd97362736099448fb'.
2026-10-10T06:18:07.1745555Z 
2026-10-10T06:18:07.1746029Z You are in 'detached HEAD' state. You can look around, make experimental
2026-10-10T06:18:07.1746930Z changes and commit them, and you can discard any commits you make in this
2026-10-10T06:18:07.1747732Z state without impacting any branches by switching back to a branch.
2026-10-10T06:18:07.1748247Z 
2026-10-10T06:18:07.1748563Z If you want to create a new branch to retain commits you create, you may
2026-10-10T06:18:07.1749318Z do so (now or later) by using -c with the switch command. Example:
2026-10-10T06:18:07.1749789Z 
2026-10-10T06:18:07.1749975Z   git switch -c <new-branch-name>
2026-10-10T06:18:07.1750279Z 
2026-10-10T06:18:07.1750812Z Or undo this operation with:
2026-10-10T06:18:07.1751852Z 
2026-10-10T06:18:07.1752381Z   git switch -
2026-10-10T06:18:07.1752601Z 
2026-10-10T06:18:07.1752972Z Turn off this advice by setting config variable advice.detachedHead to false
2026-10-10T06:18:07.1753522Z 
2026-10-10T06:18:07.1753884Z HEAD is now at 7b8b32a Preserve UTF-8 working-directory and system path metadata
2026-10-10T06:18:07.2024079Z ##[endgroup]
2026-10-10T06:18:07.2362586Z [command]"C:\Program Files\Git\bin\git.exe" log -1 --format=%H
2026-10-10T06:18:07.2658497Z 7b8b32ae3a0e6a99fac7babd97362736099448fb
2026-10-10T06:18:07.2702671Z ##[group]Removing auth
2026-10-10T06:18:07.2703644Z Removing SSH command configuration
2026-10-10T06:18:07.2713082Z [command]"C:\Program Files\Git\bin\git.exe" config --local --name-only --get-regexp core\.sshCommand
2026-10-10T06:18:07.3031989Z [command]"C:\Program Files\Git\bin\git.exe" submodule foreach --recursive "sh -c \"git config --local --name-only --get-regexp 'core\.sshCommand' && git config --local --unset-all 'core.sshCommand' || :\""
2026-10-10T06:18:07.8914166Z Removing HTTP extra header
2026-10-10T06:18:07.8924918Z [command]"C:\Program Files\Git\bin\git.exe" config --local --name-only --get-regexp http\.https\:\/\/github\.com\/\.extraheader
2026-10-10T06:18:07.9230214Z [command]"C:\Program Files\Git\bin\git.exe" submodule foreach --recursive "sh -c \"git config --local --name-only --get-regexp 'http\.https\:\/\/github\.com\/\.extraheader' && git config --local --unset-all 'http.https://github.com/.extraheader' || :\""
2026-10-10T06:18:08.4784596Z Removing includeIf entries pointing to credentials config files
2026-10-10T06:18:08.4794951Z [command]"C:\Program Files\Git\bin\git.exe" config --local --name-only --get-regexp ^includeIf\.gitdir:
2026-10-10T06:18:08.5062142Z includeif.gitdir:D:/a/xMind/xMind/xlang3/.git.path
2026-10-10T06:18:08.5062890Z includeif.gitdir:D:/a/xMind/xMind/xlang3/.git/worktrees/*.path
2026-10-10T06:18:08.5063639Z includeif.gitdir:/github/workspace/xlang3/.git.path
2026-10-10T06:18:08.5064379Z includeif.gitdir:/github/workspace/xlang3/.git/worktrees/*.path
2026-10-10T06:18:08.5104359Z [command]"C:\Program Files\Git\bin\git.exe" config --local --get-all includeif.gitdir:D:/a/xMind/xMind/xlang3/.git.path
2026-10-10T06:18:08.5377396Z D:\a\_temp\git-credentials-b3aa249b-6ed9-4d9d-bef7-4f045e40b362.config
2026-10-10T06:18:08.5419914Z [command]"C:\Program Files\Git\bin\git.exe" config --local --unset includeif.gitdir:D:/a/xMind/xMind/xlang3/.git.path D:\a\_temp\git-credentials-b3aa249b-6ed9-4d9d-bef7-4f045e40b362.config
2026-10-10T06:18:08.5730072Z [command]"C:\Program Files\Git\bin\git.exe" config --local --get-all includeif.gitdir:D:/a/xMind/xMind/xlang3/.git/worktrees/*.path
2026-10-10T06:18:08.6011023Z D:\a\_temp\git-credentials-b3aa249b-6ed9-4d9d-bef7-4f045e40b362.config
2026-10-10T06:18:08.6055789Z [command]"C:\Program Files\Git\bin\git.exe" config --local --unset includeif.gitdir:D:/a/xMind/xMind/xlang3/.git/worktrees/*.path D:\a\_temp\git-credentials-b3aa249b-6ed9-4d9d-bef7-4f045e40b362.config
2026-10-10T06:18:08.6380599Z [command]"C:\Program Files\Git\bin\git.exe" config --local --get-all includeif.gitdir:/github/workspace/xlang3/.git.path
2026-10-10T06:18:08.6664911Z /github/runner_temp/git-credentials-b3aa249b-6ed9-4d9d-bef7-4f045e40b362.config
2026-10-10T06:18:08.6709483Z [command]"C:\Program Files\Git\bin\git.exe" config --local --unset includeif.gitdir:/github/workspace/xlang3/.git.path /github/runner_temp/git-credentials-b3aa249b-6ed9-4d9d-bef7-4f045e40b362.config
2026-10-10T06:18:08.7034591Z [command]"C:\Program Files\Git\bin\git.exe" config --local --get-all includeif.gitdir:/github/workspace/xlang3/.git/worktrees/*.path
2026-10-10T06:18:08.7303564Z /github/runner_temp/git-credentials-b3aa249b-6ed9-4d9d-bef7-4f045e40b362.config
2026-10-10T06:18:08.7345954Z [command]"C:\Program Files\Git\bin\git.exe" config --local --unset includeif.gitdir:/github/workspace/xlang3/.git/worktrees/*.path /github/runner_temp/git-credentials-b3aa249b-6ed9-4d9d-bef7-4f045e40b362.config
2026-10-10T06:18:08.7662457Z [command]"C:\Program Files\Git\bin\git.exe" submodule foreach --recursive "git config --local --show-origin --name-only --get-regexp remote.origin.url"
2026-10-10T06:18:09.3251576Z Removing credentials config 'D:\a\_temp\git-credentials-b3aa249b-6ed9-4d9d-bef7-4f045e40b362.config'
2026-10-10T06:18:09.3262811Z ##[endgroup]
2026-10-10T06:18:09.3684437Z ##[group]Run actions/checkout@d23441a48e516b6c34aea4fa41551a30e30af803
2026-10-10T06:18:09.3684873Z with:
2026-10-10T06:18:09.3685067Z   repository: python/cpython
2026-10-10T06:18:09.3685338Z   ref: ebf955df7a89ed0c7968f79faec1de49f61ed7cb
2026-10-10T06:18:09.3685634Z   path: stdlib-source
2026-10-10T06:18:09.3685837Z   sparse-checkout: Lib

2026-10-10T06:18:09.3686052Z   persist-credentials: false
2026-10-10T06:18:09.3688763Z   token: ***
2026-10-10T06:18:09.3688993Z   ssh-strict: true
2026-10-10T06:18:09.3689175Z   ssh-user: git
2026-10-10T06:18:09.3689349Z   clean: true
2026-10-10T06:18:09.3689719Z   sparse-checkout-cone-mode: true
2026-10-10T06:18:09.3689962Z   fetch-depth: 1
2026-10-10T06:18:09.3690144Z   fetch-tags: false
2026-10-10T06:18:09.3690343Z   show-progress: true
2026-10-10T06:18:09.3690533Z   lfs: false
2026-10-10T06:18:09.3690700Z   submodules: false
2026-10-10T06:18:09.3690893Z   set-safe-directory: true
2026-10-10T06:18:09.3691181Z   allow-unsafe-pr-checkout: false
2026-10-10T06:18:09.3691428Z ##[endgroup]
2026-10-10T06:18:09.4837035Z Syncing repository: python/cpython
2026-10-10T06:18:09.4845164Z ##[group]Getting Git version info
2026-10-10T06:18:09.4845739Z Working directory is 'D:\a\xMind\xMind\stdlib-source'
2026-10-10T06:18:09.5671182Z [command]"C:\Program Files\Git\bin\git.exe" version
2026-10-10T06:18:09.5949479Z git version 2.55.0.windows.5
2026-10-10T06:18:09.5992846Z ##[endgroup]
2026-10-10T06:18:09.6010165Z Temporarily overriding HOME='D:\a\_temp\902ce289-77aa-4e3a-a5fb-1f07b16bf70f' before making global git config changes
2026-10-10T06:18:09.6011330Z Adding repository directory to the temporary git global config as a safe directory
2026-10-10T06:18:09.6021120Z [command]"C:\Program Files\Git\bin\git.exe" config --global --add safe.directory D:\a\xMind\xMind\stdlib-source
2026-10-10T06:18:09.6316495Z ##[group]Determining repository object format
2026-10-10T06:18:09.6319453Z ##[endgroup]
2026-10-10T06:18:09.6320432Z ##[group]Initializing the repository
2026-10-10T06:18:09.6329924Z [command]"C:\Program Files\Git\bin\git.exe" init D:\a\xMind\xMind\stdlib-source
2026-10-10T06:18:09.6696074Z Initialized empty Git repository in D:/a/xMind/xMind/stdlib-source/.git/
2026-10-10T06:18:09.6741103Z [command]"C:\Program Files\Git\bin\git.exe" remote add origin https://github.com/python/cpython
2026-10-10T06:18:09.7067666Z ##[endgroup]
2026-10-10T06:18:09.7068054Z ##[group]Disabling automatic garbage collection
2026-10-10T06:18:09.7077945Z [command]"C:\Program Files\Git\bin\git.exe" config --local gc.auto 0
2026-10-10T06:18:09.7400860Z ##[endgroup]
2026-10-10T06:18:09.7401277Z ##[group]Setting up auth
2026-10-10T06:18:09.7402964Z Removing SSH command configuration
2026-10-10T06:18:09.7415118Z [command]"C:\Program Files\Git\bin\git.exe" config --local --name-only --get-regexp core\.sshCommand
2026-10-10T06:18:09.7738329Z [command]"C:\Program Files\Git\bin\git.exe" submodule foreach --recursive "sh -c \"git config --local --name-only --get-regexp 'core\.sshCommand' && git config --local --unset-all 'core.sshCommand' || :\""
2026-10-10T06:18:10.3488723Z Removing HTTP extra header
2026-10-10T06:18:10.3501626Z [command]"C:\Program Files\Git\bin\git.exe" config --local --name-only --get-regexp http\.https\:\/\/github\.com\/\.extraheader
2026-10-10T06:18:10.3807221Z [command]"C:\Program Files\Git\bin\git.exe" submodule foreach --recursive "sh -c \"git config --local --name-only --get-regexp 'http\.https\:\/\/github\.com\/\.extraheader' && git config --local --unset-all 'http.https://github.com/.extraheader' || :\""
2026-10-10T06:18:10.9494333Z Removing includeIf entries pointing to credentials config files
2026-10-10T06:18:10.9506435Z [command]"C:\Program Files\Git\bin\git.exe" config --local --name-only --get-regexp ^includeIf\.gitdir:
2026-10-10T06:18:10.9808993Z [command]"C:\Program Files\Git\bin\git.exe" submodule foreach --recursive "git config --local --show-origin --name-only --get-regexp remote.origin.url"
2026-10-10T06:18:11.5215213Z [command]"C:\Program Files\Git\bin\git.exe" config --file D:\a\_temp\git-credentials-61728ccf-d0b4-41cc-98c5-a12c2b366620.config http.https://github.com/.extraheader "AUTHORIZATION: basic ***"
2026-10-10T06:18:11.5548697Z [command]"C:\Program Files\Git\bin\git.exe" config --local includeIf.gitdir:D:/a/xMind/xMind/stdlib-source/.git.path D:\a\_temp\git-credentials-61728ccf-d0b4-41cc-98c5-a12c2b366620.config
2026-10-10T06:18:11.5866786Z [command]"C:\Program Files\Git\bin\git.exe" config --local includeIf.gitdir:D:/a/xMind/xMind/stdlib-source/.git/worktrees/*.path D:\a\_temp\git-credentials-61728ccf-d0b4-41cc-98c5-a12c2b366620.config
2026-10-10T06:18:11.6167783Z [command]"C:\Program Files\Git\bin\git.exe" config --local includeIf.gitdir:/github/workspace/stdlib-source/.git.path /github/runner_temp/git-credentials-61728ccf-d0b4-41cc-98c5-a12c2b366620.config
2026-10-10T06:18:11.6478769Z [command]"C:\Program Files\Git\bin\git.exe" config --local includeIf.gitdir:/github/workspace/stdlib-source/.git/worktrees/*.path /github/runner_temp/git-credentials-61728ccf-d0b4-41cc-98c5-a12c2b366620.config
2026-10-10T06:18:11.6782507Z ##[endgroup]
2026-10-10T06:18:11.6782876Z ##[group]Fetching the repository
2026-10-10T06:18:11.6796670Z [command]"C:\Program Files\Git\bin\git.exe" -c protocol.version=2 fetch --no-tags --prune --no-recurse-submodules --filter=blob:none --depth=1 origin ebf955df7a89ed0c7968f79faec1de49f61ed7cb
2026-10-10T06:18:12.3651485Z From https://github.com/python/cpython
2026-10-10T06:18:12.3652172Z  * branch            ebf955df7a89ed0c7968f79faec1de49f61ed7cb -> FETCH_HEAD
2026-10-10T06:18:12.3701345Z [command]"C:\Program Files\Git\bin\git.exe" rev-parse --verify --quiet ebf955df7a89ed0c7968f79faec1de49f61ed7cb^{object}
2026-10-10T06:18:12.3970915Z ebf955df7a89ed0c7968f79faec1de49f61ed7cb
2026-10-10T06:18:12.4004132Z ##[endgroup]
2026-10-10T06:18:12.4004622Z ##[group]Determining the checkout info
2026-10-10T06:18:12.4006470Z ##[endgroup]
2026-10-10T06:18:12.4006935Z ##[group]Setting up sparse checkout
2026-10-10T06:18:12.4017041Z [command]"C:\Program Files\Git\bin\git.exe" sparse-checkout set Lib
2026-10-10T06:18:12.4357974Z ##[endgroup]
2026-10-10T06:18:12.4358351Z ##[group]Checking out the ref
2026-10-10T06:18:12.4367642Z [command]"C:\Program Files\Git\bin\git.exe" checkout --progress --force ebf955df7a89ed0c7968f79faec1de49f61ed7cb
2026-10-10T06:18:16.8207610Z Updating files:   0% (1/2406)
2026-10-10T06:18:16.8297315Z Updating files:   1% (25/2406)
2026-10-10T06:18:16.8372203Z Updating files:   2% (49/2406)
2026-10-10T06:18:16.8442562Z Updating files:   3% (73/2406)
2026-10-10T06:18:16.8515686Z Updating files:   4% (97/2406)
2026-10-10T06:18:16.8589364Z Updating files:   5% (121/2406)
2026-10-10T06:18:16.8671901Z Updating files:   6% (145/2406)
2026-10-10T06:18:16.8747721Z Updating files:   7% (169/2406)
2026-10-10T06:18:16.8813316Z Updating files:   8% (193/2406)
2026-10-10T06:18:16.8887220Z Updating files:   9% (217/2406)
2026-10-10T06:18:16.8947492Z Updating files:  10% (241/2406)
2026-10-10T06:18:16.9013926Z Updating files:  11% (265/2406)
2026-10-10T06:18:16.9078114Z Updating files:  12% (289/2406)
2026-10-10T06:18:16.9218698Z Updating files:  13% (313/2406)
2026-10-10T06:18:16.9312766Z Updating files:  14% (337/2406)
2026-10-10T06:18:16.9378167Z Updating files:  15% (361/2406)
2026-10-10T06:18:16.9458751Z Updating files:  16% (385/2406)
2026-10-10T06:18:16.9522214Z Updating files:  17% (410/2406)
2026-10-10T06:18:16.9583864Z Updating files:  18% (434/2406)
2026-10-10T06:18:16.9646096Z Updating files:  19% (458/2406)
2026-10-10T06:18:16.9721385Z Updating files:  20% (482/2406)
2026-10-10T06:18:16.9799642Z Updating files:  21% (506/2406)
2026-10-10T06:18:16.9899577Z Updating files:  22% (530/2406)
2026-10-10T06:18:16.9974655Z Updating files:  23% (554/2406)
2026-10-10T06:18:17.0082891Z Updating files:  24% (578/2406)
2026-10-10T06:18:17.0207116Z Updating files:  25% (602/2406)
2026-10-10T06:18:17.0293009Z Updating files:  26% (626/2406)
2026-10-10T06:18:17.0391016Z Updating files:  27% (650/2406)
2026-10-10T06:18:17.0451647Z Updating files:  28% (674/2406)
2026-10-10T06:18:17.0505702Z Updating files:  29% (698/2406)
2026-10-10T06:18:17.0565468Z Updating files:  30% (722/2406)
2026-10-10T06:18:17.0662199Z Updating files:  31% (746/2406)
2026-10-10T06:18:17.0750754Z Updating files:  32% (770/2406)
2026-10-10T06:18:17.0841560Z Updating files:  33% (794/2406)
2026-10-10T06:18:17.0967074Z Updating files:  34% (819/2406)
2026-10-10T06:18:17.1031699Z Updating files:  35% (843/2406)
2026-10-10T06:18:17.1126592Z Updating files:  36% (867/2406)
2026-10-10T06:18:17.1209076Z Updating files:  37% (891/2406)
2026-10-10T06:18:17.1290602Z Updating files:  38% (915/2406)
2026-10-10T06:18:17.1366396Z Updating files:  39% (939/2406)
2026-10-10T06:18:17.1448764Z Updating files:  40% (963/2406)
2026-10-10T06:18:17.1519996Z Updating files:  41% (987/2406)
2026-10-10T06:18:17.1591242Z Updating files:  42% (1011/2406)
2026-10-10T06:18:17.1687538Z Updating files:  43% (1035/2406)
2026-10-10T06:18:17.1775206Z Updating files:  44% (1059/2406)
2026-10-10T06:18:17.1873740Z Updating files:  45% (1083/2406)
2026-10-10T06:18:17.1941135Z Updating files:  46% (1107/2406)
2026-10-10T06:18:17.2062045Z Updating files:  47% (1131/2406)
2026-10-10T06:18:17.2147020Z Updating files:  48% (1155/2406)
2026-10-10T06:18:17.2225481Z Updating files:  49% (1179/2406)
2026-10-10T06:18:17.2297775Z Updating files:  50% (1203/2406)
2026-10-10T06:18:17.2357469Z Updating files:  51% (1228/2406)
2026-10-10T06:18:17.2431044Z Updating files:  52% (1252/2406)
2026-10-10T06:18:17.2529183Z Updating files:  53% (1276/2406)
2026-10-10T06:18:17.2590353Z Updating files:  54% (1300/2406)
2026-10-10T06:18:17.2639870Z Updating files:  55% (1324/2406)
2026-10-10T06:18:17.2692295Z Updating files:  56% (1348/2406)
2026-10-10T06:18:17.2779888Z Updating files:  57% (1372/2406)
2026-10-10T06:18:17.2865715Z Updating files:  58% (1396/2406)
2026-10-10T06:18:17.2934048Z Updating files:  59% (1420/2406)
2026-10-10T06:18:17.3003799Z Updating files:  60% (1444/2406)
2026-10-10T06:18:17.3088319Z Updating files:  61% (1468/2406)
2026-10-10T06:18:17.3170277Z Updating files:  62% (1492/2406)
2026-10-10T06:18:17.3316132Z Updating files:  63% (1516/2406)
2026-10-10T06:18:17.3374910Z Updating files:  64% (1540/2406)
2026-10-10T06:18:17.3442018Z Updating files:  65% (1564/2406)
2026-10-10T06:18:17.3519420Z Updating files:  66% (1588/2406)
2026-10-10T06:18:17.3584314Z Updating files:  67% (1613/2406)
2026-10-10T06:18:17.3686926Z Updating files:  68% (1637/2406)
2026-10-10T06:18:17.3749233Z Updating files:  69% (1661/2406)
2026-10-10T06:18:17.3858008Z Updating files:  70% (1685/2406)
2026-10-10T06:18:17.3916723Z Updating files:  71% (1709/2406)
2026-10-10T06:18:17.4018915Z Updating files:  72% (1733/2406)
2026-10-10T06:18:17.4099509Z Updating files:  73% (1757/2406)
2026-10-10T06:18:17.4170052Z Updating files:  74% (1781/2406)
2026-10-10T06:18:17.4260590Z Updating files:  75% (1805/2406)
2026-10-10T06:18:17.4359985Z Updating files:  76% (1829/2406)
2026-10-10T06:18:17.4454735Z Updating files:  77% (1853/2406)
2026-10-10T06:18:17.4567198Z Updating files:  78% (1877/2406)
2026-10-10T06:18:17.4647634Z Updating files:  79% (1901/2406)
2026-10-10T06:18:17.4697909Z Updating files:  80% (1925/2406)
2026-10-10T06:18:17.4750610Z Updating files:  81% (1949/2406)
2026-10-10T06:18:17.4775496Z Updating files:  82% (1973/2406)
2026-10-10T06:18:17.4798142Z Updating files:  82% (1984/2406)
2026-10-10T06:18:17.4854822Z Updating files:  83% (1997/2406)
2026-10-10T06:18:17.4935972Z Updating files:  84% (2022/2406)
2026-10-10T06:18:17.5025356Z Updating files:  85% (2046/2406)
2026-10-10T06:18:17.5108125Z Updating files:  86% (2070/2406)
2026-10-10T06:18:17.5191446Z Updating files:  87% (2094/2406)
2026-10-10T06:18:17.5273318Z Updating files:  88% (2118/2406)
2026-10-10T06:18:17.5361940Z Updating files:  89% (2142/2406)
2026-10-10T06:18:17.5418308Z Updating files:  90% (2166/2406)
2026-10-10T06:18:17.5616863Z Updating files:  91% (2190/2406)
2026-10-10T06:18:17.5664640Z Updating files:  92% (2214/2406)
2026-10-10T06:18:17.5711562Z Updating files:  93% (2238/2406)
2026-10-10T06:18:17.5782900Z Updating files:  94% (2262/2406)
2026-10-10T06:18:17.5913297Z Updating files:  95% (2286/2406)
2026-10-10T06:18:17.5966469Z Updating files:  96% (2310/2406)
2026-10-10T06:18:17.6047792Z Updating files:  97% (2334/2406)
2026-10-10T06:18:17.6125622Z Updating files:  98% (2358/2406)
2026-10-10T06:18:17.6298962Z Updating files:  99% (2382/2406)
2026-10-10T06:18:17.6299374Z Updating files: 100% (2406/2406)
2026-10-10T06:18:17.6299634Z Updating files: 100% (2406/2406), done.
2026-10-10T06:18:17.6457809Z Note: switching to 'ebf955df7a89ed0c7968f79faec1de49f61ed7cb'.
2026-10-10T06:18:17.6458294Z 
2026-10-10T06:18:17.6458618Z You are in 'detached HEAD' state. You can look around, make experimental
2026-10-10T06:18:17.6459437Z changes and commit them, and you can discard any commits you make in this
2026-10-10T06:18:17.6460268Z state without impacting any branches by switching back to a branch.
2026-10-10T06:18:17.6460775Z 
2026-10-10T06:18:17.6461484Z If you want to create a new branch to retain commits you create, you may
2026-10-10T06:18:17.6462237Z do so (now or later) by using -c with the switch command. Example:
2026-10-10T06:18:17.6462670Z 
2026-10-10T06:18:17.6462834Z   git switch -c <new-branch-name>
2026-10-10T06:18:17.6463107Z 
2026-10-10T06:18:17.6463256Z Or undo this operation with:
2026-10-10T06:18:17.6463510Z 
2026-10-10T06:18:17.6463629Z   git switch -
2026-10-10T06:18:17.6463812Z 
2026-10-10T06:18:17.6464140Z Turn off this advice by setting config variable advice.detachedHead to false
2026-10-10T06:18:17.6464684Z 
2026-10-10T06:18:17.6464830Z HEAD is now at ebf955d Python 3.14.0
2026-10-10T06:18:17.6539771Z ##[endgroup]
2026-10-10T06:18:17.6877512Z [command]"C:\Program Files\Git\bin\git.exe" log -1 --format=%H
2026-10-10T06:18:17.7157052Z ebf955df7a89ed0c7968f79faec1de49f61ed7cb
2026-10-10T06:18:17.7198897Z ##[group]Removing auth
2026-10-10T06:18:17.7199270Z Removing SSH command configuration
2026-10-10T06:18:17.7207875Z [command]"C:\Program Files\Git\bin\git.exe" config --local --name-only --get-regexp core\.sshCommand
2026-10-10T06:18:17.7528766Z [command]"C:\Program Files\Git\bin\git.exe" submodule foreach --recursive "sh -c \"git config --local --name-only --get-regexp 'core\.sshCommand' && git config --local --unset-all 'core.sshCommand' || :\""
2026-10-10T06:18:18.3882650Z Removing HTTP extra header
2026-10-10T06:18:18.3893483Z [command]"C:\Program Files\Git\bin\git.exe" config --local --name-only --get-regexp http\.https\:\/\/github\.com\/\.extraheader
2026-10-10T06:18:18.4207743Z [command]"C:\Program Files\Git\bin\git.exe" submodule foreach --recursive "sh -c \"git config --local --name-only --get-regexp 'http\.https\:\/\/github\.com\/\.extraheader' && git config --local --unset-all 'http.https://github.com/.extraheader' || :\""
2026-10-10T06:18:18.9834732Z Removing includeIf entries pointing to credentials config files
2026-10-10T06:18:18.9843600Z [command]"C:\Program Files\Git\bin\git.exe" config --local --name-only --get-regexp ^includeIf\.gitdir:
2026-10-10T06:18:19.0136554Z includeif.gitdir:D:/a/xMind/xMind/stdlib-source/.git.path
2026-10-10T06:18:19.0137320Z includeif.gitdir:D:/a/xMind/xMind/stdlib-source/.git/worktrees/*.path
2026-10-10T06:18:19.0138003Z includeif.gitdir:/github/workspace/stdlib-source/.git.path
2026-10-10T06:18:19.0138737Z includeif.gitdir:/github/workspace/stdlib-source/.git/worktrees/*.path
2026-10-10T06:18:19.0181346Z [command]"C:\Program Files\Git\bin\git.exe" config --local --get-all includeif.gitdir:D:/a/xMind/xMind/stdlib-source/.git.path
2026-10-10T06:18:19.0450564Z D:\a\_temp\git-credentials-61728ccf-d0b4-41cc-98c5-a12c2b366620.config
2026-10-10T06:18:19.0494089Z [command]"C:\Program Files\Git\bin\git.exe" config --local --unset includeif.gitdir:D:/a/xMind/xMind/stdlib-source/.git.path D:\a\_temp\git-credentials-61728ccf-d0b4-41cc-98c5-a12c2b366620.config
2026-10-10T06:18:19.0810639Z [command]"C:\Program Files\Git\bin\git.exe" config --local --get-all includeif.gitdir:D:/a/xMind/xMind/stdlib-source/.git/worktrees/*.path
2026-10-10T06:18:19.1080261Z D:\a\_temp\git-credentials-61728ccf-d0b4-41cc-98c5-a12c2b366620.config
2026-10-10T06:18:19.1121763Z [command]"C:\Program Files\Git\bin\git.exe" config --local --unset includeif.gitdir:D:/a/xMind/xMind/stdlib-source/.git/worktrees/*.path D:\a\_temp\git-credentials-61728ccf-d0b4-41cc-98c5-a12c2b366620.config
2026-10-10T06:18:19.1435396Z [command]"C:\Program Files\Git\bin\git.exe" config --local --get-all includeif.gitdir:/github/workspace/stdlib-source/.git.path
2026-10-10T06:18:19.1712364Z /github/runner_temp/git-credentials-61728ccf-d0b4-41cc-98c5-a12c2b366620.config
2026-10-10T06:18:19.1754325Z [command]"C:\Program Files\Git\bin\git.exe" config --local --unset includeif.gitdir:/github/workspace/stdlib-source/.git.path /github/runner_temp/git-credentials-61728ccf-d0b4-41cc-98c5-a12c2b366620.config
2026-10-10T06:18:19.2083170Z [command]"C:\Program Files\Git\bin\git.exe" config --local --get-all includeif.gitdir:/github/workspace/stdlib-source/.git/worktrees/*.path
2026-10-10T06:18:19.2374662Z /github/runner_temp/git-credentials-61728ccf-d0b4-41cc-98c5-a12c2b366620.config
2026-10-10T06:18:19.2420760Z [command]"C:\Program Files\Git\bin\git.exe" config --local --unset includeif.gitdir:/github/workspace/stdlib-source/.git/worktrees/*.path /github/runner_temp/git-credentials-61728ccf-d0b4-41cc-98c5-a12c2b366620.config
2026-10-10T06:18:19.2769604Z [command]"C:\Program Files\Git\bin\git.exe" submodule foreach --recursive "git config --local --show-origin --name-only --get-regexp remote.origin.url"
2026-10-10T06:18:19.8251081Z Removing credentials config 'D:\a\_temp\git-credentials-61728ccf-d0b4-41cc-98c5-a12c2b366620.config'
2026-10-10T06:18:19.8263356Z ##[endgroup]
2026-10-10T06:18:19.8600338Z ##[group]Run actions/setup-node@249970729cb0ef3589644e2896645e5dc5ba9c38
2026-10-10T06:18:19.8600778Z with:
2026-10-10T06:18:19.8600965Z   node-version: 22
2026-10-10T06:18:19.8601164Z   check-latest: false
2026-10-10T06:18:19.8603677Z   token: ***
2026-10-10T06:18:19.8603884Z   package-manager-cache: true
2026-10-10T06:18:19.8604116Z ##[endgroup]
2026-10-10T06:18:20.0472144Z Found in cache @ C:\hostedtoolcache\windows\node\22.23.3\x64
2026-10-10T06:18:20.0478692Z ##[group]Environment details
2026-10-10T06:18:24.6335125Z node: v22.23.3
2026-10-10T06:18:24.6335381Z npm: 10.9.9
2026-10-10T06:18:24.6335569Z yarn: 1.22.22
2026-10-10T06:18:24.6336022Z ##[endgroup]
2026-10-10T06:18:24.6644063Z ##[group]Run ./xmind/Tools/ci-native.ps1 -RuntimeSource ./xlang3 -StdlibSource ./stdlib-source/Lib
2026-10-10T06:18:24.6644971Z [36;1m./xmind/Tools/ci-native.ps1 -RuntimeSource ./xlang3 -StdlibSource ./stdlib-source/Lib[0m
2026-10-10T06:18:24.7215033Z shell: C:\Program Files\PowerShell\7\pwsh.EXE -command ". '{0}'"
2026-10-10T06:18:24.7215561Z ##[endgroup]
2026-10-10T06:18:36.5274917Z -- The C compiler identification is MSVC 19.51.36260.0
2026-10-10T06:18:37.9443738Z -- The CXX compiler identification is MSVC 19.51.36260.0
2026-10-10T06:18:38.0848946Z -- Detecting C compiler ABI info
2026-10-10T06:18:39.2161130Z -- Detecting C compiler ABI info - done
2026-10-10T06:18:39.2543679Z -- Check for working C compiler: C:/Program Files/Microsoft Visual Studio/18/Enterprise/VC/Tools/MSVC/14.51.36231/bin/Hostx64/x64/cl.exe - skipped
2026-10-10T06:18:39.2556971Z -- Detecting C compile features
2026-10-10T06:18:39.2612502Z -- Detecting C compile features - done
2026-10-10T06:18:39.3339957Z -- Detecting CXX compiler ABI info
2026-10-10T06:18:40.0878436Z -- Detecting CXX compiler ABI info - done
2026-10-10T06:18:40.1095616Z -- Check for working CXX compiler: C:/Program Files/Microsoft Visual Studio/18/Enterprise/VC/Tools/MSVC/14.51.36231/bin/Hostx64/x64/cl.exe - skipped
2026-10-10T06:18:40.1099091Z -- Detecting CXX compile features
2026-10-10T06:18:40.1120094Z -- Detecting CXX compile features - done
2026-10-10T06:18:40.3400063Z -- Looking for sys/types.h
2026-10-10T06:18:41.2540810Z -- Looking for sys/types.h - found
2026-10-10T06:18:41.2542435Z -- Looking for stdint.h
2026-10-10T06:18:41.9473732Z -- Looking for stdint.h - found
2026-10-10T06:18:41.9474815Z -- Looking for stddef.h
2026-10-10T06:18:42.6591815Z -- Looking for stddef.h - found
2026-10-10T06:18:42.6592606Z -- Check size of off64_t
2026-10-10T06:18:43.6694852Z -- Check size of off64_t - failed
2026-10-10T06:18:43.6696709Z -- Looking for fseeko
2026-10-10T06:18:44.3679015Z -- Looking for fseeko - not found
2026-10-10T06:18:44.3679873Z -- Looking for stdarg.h
2026-10-10T06:18:45.0824776Z -- Looking for stdarg.h - found
2026-10-10T06:18:45.0825506Z -- Looking for unistd.h
2026-10-10T06:18:45.8683545Z -- Looking for unistd.h - not found
2026-10-10T06:18:45.8684148Z -- Performing Test HAVE___ATTR__VIS_HIDDEN
2026-10-10T06:18:46.4194164Z -- Performing Test HAVE___ATTR__VIS_HIDDEN - Failed
2026-10-10T06:18:46.6222301Z -- The ASM_MASM compiler identification is MSVC
2026-10-10T06:18:46.6274656Z -- Found assembler: C:/Program Files/Microsoft Visual Studio/18/Enterprise/VC/Tools/MSVC/14.51.36231/bin/Hostx64/x64/ml64.exe
2026-10-10T06:18:46.6876038Z -- Performing Test CMAKE_HAVE_LIBC_PTHREAD
2026-10-10T06:18:47.1948201Z -- Performing Test CMAKE_HAVE_LIBC_PTHREAD - Failed
2026-10-10T06:18:47.1949109Z -- Looking for pthread_create in pthreads
2026-10-10T06:18:47.8122420Z -- Looking for pthread_create in pthreads - not found
2026-10-10T06:18:47.8123160Z -- Looking for pthread_create in pthread
2026-10-10T06:18:48.3912091Z -- Looking for pthread_create in pthread - not found
2026-10-10T06:18:48.4048734Z -- Found Threads: TRUE
2026-10-10T06:18:48.4145121Z -- Configuring done (21.8s)
2026-10-10T06:18:49.3137407Z -- Generating done (0.9s)
2026-10-10T06:18:49.3150720Z -- Build files have been written to: D:/a/xMind/xMind/xlang3/build
2026-10-10T06:18:49.4850821Z MSBuild version 18.10.1-1.26427.6+3cd27c13e for .NET Framework
2026-10-10T06:18:49.5265175Z 
2026-10-10T06:18:49.7661076Z   Checking File Globs
2026-10-10T06:18:49.9144886Z   1>Checking Build System
2026-10-10T06:18:50.2950492Z   Building Custom Rule D:/a/xMind/xMind/xlang3/CMakeLists.txt
2026-10-10T06:18:50.5286421Z   blocksort.c
2026-10-10T06:18:50.6708386Z   Building Custom Rule D:/a/xMind/xMind/xlang3/CMakeLists.txt
2026-10-10T06:18:50.7803080Z   Building Custom Rule D:/a/xMind/xMind/xlang3/modules/ctypes/CMakeLists.txt
2026-10-10T06:18:50.8387385Z   runtime_lock.cpp
2026-10-10T06:18:50.8413784Z   thread_module.cpp
2026-10-10T06:18:50.8422726Z   thread_objects.cpp
2026-10-10T06:18:50.8495314Z   Building Custom Rule D:/a/xMind/xMind/xlang3/CMakeLists.txt
2026-10-10T06:18:50.8859894Z   Assembling D:\a\xMind\xMind\xlang3\modules\cffi\libffi\win64.asm...
2026-10-10T06:18:50.9309318Z   Building Custom Rule D:/a/xMind/xMind/xlang3/third_party/zlib/CMakeLists.txt
2026-10-10T06:18:51.6764164Z   adler32.c
2026-10-10T06:18:51.6980361Z   compress.c
2026-10-10T06:18:51.7011530Z   task_module.cpp
2026-10-10T06:18:51.7013297Z   task_objects.cpp
2026-10-10T06:18:51.7127794Z   crc32.c
2026-10-10T06:18:51.7407811Z   deflate.c
2026-10-10T06:18:51.7732446Z   gzclose.c
2026-10-10T06:18:51.9072183Z   gzlib.c
2026-10-10T06:18:51.9451047Z   gzread.c
2026-10-10T06:18:51.9802143Z   gzwrite.c
2026-10-10T06:18:52.0378703Z   inflate.c
2026-10-10T06:18:52.0626972Z   infback.c
2026-10-10T06:18:52.0918325Z   inftrees.c
2026-10-10T06:18:52.1541681Z   inffast.c
2026-10-10T06:18:52.1771202Z   trees.c
2026-10-10T06:18:52.2092936Z   uncompr.c
2026-10-10T06:18:52.2281985Z   zutil.c
2026-10-10T06:18:52.2580688Z   Generating Code...
2026-10-10T06:18:54.4990058Z   huffman.c
2026-10-10T06:18:54.8009449Z   ctypes_ffi.cpp
2026-10-10T06:18:55.1433755Z   crctable.c
2026-10-10T06:18:55.7819023Z   randtable.c
2026-10-10T06:18:56.0579307Z   zlibstatic.vcxproj -> D:\a\xMind\xMind\xlang3\build\third_party\zlib\Release\zs.lib
2026-10-10T06:18:56.2381154Z   compress.c
2026-10-10T06:18:56.4163206Z   xlang3_task_runtime.vcxproj -> D:\a\xMind\xMind\xlang3\build\Release\xlang3_task_runtime.lib
2026-10-10T06:18:56.6412090Z   decompress.c
2026-10-10T06:18:56.7988661Z   xlang3_thread_runtime.vcxproj -> D:\a\xMind\xMind\xlang3\build\Release\xlang3_thread_runtime.lib
2026-10-10T06:18:56.9213300Z   bzlib.c
2026-10-10T06:18:57.1575653Z   Generating Code...
2026-10-10T06:18:59.1138956Z   ffi.c
2026-10-10T06:18:59.1434645Z   prep_cif.c
2026-10-10T06:18:59.1605056Z   types.c
2026-10-10T06:18:59.1736967Z   Generating Code...
2026-10-10T06:18:59.3134506Z   xlang3_ctypes_ffi.vcxproj -> D:\a\xMind\xMind\xlang3\build\modules\ctypes\Release\xlang3_ctypes_ffi.lib
2026-10-10T06:19:00.2732632Z   bzip2static.vcxproj -> D:\a\xMind\xMind\xlang3\build\Release\bzip2static.lib
2026-10-10T06:19:00.3256958Z   Building Custom Rule D:/a/xMind/xMind/xlang3/CMakeLists.txt
2026-10-10T06:19:00.4644473Z   abc_module.cpp
2026-10-10T06:19:00.4658033Z   ast_module.cpp
2026-10-10T06:19:00.4665957Z   atexit_module.cpp
2026-10-10T06:19:00.4697805Z   binascii_module.cpp
2026-10-10T06:19:02.3973308Z   bisect_module.cpp
2026-10-10T06:19:02.4595018Z   bz2_module.cpp
2026-10-10T06:19:02.5081091Z   cmath_module.cpp
2026-10-10T06:19:03.0328206Z   decimal_module.cpp
2026-10-10T06:19:04.3147514Z   codecs_module.cpp
2026-10-10T06:19:04.5047200Z   locale_module.cpp
2026-10-10T06:19:05.0483858Z   multibytecodec_module.cpp
2026-10-10T06:19:05.1021907Z   collections_module.cpp
2026-10-10T06:19:06.4046967Z   contextvars_module.cpp
2026-10-10T06:19:07.2496540Z   asyncio_module.cpp
2026-10-10T06:19:07.3521334Z   asyncio_future.cpp
2026-10-10T06:19:07.6804987Z   asyncio_task.cpp
2026-10-10T06:19:08.5154251Z   csv_module.cpp
2026-10-10T06:19:09.4492471Z   ctypes_module.cpp
2026-10-10T06:19:09.6337997Z   errno_module.cpp
2026-10-10T06:19:09.8344504Z   faulthandler_module.cpp
2026-10-10T06:19:10.6069248Z   functools_module.cpp
2026-10-10T06:19:11.6596820Z   gc_module.cpp
2026-10-10T06:19:11.7857879Z   lsprof_module.cpp
2026-10-10T06:19:11.8224457Z   array_module.cpp
2026-10-10T06:19:12.5425017Z   imp_module.cpp
2026-10-10T06:19:13.6479413Z   importlib_module.cpp
2026-10-10T06:19:13.7625576Z   interpreters_module.cpp
2026-10-10T06:19:13.8763165Z   itertools_module.cpp
2026-10-10T06:19:14.4606533Z   io_module.cpp
2026-10-10T06:19:15.8751790Z   json_module.cpp
2026-10-10T06:19:16.0653072Z   marshal_module.cpp
2026-10-10T06:19:16.4315645Z   msvcrt_module.cpp
2026-10-10T06:19:16.8501655Z   multiprocessing_module.cpp
2026-10-10T06:19:18.1557976Z   opcode_module.cpp
2026-10-10T06:19:18.4583575Z   operator_module.cpp
2026-10-10T06:19:18.8475761Z   os_module.cpp
2026-10-10T06:19:18.9850812Z   overlapped_module.cpp
2026-10-10T06:19:20.0549816Z   pickle_module.cpp
2026-10-10T06:19:20.3835853Z   pyexpat_module.cpp
2026-10-10T06:19:21.6595843Z   queue_module.cpp
2026-10-10T06:19:22.1120417Z   random_module.cpp
2026-10-10T06:19:22.2420456Z   signal_module.cpp
2026-10-10T06:19:22.4604820Z   sha2_module.cpp
2026-10-10T06:19:23.6532237Z   socket_select_module.cpp
2026-10-10T06:19:24.0979781Z   sre_module.cpp
2026-10-10T06:19:24.3735145Z   source_encoding.cpp
2026-10-10T06:19:24.9945162Z   stat_module.cpp
2026-10-10T06:19:25.5979585Z   string_module.cpp
2026-10-10T06:19:26.6219134Z   struct_module.cpp
2026-10-10T06:19:26.8305514Z   sysconfig_native_module.cpp
2026-10-10T06:19:27.5005285Z   sys_module.cpp
2026-10-10T06:19:27.6190966Z   time_module.cpp
2026-10-10T06:19:28.6602220Z   tokenize_module.cpp
2026-10-10T06:19:28.7353702Z   typing_module.cpp
2026-10-10T06:19:30.5974789Z   unicodedata_module.cpp
2026-10-10T06:19:30.7045156Z   weakref_module.cpp
2026-10-10T06:19:30.7325400Z   warnings_module.cpp
2026-10-10T06:19:31.0441140Z   winapi_module.cpp
2026-10-10T06:19:32.5239625Z   posix_process_module.cpp
2026-10-10T06:19:32.5774933Z   winreg_module.cpp
2026-10-10T06:19:33.6479863Z   zlib_module.cpp
2026-10-10T06:19:33.7477584Z   zip_archive.cpp
2026-10-10T06:19:34.3400790Z   zipimport_module.cpp
2026-10-10T06:19:37.7954194Z   xlang3_system_runtime.vcxproj -> D:\a\xMind\xMind\xlang3\build\Release\xlang3_system_runtime.lib
2026-10-10T06:19:37.8578728Z   Building Custom Rule D:/a/xMind/xMind/xlang3/CMakeLists.txt
2026-10-10T06:19:38.0272083Z   builtins.cpp
2026-10-10T06:19:38.0362410Z   builtin_modules.cpp
2026-10-10T06:19:38.0373212Z   exception_builtins.cpp
2026-10-10T06:19:38.0378827Z   functional_builtins.cpp
2026-10-10T06:19:39.8889456Z   io_builtins.cpp
2026-10-10T06:19:40.0289066Z   math_module.cpp
2026-10-10T06:19:44.5886882Z   object_type_builtins.cpp
2026-10-10T06:19:45.8880463Z   raw_block_builtins.cpp
2026-10-10T06:19:48.2215406Z   sequence_builtins.cpp
2026-10-10T06:19:49.3159361Z   ipc_runtime.cpp
2026-10-10T06:19:55.0730674Z   shared_memory_block_stream.cpp
2026-10-10T06:19:57.7216704Z   shared_memory_transport.cpp
2026-10-10T06:19:59.9576538Z   block_stream.cpp
2026-10-10T06:20:00.1547941Z   ipc_value_marshal.cpp
2026-10-10T06:20:00.7148421Z   xlang_stream.cpp
2026-10-10T06:20:01.5137421Z   c_api_bridge.cpp
2026-10-10T06:20:01.8446643Z   exceptions.cpp
2026-10-10T06:20:02.3945940Z   expression.cpp
2026-10-10T06:20:02.9267687Z   functional_iterators.cpp
2026-10-10T06:20:04.8511784Z   generator.cpp
2026-10-10T06:20:05.0483834Z   attribute.cpp
2026-10-10T06:20:08.2443221Z   list_methods.cpp
2026-10-10T06:20:09.0176250Z   dict_methods.cpp
2026-10-10T06:20:09.3523518Z   file_methods.cpp
2026-10-10T06:20:09.6844416Z   int_methods.cpp
2026-10-10T06:20:12.7727046Z   set_methods.cpp
2026-10-10T06:20:14.2622654Z   string_methods.cpp
2026-10-10T06:20:14.3989680Z   tuple_methods.cpp
2026-10-10T06:20:17.1828278Z   bytes_methods.cpp
2026-10-10T06:20:18.0603764Z   iterator_methods.cpp
2026-10-10T06:20:18.2869045Z   property_methods.cpp
2026-10-10T06:20:23.2900019Z   x3_bucket_allocator.cpp
2026-10-10T06:20:25.2626945Z   x3_memory.cpp
2026-10-10T06:20:25.2944326Z   x3_object_pool.cpp
2026-10-10T06:20:25.7773658Z   x3_page_allocator.cpp
2026-10-10T06:20:25.9555239Z   x3_runtime_memory.cpp
2026-10-10T06:20:26.1438119Z   x3_temp_arena.cpp
2026-10-10T06:20:26.4961061Z   perf_counters.cpp
2026-10-10T06:20:26.8409223Z   interpreter_events.cpp
2026-10-10T06:20:26.9993522Z   bigint.cpp
2026-10-10T06:20:27.0158976Z   value.cpp
2026-10-10T06:20:27.0883967Z   value_hash.cpp
2026-10-10T06:20:28.8714197Z   object_model.cpp
2026-10-10T06:20:29.0894169Z   sequence.cpp
2026-10-10T06:20:30.2902260Z   mapping.cpp
2026-10-10T06:20:38.9985381Z   set_object.cpp
2026-10-10T06:20:39.2325203Z   module_object.cpp
2026-10-10T06:20:39.2967745Z   module_slots.cpp
2026-10-10T06:20:42.4197767Z   runtime.cpp
2026-10-10T06:20:44.0321901Z   unicode_data.cpp
2026-10-10T06:20:46.1192272Z   unicode_names.cpp
2026-10-10T06:20:47.8392378Z   vfs.cpp
2026-10-10T06:20:54.5635302Z   source_cursor.cpp
2026-10-10T06:20:54.8453240Z   lexer.cpp
2026-10-10T06:20:55.5986756Z   parser.cpp
2026-10-10T06:20:58.7093890Z   scope_analysis.cpp
2026-10-10T06:21:02.4149046Z   xlang_module_globals.cpp
2026-10-10T06:21:03.5900721Z   lower.cpp
2026-10-10T06:21:04.1935643Z   codec.cpp
2026-10-10T06:21:06.3522115Z   xlang_interpreter.cpp
2026-10-10T06:21:08.4944348Z   xlang_vm_attr.cpp
2026-10-10T06:21:09.1105934Z   xlang_vm_loop.cpp
2026-10-10T06:21:14.4269538Z   object_table.cpp
2026-10-10T06:21:16.4941178Z   memory_file_store.cpp
2026-10-10T06:21:19.4824089Z   shared_memory_transport_win32.cpp
2026-10-10T06:21:21.3872951Z   debug_session.cpp
2026-10-10T06:21:25.6018115Z   dap_session.cpp
2026-10-10T06:21:27.6984764Z   dump.cpp
2026-10-10T06:21:30.6583789Z   c_api.cpp
2026-10-10T06:21:33.1822431Z   buffer_api.cpp
2026-10-10T06:21:38.9593589Z   tensor_storage.cpp
2026-10-10T06:21:39.3308220Z   tensor_serialization.cpp
2026-10-10T06:21:44.8528596Z   tensor_graph.cpp
2026-10-10T06:21:44.9330657Z   tensor_cpu.cpp
2026-10-10T06:21:45.0540201Z   tensor_module.cpp
2026-10-10T06:21:50.1998572Z   tensor_api.cpp
2026-10-10T06:21:50.3642795Z   protocol_api.cpp
2026-10-10T06:21:51.4409764Z   stream_api.cpp
2026-10-10T06:21:53.1850670Z   native_serialization_api.cpp
2026-10-10T06:21:53.2565287Z   ipc_api.cpp
2026-10-10T06:21:53.8656873Z   value_graph_writer.cpp
2026-10-10T06:21:55.2030015Z   value_graph_reader.cpp
2026-10-10T06:21:55.4032536Z   value_graph_lifetime.cpp
2026-10-10T06:21:59.6920569Z   import_loader.cpp
2026-10-10T06:21:59.8702649Z   native_package_loader.cpp
2026-10-10T06:22:06.3501768Z   Auto build dll exports
2026-10-10T06:22:06.7602305Z   xlang3_thread_runtime.lib(thread_module.obj) : MSIL .netmodule or module compiled with /GL found; restarting link with /LTCG; add /LTCG to the link command line to improve linker performance
2026-10-10T06:22:08.7113289Z      Creating library D:/a/xMind/xMind/xlang3/build/Release/xlang3_runtime.lib and object D:/a/xMind/xMind/xlang3/build/Release/xlang3_runtime.exp
2026-10-10T06:22:08.9567779Z   Generating code
2026-10-10T06:23:21.0111252Z   Finished generating code
2026-10-10T06:23:21.9319506Z   xlang3_runtime.vcxproj -> D:\a\xMind\xMind\xlang3\build\Release\xlang3_runtime.dll
2026-10-10T06:23:21.9909659Z   Building Custom Rule D:/a/xMind/xMind/xlang3/CMakeLists.txt
2026-10-10T06:23:22.0728242Z   xlang3.cpp
2026-10-10T06:23:27.1535066Z   xlang3.vcxproj -> D:\a\xMind\xMind\xlang3\build\Release\xlang3.exe
2026-10-10T06:23:27.3219111Z MSBuild version 18.10.1-1.26427.6+3cd27c13e for .NET Framework
2026-10-10T06:23:27.3567564Z 
2026-10-10T06:23:27.5519011Z   Checking File Globs
2026-10-10T06:23:27.7515034Z   Building Custom Rule D:/a/xMind/xMind/xlang3/modules/json/CMakeLists.txt
2026-10-10T06:23:27.8867866Z   main.cpp
2026-10-10T06:23:28.4950239Z   json_package.cpp
2026-10-10T06:23:30.4907033Z   json_convert.cpp
2026-10-10T06:23:32.2776583Z   Generating Code...
2026-10-10T06:23:35.4290423Z      Creating library D:/a/xMind/xMind/xlang3/build/Release/modules/xlang_json.x3pkg.lib and object D:/a/xMind/xMind/xlang3/build/Release/modules/xlang_json.x3pkg.exp
2026-10-10T06:23:35.5066441Z   xlang_json_native_package.vcxproj -> D:\a\xMind\xMind\xlang3\build\Release\modules\xlang_json.x3pkg.dll
2026-10-10T06:23:35.6430501Z MSBuild version 18.10.1-1.26427.6+3cd27c13e for .NET Framework
2026-10-10T06:23:35.6800879Z 
2026-10-10T06:23:35.8706611Z   Checking File Globs
2026-10-10T06:23:36.0649434Z   Building Custom Rule D:/a/xMind/xMind/xlang3/modules/sqlite/CMakeLists.txt
2026-10-10T06:23:36.2058593Z   main.cpp
2026-10-10T06:23:36.8217007Z   sqlite_package.cpp
2026-10-10T06:23:38.0107134Z   sqlite_values.cpp
2026-10-10T06:23:38.6404455Z   sqlite_handles.cpp
2026-10-10T06:23:39.2524818Z   Generating Code...
2026-10-10T06:23:40.0514543Z   sqlite3.c
2026-10-10T06:24:03.3926086Z      Creating library D:/a/xMind/xMind/xlang3/build/Release/modules/xlang_sqlite3.x3pkg.lib and object D:/a/xMind/xMind/xlang3/build/Release/modules/xlang_sqlite3.x3pkg.exp
2026-10-10T06:24:03.5843356Z   xlang_sqlite3_native_package.vcxproj -> D:\a\xMind\xMind\xlang3\build\Release\modules\xlang_sqlite3.x3pkg.dll
2026-10-10T06:24:03.7568779Z Pinned jsoncons native source and license hashes verified: 176 files
2026-10-10T06:24:03.8500923Z Pinned yaml-cpp native source and license verified: 101 exact upstream files
2026-10-10T06:24:03.9829563Z Pinned re2 native source and license verified: 131 exact upstream files
2026-10-10T06:24:04.2427615Z Pinned abseil-cpp native source and license verified: 1602 exact upstream files
2026-10-10T06:24:20.8983722Z 
2026-10-10T06:24:20.8985522Z added 97 packages in 16s
2026-10-10T06:24:28.7280361Z [31;1mnpm warn deprecated whatwg-encoding@3.1.1: Use @exodus/bytes instead for a more spec-conformant and faster implementation[0m
2026-10-10T06:24:29.5273444Z [31;1mnpm warn deprecated prebuild-install@7.1.3: No longer maintained. Please contact the author of the relevant native addon; alternatives are available.[0m
2026-10-10T06:24:38.0086510Z 
2026-10-10T06:24:38.0088814Z added 325 packages in 12s
2026-10-10T06:24:39.1488863Z -- The C compiler identification is MSVC 19.51.36260.0
2026-10-10T06:24:39.8633338Z -- The CXX compiler identification is MSVC 19.51.36260.0
2026-10-10T06:24:39.8869997Z -- Detecting C compiler ABI info
2026-10-10T06:24:40.5860254Z -- Detecting C compiler ABI info - done
2026-10-10T06:24:40.6069666Z -- Check for working C compiler: C:/Program Files/Microsoft Visual Studio/18/Enterprise/VC/Tools/MSVC/14.51.36231/bin/Hostx64/x64/cl.exe - skipped
2026-10-10T06:24:40.6073929Z -- Detecting C compile features
2026-10-10T06:24:40.6082676Z -- Detecting C compile features - done
2026-10-10T06:24:40.6194628Z -- Detecting CXX compiler ABI info
2026-10-10T06:24:41.3180158Z -- Detecting CXX compiler ABI info - done
2026-10-10T06:24:41.3373750Z -- Check for working CXX compiler: C:/Program Files/Microsoft Visual Studio/18/Enterprise/VC/Tools/MSVC/14.51.36231/bin/Hostx64/x64/cl.exe - skipped
2026-10-10T06:24:41.3378403Z -- Detecting CXX compile features
2026-10-10T06:24:41.3393533Z -- Detecting CXX compile features - done
2026-10-10T06:24:41.4496327Z -- Performing Test CMAKE_HAVE_LIBC_PTHREAD
2026-10-10T06:24:41.9557735Z -- Performing Test CMAKE_HAVE_LIBC_PTHREAD - Failed
2026-10-10T06:24:41.9558662Z -- Looking for pthread_create in pthreads
2026-10-10T06:24:42.5569457Z -- Looking for pthread_create in pthreads - not found
2026-10-10T06:24:42.5570568Z -- Looking for pthread_create in pthread
2026-10-10T06:24:43.1517903Z -- Looking for pthread_create in pthread - not found
2026-10-10T06:24:43.1534217Z -- Found Threads: TRUE
2026-10-10T06:24:44.0694663Z -- Configuring done (6.0s)
2026-10-10T06:24:47.7525689Z -- Generating done (3.7s)
2026-10-10T06:24:47.7540890Z -- Build files have been written to: D:/a/xMind/xMind/xmind/build/native
2026-10-10T06:24:47.9496451Z MSBuild version 18.10.1-1.26427.6+3cd27c13e for .NET Framework
2026-10-10T06:24:47.9999372Z 
2026-10-10T06:24:48.2091780Z   Checking File Globs
2026-10-10T06:24:48.3669867Z   1>Checking Build System
2026-10-10T06:24:48.9817515Z   Building Custom Rule D:/a/xMind/xMind/xmind/Native/third_party/abseil-cpp/absl/profiling/CMakeLists.txt
2026-10-10T06:24:48.9884014Z   Building Custom Rule D:/a/xMind/xMind/xmind/Native/third_party/abseil-cpp/absl/time/CMakeLists.txt
2026-10-10T06:24:49.1632877Z   Building Custom Rule D:/a/xMind/xMind/xmind/Native/third_party/abseil-cpp/absl/base/CMakeLists.txt
2026-10-10T06:24:49.1743697Z   Building Custom Rule D:/a/xMind/xMind/xmind/Native/third_party/abseil-cpp/absl/base/CMakeLists.txt
2026-10-10T06:24:49.2257239Z   Building Custom Rule D:/a/xMind/xMind/xmind/Native/third_party/abseil-cpp/absl/types/CMakeLists.txt
2026-10-10T06:24:49.2481752Z   Building Custom Rule D:/a/xMind/xMind/xmind/Native/third_party/abseil-cpp/absl/base/CMakeLists.txt
2026-10-10T06:24:49.5850448Z   Building Custom Rule D:/a/xMind/xMind/xmind/Native/third_party/abseil-cpp/absl/debugging/CMakeLists.txt
2026-10-10T06:24:49.6952197Z   source_location.cc
2026-10-10T06:24:50.5978560Z   civil_time_detail.cc
2026-10-10T06:24:51.0690705Z   absl_source_location.vcxproj -> D:\a\xMind\xMind\xmind\build\native\third_party\abseil-cpp\absl\types\Release\absl_source_location.lib
2026-10-10T06:24:51.3158175Z   exponential_biased.cc
2026-10-10T06:24:51.6146941Z   Building Custom Rule D:/a/xMind/xMind/xmind/Native/third_party/abseil-cpp/absl/time/CMakeLists.txt
2026-10-10T06:24:51.7143757Z   time_zone_fixed.cc
2026-10-10T06:24:51.7197089Z   absl_exponential_biased.vcxproj -> D:\a\xMind\xMind\xmind\build\native\third_party\abseil-cpp\absl\profiling\Release\absl_exponential_biased.lib
2026-10-10T06:24:51.7612859Z   utf8_for_code_point.cc
2026-10-10T06:24:51.9070103Z   log_severity.cc
2026-10-10T06:24:51.9077542Z   hardening.cc
2026-10-10T06:24:51.9083270Z   Building Custom Rule D:/a/xMind/xMind/xmind/Native/third_party/abseil-cpp/absl/flags/CMakeLists.txt
2026-10-10T06:24:51.9391044Z   spinlock_wait.cc
2026-10-10T06:24:52.9158653Z   absl_hardening.vcxproj -> D:\a\xMind\xMind\xmind\build\native\third_party\abseil-cpp\absl\base\Release\absl_hardening.lib
2026-10-10T06:24:52.9559350Z   absl_utf8_for_code_point.vcxproj -> D:\a\xMind\xMind\xmind\build\native\third_party\abseil-cpp\absl\debugging\Release\absl_utf8_for_code_point.lib
2026-10-10T06:24:53.1429652Z   commandlineflag.cc
2026-10-10T06:24:53.1869105Z   absl_civil_time.vcxproj -> D:\a\xMind\xMind\xmind\build\native\third_party\abseil-cpp\absl\time\Release\absl_civil_time.lib
2026-10-10T06:24:53.3303315Z   absl_flags_commandlineflag_internal.vcxproj -> D:\a\xMind\xMind\xmind\build\native\third_party\abseil-cpp\absl\flags\Release\absl_flags_commandlineflag_internal.lib
2026-10-10T06:24:53.3328089Z   Building Custom Rule D:/a/xMind/xMind/xmind/Native/third_party/abseil-cpp/absl/debugging/CMakeLists.txt
2026-10-10T06:24:53.3366406Z   leak_check.cc
2026-10-10T06:24:53.3376851Z   absl_log_severity.vcxproj -> D:\a\xMind\xMind\xmind\build\native\third_party\abseil-cpp\absl\base\Release\absl_log_severity.lib
2026-10-10T06:24:53.3991733Z   absl_leak_check.vcxproj -> D:\a\xMind\xMind\xmind\build\native\third_party\abseil-cpp\absl\debugging\Release\absl_leak_check.lib
2026-10-10T06:24:54.7354136Z   Building Custom Rule D:/a/xMind/xMind/xmind/Native/third_party/abseil-cpp/absl/base/CMakeLists.txt
2026-10-10T06:24:58.0404534Z   Building Custom Rule D:/a/xMind/xMind/xmind/Native/CMakeLists.txt
2026-10-10T06:24:58.9011253Z   strerror.cc
2026-10-10T06:24:59.0219409Z   time_zone_format.cc
2026-10-10T06:24:59.1617135Z   Building Custom Rule D:/a/xMind/xMind/xmind/Native/third_party/abseil-cpp/absl/log/CMakeLists.txt
2026-10-10T06:24:59.1857551Z   absl_strerror.vcxproj -> D:\a\xMind\xMind\xmind\build\native\third_party\abseil-cpp\absl\base\Release\absl_strerror.lib
2026-10-10T06:24:59.1962339Z   Building Custom Rule D:/a/xMind/xMind/xmind/Native/CMakeLists.txt
2026-10-10T06:24:59.2193221Z   nullguard.cc
2026-10-10T06:24:59.3185630Z   file_patch.cpp
2026-10-10T06:24:59.3555366Z   Building Custom Rule D:/a/xMind/xMind/xmind/Native/third_party/abseil-cpp/absl/base/CMakeLists.txt
2026-10-10T06:24:59.3755377Z   agentflow_file_patch.vcxproj -> D:\a\xMind\xMind\xmind\build\native\Release\agentflow_file_patch.lib
2026-10-10T06:24:59.3787199Z   absl_log_internal_nullguard.vcxproj -> D:\a\xMind\xMind\xmind\build\native\third_party\abseil-cpp\absl\log\Release\absl_log_internal_nullguard.lib
2026-10-10T06:24:59.3797444Z   Building Custom Rule D:/a/xMind/xMind/xmind/Native/CMakeLists.txt
2026-10-10T06:24:59.3843228Z   mcp_wire.cpp
2026-10-10T06:24:59.3869269Z   time_zone_if.cc
2026-10-10T06:24:59.5256815Z   secret_protection.cpp
2026-10-10T06:24:59.5897829Z   raw_logging.cc
2026-10-10T06:24:59.6779267Z   Building Custom Rule D:/a/xMind/xMind/xmind/Native/CMakeLists.txt
2026-10-10T06:25:01.6166442Z   time_zone_impl.cc
2026-10-10T06:25:01.7452988Z   agentflow_secrets.vcxproj -> D:\a\xMind\xMind\xmind\build\native\Release\agentflow_secrets.lib
2026-10-10T06:25:01.7473561Z   absl_raw_logging_internal.vcxproj -> D:\a\xMind\xMind\xmind\build\native\third_party\abseil-cpp\absl\base\Release\absl_raw_logging_internal.lib
2026-10-10T06:25:01.7481198Z   Building Custom Rule D:/a/xMind/xMind/xmind/Native/third_party/abseil-cpp/absl/strings/CMakeLists.txt
2026-10-10T06:25:01.7512909Z   Building Custom Rule D:/a/xMind/xMind/xmind/Native/third_party/abseil-cpp/absl/base/CMakeLists.txt
2026-10-10T06:25:02.6806126Z   cordz_functions.cc
2026-10-10T06:25:03.7344632Z   mcp_requests.cpp
2026-10-10T06:25:04.7427834Z   throw_delegate.cc
2026-10-10T06:25:05.4733855Z   absl_cordz_functions.vcxproj -> D:\a\xMind\xMind\xmind\build\native\third_party\abseil-cpp\absl\strings\Release\absl_cordz_functions.lib
2026-10-10T06:25:07.9728779Z   absl_throw_delegate.vcxproj -> D:\a\xMind\xMind\xmind\build\native\third_party\abseil-cpp\absl\base\Release\absl_throw_delegate.lib
2026-10-10T06:25:08.9514933Z   Building Custom Rule D:/a/xMind/xMind/xmind/Native/CMakeLists.txt
2026-10-10T06:25:09.4077841Z   Building Custom Rule D:/a/xMind/xMind/xmind/Native/third_party/yaml-cpp/CMakeLists.txt
2026-10-10T06:25:09.4177802Z   Scanning sources for module dependencies...
2026-10-10T06:25:09.8058303Z   time_zone_info.cc
2026-10-10T06:25:09.9244368Z   windows_process.cpp
2026-10-10T06:25:09.9254698Z   binary.cpp
2026-10-10T06:25:10.8944017Z   directives.cpp
2026-10-10T06:25:11.2610153Z   convert.cpp
2026-10-10T06:25:11.7234061Z   depthguard.cpp
2026-10-10T06:25:11.7269124Z   emit.cpp
2026-10-10T06:25:11.7275245Z   Building Custom Rule D:/a/xMind/xMind/xmind/Native/third_party/abseil-cpp/absl/debugging/CMakeLists.txt
2026-10-10T06:25:11.7282045Z   time_zone_libc.cc
2026-10-10T06:25:11.7286554Z   model_stream.cpp
2026-10-10T06:25:11.7290728Z   emitter.cpp
2026-10-10T06:25:11.7294424Z   mcp_handshake.cpp
2026-10-10T06:25:12.3536800Z   emitterstate.cpp
2026-10-10T06:25:12.8549801Z   emitfromevents.cpp
2026-10-10T06:25:13.0346600Z   address_is_readable.cc
2026-10-10T06:25:13.0583102Z   elf_mem_image.cc
2026-10-10T06:25:13.0903319Z   vdso_support.cc
2026-10-10T06:25:13.0960062Z   Generating Code...
2026-10-10T06:25:13.2403971Z   absl_spinlock_wait.vcxproj -> D:\a\xMind\xMind\xmind\build\native\third_party\abseil-cpp\absl\base\Release\absl_spinlock_wait.lib
2026-10-10T06:25:13.2703936Z   emitterutils.cpp
2026-10-10T06:25:13.2732316Z   exp.cpp
2026-10-10T06:25:13.3040699Z   exceptions.cpp
2026-10-10T06:25:13.3102416Z   fptostring.cpp
2026-10-10T06:25:13.3513708Z   time_zone_lookup.cc
2026-10-10T06:25:13.3685100Z   memory.cpp
2026-10-10T06:25:13.4071067Z   node.cpp
2026-10-10T06:25:13.4479847Z   node_data.cpp
2026-10-10T06:25:13.4535061Z   nodeevents.cpp
2026-10-10T06:25:13.5060099Z   nodebuilder.cpp
2026-10-10T06:25:13.5285275Z   ostream_wrapper.cpp
2026-10-10T06:25:13.5319271Z   parse.cpp
2026-10-10T06:25:13.5327467Z   null.cpp
2026-10-10T06:25:13.5330716Z   regex_yaml.cpp
2026-10-10T06:25:13.5346368Z   parser.cpp
2026-10-10T06:25:13.5373028Z   scanner.cpp
2026-10-10T06:25:13.5381756Z   time_zone_posix.cc
2026-10-10T06:25:13.5386569Z   mcp_http_metadata.cpp
2026-10-10T06:25:13.5392245Z   scanscalar.cpp
2026-10-10T06:25:13.5398571Z   agentflow_process.vcxproj -> D:\a\xMind\xMind\xmind\build\native\Release\agentflow_process.lib
2026-10-10T06:25:13.5405084Z   scantag.cpp
2026-10-10T06:25:13.5411409Z   zone_info_source.cc
2026-10-10T06:25:13.5468216Z   singledocparser.cpp
2026-10-10T06:25:13.5508455Z   simplekey.cpp
2026-10-10T06:25:13.5528424Z   scantoken.cpp
2026-10-10T06:25:13.5617244Z   stream.cpp
2026-10-10T06:25:13.5852822Z   tag.cpp
2026-10-10T06:25:13.5945438Z   time_zone_name_win.cc
2026-10-10T06:25:13.6084450Z   absl_debugging_internal.vcxproj -> D:\a\xMind\xMind\xmind\build\native\third_party\abseil-cpp\absl\debugging\Release\absl_debugging_internal.lib
2026-10-10T06:25:13.6118080Z   Building Custom Rule D:/a/xMind/xMind/xmind/Native/third_party/abseil-cpp/absl/base/CMakeLists.txt
2026-10-10T06:25:13.6738911Z   casts.cc
2026-10-10T06:25:14.7685138Z   Generating Code...
2026-10-10T06:25:16.9141945Z   cycleclock.cc
2026-10-10T06:25:19.4097186Z   Compiling...
2026-10-10T06:25:19.5364940Z   mcp_http_stream.cpp
2026-10-10T06:25:47.5965662Z   absl_time_zone.vcxproj -> D:\a\xMind\xMind\xmind\build\native\third_party\abseil-cpp\absl\time\Release\absl_time_zone.lib
2026-10-10T06:25:48.3995304Z   binary.cpp
2026-10-10T06:25:48.4160745Z   depthguard.cpp
2026-10-10T06:25:48.4398766Z   directives.cpp
2026-10-10T06:25:48.4409421Z   convert.cpp
2026-10-10T06:25:48.4431204Z   mcp_tool_codec.cpp
2026-10-10T06:25:48.4480439Z   emit.cpp
2026-10-10T06:25:48.4591384Z   emitter.cpp
2026-10-10T06:25:48.4604586Z   emitterstate.cpp
2026-10-10T06:25:48.4633404Z   emitfromevents.cpp
2026-10-10T06:25:48.4637037Z   emitterutils.cpp
2026-10-10T06:25:48.4639473Z   exp.cpp
2026-10-10T06:25:48.4641964Z   exceptions.cpp
2026-10-10T06:25:48.4644434Z   fptostring.cpp
2026-10-10T06:25:48.4646870Z   memory.cpp
2026-10-10T06:25:48.4651024Z D:\a\xMind\xMind\xmind\Native\third_party\yaml-cpp\src\fptostring.cpp(234,47): warning C4267: 'argument': conversion from 'size_t' to 'int', possible loss of data [D:\a\xMind\xMind\xmind\build\native\third_party\yaml-cpp\yaml-cpp.vcxproj]
2026-10-10T06:25:48.4658010Z D:\a\xMind\xMind\xmind\Native\third_party\yaml-cpp\src\fptostring.cpp(238,47): warning C4267: 'argument': conversion from 'size_t' to 'int', possible loss of data [D:\a\xMind\xMind\xmind\build\native\third_party\yaml-cpp\yaml-cpp.vcxproj]
2026-10-10T06:25:48.4664964Z D:\a\xMind\xMind\xmind\Native\third_party\yaml-cpp\src\fptostring.cpp(195,36): warning C4267: 'initializing': conversion from 'size_t' to 'int', possible loss of data [D:\a\xMind\xMind\xmind\build\native\third_party\yaml-cpp\yaml-cpp.vcxproj]
2026-10-10T06:25:48.4669792Z       D:\a\xMind\xMind\xmind\Native\third_party\yaml-cpp\src\fptostring.cpp(195,36):
2026-10-10T06:25:48.4672955Z       the template instantiation context (the oldest one first) is
2026-10-10T06:25:48.4676086Z           D:\a\xMind\xMind\xmind\Native\third_party\yaml-cpp\src\fptostring.cpp(234,33):
2026-10-10T06:25:48.4679934Z           see reference to function template instantiation 'std::string YAML::detail::fp_formatting::FpToString<float>(T,int)' being compiled
2026-10-10T06:25:48.4684156Z           with
2026-10-10T06:25:48.4686774Z           [
2026-10-10T06:25:48.4689294Z               T=float
2026-10-10T06:25:48.4691458Z           ]
2026-10-10T06:25:48.4693707Z   
2026-10-10T06:25:48.4697401Z D:\a\xMind\xMind\xmind\Native\third_party\yaml-cpp\src\fptostring.cpp(195,36): warning C4267: 'initializing': conversion from 'size_t' to 'const int', possible loss of data [D:\a\xMind\xMind\xmind\build\native\third_party\yaml-cpp\yaml-cpp.vcxproj]
2026-10-10T06:25:48.4704701Z D:\a\xMind\xMind\xmind\Native\third_party\yaml-cpp\src\contrib\dragonbox.h(3008,29): warning C4267: '+=': conversion from 'size_t' to 'DecimalExponentType', possible loss of data [D:\a\xMind\xMind\xmind\build\native\third_party\yaml-cpp\yaml-cpp.vcxproj]
2026-10-10T06:25:48.4710097Z D:\a\xMind\xMind\xmind\Native\third_party\yaml-cpp\src\contrib\dragonbox.h(3008,29): warning C4267:         with [D:\a\xMind\xMind\xmind\build\native\third_party\yaml-cpp\yaml-cpp.vcxproj]
2026-10-10T06:25:48.4715993Z D:\a\xMind\xMind\xmind\Native\third_party\yaml-cpp\src\contrib\dragonbox.h(3008,29): warning C4267:         [ [D:\a\xMind\xMind\xmind\build\native\third_party\yaml-cpp\yaml-cpp.vcxproj]
2026-10-10T06:25:48.4721932Z D:\a\xMind\xMind\xmind\Native\third_party\yaml-cpp\src\contrib\dragonbox.h(3008,29): warning C4267:             DecimalExponentType=YAML::jkj::dragonbox::detail::impl<YAML::jkj::dragonbox::ieee754_binary_traits<YAML::jkj::dragonbox::ieee754_binary64,uint_least64_t,int>>::compute_nearest::decimal_exponent_type_ [D:\a\xMind\xMind\xmind\build\native\third_party\yaml-cpp\yaml-cpp.vcxproj]
2026-10-10T06:25:48.4728792Z D:\a\xMind\xMind\xmind\Native\third_party\yaml-cpp\src\contrib\dragonbox.h(3008,29): warning C4267:         ] [D:\a\xMind\xMind\xmind\build\native\third_party\yaml-cpp\yaml-cpp.vcxproj]
2026-10-10T06:25:48.4732450Z   (compiling source file '../../../../../../Native/third_party/yaml-cpp/src/fptostring.cpp')
2026-10-10T06:25:48.4735642Z       D:\a\xMind\xMind\xmind\Native\third_party\yaml-cpp\src\contrib\dragonbox.h(3008,29):
2026-10-10T06:25:48.4738489Z       the template instantiation context (the oldest one first) is
2026-10-10T06:25:48.4741603Z           D:\a\xMind\xMind\xmind\Native\third_party\yaml-cpp\src\fptostring.cpp(238,33):
2026-10-10T06:25:48.4744948Z           see reference to function template instantiation 'std::string YAML::detail::fp_formatting::FpToString<double>(T,int)' being compiled
2026-10-10T06:25:48.4747823Z           with
2026-10-10T06:25:48.4750373Z           [
2026-10-10T06:25:48.4755144Z               T=double
2026-10-10T06:25:48.4756996Z           ]
2026-10-10T06:25:48.4762253Z           D:\a\xMind\xMind\xmind\Native\third_party\yaml-cpp\src\fptostring.cpp(93,28):
2026-10-10T06:25:48.4767238Z           see reference to function template instantiation 'YAML::jkj::dragonbox::decimal_fp<unsigned __int64,int,true,false> YAML::jkj::dragonbox::to_decimal<T,YAML::jkj::dragonbox::default_float_bit_carrier_conversion_traits<Float>,YAML::jkj::dragonbox::ieee754_binary_traits<YAML::jkj::dragonbox::ieee754_binary64,uint_least64_t,int>,>(Float) noexcept' being compiled
2026-10-10T06:25:48.4774755Z           with
2026-10-10T06:25:48.4776990Z           [
2026-10-10T06:25:48.4779298Z               T=double,
2026-10-10T06:25:48.4781612Z               Float=double
2026-10-10T06:25:48.4783832Z           ]
2026-10-10T06:25:48.4786694Z           D:\a\xMind\xMind\xmind\Native\third_party\yaml-cpp\src\contrib\dragonbox.h(4163,20):
2026-10-10T06:25:48.4790970Z           see reference to function template instantiation 'YAML::jkj::dragonbox::decimal_fp<unsigned __int64,int,true,false> YAML::jkj::dragonbox::to_decimal_ex<FormatTraits,int,>(YAML::jkj::dragonbox::signed_significand_bits<FormatTraits>,ExponentBits) noexcept' being compiled
2026-10-10T06:25:48.4794804Z           with
2026-10-10T06:25:48.4797007Z           [
2026-10-10T06:25:48.4799821Z               FormatTraits=YAML::jkj::dragonbox::ieee754_binary_traits<YAML::jkj::dragonbox::ieee754_binary64,uint_least64_t,int>,
2026-10-10T06:25:48.4802817Z               ExponentBits=int
2026-10-10T06:25:48.4804963Z           ]
2026-10-10T06:25:48.4807350Z           D:\a\xMind\xMind\xmind\Native\third_party\yaml-cpp\src\contrib\dragonbox.h(4146,35):
2026-10-10T06:25:48.4827373Z           see reference to function template instantiation 'YAML::jkj::dragonbox::decimal_fp<unsigned __int64,int,true,false> YAML::jkj::dragonbox::policy::decimal_to_binary_rounding::nearest_to_even_t::delegate<YAML::jkj::dragonbox::signed_significand_bits<FormatTraits>,YAML::jkj::dragonbox::detail::to_decimal_dispatcher<FormatTraits,YAML::jkj::dragonbox::to_decimal_ex::policy_holder>,YAML::jkj::dragonbox::signed_significand_bits<FormatTraits>,ExponentBits>(SignedSignificandBits,Func,YAML::jkj::dragonbox::signed_significand_bits<FormatTraits>,ExponentBits) noexcept' being compiled
2026-10-10T06:25:48.4833087Z           with
2026-10-10T06:25:48.4834889Z           [
2026-10-10T06:25:48.4837795Z               FormatTraits=YAML::jkj::dragonbox::ieee754_binary_traits<YAML::jkj::dragonbox::ieee754_binary64,uint_least64_t,int>,
2026-10-10T06:25:48.4840499Z               ExponentBits=int,
2026-10-10T06:25:48.4843712Z               SignedSignificandBits=YAML::jkj::dragonbox::signed_significand_bits<YAML::jkj::dragonbox::ieee754_binary_traits<YAML::jkj::dragonbox::ieee754_binary64,uint_least64_t,int>>,
2026-10-10T06:25:48.4847830Z               Func=YAML::jkj::dragonbox::detail::to_decimal_dispatcher<YAML::jkj::dragonbox::ieee754_binary_traits<YAML::jkj::dragonbox::ieee754_binary64,uint_least64_t,int>,YAML::jkj::dragonbox::to_decimal_ex::policy_holder>
2026-10-10T06:25:48.4850833Z           ]
2026-10-10T06:25:48.4855239Z           D:\a\xMind\xMind\xmind\Native\third_party\yaml-cpp\src\contrib\dragonbox.h(2483,32):
2026-10-10T06:25:48.4860877Z           see reference to function template instantiation 'YAML::jkj::dragonbox::decimal_fp<unsigned __int64,int,true,false> YAML::jkj::dragonbox::detail::to_decimal_dispatcher<FormatTraits,YAML::jkj::dragonbox::to_decimal_ex::policy_holder>::operator ()<_Ty>(IntervalTypeProvider,YAML::jkj::dragonbox::signed_significand_bits<FormatTraits>,int) noexcept' being compiled
2026-10-10T06:25:48.4863628Z           with
2026-10-10T06:25:48.4867474Z           [
2026-10-10T06:25:48.4870357Z               FormatTraits=YAML::jkj::dragonbox::ieee754_binary_traits<YAML::jkj::dragonbox::ieee754_binary64,uint_least64_t,int>,
2026-10-10T06:25:48.4873747Z               _Ty=YAML::jkj::dragonbox::policy::decimal_to_binary_rounding::nearest_to_even_t,
2026-10-10T06:25:48.4877045Z               IntervalTypeProvider=YAML::jkj::dragonbox::policy::decimal_to_binary_rounding::nearest_to_even_t
2026-10-10T06:25:48.4881183Z           ]
2026-10-10T06:25:48.4883642Z           D:\a\xMind\xMind\xmind\Native\third_party\yaml-cpp\src\contrib\dragonbox.h(4108,61):
2026-10-10T06:25:48.4890476Z           see reference to function template instantiation 'YAML::jkj::dragonbox::decimal_fp<unsigned __int64,int,true,false> YAML::jkj::dragonbox::detail::impl<YAML::jkj::dragonbox::ieee754_binary_traits<YAML::jkj::dragonbox::ieee754_binary64,uint_least64_t,int>>::compute_nearest<YAML::jkj::dragonbox::policy::sign::return_sign_t,YAML::jkj::dragonbox::policy::trailing_zero::remove_t,_Ty,YAML::jkj::dragonbox::policy::binary_to_decimal_rounding::to_even_t,YAML::jkj::dragonbox::policy::cache::full_t,YAML::jkj::dragonbox::policy::preferred_integer_types::match_t>(YAML::jkj::dragonbox::signed_significand_bits<FormatTraits>,int) noexcept' being compiled
2026-10-10T06:25:48.4896938Z           with
2026-10-10T06:25:48.4899444Z           [
2026-10-10T06:25:48.4901881Z               _Ty=YAML::jkj::dragonbox::policy::decimal_to_binary_rounding::nearest_to_even_t,
2026-10-10T06:25:48.4906939Z               FormatTraits=YAML::jkj::dragonbox::ieee754_binary_traits<YAML::jkj::dragonbox::ieee754_binary64,uint_least64_t,int>
2026-10-10T06:25:48.4910493Z           ]
2026-10-10T06:25:48.4917422Z           D:\a\xMind\xMind\xmind\Native\third_party\yaml-cpp\src\contrib\dragonbox.h(3353,69):
2026-10-10T06:25:48.4924479Z           see reference to function template instantiation 'YAML::jkj::dragonbox::decimal_fp<unsigned __int64,YAML::jkj::dragonbox::detail::impl<YAML::jkj::dragonbox::ieee754_binary_traits<YAML::jkj::dragonbox::ieee754_binary64,uint_least64_t,int>>::compute_nearest::decimal_exponent_type_,false,false> YAML::jkj::dragonbox::policy::trailing_zero::remove_t::on_trailing_zeros<YAML::jkj::dragonbox::ieee754_binary64,unsigned __int64,YAML::jkj::dragonbox::detail::impl<YAML::jkj::dragonbox::ieee754_binary_traits<YAML::jkj::dragonbox::ieee754_binary64,uint_least64_t,int>>::compute_nearest::decimal_exponent_type_>(DecimalSignificand,DecimalExponentType) noexcept' being compiled
2026-10-10T06:25:48.4930917Z           with
2026-10-10T06:25:48.4933487Z           [
2026-10-10T06:25:48.4935331Z               DecimalSignificand=unsigned __int64,
2026-10-10T06:25:48.4939891Z               DecimalExponentType=YAML::jkj::dragonbox::detail::impl<YAML::jkj::dragonbox::ieee754_binary_traits<YAML::jkj::dragonbox::ieee754_binary64,uint_least64_t,int>>::compute_nearest::decimal_exponent_type_
2026-10-10T06:25:48.4972607Z           ]
2026-10-10T06:25:48.4975716Z           D:\a\xMind\xMind\xmind\Native\third_party\yaml-cpp\src\contrib\dragonbox.h(2379,51):
2026-10-10T06:25:48.4979779Z           see reference to class template instantiation 'YAML::jkj::dragonbox::remove_trailing_zeros_traits<YAML::jkj::dragonbox::policy::trailing_zero::remove_t,YAML::jkj::dragonbox::ieee754_binary64,unsigned __int64,YAML::jkj::dragonbox::detail::impl<YAML::jkj::dragonbox::ieee754_binary_traits<YAML::jkj::dragonbox::ieee754_binary64,uint_least64_t,int>>::compute_nearest::decimal_exponent_type_>' being compiled
2026-10-10T06:25:48.4983499Z           D:\a\xMind\xMind\xmind\Native\third_party\yaml-cpp\src\contrib\dragonbox.h(2978,13):
2026-10-10T06:25:48.4987186Z           while compiling class template member function 'void YAML::jkj::dragonbox::remove_trailing_zeros_traits<YAML::jkj::dragonbox::policy::trailing_zero::remove_t,YAML::jkj::dragonbox::ieee754_binary64,unsigned __int64,YAML::jkj::dragonbox::detail::impl<YAML::jkj::dragonbox::ieee754_binary_traits<YAML::jkj::dragonbox::ieee754_binary64,uint_least64_t,int>>::compute_nearest::decimal_exponent_type_>::remove_trailing_zeros(uint_least64_t &,DecimalExponentType &) noexcept'
2026-10-10T06:25:48.4990660Z           with
2026-10-10T06:25:48.4991089Z           [
2026-10-10T06:25:48.4992706Z               DecimalExponentType=YAML::jkj::dragonbox::detail::impl<YAML::jkj::dragonbox::ieee754_binary_traits<YAML::jkj::dragonbox::ieee754_binary64,uint_least64_t,int>>::compute_nearest::decimal_exponent_type_
2026-10-10T06:25:48.4994530Z           ]
2026-10-10T06:25:48.4995362Z               D:\a\xMind\xMind\xmind\Native\third_party\yaml-cpp\src\contrib\dragonbox.h(2379,72):
2026-10-10T06:25:48.4999528Z               see the first reference to 'YAML::jkj::dragonbox::remove_trailing_zeros_traits<YAML::jkj::dragonbox::policy::trailing_zero::remove_t,YAML::jkj::dragonbox::ieee754_binary64,unsigned __int64,YAML::jkj::dragonbox::detail::impl<YAML::jkj::dragonbox::ieee754_binary_traits<YAML::jkj::dragonbox::ieee754_binary64,uint_least64_t,int>>::compute_nearest::decimal_exponent_type_>::remove_trailing_zeros' in 'YAML::jkj::dragonbox::policy::trailing_zero::remove_t::on_trailing_zeros'
2026-10-10T06:25:48.5003307Z               D:\a\xMind\xMind\xmind\Native\third_party\yaml-cpp\src\contrib\dragonbox.h(3353,69):
2026-10-10T06:25:48.5005804Z               see the first reference to 'YAML::jkj::dragonbox::policy::trailing_zero::remove_t::on_trailing_zeros' in 'YAML::jkj::dragonbox::detail::impl<YAML::jkj::dragonbox::ieee754_binary_traits<YAML::jkj::dragonbox::ieee754_binary64,uint_least64_t,int>>::compute_nearest'
2026-10-10T06:25:48.5008436Z               D:\a\xMind\xMind\xmind\Native\third_party\yaml-cpp\src\contrib\dragonbox.h(4108,25):
2026-10-10T06:25:48.5011289Z               see the first reference to 'YAML::jkj::dragonbox::detail::impl<YAML::jkj::dragonbox::ieee754_binary_traits<YAML::jkj::dragonbox::ieee754_binary64,uint_least64_t,int>>::compute_nearest' in 'YAML::jkj::dragonbox::detail::to_decimal_dispatcher<FormatTraits,YAML::jkj::dragonbox::to_decimal_ex::policy_holder>::operator ()'
2026-10-10T06:25:48.5015005Z           with
2026-10-10T06:25:48.5015476Z           [
2026-10-10T06:25:48.5017039Z               FormatTraits=YAML::jkj::dragonbox::ieee754_binary_traits<YAML::jkj::dragonbox::ieee754_binary64,uint_least64_t,int>
2026-10-10T06:25:48.5018362Z           ]
2026-10-10T06:25:48.5019753Z               D:\a\xMind\xMind\xmind\Native\third_party\yaml-cpp\src\contrib\dragonbox.h(2483,25):
2026-10-10T06:25:48.5023045Z               see the first reference to 'YAML::jkj::dragonbox::detail::to_decimal_dispatcher<FormatTraits,YAML::jkj::dragonbox::to_decimal_ex::policy_holder>::operator ()' in 'YAML::jkj::dragonbox::policy::decimal_to_binary_rounding::nearest_to_even_t::delegate'
2026-10-10T06:25:48.5025669Z           with
2026-10-10T06:25:48.5026216Z           [
2026-10-10T06:25:48.5027193Z               FormatTraits=YAML::jkj::dragonbox::ieee754_binary_traits<YAML::jkj::dragonbox::ieee754_binary64,uint_least64_t,int>
2026-10-10T06:25:48.5028245Z           ]
2026-10-10T06:25:48.5029042Z               D:\a\xMind\xMind\xmind\Native\third_party\yaml-cpp\src\contrib\dragonbox.h(4146,35):
2026-10-10T06:25:48.5031349Z               see the first reference to 'YAML::jkj::dragonbox::policy::decimal_to_binary_rounding::nearest_to_even_t::delegate' in 'YAML::jkj::dragonbox::to_decimal_ex'
2026-10-10T06:25:48.5034268Z               D:\a\xMind\xMind\xmind\Native\third_party\yaml-cpp\src\contrib\dragonbox.h(4163,20):
2026-10-10T06:25:48.5036274Z               see the first reference to 'YAML::jkj::dragonbox::to_decimal_ex' in 'YAML::jkj::dragonbox::to_decimal'
2026-10-10T06:25:48.5037555Z               D:\a\xMind\xMind\xmind\Native\third_party\yaml-cpp\src\fptostring.cpp(93,28):
2026-10-10T06:25:48.5038988Z               see the first reference to 'YAML::jkj::dragonbox::to_decimal' in 'YAML::detail::fp_formatting::FpToString'
2026-10-10T06:25:48.5039897Z   
2026-10-10T06:25:48.5042443Z D:\a\xMind\xMind\xmind\Native\third_party\yaml-cpp\src\contrib\dragonbox.h(2970,29): warning C4267: '+=': conversion from 'size_t' to 'DecimalExponentType', possible loss of data [D:\a\xMind\xMind\xmind\build\native\third_party\yaml-cpp\yaml-cpp.vcxproj]
2026-10-10T06:25:48.5046591Z D:\a\xMind\xMind\xmind\Native\third_party\yaml-cpp\src\contrib\dragonbox.h(2970,29): warning C4267:         with [D:\a\xMind\xMind\xmind\build\native\third_party\yaml-cpp\yaml-cpp.vcxproj]
2026-10-10T06:25:48.5050130Z D:\a\xMind\xMind\xmind\Native\third_party\yaml-cpp\src\contrib\dragonbox.h(2970,29): warning C4267:         [ [D:\a\xMind\xMind\xmind\build\native\third_party\yaml-cpp\yaml-cpp.vcxproj]
2026-10-10T06:25:48.5056079Z D:\a\xMind\xMind\xmind\Native\third_party\yaml-cpp\src\contrib\dragonbox.h(2970,29): warning C4267:             DecimalExponentType=YAML::jkj::dragonbox::detail::impl<YAML::jkj::dragonbox::ieee754_binary_traits<YAML::jkj::dragonbox::ieee754_binary32,uint_least32_t,int>>::compute_nearest::decimal_exponent_type_ [D:\a\xMind\xMind\xmind\build\native\third_party\yaml-cpp\yaml-cpp.vcxproj]
2026-10-10T06:25:48.5061853Z D:\a\xMind\xMind\xmind\Native\third_party\yaml-cpp\src\contrib\dragonbox.h(2970,29): warning C4267:         ] [D:\a\xMind\xMind\xmind\build\native\third_party\yaml-cpp\yaml-cpp.vcxproj]
2026-10-10T06:25:48.5064251Z   (compiling source file '../../../../../../Native/third_party/yaml-cpp/src/fptostring.cpp')
2026-10-10T06:25:48.5065952Z       D:\a\xMind\xMind\xmind\Native\third_party\yaml-cpp\src\contrib\dragonbox.h(2970,29):
2026-10-10T06:25:48.5067478Z       the template instantiation context (the oldest one first) is
2026-10-10T06:25:48.5068778Z           D:\a\xMind\xMind\xmind\Native\third_party\yaml-cpp\src\fptostring.cpp(234,33):
2026-10-10T06:25:48.5071026Z           see reference to function template instantiation 'std::string YAML::detail::fp_formatting::FpToString<float>(T,int)' being compiled
2026-10-10T06:25:48.5072695Z           with
2026-10-10T06:25:48.5073369Z           [
2026-10-10T06:25:48.5073792Z               T=float
2026-10-10T06:25:48.5074542Z           ]
2026-10-10T06:25:48.5075265Z           D:\a\xMind\xMind\xmind\Native\third_party\yaml-cpp\src\fptostring.cpp(93,28):
2026-10-10T06:25:48.5078460Z           see reference to function template instantiation 'YAML::jkj::dragonbox::decimal_fp<unsigned int,int,true,false> YAML::jkj::dragonbox::to_decimal<T,YAML::jkj::dragonbox::default_float_bit_carrier_conversion_traits<Float>,YAML::jkj::dragonbox::ieee754_binary_traits<YAML::jkj::dragonbox::ieee754_binary32,uint_least32_t,int>,>(Float) noexcept' being compiled
2026-10-10T06:25:48.5081144Z           with
2026-10-10T06:25:48.5081563Z           [
2026-10-10T06:25:48.5081977Z               T=float,
2026-10-10T06:25:48.5082483Z               Float=float
2026-10-10T06:25:48.5082939Z           ]
2026-10-10T06:25:48.5083711Z           D:\a\xMind\xMind\xmind\Native\third_party\yaml-cpp\src\contrib\dragonbox.h(4163,20):
2026-10-10T06:25:48.5086184Z           see reference to function template instantiation 'YAML::jkj::dragonbox::decimal_fp<unsigned int,int,true,false> YAML::jkj::dragonbox::to_decimal_ex<FormatTraits,int,>(YAML::jkj::dragonbox::signed_significand_bits<FormatTraits>,ExponentBits) noexcept' being compiled
2026-10-10T06:25:48.5088222Z           with
2026-10-10T06:25:48.5088621Z           [
2026-10-10T06:25:48.5089638Z               FormatTraits=YAML::jkj::dragonbox::ieee754_binary_traits<YAML::jkj::dragonbox::ieee754_binary32,uint_least32_t,int>,
2026-10-10T06:25:48.5090963Z               ExponentBits=int
2026-10-10T06:25:48.5091482Z           ]
2026-10-10T06:25:48.5092268Z           D:\a\xMind\xMind\xmind\Native\third_party\yaml-cpp\src\contrib\dragonbox.h(4146,35):
2026-10-10T06:25:48.5096910Z           see reference to function template instantiation 'YAML::jkj::dragonbox::decimal_fp<unsigned int,int,true,false> YAML::jkj::dragonbox::policy::decimal_to_binary_rounding::nearest_to_even_t::delegate<YAML::jkj::dragonbox::signed_significand_bits<FormatTraits>,YAML::jkj::dragonbox::detail::to_decimal_dispatcher<FormatTraits,YAML::jkj::dragonbox::to_decimal_ex::policy_holder>,YAML::jkj::dragonbox::signed_significand_bits<FormatTraits>,ExponentBits>(SignedSignificandBits,Func,YAML::jkj::dragonbox::signed_significand_bits<FormatTraits>,ExponentBits) noexcept' being compiled
2026-10-10T06:25:48.5101161Z           with
2026-10-10T06:25:48.5101592Z           [
2026-10-10T06:25:48.5102637Z               FormatTraits=YAML::jkj::dragonbox::ieee754_binary_traits<YAML::jkj::dragonbox::ieee754_binary32,uint_least32_t,int>,
2026-10-10T06:25:48.5103752Z               ExponentBits=int,
2026-10-10T06:25:48.5105232Z               SignedSignificandBits=YAML::jkj::dragonbox::signed_significand_bits<YAML::jkj::dragonbox::ieee754_binary_traits<YAML::jkj::dragonbox::ieee754_binary32,uint_least32_t,int>>,
2026-10-10T06:25:48.5107902Z               Func=YAML::jkj::dragonbox::detail::to_decimal_dispatcher<YAML::jkj::dragonbox::ieee754_binary_traits<YAML::jkj::dragonbox::ieee754_binary32,uint_least32_t,int>,YAML::jkj::dragonbox::to_decimal_ex::policy_holder>
2026-10-10T06:25:48.5109611Z           ]
2026-10-10T06:25:48.5110196Z           D:\a\xMind\xMind\xmind\Native\third_party\yaml-cpp\src\contrib\dragonbox.h(2483,32):
2026-10-10T06:25:48.5112968Z           see reference to function template instantiation 'YAML::jkj::dragonbox::decimal_fp<unsigned int,int,true,false> YAML::jkj::dragonbox::detail::to_decimal_dispatcher<FormatTraits,YAML::jkj::dragonbox::to_decimal_ex::policy_holder>::operator ()<_Ty>(IntervalTypeProvider,YAML::jkj::dragonbox::signed_significand_bits<FormatTraits>,int) noexcept' being compiled
2026-10-10T06:25:48.5115316Z           with
2026-10-10T06:25:48.5115596Z           [
2026-10-10T06:25:48.5116430Z               FormatTraits=YAML::jkj::dragonbox::ieee754_binary_traits<YAML::jkj::dragonbox::ieee754_binary32,uint_least32_t,int>,
2026-10-10T06:25:48.5117626Z               _Ty=YAML::jkj::dragonbox::policy::decimal_to_binary_rounding::nearest_to_even_t,
2026-10-10T06:25:48.5119677Z               IntervalTypeProvider=YAML::jkj::dragonbox::policy::decimal_to_binary_rounding::nearest_to_even_t
2026-10-10T06:25:48.5120511Z           ]
2026-10-10T06:25:48.5121530Z           D:\a\xMind\xMind\xmind\Native\third_party\yaml-cpp\src\contrib\dragonbox.h(4108,61):
2026-10-10T06:25:48.5127014Z           see reference to function template instantiation 'YAML::jkj::dragonbox::decimal_fp<unsigned int,int,true,false> YAML::jkj::dragonbox::detail::impl<YAML::jkj::dragonbox::ieee754_binary_traits<YAML::jkj::dragonbox::ieee754_binary32,uint_least32_t,int>>::compute_nearest<YAML::jkj::dragonbox::policy::sign::return_sign_t,YAML::jkj::dragonbox::policy::trailing_zero::remove_t,_Ty,YAML::jkj::dragonbox::policy::binary_to_decimal_rounding::to_even_t,YAML::jkj::dragonbox::policy::cache::full_t,YAML::jkj::dragonbox::policy::preferred_integer_types::match_t>(YAML::jkj::dragonbox::signed_significand_bits<FormatTraits>,int) noexcept' being compiled
2026-10-10T06:25:48.5131348Z           with
2026-10-10T06:25:48.5131679Z           [
2026-10-10T06:25:48.5132342Z               _Ty=YAML::jkj::dragonbox::policy::decimal_to_binary_rounding::nearest_to_even_t,
2026-10-10T06:25:48.5134537Z               FormatTraits=YAML::jkj::dragonbox::ieee754_binary_traits<YAML::jkj::dragonbox::ieee754_binary32,uint_least32_t,int>
2026-10-10T06:25:48.5135433Z           ]
2026-10-10T06:25:48.5136110Z           D:\a\xMind\xMind\xmind\Native\third_party\yaml-cpp\src\contrib\dragonbox.h(3353,69):
2026-10-10T06:25:48.5141742Z           see reference to function template instantiation 'YAML::jkj::dragonbox::decimal_fp<unsigned int,YAML::jkj::dragonbox::detail::impl<YAML::jkj::dragonbox::ieee754_binary_traits<YAML::jkj::dragonbox::ieee754_binary32,uint_least32_t,int>>::compute_nearest::decimal_exponent_type_,false,false> YAML::jkj::dragonbox::policy::trailing_zero::remove_t::on_trailing_zeros<YAML::jkj::dragonbox::ieee754_binary32,unsigned int,YAML::jkj::dragonbox::detail::impl<YAML::jkj::dragonbox::ieee754_binary_traits<YAML::jkj::dragonbox::ieee754_binary32,uint_least32_t,int>>::compute_nearest::decimal_exponent_type_>(DecimalSignificand,DecimalExponentType) noexcept' being compiled
2026-10-10T06:25:48.5145991Z           with
2026-10-10T06:25:48.5146306Z           [
2026-10-10T06:25:48.5146688Z               DecimalSignificand=unsigned int,
2026-10-10T06:25:48.5148394Z               DecimalExponentType=YAML::jkj::dragonbox::detail::impl<YAML::jkj::dragonbox::ieee754_binary_traits<YAML::jkj::dragonbox::ieee754_binary32,uint_least32_t,int>>::compute_nearest::decimal_exponent_type_
2026-10-10T06:25:48.5149887Z           ]
2026-10-10T06:25:48.5150574Z           D:\a\xMind\xMind\xmind\Native\third_party\yaml-cpp\src\contrib\dragonbox.h(2379,51):
2026-10-10T06:25:48.5154206Z           see reference to class template instantiation 'YAML::jkj::dragonbox::remove_trailing_zeros_traits<YAML::jkj::dragonbox::policy::trailing_zero::remove_t,YAML::jkj::dragonbox::ieee754_binary32,unsigned int,YAML::jkj::dragonbox::detail::impl<YAML::jkj::dragonbox::ieee754_binary_traits<YAML::jkj::dragonbox::ieee754_binary32,uint_least32_t,int>>::compute_nearest::decimal_exponent_type_>' being compiled
2026-10-10T06:25:48.5158157Z           D:\a\xMind\xMind\xmind\Native\third_party\yaml-cpp\src\contrib\dragonbox.h(2946,13):
2026-10-10T06:25:48.5161876Z           while compiling class template member function 'void YAML::jkj::dragonbox::remove_trailing_zeros_traits<YAML::jkj::dragonbox::policy::trailing_zero::remove_t,YAML::jkj::dragonbox::ieee754_binary32,unsigned int,YAML::jkj::dragonbox::detail::impl<YAML::jkj::dragonbox::ieee754_binary_traits<YAML::jkj::dragonbox::ieee754_binary32,uint_least32_t,int>>::compute_nearest::decimal_exponent_type_>::remove_trailing_zeros(uint_least32_t &,DecimalExponentType &) noexcept'
2026-10-10T06:25:48.5164927Z           with
2026-10-10T06:25:48.5165241Z           [
2026-10-10T06:25:48.5166743Z               DecimalExponentType=YAML::jkj::dragonbox::detail::impl<YAML::jkj::dragonbox::ieee754_binary_traits<YAML::jkj::dragonbox::ieee754_binary32,uint_least32_t,int>>::compute_nearest::decimal_exponent_type_
2026-10-10T06:25:48.5168200Z           ]
2026-10-10T06:25:48.5168901Z               D:\a\xMind\xMind\xmind\Native\third_party\yaml-cpp\src\contrib\dragonbox.h(2379,72):
2026-10-10T06:25:48.5172624Z               see the first reference to 'YAML::jkj::dragonbox::remove_trailing_zeros_traits<YAML::jkj::dragonbox::policy::trailing_zero::remove_t,YAML::jkj::dragonbox::ieee754_binary32,unsigned int,YAML::jkj::dragonbox::detail::impl<YAML::jkj::dragonbox::ieee754_binary_traits<YAML::jkj::dragonbox::ieee754_binary32,uint_least32_t,int>>::compute_nearest::decimal_exponent_type_>::remove_trailing_zeros' in 'YAML::jkj::dragonbox::policy::trailing_zero::remove_t::on_trailing_zeros'
2026-10-10T06:25:48.5176440Z               D:\a\xMind\xMind\xmind\Native\third_party\yaml-cpp\src\contrib\dragonbox.h(3353,69):
2026-10-10T06:25:48.5178823Z               see the first reference to 'YAML::jkj::dragonbox::policy::trailing_zero::remove_t::on_trailing_zeros' in 'YAML::jkj::dragonbox::detail::impl<YAML::jkj::dragonbox::ieee754_binary_traits<YAML::jkj::dragonbox::ieee754_binary32,uint_least32_t,int>>::compute_nearest'
2026-10-10T06:25:48.5181084Z               D:\a\xMind\xMind\xmind\Native\third_party\yaml-cpp\src\contrib\dragonbox.h(4108,25):
2026-10-10T06:25:48.5184204Z               see the first reference to 'YAML::jkj::dragonbox::detail::impl<YAML::jkj::dragonbox::ieee754_binary_traits<YAML::jkj::dragonbox::ieee754_binary32,uint_least32_t,int>>::compute_nearest' in 'YAML::jkj::dragonbox::detail::to_decimal_dispatcher<FormatTraits,YAML::jkj::dragonbox::to_decimal_ex::policy_holder>::operator ()'
2026-10-10T06:25:48.5186374Z           with
2026-10-10T06:25:48.5186684Z           [
2026-10-10T06:25:48.5187588Z               FormatTraits=YAML::jkj::dragonbox::ieee754_binary_traits<YAML::jkj::dragonbox::ieee754_binary32,uint_least32_t,int>
2026-10-10T06:25:48.5188531Z           ]
2026-10-10T06:25:48.5189210Z               D:\a\xMind\xMind\xmind\Native\third_party\yaml-cpp\src\contrib\dragonbox.h(2483,25):
2026-10-10T06:25:48.5191454Z               see the first reference to 'YAML::jkj::dragonbox::detail::to_decimal_dispatcher<FormatTraits,YAML::jkj::dragonbox::to_decimal_ex::policy_holder>::operator ()' in 'YAML::jkj::dragonbox::policy::decimal_to_binary_rounding::nearest_to_even_t::delegate'
2026-10-10T06:25:48.5193263Z           with
2026-10-10T06:25:48.5194490Z           [
2026-10-10T06:25:48.5195428Z               FormatTraits=YAML::jkj::dragonbox::ieee754_binary_traits<YAML::jkj::dragonbox::ieee754_binary32,uint_least32_t,int>
2026-10-10T06:25:48.5196379Z           ]
2026-10-10T06:25:48.5197064Z               D:\a\xMind\xMind\xmind\Native\third_party\yaml-cpp\src\contrib\dragonbox.h(4146,35):
2026-10-10T06:25:48.5198643Z               see the first reference to 'YAML::jkj::dragonbox::policy::decimal_to_binary_rounding::nearest_to_even_t::delegate' in 'YAML::jkj::dragonbox::to_decimal_ex'
2026-10-10T06:25:48.5200220Z               D:\a\xMind\xMind\xmind\Native\third_party\yaml-cpp\src\contrib\dragonbox.h(4163,20):
2026-10-10T06:25:48.5201869Z               see the first reference to 'YAML::jkj::dragonbox::to_decimal_ex' in 'YAML::jkj::dragonbox::to_decimal'
2026-10-10T06:25:48.5203016Z               D:\a\xMind\xMind\xmind\Native\third_party\yaml-cpp\src\fptostring.cpp(93,28):
2026-10-10T06:25:48.5204571Z               see the first reference to 'YAML::jkj::dragonbox::to_decimal' in 'YAML::detail::fp_formatting::FpToString'
2026-10-10T06:25:48.5205437Z   
2026-10-10T06:25:48.5205741Z   Generating Code...
2026-10-10T06:25:48.5206097Z   node_data.cpp
2026-10-10T06:25:48.5206420Z   node.cpp
2026-10-10T06:25:48.5206721Z   nodebuilder.cpp
2026-10-10T06:25:48.5207060Z   nodeevents.cpp
2026-10-10T06:25:48.5207403Z   null.cpp
2026-10-10T06:25:48.5207717Z   ostream_wrapper.cpp
2026-10-10T06:25:48.5208064Z   parse.cpp
2026-10-10T06:25:48.5208367Z   parser.cpp
2026-10-10T06:25:48.5208670Z   scantag.cpp
2026-10-10T06:25:48.5208984Z   scanner.cpp
2026-10-10T06:25:48.5209292Z   regex_yaml.cpp
2026-10-10T06:25:48.5209612Z   scanscalar.cpp
2026-10-10T06:25:48.5209927Z   scantoken.cpp
2026-10-10T06:25:48.5210264Z   singledocparser.cpp
2026-10-10T06:25:48.5210600Z   simplekey.cpp
2026-10-10T06:25:48.5210906Z   stream.cpp
2026-10-10T06:25:48.5211198Z   tag.cpp
2026-10-10T06:25:49.0525630Z   spinlock.cc
2026-10-10T06:25:49.7199844Z   agentflow_mcp_wire.vcxproj -> D:\a\xMind\xMind\xmind\build\native\Release\agentflow_mcp_wire.lib
2026-10-10T06:25:49.8565068Z   model_request.cpp
2026-10-10T06:25:49.9374293Z   yaml-cpp.vcxproj -> D:\a\xMind\xMind\xmind\build\native\third_party\yaml-cpp\Release\yaml-cpp.lib
2026-10-10T06:25:50.9746296Z   sysinfo.cc
2026-10-10T06:25:52.6128848Z   thread_identity.cc
2026-10-10T06:25:53.8036248Z   unscaledcycleclock.cc
2026-10-10T06:25:53.9687682Z   Generating Code...
2026-10-10T06:25:54.2452806Z   responses_stream.cpp
2026-10-10T06:25:54.3082465Z   absl_base.vcxproj -> D:\a\xMind\xMind\xmind\build\native\third_party\abseil-cpp\absl\base\Release\absl_base.lib
2026-10-10T06:25:54.3955455Z   Building Custom Rule D:/a/xMind/xMind/xmind/Native/third_party/abseil-cpp/absl/debugging/CMakeLists.txt
2026-10-10T06:25:54.3979569Z   Building Custom Rule D:/a/xMind/xMind/xmind/Native/third_party/abseil-cpp/absl/log/CMakeLists.txt
2026-10-10T06:25:54.3980972Z   Building Custom Rule D:/a/xMind/xMind/xmind/Native/third_party/abseil-cpp/absl/base/CMakeLists.txt
2026-10-10T06:25:54.5003949Z   Building Custom Rule D:/a/xMind/xMind/xmind/Native/third_party/abseil-cpp/absl/strings/CMakeLists.txt
2026-10-10T06:25:54.5022240Z   Building Custom Rule D:/a/xMind/xMind/xmind/Native/third_party/abseil-cpp/absl/base/CMakeLists.txt
2026-10-10T06:25:54.9595978Z   cpu_detect.cc
2026-10-10T06:25:54.9878750Z   tracing.cc
2026-10-10T06:25:55.0193004Z   conditions.cc
2026-10-10T06:25:56.7683620Z   ostringstream.cc
2026-10-10T06:25:58.0588902Z   absl_tracing_internal.vcxproj -> D:\a\xMind\xMind\xmind\build\native\third_party\abseil-cpp\absl\base\Release\absl_tracing_internal.lib
2026-10-10T06:25:58.6247979Z   absl_log_internal_conditions.vcxproj -> D:\a\xMind\xMind\xmind\build\native\third_party\abseil-cpp\absl\log\Release\absl_log_internal_conditions.lib
2026-10-10T06:25:58.7303613Z   Building Custom Rule D:/a/xMind/xMind/xmind/Native/third_party/abseil-cpp/absl/base/CMakeLists.txt
2026-10-10T06:25:58.8319292Z   absl_base_cpu_detect.vcxproj -> D:\a\xMind\xMind\xmind\build\native\third_party\abseil-cpp\absl\base\Release\absl_base_cpu_detect.lib
2026-10-10T06:25:58.9308676Z   decode_rust_punycode.cc
2026-10-10T06:25:59.0305967Z   Building Custom Rule D:/a/xMind/xMind/xmind/Native/third_party/abseil-cpp/absl/crc/CMakeLists.txt
2026-10-10T06:25:59.1502433Z   utf8.cc
2026-10-10T06:25:59.2222386Z   escaping.cc
2026-10-10T06:25:59.2891430Z   crc.cc
2026-10-10T06:25:59.3553217Z   absl_decode_rust_punycode.vcxproj -> D:\a\xMind\xMind\xmind\build\native\third_party\abseil-cpp\absl\debugging\Release\absl_decode_rust_punycode.lib
2026-10-10T06:25:59.4222496Z   Building Custom Rule D:/a/xMind/xMind/xmind/Native/third_party/abseil-cpp/absl/debugging/CMakeLists.txt
2026-10-10T06:25:59.4892963Z   low_level_alloc.cc
2026-10-10T06:25:59.5685503Z   crc_x86_arm_combined.cc
2026-10-10T06:25:59.6840579Z   Building Custom Rule D:/a/xMind/xMind/xmind/Native/third_party/abseil-cpp/absl/numeric/CMakeLists.txt
2026-10-10T06:25:59.9104997Z   demangle_rust.cc
2026-10-10T06:25:59.9785054Z   absl_demangle_rust.vcxproj -> D:\a\xMind\xMind\xmind\build\native\third_party\abseil-cpp\absl\debugging\Release\absl_demangle_rust.lib
2026-10-10T06:25:59.9930650Z   int128.cc
2026-10-10T06:26:00.0508700Z   absl_malloc_internal.vcxproj -> D:\a\xMind\xMind\xmind\build\native\third_party\abseil-cpp\absl\base\Release\absl_malloc_internal.lib
2026-10-10T06:26:00.0577185Z   Generating Code...
2026-10-10T06:26:00.0582529Z   Building Custom Rule D:/a/xMind/xMind/xmind/Native/third_party/abseil-cpp/absl/hash/CMakeLists.txt
2026-10-10T06:26:00.0588162Z   absl_strings_internal.vcxproj -> D:\a\xMind\xMind\xmind\build\native\third_party\abseil-cpp\absl\strings\Release\absl_strings_internal.lib
2026-10-10T06:26:00.0593553Z   city.cc
2026-10-10T06:26:00.0597590Z   Generating Code...
2026-10-10T06:26:00.0682855Z   Building Custom Rule D:/a/xMind/xMind/xmind/Native/third_party/abseil-cpp/absl/debugging/CMakeLists.txt
2026-10-10T06:26:00.0687828Z   absl_crc_internal.vcxproj -> D:\a\xMind\xMind\xmind\build\native\third_party\abseil-cpp\absl\crc\Release\absl_crc_internal.lib
2026-10-10T06:26:00.3916590Z   Building Custom Rule D:/a/xMind/xMind/xmind/Native/third_party/abseil-cpp/absl/synchronization/CMakeLists.txt
2026-10-10T06:26:00.4818776Z   absl_city.vcxproj -> D:\a\xMind\xMind\xmind\build\native\third_party\abseil-cpp\absl\hash\Release\absl_city.lib
2026-10-10T06:26:00.6072327Z   absl_int128.vcxproj -> D:\a\xMind\xMind\xmind\build\native\third_party\abseil-cpp\absl\numeric\Release\absl_int128.lib
2026-10-10T06:26:00.7104934Z   demangle.cc
2026-10-10T06:26:00.7178879Z   Building Custom Rule D:/a/xMind/xMind/xmind/Native/third_party/abseil-cpp/absl/debugging/CMakeLists.txt
2026-10-10T06:26:00.8314273Z   graphcycles.cc
2026-10-10T06:26:02.8151673Z   stacktrace.cc
2026-10-10T06:26:03.1839817Z   absl_demangle_internal.vcxproj -> D:\a\xMind\xMind\xmind\build\native\third_party\abseil-cpp\absl\debugging\Release\absl_demangle_internal.lib
2026-10-10T06:26:03.2373003Z   Building Custom Rule D:/a/xMind/xMind/xmind/Native/third_party/abseil-cpp/absl/strings/CMakeLists.txt
2026-10-10T06:26:03.3892423Z   absl_graphcycles_internal.vcxproj -> D:\a\xMind\xMind\xmind\build\native\third_party\abseil-cpp\absl\synchronization\Release\absl_graphcycles_internal.lib
2026-10-10T06:26:03.5239486Z   ascii.cc
2026-10-10T06:26:04.0792656Z   absl_stacktrace.vcxproj -> D:\a\xMind\xMind\xmind\build\native\third_party\abseil-cpp\absl\debugging\Release\absl_stacktrace.lib
2026-10-10T06:26:04.4364610Z   charconv.cc
2026-10-10T06:26:04.9381128Z   responses_request.cpp
2026-10-10T06:26:05.7805001Z   escaping.cc
2026-10-10T06:26:07.2448966Z   charconv_bigint.cc
2026-10-10T06:26:08.2901613Z   charconv_parse.cc
2026-10-10T06:26:08.6035660Z   responses_context.cpp
2026-10-10T06:26:09.0541667Z   damerau_levenshtein_distance.cc
2026-10-10T06:26:09.6196370Z   memutil.cc
2026-10-10T06:26:10.3756903Z   stringify_sink.cc
2026-10-10T06:26:11.2847598Z   match.cc
2026-10-10T06:26:12.3139310Z   anthropic_request.cpp
2026-10-10T06:26:12.3183449Z   numbers.cc
2026-10-10T06:26:13.6725542Z   str_cat.cc
2026-10-10T06:26:15.0114000Z   str_replace.cc
2026-10-10T06:26:15.8702120Z   anthropic_stream.cpp
2026-10-10T06:26:16.0772643Z   str_split.cc
2026-10-10T06:26:17.4216103Z   substitute.cc
2026-10-10T06:26:18.9254622Z   Generating Code...
2026-10-10T06:26:20.9044960Z   absl_strings.vcxproj -> D:\a\xMind\xMind\xmind\build\native\third_party\abseil-cpp\absl\strings\Release\absl_strings.lib
2026-10-10T06:26:20.9511873Z   anthropic_history.cpp
2026-10-10T06:26:21.0348064Z   Building Custom Rule D:/a/xMind/xMind/xmind/Native/third_party/abseil-cpp/absl/log/CMakeLists.txt
2026-10-10T06:26:21.0351445Z   Building Custom Rule D:/a/xMind/xMind/xmind/Native/third_party/abseil-cpp/absl/flags/CMakeLists.txt
2026-10-10T06:26:21.1451734Z   Building Custom Rule D:/a/xMind/xMind/xmind/Native/third_party/abseil-cpp/absl/time/CMakeLists.txt
2026-10-10T06:26:21.2382847Z   Building Custom Rule D:/a/xMind/xMind/xmind/Native/third_party/abseil-cpp/absl/log/CMakeLists.txt
2026-10-10T06:26:21.3322415Z   Building Custom Rule D:/a/xMind/xMind/xmind/Native/third_party/abseil-cpp/absl/strings/CMakeLists.txt
2026-10-10T06:26:22.3227045Z   fnmatch.cc
2026-10-10T06:26:23.3445549Z   arg.cc
2026-10-10T06:26:23.4153447Z   proto.cc
2026-10-10T06:26:23.4849892Z   absl_log_internal_fnmatch.vcxproj -> D:\a\xMind\xMind\xmind\build\native\third_party\abseil-cpp\absl\log\Release\absl_log_internal_fnmatch.lib
2026-10-10T06:26:23.5520803Z   civil_time.cc
2026-10-10T06:26:23.8503824Z   commandlineflag.cc
2026-10-10T06:26:23.9172228Z   bind.cc
2026-10-10T06:26:23.9658529Z   absl_log_internal_proto.vcxproj -> D:\a\xMind\xMind\xmind\build\native\third_party\abseil-cpp\absl\log\Release\absl_log_internal_proto.lib
2026-10-10T06:26:24.8067138Z   clock.cc
2026-10-10T06:26:24.9433909Z   absl_flags_commandlineflag.vcxproj -> D:\a\xMind\xMind\xmind\build\native\third_party\abseil-cpp\absl\flags\Release\absl_flags_commandlineflag.lib
2026-10-10T06:26:25.1182545Z   Building Custom Rule D:/a/xMind/xMind/xmind/Native/third_party/abseil-cpp/absl/log/CMakeLists.txt
2026-10-10T06:26:25.1286841Z   Building Custom Rule D:/a/xMind/xMind/xmind/Native/third_party/abseil-cpp/absl/debugging/CMakeLists.txt
2026-10-10T06:26:27.2987092Z   symbolize.cc
2026-10-10T06:26:27.3306040Z   extension.cc
2026-10-10T06:26:27.3337657Z   structured_proto.cc
2026-10-10T06:26:29.0954934Z   absl_symbolize.vcxproj -> D:\a\xMind\xMind\xmind\build\native\third_party\abseil-cpp\absl\debugging\Release\absl_symbolize.lib
2026-10-10T06:26:29.3814521Z   float_conversion.cc
2026-10-10T06:26:29.4526361Z   absl_log_internal_structured_proto.vcxproj -> D:\a\xMind\xMind\xmind\build\native\third_party\abseil-cpp\absl\log\Release\absl_log_internal_structured_proto.lib
2026-10-10T06:26:29.5236374Z   Building Custom Rule D:/a/xMind/xMind/xmind/Native/third_party/abseil-cpp/absl/debugging/CMakeLists.txt
2026-10-10T06:26:29.5953160Z   Building Custom Rule D:/a/xMind/xMind/xmind/Native/third_party/abseil-cpp/absl/hash/CMakeLists.txt
2026-10-10T06:26:29.6626640Z   examine_stack.cc
2026-10-10T06:26:29.6967670Z   duration.cc
2026-10-10T06:26:29.7667768Z   hash.cc
2026-10-10T06:26:29.9492394Z   Building Custom Rule D:/a/xMind/xMind/xmind/Native/third_party/abseil-cpp/absl/flags/CMakeLists.txt
2026-10-10T06:26:30.0186558Z   output.cc
2026-10-10T06:26:30.6950308Z   absl_examine_stack.vcxproj -> D:\a\xMind\xMind\xmind\build\native\third_party\abseil-cpp\absl\debugging\Release\absl_examine_stack.lib
2026-10-10T06:26:31.6971933Z   parser.cc
2026-10-10T06:26:31.7104954Z   absl_hash.vcxproj -> D:\a\xMind\xMind\xmind\build\native\third_party\abseil-cpp\absl\hash\Release\absl_hash.lib
2026-10-10T06:26:31.8061215Z   private_handle_accessor.cc
2026-10-10T06:26:32.1434000Z   format.cc
2026-10-10T06:26:32.8189220Z   gemini_request.cpp
2026-10-10T06:26:33.4971048Z   Generating Code...
2026-10-10T06:26:34.3195811Z   absl_flags_private_handle_accessor.vcxproj -> D:\a\xMind\xMind\xmind\build\native\third_party\abseil-cpp\absl\flags\Release\absl_flags_private_handle_accessor.lib
2026-10-10T06:26:35.1066107Z   absl_str_format_internal.vcxproj -> D:\a\xMind\xMind\xmind\build\native\third_party\abseil-cpp\absl\strings\Release\absl_str_format_internal.lib
2026-10-10T06:26:35.1831039Z   time.cc
2026-10-10T06:26:35.2080932Z   Building Custom Rule D:/a/xMind/xMind/xmind/Native/third_party/abseil-cpp/absl/crc/CMakeLists.txt
2026-10-10T06:26:35.2082819Z   Building Custom Rule D:/a/xMind/xMind/xmind/Native/third_party/abseil-cpp/absl/flags/CMakeLists.txt
2026-10-10T06:26:35.3956615Z   crc32c.cc
2026-10-10T06:26:35.4275780Z   marshalling.cc
2026-10-10T06:26:37.6410146Z   crc_memcpy_fallback.cc
2026-10-10T06:26:38.6800481Z   Generating Code...
2026-10-10T06:26:38.7678382Z   absl_flags_marshalling.vcxproj -> D:\a\xMind\xMind\xmind\build\native\third_party\abseil-cpp\absl\flags\Release\absl_flags_marshalling.lib
2026-10-10T06:26:39.7581025Z   absl_time.vcxproj -> D:\a\xMind\xMind\xmind\build\native\third_party\abseil-cpp\absl\time\Release\absl_time.lib
2026-10-10T06:26:39.8652983Z   Building Custom Rule D:/a/xMind/xMind/xmind/Native/third_party/abseil-cpp/absl/synchronization/CMakeLists.txt
2026-10-10T06:26:39.8661000Z   Building Custom Rule D:/a/xMind/xMind/xmind/Native/third_party/abseil-cpp/absl/log/CMakeLists.txt
2026-10-10T06:26:39.9834617Z   Building Custom Rule D:/a/xMind/xMind/xmind/Native/third_party/abseil-cpp/absl/log/CMakeLists.txt
2026-10-10T06:26:43.3578972Z   kernel_timeout.cc
2026-10-10T06:26:43.3714428Z   crc_memcpy_x86_arm_combined.cc
2026-10-10T06:26:43.4098802Z   crc_non_temporal_memcpy.cc
2026-10-10T06:26:43.4243758Z   globals.cc
2026-10-10T06:26:43.4401185Z   log_entry.cc
2026-10-10T06:26:43.4579973Z   absl_kernel_timeout_internal.vcxproj -> D:\a\xMind\xMind\xmind\build\native\third_party\abseil-cpp\absl\synchronization\Release\absl_kernel_timeout_internal.lib
2026-10-10T06:26:43.4708229Z   absl_log_internal_globals.vcxproj -> D:\a\xMind\xMind\xmind\build\native\third_party\abseil-cpp\absl\log\Release\absl_log_internal_globals.lib
2026-10-10T06:26:43.4809684Z   Building Custom Rule D:/a/xMind/xMind/xmind/Native/third_party/abseil-cpp/absl/log/CMakeLists.txt
2026-10-10T06:26:45.2622869Z   log_format.cc
2026-10-10T06:26:45.3297144Z   Building Custom Rule D:/a/xMind/xMind/xmind/Native/third_party/abseil-cpp/absl/synchronization/CMakeLists.txt
2026-10-10T06:26:45.3970237Z   barrier.cc
2026-10-10T06:26:45.4646471Z   absl_log_entry.vcxproj -> D:\a\xMind\xMind\xmind\build\native\third_party\abseil-cpp\absl\log\Release\absl_log_entry.lib
2026-10-10T06:26:45.5297586Z   Building Custom Rule D:/a/xMind/xMind/xmind/Native/third_party/abseil-cpp/absl/log/CMakeLists.txt
2026-10-10T06:26:46.1243676Z   gemini_stream.cpp
2026-10-10T06:26:47.2734218Z   blocking_counter.cc
2026-10-10T06:26:47.3403901Z   log_sink.cc
2026-10-10T06:26:47.4528307Z   Generating Code...
2026-10-10T06:26:47.7202188Z   absl_crc32c.vcxproj -> D:\a\xMind\xMind\xmind\build\native\third_party\abseil-cpp\absl\crc\Release\absl_crc32c.lib
2026-10-10T06:26:47.8670309Z   absl_log_internal_format.vcxproj -> D:\a\xMind\xMind\xmind\build\native\third_party\abseil-cpp\absl\log\Release\absl_log_internal_format.lib
2026-10-10T06:26:47.9955874Z   Building Custom Rule D:/a/xMind/xMind/xmind/Native/third_party/abseil-cpp/absl/crc/CMakeLists.txt
2026-10-10T06:26:48.1358436Z   crc_cord_state.cc
2026-10-10T06:26:48.1840763Z   absl_log_sink.vcxproj -> D:\a\xMind\xMind\xmind\build\native\third_party\abseil-cpp\absl\log\Release\absl_log_sink.lib
2026-10-10T06:26:50.0057644Z   create_thread_identity.cc
2026-10-10T06:26:50.3161498Z   absl_crc_cord_state.vcxproj -> D:\a\xMind\xMind\xmind\build\native\third_party\abseil-cpp\absl\crc\Release\absl_crc_cord_state.lib
2026-10-10T06:26:50.4193440Z   Building Custom Rule D:/a/xMind/xMind/xmind/Native/third_party/abseil-cpp/absl/strings/CMakeLists.txt
2026-10-10T06:26:50.5632056Z   cord_internal.cc
2026-10-10T06:26:52.0756580Z   gemini_history.cpp
2026-10-10T06:26:52.6897690Z   futex_waiter.cc
2026-10-10T06:26:54.1203570Z   cord_rep_btree.cc
2026-10-10T06:26:55.1741206Z   per_thread_sem.cc
2026-10-10T06:26:57.1600060Z   gemini_model_policy.cpp
2026-10-10T06:26:57.5627136Z   cord_rep_btree_navigator.cc
2026-10-10T06:26:57.6925114Z   pthread_waiter.cc
2026-10-10T06:26:57.7038734Z   sem_waiter.cc
2026-10-10T06:26:57.7294094Z   stdcpp_waiter.cc
2026-10-10T06:26:59.6475842Z   deepseek_request.cpp
2026-10-10T06:27:00.4077062Z   waiter_base.cc
2026-10-10T06:27:00.9308804Z   cord_rep_btree_reader.cc
2026-10-10T06:27:02.8828475Z   win32_waiter.cc
2026-10-10T06:27:03.9982130Z   deepseek_model_policy.cpp
2026-10-10T06:27:04.2189735Z   cord_rep_crc.cc
2026-10-10T06:27:05.6949058Z   notification.cc
2026-10-10T06:27:06.3810041Z   provider_model_policy.cpp
2026-10-10T06:27:07.7135410Z   cord_rep_consume.cc
2026-10-10T06:27:08.3798036Z   mutex.cc
2026-10-10T06:27:08.9421284Z   Generating Code...
2026-10-10T06:27:11.4320382Z   Generating Code...
2026-10-10T06:27:12.3441969Z   Generating Code...
2026-10-10T06:27:12.5651937Z   absl_cord_internal.vcxproj -> D:\a\xMind\xMind\xmind\build\native\third_party\abseil-cpp\absl\strings\Release\absl_cord_internal.lib
2026-10-10T06:27:13.0936184Z   absl_synchronization.vcxproj -> D:\a\xMind\xMind\xmind\build\native\third_party\abseil-cpp\absl\synchronization\Release\absl_synchronization.lib
2026-10-10T06:27:13.6541307Z   Building Custom Rule D:/a/xMind/xMind/xmind/Native/third_party/abseil-cpp/absl/container/CMakeLists.txt
2026-10-10T06:27:13.6612197Z   Building Custom Rule D:/a/xMind/xMind/xmind/Native/third_party/abseil-cpp/absl/flags/CMakeLists.txt
2026-10-10T06:27:13.7661696Z   Building Custom Rule D:/a/xMind/xMind/xmind/Native/third_party/abseil-cpp/absl/strings/CMakeLists.txt
2026-10-10T06:27:13.7663663Z   Building Custom Rule D:/a/xMind/xMind/xmind/Native/third_party/abseil-cpp/absl/log/CMakeLists.txt
2026-10-10T06:27:13.9937638Z   program_name.cc
2026-10-10T06:27:14.0889815Z   vlog_config.cc
2026-10-10T06:27:18.1000505Z   cordz_handle.cc
2026-10-10T06:27:18.1707621Z   absl_flags_program_name.vcxproj -> D:\a\xMind\xMind\xmind\build\native\third_party\abseil-cpp\absl\flags\Release\absl_flags_program_name.lib
2026-10-10T06:27:20.1184268Z   hashtablez_sampler.cc
2026-10-10T06:27:20.8368654Z   Building Custom Rule D:/a/xMind/xMind/xmind/Native/third_party/abseil-cpp/absl/flags/CMakeLists.txt
2026-10-10T06:27:20.8403585Z   absl_cordz_handle.vcxproj -> D:\a\xMind\xMind\xmind\build\native\third_party\abseil-cpp\absl\strings\Release\absl_cordz_handle.lib
2026-10-10T06:27:20.9979521Z   absl_vlog_config_internal.vcxproj -> D:\a\xMind\xMind\xmind\build\native\third_party\abseil-cpp\absl\log\Release\absl_vlog_config_internal.lib
2026-10-10T06:27:21.0059146Z   hashtablez_sampler_force_weak_definition.cc
2026-10-10T06:27:21.2762465Z   usage_config.cc
2026-10-10T06:27:21.5568214Z   Building Custom Rule D:/a/xMind/xMind/xmind/Native/third_party/abseil-cpp/absl/log/CMakeLists.txt
2026-10-10T06:27:24.3530066Z   globals.cc
2026-10-10T06:27:24.5374361Z   Building Custom Rule D:/a/xMind/xMind/xmind/Native/third_party/abseil-cpp/absl/strings/CMakeLists.txt
2026-10-10T06:27:24.9704650Z   Generating Code...
2026-10-10T06:27:25.0706946Z   absl_hashtablez_sampler.vcxproj -> D:\a\xMind\xMind\xmind\build\native\third_party\abseil-cpp\absl\container\Release\absl_hashtablez_sampler.lib
2026-10-10T06:27:25.1831907Z   cordz_info.cc
2026-10-10T06:27:25.3060932Z   absl_flags_config.vcxproj -> D:\a\xMind\xMind\xmind\build\native\third_party\abseil-cpp\absl\flags\Release\absl_flags_config.lib
2026-10-10T06:27:25.4674500Z   Building Custom Rule D:/a/xMind/xMind/xmind/Native/third_party/abseil-cpp/absl/flags/CMakeLists.txt
2026-10-10T06:27:25.9232214Z   flag.cc
2026-10-10T06:27:26.2484092Z   absl_log_globals.vcxproj -> D:\a\xMind\xMind\xmind\build\native\third_party\abseil-cpp\absl\log\Release\absl_log_globals.lib
2026-10-10T06:27:26.6564180Z   absl_cordz_info.vcxproj -> D:\a\xMind\xMind\xmind\build\native\third_party\abseil-cpp\absl\strings\Release\absl_cordz_info.lib
2026-10-10T06:27:26.6669031Z   Building Custom Rule D:/a/xMind/xMind/xmind/Native/third_party/abseil-cpp/absl/log/CMakeLists.txt
2026-10-10T06:27:26.8355484Z   log_sink_set.cc
2026-10-10T06:27:26.8786309Z   Building Custom Rule D:/a/xMind/xMind/xmind/Native/third_party/abseil-cpp/absl/strings/CMakeLists.txt
2026-10-10T06:27:31.3078380Z   cord.cc
2026-10-10T06:27:31.7072594Z   absl_log_internal_log_sink_set.vcxproj -> D:\a\xMind\xMind\xmind\build\native\third_party\abseil-cpp\absl\log\Release\absl_log_internal_log_sink_set.lib
2026-10-10T06:27:32.8924949Z   absl_flags_internal.vcxproj -> D:\a\xMind\xMind\xmind\build\native\third_party\abseil-cpp\absl\flags\Release\absl_flags_internal.lib
2026-10-10T06:27:33.1852464Z   cord_analysis.cc
2026-10-10T06:27:33.3047663Z   Building Custom Rule D:/a/xMind/xMind/xmind/Native/third_party/abseil-cpp/absl/log/CMakeLists.txt
2026-10-10T06:27:33.4717877Z   log_message.cc
2026-10-10T06:27:35.9771968Z   Generating Code...
2026-10-10T06:27:37.3849497Z   absl_cord.vcxproj -> D:\a\xMind\xMind\xmind\build\native\third_party\abseil-cpp\absl\strings\Release\absl_cord.lib
2026-10-10T06:27:37.7115549Z   Building Custom Rule D:/a/xMind/xMind/xmind/Native/third_party/abseil-cpp/absl/container/CMakeLists.txt
2026-10-10T06:27:37.7967061Z   absl_log_internal_message.vcxproj -> D:\a\xMind\xMind\xmind\build\native\third_party\abseil-cpp\absl\log\Release\absl_log_internal_message.lib
2026-10-10T06:27:37.9116570Z   raw_hash_set.cc
2026-10-10T06:27:38.3051279Z   Building Custom Rule D:/a/xMind/xMind/xmind/Native/third_party/abseil-cpp/absl/log/CMakeLists.txt
2026-10-10T06:27:38.4699477Z   check_op.cc
2026-10-10T06:27:42.7144965Z   absl_log_internal_check_op.vcxproj -> D:\a\xMind\xMind\xmind\build\native\third_party\abseil-cpp\absl\log\Release\absl_log_internal_check_op.lib
2026-10-10T06:27:43.1676508Z   absl_raw_hash_set.vcxproj -> D:\a\xMind\xMind\xmind\build\native\third_party\abseil-cpp\absl\container\Release\absl_raw_hash_set.lib
2026-10-10T06:27:43.2800707Z   Building Custom Rule D:/a/xMind/xMind/xmind/Native/third_party/abseil-cpp/absl/flags/CMakeLists.txt
2026-10-10T06:27:43.4507957Z   reflection.cc
2026-10-10T06:27:48.5564136Z   absl_flags_reflection.vcxproj -> D:\a\xMind\xMind\xmind\build\native\third_party\abseil-cpp\absl\flags\Release\absl_flags_reflection.lib
2026-10-10T06:27:50.2265281Z   Building Custom Rule D:/a/xMind/xMind/xmind/Native/third_party/re2/CMakeLists.txt
2026-10-10T06:27:50.5275125Z   bitmap256.cc
2026-10-10T06:27:53.6820421Z   bitstate.cc
2026-10-10T06:27:56.9953306Z   compile.cc
2026-10-10T06:28:01.5530428Z   dfa.cc
2026-10-10T06:28:06.0553786Z   filtered_re2.cc
2026-10-10T06:28:10.3260349Z   mimics_pcre.cc
2026-10-10T06:28:10.3476408Z   agentflow_models.vcxproj -> D:\a\xMind\xMind\xmind\build\native\Release\agentflow_models.lib
2026-10-10T06:28:10.4086517Z   Building Custom Rule D:/a/xMind/xMind/xmind/Native/CMakeLists.txt
2026-10-10T06:28:10.5285411Z   backend_lease.cpp
2026-10-10T06:28:12.4576345Z D:\a\xMind\xMind\xmind\Native\src\backend_lease.cpp(21,72): warning C4996: 'std::filesystem::u8path': warning STL4021: The std::filesystem::u8path() overloads are deprecated in C++20. The constructors of std::filesystem::path provide equivalent functionality via construction from u8string, u8string_view, or iterators with value_type char8_t. You can define _SILENCE_CXX20_U8PATH_DEPRECATION_WARNING or _SILENCE_ALL_CXX20_DEPRECATION_WARNINGS to suppress this warning. [D:\a\xMind\xMind\xmind\build\native\agentflow_core.vcxproj]
2026-10-10T06:28:12.7344264Z   nfa.cc
2026-10-10T06:28:13.1132171Z   xlang_sqlite.cpp
2026-10-10T06:28:14.1996498Z C:\Program Files\Microsoft Visual Studio\18\Enterprise\VC\Tools\MSVC\14.51.36231\include\memory(3997,10): warning C4996: 'std::atomic_store_explicit': warning STL4029: std::atomic_*() overloads for shared_ptr are deprecated in C++20. The shared_ptr specialization of std::atomic provides superior functionality. You can define _SILENCE_CXX20_OLD_SHARED_PTR_ATOMIC_SUPPORT_DEPRECATION_WARNING or _SILENCE_ALL_CXX20_DEPRECATION_WARNINGS to suppress this warning. [D:\a\xMind\xMind\xmind\build\native\agentflow_core.vcxproj]
2026-10-10T06:28:14.2006137Z   (compiling source file '../../Native/src/xlang_sqlite.cpp')
2026-10-10T06:28:14.2007727Z       C:\Program Files\Microsoft Visual Studio\18\Enterprise\VC\Tools\MSVC\14.51.36231\include\memory(3997,10):
2026-10-10T06:28:14.2009360Z       the template instantiation context (the oldest one first) is
2026-10-10T06:28:14.2010427Z           D:\a\xMind\xMind\xlang3\sdk\xlang3\cpp\package.h(49,23):
2026-10-10T06:28:14.2012471Z           see reference to function template instantiation 'void std::atomic_store<X::detail::InstanceEvents>(std::shared_ptr<X::detail::InstanceEvents> *,std::shared_ptr<X::detail::InstanceEvents>)' being compiled
2026-10-10T06:28:14.2014175Z   
2026-10-10T06:28:14.4676771Z   repository.cpp
2026-10-10T06:28:15.3877635Z   onepass.cc
2026-10-10T06:28:17.9806426Z   parse.cc
2026-10-10T06:28:18.9062488Z D:\a\xMind\xMind\xmind\Native\src\repository.cpp(2041,176): warning C4457: declaration of 'owner' hides function parameter [D:\a\xMind\xMind\xmind\build\native\agentflow_core.vcxproj]
2026-10-10T06:28:18.9064165Z       D:\a\xMind\xMind\xmind\Native\src\repository.cpp(2028,65):
2026-10-10T06:28:18.9064844Z       see declaration of 'owner'
2026-10-10T06:28:18.9065240Z   
2026-10-10T06:28:20.4886004Z   perl_groups.cc
2026-10-10T06:28:20.4996636Z   prefilter.cc
2026-10-10T06:28:21.8853303Z   legacy_owner.cpp
2026-10-10T06:28:23.1452844Z   prefilter_tree.cc
2026-10-10T06:28:25.8613963Z   persistence_service.cpp
2026-10-10T06:28:26.5359265Z   prog.cc
2026-10-10T06:28:30.1830821Z   re2.cc
2026-10-10T06:28:33.1779225Z   regexp.cc
2026-10-10T06:28:33.7917166Z   graph.cpp
2026-10-10T06:28:36.6166597Z   set.cc
2026-10-10T06:28:38.2141154Z   dynamic_plan.cpp
2026-10-10T06:28:39.1261925Z   simplify.cc
2026-10-10T06:28:41.5257547Z   tostring.cc
2026-10-10T06:28:42.6780789Z   context_digest.cpp
2026-10-10T06:28:43.4143181Z   context_selection.cpp
2026-10-10T06:28:44.0722354Z   unicode_casefold.cc
2026-10-10T06:28:44.0846377Z   unicode_groups.cc
2026-10-10T06:28:44.1110754Z   Generating Code...
2026-10-10T06:28:44.8827629Z   Generating Code...
2026-10-10T06:28:53.4138233Z   Compiling...
2026-10-10T06:28:53.4356270Z   rune.cc
2026-10-10T06:28:53.4517881Z   strutil.cc
2026-10-10T06:28:54.2705862Z   Generating Code...
2026-10-10T06:28:54.6105518Z   re2.vcxproj -> D:\a\xMind\xMind\xmind\build\native\third_party\re2\Release\re2.lib
2026-10-10T06:28:55.1573436Z   Building Custom Rule D:/a/xMind/xMind/xmind/Native/CMakeLists.txt
2026-10-10T06:28:55.4346018Z   workspace_tools.cpp
2026-10-10T06:29:00.8965521Z   windows_workspace.cpp
2026-10-10T06:29:06.0274917Z   path_glob.cpp
2026-10-10T06:29:09.4102847Z   path_ignore.cpp
2026-10-10T06:29:12.5080290Z   search_pattern.cpp
2026-10-10T06:29:14.2110784Z   repository_instruction_context.cpp
2026-10-10T06:29:19.5100295Z   skill_context.cpp
2026-10-10T06:29:27.7459432Z   Generating Code...
2026-10-10T06:29:39.9513579Z   agentflow_workspace.vcxproj -> D:\a\xMind\xMind\xmind\build\native\Release\agentflow_workspace.lib
2026-10-10T06:29:52.5558541Z   agentflow_core.vcxproj -> D:\a\xMind\xMind\xmind\build\native\Release\agentflow_core.lib
2026-10-10T06:29:52.6167408Z   Building Custom Rule D:/a/xMind/xMind/xmind/Native/CMakeLists.txt
2026-10-10T06:29:52.7090612Z   permission_waiter.cpp
2026-10-10T06:29:55.6525712Z   agentflow_policy.vcxproj -> D:\a\xMind\xMind\xmind\build\native\Release\agentflow_policy.lib
2026-10-10T06:29:55.7498044Z   Building Custom Rule D:/a/xMind/xMind/xmind/Native/CMakeLists.txt
2026-10-10T06:29:55.9070942Z   process_executor.cpp
2026-10-10T06:30:03.9796999Z   agentflow_process_effects.vcxproj -> D:\a\xMind\xMind\xmind\build\native\Release\agentflow_process_effects.lib
2026-10-10T06:30:04.0842602Z   Building Custom Rule D:/a/xMind/xMind/xmind/Native/CMakeLists.txt
2026-10-10T06:30:04.2162533Z   process_executor_contract.cpp
2026-10-10T06:30:13.8224027Z   agentflow_process_executor_contract.vcxproj -> D:\a\xMind\xMind\xmind\build\native\Release\agentflow_process_executor_contract.exe
2026-10-10T06:30:14.0404950Z MSBuild version 18.10.1-1.26427.6+3cd27c13e for .NET Framework
2026-10-10T06:30:14.0781536Z 
2026-10-10T06:30:14.2918487Z   Checking File Globs
2026-10-10T06:30:15.7361618Z   absl_time_zone.vcxproj -> D:\a\xMind\xMind\xmind\build\native\third_party\abseil-cpp\absl\time\Release\absl_time_zone.lib
2026-10-10T06:30:15.7363963Z   absl_exponential_biased.vcxproj -> D:\a\xMind\xMind\xmind\build\native\third_party\abseil-cpp\absl\profiling\Release\absl_exponential_biased.lib
2026-10-10T06:30:15.8217858Z   absl_source_location.vcxproj -> D:\a\xMind\xMind\xmind\build\native\third_party\abseil-cpp\absl\types\Release\absl_source_location.lib
2026-10-10T06:30:15.8412898Z   absl_utf8_for_code_point.vcxproj -> D:\a\xMind\xMind\xmind\build\native\third_party\abseil-cpp\absl\debugging\Release\absl_utf8_for_code_point.lib
2026-10-10T06:30:15.8446972Z   absl_hardening.vcxproj -> D:\a\xMind\xMind\xmind\build\native\third_party\abseil-cpp\absl\base\Release\absl_hardening.lib
2026-10-10T06:30:15.8451390Z   absl_log_severity.vcxproj -> D:\a\xMind\xMind\xmind\build\native\third_party\abseil-cpp\absl\base\Release\absl_log_severity.lib
2026-10-10T06:30:15.8455611Z   absl_spinlock_wait.vcxproj -> D:\a\xMind\xMind\xmind\build\native\third_party\abseil-cpp\absl\base\Release\absl_spinlock_wait.lib
2026-10-10T06:30:16.0301380Z   absl_flags_commandlineflag_internal.vcxproj -> D:\a\xMind\xMind\xmind\build\native\third_party\abseil-cpp\absl\flags\Release\absl_flags_commandlineflag_internal.lib
2026-10-10T06:30:16.0352642Z   absl_leak_check.vcxproj -> D:\a\xMind\xMind\xmind\build\native\third_party\abseil-cpp\absl\debugging\Release\absl_leak_check.lib
2026-10-10T06:30:16.0409674Z   absl_civil_time.vcxproj -> D:\a\xMind\xMind\xmind\build\native\third_party\abseil-cpp\absl\time\Release\absl_civil_time.lib
2026-10-10T06:30:16.4418255Z   absl_log_internal_nullguard.vcxproj -> D:\a\xMind\xMind\xmind\build\native\third_party\abseil-cpp\absl\log\Release\absl_log_internal_nullguard.lib
2026-10-10T06:30:16.4427446Z   absl_strerror.vcxproj -> D:\a\xMind\xMind\xmind\build\native\third_party\abseil-cpp\absl\base\Release\absl_strerror.lib
2026-10-10T06:30:16.7879978Z   agentflow_mcp_wire.vcxproj -> D:\a\xMind\xMind\xmind\build\native\Release\agentflow_mcp_wire.lib
2026-10-10T06:30:16.9777504Z   agentflow_file_patch.vcxproj -> D:\a\xMind\xMind\xmind\build\native\Release\agentflow_file_patch.lib
2026-10-10T06:30:16.9796431Z   agentflow_models.vcxproj -> D:\a\xMind\xMind\xmind\build\native\Release\agentflow_models.lib
2026-10-10T06:30:17.0178224Z   agentflow_secrets.vcxproj -> D:\a\xMind\xMind\xmind\build\native\Release\agentflow_secrets.lib
2026-10-10T06:30:17.3589193Z   Scanning sources for module dependencies...
2026-10-10T06:30:17.3598430Z   yaml-cpp.vcxproj -> D:\a\xMind\xMind\xmind\build\native\third_party\yaml-cpp\Release\yaml-cpp.lib
2026-10-10T06:30:17.6838168Z   Building Custom Rule D:/a/xMind/xMind/xmind/Native/CMakeLists.txt
2026-10-10T06:30:18.6270484Z   agentflow_process.vcxproj -> D:\a\xMind\xMind\xmind\build\native\Release\agentflow_process.lib
2026-10-10T06:30:19.6694451Z   Building Custom Rule D:/a/xMind/xMind/xmind/Native/CMakeLists.txt
2026-10-10T06:30:19.7078872Z   Building Custom Rule D:/a/xMind/xMind/xmind/Native/CMakeLists.txt
2026-10-10T06:30:19.8344665Z   json_schema.cpp
2026-10-10T06:30:19.8357271Z   Building Custom Rule D:/a/xMind/xMind/xmind/Native/CMakeLists.txt
2026-10-10T06:30:19.8411430Z   windows_mcp_stdio.cpp
2026-10-10T06:30:19.8415093Z   owner_process.cpp
2026-10-10T06:30:19.8417804Z   winhttp_stream_transport.cpp
2026-10-10T06:30:20.7524166Z   agentflow_core.vcxproj -> D:\a\xMind\xMind\xmind\build\native\Release\agentflow_core.lib
2026-10-10T06:30:20.7586355Z   agentflow_owner_process.vcxproj -> D:\a\xMind\xMind\xmind\build\native\Release\agentflow_owner_process.lib
2026-10-10T06:30:20.8407964Z   absl_raw_logging_internal.vcxproj -> D:\a\xMind\xMind\xmind\build\native\third_party\abseil-cpp\absl\base\Release\absl_raw_logging_internal.lib
2026-10-10T06:30:21.4133102Z   Building Custom Rule D:/a/xMind/xMind/xmind/Native/CMakeLists.txt
2026-10-10T06:30:21.6712054Z   Building Custom Rule D:/a/xMind/xMind/xmind/Native/CMakeLists.txt
2026-10-10T06:30:21.6730933Z   Building Custom Rule D:/a/xMind/xMind/xmind/Native/CMakeLists.txt
2026-10-10T06:30:21.9127220Z   Building Custom Rule D:/a/xMind/xMind/xmind/Native/CMakeLists.txt
2026-10-10T06:30:48.0277973Z   Building Custom Rule D:/a/xMind/xMind/xmind/Native/CMakeLists.txt
2026-10-10T06:30:52.7771293Z   absl_throw_delegate.vcxproj -> D:\a\xMind\xMind\xmind\build\native\third_party\abseil-cpp\absl\base\Release\absl_throw_delegate.lib
2026-10-10T06:30:57.5283783Z   mcp_client.cpp
2026-10-10T06:30:57.8551133Z   a2a_task_control.cpp
2026-10-10T06:30:58.2282577Z   graph_catalog.cpp
2026-10-10T06:30:58.2604298Z   Generating Code...
2026-10-10T06:30:58.2631977Z   absl_debugging_internal.vcxproj -> D:\a\xMind\xMind\xmind\build\native\third_party\abseil-cpp\absl\debugging\Release\absl_debugging_internal.lib
2026-10-10T06:31:03.4655374Z   agentflow_provider_transport.vcxproj -> D:\a\xMind\xMind\xmind\build\native\Release\agentflow_provider_transport.lib
2026-10-10T06:31:09.4018797Z   agentflow_mcp_stdio.vcxproj -> D:\a\xMind\xMind\xmind\build\native\Release\agentflow_mcp_stdio.lib
2026-10-10T06:31:14.4948037Z   agentflow_graph.vcxproj -> D:\a\xMind\xMind\xmind\build\native\Release\agentflow_graph.lib
2026-10-10T06:31:14.5243528Z   agentflow_policy.vcxproj -> D:\a\xMind\xMind\xmind\build\native\Release\agentflow_policy.lib
2026-10-10T06:31:14.5537966Z   agent_instructions.cpp
2026-10-10T06:31:14.5616035Z   runtime_generation.cpp
2026-10-10T06:31:14.5640104Z   agentflow_a2a.vcxproj -> D:\a\xMind\xMind\xmind\build\native\Release\agentflow_a2a.lib
2026-10-10T06:31:14.6240219Z   view_sessions.cpp
2026-10-10T06:31:14.6857365Z   Building Custom Rule D:/a/xMind/xMind/xmind/Native/CMakeLists.txt
2026-10-10T06:31:20.0896467Z   Building Custom Rule D:/a/xMind/xMind/xmind/Native/CMakeLists.txt
2026-10-10T06:31:26.0261338Z   Building Custom Rule D:/a/xMind/xMind/xmind/Native/CMakeLists.txt
2026-10-10T06:31:26.3676482Z   chat_provider.cpp
2026-10-10T06:31:26.3940279Z   gemini_provider.cpp
2026-10-10T06:31:26.4276633Z   Building Custom Rule D:/a/xMind/xMind/xmind/Native/CMakeLists.txt
2026-10-10T06:31:26.4940164Z   absl_cordz_functions.vcxproj -> D:\a\xMind\xMind\xmind\build\native\third_party\abseil-cpp\absl\strings\Release\absl_cordz_functions.lib
2026-10-10T06:31:26.4974324Z   legacy_owner_process.cpp
2026-10-10T06:31:26.5142133Z   agentflow_instruction_configuration.vcxproj -> D:\a\xMind\xMind\xmind\build\native\Release\agentflow_instruction_configuration.lib
2026-10-10T06:31:26.5172840Z   agentflow_runtime_generation.vcxproj -> D:\a\xMind\xMind\xmind\build\native\Release\agentflow_runtime_generation.lib
2026-10-10T06:31:26.5189629Z   mcp_configuration.cpp
2026-10-10T06:31:26.5436663Z   mcp_http_client.cpp
2026-10-10T06:31:26.5524960Z   responses_context_transport.cpp
2026-10-10T06:31:26.5551913Z   mcp_oauth.cpp
2026-10-10T06:31:26.5620028Z   agentflow_json_schema.vcxproj -> D:\a\xMind\xMind\xmind\build\native\Release\agentflow_json_schema.lib
2026-10-10T06:31:26.5657475Z   Generating Code...
2026-10-10T06:31:26.5659727Z   mcp_oauth_authorization.cpp
2026-10-10T06:31:26.5661742Z   agentflow_chat_provider.vcxproj -> D:\a\xMind\xMind\xmind\build\native\Release\agentflow_chat_provider.lib
2026-10-10T06:31:26.5663833Z   absl_base.vcxproj -> D:\a\xMind\xMind\xmind\build\native\third_party\abseil-cpp\absl\base\Release\absl_base.lib
2026-10-10T06:31:26.7332053Z   absl_int128.vcxproj -> D:\a\xMind\xMind\xmind\build\native\third_party\abseil-cpp\absl\numeric\Release\absl_int128.lib
2026-10-10T06:31:26.7374894Z   absl_base_cpu_detect.vcxproj -> D:\a\xMind\xMind\xmind\build\native\third_party\abseil-cpp\absl\base\Release\absl_base_cpu_detect.lib
2026-10-10T06:31:26.7506505Z   absl_tracing_internal.vcxproj -> D:\a\xMind\xMind\xmind\build\native\third_party\abseil-cpp\absl\base\Release\absl_tracing_internal.lib
2026-10-10T06:31:26.7928653Z   absl_city.vcxproj -> D:\a\xMind\xMind\xmind\build\native\third_party\abseil-cpp\absl\hash\Release\absl_city.lib
2026-10-10T06:31:26.9387995Z   absl_decode_rust_punycode.vcxproj -> D:\a\xMind\xMind\xmind\build\native\third_party\abseil-cpp\absl\debugging\Release\absl_decode_rust_punycode.lib
2026-10-10T06:31:26.9391589Z   absl_log_internal_conditions.vcxproj -> D:\a\xMind\xMind\xmind\build\native\third_party\abseil-cpp\absl\log\Release\absl_log_internal_conditions.lib
2026-10-10T06:31:27.3212784Z   absl_crc_internal.vcxproj -> D:\a\xMind\xMind\xmind\build\native\third_party\abseil-cpp\absl\crc\Release\absl_crc_internal.lib
2026-10-10T06:31:27.3219650Z   absl_strings_internal.vcxproj -> D:\a\xMind\xMind\xmind\build\native\third_party\abseil-cpp\absl\strings\Release\absl_strings_internal.lib
2026-10-10T06:31:27.3221855Z   agentflow_legacy_owner_process.vcxproj -> D:\a\xMind\xMind\xmind\build\native\Release\agentflow_legacy_owner_process.lib
2026-10-10T06:31:27.3717363Z   agentflow_view_sessions.vcxproj -> D:\a\xMind\xMind\xmind\build\native\Release\agentflow_view_sessions.lib
2026-10-10T06:31:27.4598867Z   absl_demangle_rust.vcxproj -> D:\a\xMind\xMind\xmind\build\native\third_party\abseil-cpp\absl\debugging\Release\absl_demangle_rust.lib
2026-10-10T06:31:27.5165278Z   absl_strings.vcxproj -> D:\a\xMind\xMind\xmind\build\native\third_party\abseil-cpp\absl\strings\Release\absl_strings.lib
2026-10-10T06:31:27.6112576Z   absl_malloc_internal.vcxproj -> D:\a\xMind\xMind\xmind\build\native\third_party\abseil-cpp\absl\base\Release\absl_malloc_internal.lib
2026-10-10T06:31:27.7887433Z   agentflow_mcp_configuration.vcxproj -> D:\a\xMind\xMind\xmind\build\native\Release\agentflow_mcp_configuration.lib
2026-10-10T06:31:27.9146523Z   absl_stacktrace.vcxproj -> D:\a\xMind\xMind\xmind\build\native\third_party\abseil-cpp\absl\debugging\Release\absl_stacktrace.lib
2026-10-10T06:31:27.9193558Z   absl_graphcycles_internal.vcxproj -> D:\a\xMind\xMind\xmind\build\native\third_party\abseil-cpp\absl\synchronization\Release\absl_graphcycles_internal.lib
2026-10-10T06:31:28.0535783Z   Building Custom Rule D:/a/xMind/xMind/xmind/Native/CMakeLists.txt
2026-10-10T06:31:28.2520828Z   absl_str_format_internal.vcxproj -> D:\a\xMind\xMind\xmind\build\native\third_party\abseil-cpp\absl\strings\Release\absl_str_format_internal.lib
2026-10-10T06:31:28.2524611Z   schema_worker_main.cpp
2026-10-10T06:31:28.2526362Z   absl_log_internal_fnmatch.vcxproj -> D:\a\xMind\xMind\xmind\build\native\third_party\abseil-cpp\absl\log\Release\absl_log_internal_fnmatch.lib
2026-10-10T06:31:28.2528996Z   absl_flags_commandlineflag.vcxproj -> D:\a\xMind\xMind\xmind\build\native\third_party\abseil-cpp\absl\flags\Release\absl_flags_commandlineflag.lib
2026-10-10T06:31:28.5833269Z   absl_demangle_internal.vcxproj -> D:\a\xMind\xMind\xmind\build\native\third_party\abseil-cpp\absl\debugging\Release\absl_demangle_internal.lib
2026-10-10T06:31:28.5839703Z   absl_log_internal_proto.vcxproj -> D:\a\xMind\xMind\xmind\build\native\third_party\abseil-cpp\absl\log\Release\absl_log_internal_proto.lib
2026-10-10T06:31:28.5984556Z   absl_hash.vcxproj -> D:\a\xMind\xMind\xmind\build\native\third_party\abseil-cpp\absl\hash\Release\absl_hash.lib
2026-10-10T06:31:28.6027100Z   absl_flags_private_handle_accessor.vcxproj -> D:\a\xMind\xMind\xmind\build\native\third_party\abseil-cpp\absl\flags\Release\absl_flags_private_handle_accessor.lib
2026-10-10T06:31:28.6352644Z   absl_time.vcxproj -> D:\a\xMind\xMind\xmind\build\native\third_party\abseil-cpp\absl\time\Release\absl_time.lib
2026-10-10T06:31:28.6357178Z   absl_flags_marshalling.vcxproj -> D:\a\xMind\xMind\xmind\build\native\third_party\abseil-cpp\absl\flags\Release\absl_flags_marshalling.lib
2026-10-10T06:31:28.8545626Z   absl_crc32c.vcxproj -> D:\a\xMind\xMind\xmind\build\native\third_party\abseil-cpp\absl\crc\Release\absl_crc32c.lib
2026-10-10T06:31:28.8654662Z   absl_log_internal_structured_proto.vcxproj -> D:\a\xMind\xMind\xmind\build\native\third_party\abseil-cpp\absl\log\Release\absl_log_internal_structured_proto.lib
2026-10-10T06:31:28.8658350Z   absl_symbolize.vcxproj -> D:\a\xMind\xMind\xmind\build\native\third_party\abseil-cpp\absl\debugging\Release\absl_symbolize.lib
2026-10-10T06:31:29.0716760Z   absl_log_internal_globals.vcxproj -> D:\a\xMind\xMind\xmind\build\native\third_party\abseil-cpp\absl\log\Release\absl_log_internal_globals.lib
2026-10-10T06:31:29.0909784Z   absl_crc_cord_state.vcxproj -> D:\a\xMind\xMind\xmind\build\native\third_party\abseil-cpp\absl\crc\Release\absl_crc_cord_state.lib
2026-10-10T06:31:29.0942038Z   absl_log_entry.vcxproj -> D:\a\xMind\xMind\xmind\build\native\third_party\abseil-cpp\absl\log\Release\absl_log_entry.lib
2026-10-10T06:31:29.1387123Z   absl_examine_stack.vcxproj -> D:\a\xMind\xMind\xmind\build\native\third_party\abseil-cpp\absl\debugging\Release\absl_examine_stack.lib
2026-10-10T06:31:29.1935987Z   absl_kernel_timeout_internal.vcxproj -> D:\a\xMind\xMind\xmind\build\native\third_party\abseil-cpp\absl\synchronization\Release\absl_kernel_timeout_internal.lib
2026-10-10T06:31:29.3000111Z   absl_log_internal_format.vcxproj -> D:\a\xMind\xMind\xmind\build\native\third_party\abseil-cpp\absl\log\Release\absl_log_internal_format.lib
2026-10-10T06:31:29.4556284Z   absl_cord_internal.vcxproj -> D:\a\xMind\xMind\xmind\build\native\third_party\abseil-cpp\absl\strings\Release\absl_cord_internal.lib
2026-10-10T06:31:29.6154790Z   absl_log_sink.vcxproj -> D:\a\xMind\xMind\xmind\build\native\third_party\abseil-cpp\absl\log\Release\absl_log_sink.lib
2026-10-10T06:31:29.6312013Z   absl_synchronization.vcxproj -> D:\a\xMind\xMind\xmind\build\native\third_party\abseil-cpp\absl\synchronization\Release\absl_synchronization.lib
2026-10-10T06:31:29.8891791Z   absl_cordz_handle.vcxproj -> D:\a\xMind\xMind\xmind\build\native\third_party\abseil-cpp\absl\strings\Release\absl_cordz_handle.lib
2026-10-10T06:31:29.8934360Z   absl_flags_program_name.vcxproj -> D:\a\xMind\xMind\xmind\build\native\third_party\abseil-cpp\absl\flags\Release\absl_flags_program_name.lib
2026-10-10T06:31:29.9575229Z   absl_hashtablez_sampler.vcxproj -> D:\a\xMind\xMind\xmind\build\native\third_party\abseil-cpp\absl\container\Release\absl_hashtablez_sampler.lib
2026-10-10T06:31:29.9577222Z   absl_vlog_config_internal.vcxproj -> D:\a\xMind\xMind\xmind\build\native\third_party\abseil-cpp\absl\log\Release\absl_vlog_config_internal.lib
2026-10-10T06:31:30.1654888Z   absl_log_globals.vcxproj -> D:\a\xMind\xMind\xmind\build\native\third_party\abseil-cpp\absl\log\Release\absl_log_globals.lib
2026-10-10T06:31:30.3587910Z   absl_log_internal_log_sink_set.vcxproj -> D:\a\xMind\xMind\xmind\build\native\third_party\abseil-cpp\absl\log\Release\absl_log_internal_log_sink_set.lib
2026-10-10T06:31:30.4649941Z   absl_flags_config.vcxproj -> D:\a\xMind\xMind\xmind\build\native\third_party\abseil-cpp\absl\flags\Release\absl_flags_config.lib
2026-10-10T06:31:30.6277711Z   absl_cordz_info.vcxproj -> D:\a\xMind\xMind\xmind\build\native\third_party\abseil-cpp\absl\strings\Release\absl_cordz_info.lib
2026-10-10T06:31:30.7690761Z   absl_flags_internal.vcxproj -> D:\a\xMind\xMind\xmind\build\native\third_party\abseil-cpp\absl\flags\Release\absl_flags_internal.lib
2026-10-10T06:31:30.8680688Z   absl_log_internal_message.vcxproj -> D:\a\xMind\xMind\xmind\build\native\third_party\abseil-cpp\absl\log\Release\absl_log_internal_message.lib
2026-10-10T06:31:30.8697771Z   absl_cord.vcxproj -> D:\a\xMind\xMind\xmind\build\native\third_party\abseil-cpp\absl\strings\Release\absl_cord.lib
2026-10-10T06:31:31.1000461Z   absl_raw_hash_set.vcxproj -> D:\a\xMind\xMind\xmind\build\native\third_party\abseil-cpp\absl\container\Release\absl_raw_hash_set.lib
2026-10-10T06:31:31.2910247Z   absl_log_internal_check_op.vcxproj -> D:\a\xMind\xMind\xmind\build\native\third_party\abseil-cpp\absl\log\Release\absl_log_internal_check_op.lib
2026-10-10T06:31:31.4143818Z   absl_flags_reflection.vcxproj -> D:\a\xMind\xMind\xmind\build\native\third_party\abseil-cpp\absl\flags\Release\absl_flags_reflection.lib
2026-10-10T06:31:31.6738369Z   re2.vcxproj -> D:\a\xMind\xMind\xmind\build\native\third_party\re2\Release\re2.lib
2026-10-10T06:31:31.9376604Z   agentflow_workspace.vcxproj -> D:\a\xMind\xMind\xmind\build\native\Release\agentflow_workspace.lib
2026-10-10T06:31:32.3237790Z   Building Custom Rule D:/a/xMind/xMind/xmind/Native/CMakeLists.txt
2026-10-10T06:31:41.0878836Z   mcp_oauth_callback.cpp
2026-10-10T06:31:41.1030364Z   Building Custom Rule D:/a/xMind/xMind/xmind/Native/CMakeLists.txt
2026-10-10T06:31:41.1102156Z   console_transport.cpp
2026-10-10T06:31:41.1107086Z   Building Custom Rule D:/a/xMind/xMind/xmind/Native/CMakeLists.txt
2026-10-10T06:31:41.1149950Z   backend_owner_control.cpp
2026-10-10T06:31:41.1155943Z   local_profile.cpp
2026-10-10T06:31:41.1177080Z   agentflow_backend_owner_control.vcxproj -> D:\a\xMind\xMind\xmind\build\native\Release\agentflow_backend_owner_control.lib
2026-10-10T06:31:41.1783587Z   Building Custom Rule D:/a/xMind/xMind/xmind/Native/CMakeLists.txt
2026-10-10T06:31:41.4890299Z   edit_executor.cpp
2026-10-10T06:31:41.4969710Z   xmind_schema_worker.vcxproj -> D:\a\xMind\xMind\xmind\build\native\Release\xmind_schema_worker.exe
2026-10-10T06:31:41.7505386Z   Building Custom Rule D:/a/xMind/xMind/xmind/Native/CMakeLists.txt
2026-10-10T06:31:41.7627683Z   agentflow_process_effects.vcxproj -> D:\a\xMind\xMind\xmind\build\native\Release\agentflow_process_effects.lib
2026-10-10T06:31:52.1525124Z   schema_worker.cpp
2026-10-10T06:31:58.0899158Z   Generating Code...
2026-10-10T06:32:04.0262096Z   Building Custom Rule D:/a/xMind/xMind/xmind/Native/CMakeLists.txt
2026-10-10T06:32:11.3616196Z   process_configuration.cpp
2026-10-10T06:32:11.5503675Z   agentflow_console_transport.vcxproj -> D:\a\xMind\xMind\xmind\build\native\Release\agentflow_console_transport.lib
2026-10-10T06:32:11.5934194Z   agentflow_schema_worker.vcxproj -> D:\a\xMind\xMind\xmind\build\native\Release\agentflow_schema_worker.lib
2026-10-10T06:32:16.7910601Z   agentflow_mcp_http.vcxproj -> D:\a\xMind\xMind\xmind\build\native\Release\agentflow_mcp_http.lib
2026-10-10T06:32:16.8022856Z   agentflow_local_profile.vcxproj -> D:\a\xMind\xMind\xmind\build\native\Release\agentflow_local_profile.lib
2026-10-10T06:32:16.9627388Z   Building Custom Rule D:/a/xMind/xMind/xmind/Native/CMakeLists.txt
2026-10-10T06:32:16.9637233Z   Building Custom Rule D:/a/xMind/xMind/xmind/Native/CMakeLists.txt
2026-10-10T06:32:17.1356445Z   mcp_tool_registry.cpp
2026-10-10T06:32:17.6453894Z   mcp_client_factory.cpp
2026-10-10T06:32:17.7272083Z   agentflow_process_configuration.vcxproj -> D:\a\xMind\xMind\xmind\build\native\Release\agentflow_process_configuration.lib
2026-10-10T06:32:21.7338897Z   mcp_oauth_credentials.cpp
2026-10-10T06:32:22.3426359Z   create_executor.cpp
2026-10-10T06:32:26.8609248Z   Generating Code...
2026-10-10T06:32:28.0046685Z   agentflow_mcp_client_factory.vcxproj -> D:\a\xMind\xMind\xmind\build\native\Release\agentflow_mcp_client_factory.lib
2026-10-10T06:32:28.1456839Z   agentflow_mcp_effects.vcxproj -> D:\a\xMind\xMind\xmind\build\native\Release\agentflow_mcp_effects.lib
2026-10-10T06:32:28.2437363Z   Building Custom Rule D:/a/xMind/xMind/xmind/Native/CMakeLists.txt
2026-10-10T06:32:28.3709784Z   mcp_oauth_service.cpp
2026-10-10T06:32:30.5974325Z   patch_file_executor.cpp
2026-10-10T06:32:32.7627480Z   agentflow_mcp_oauth_service.vcxproj -> D:\a\xMind\xMind\xmind\build\native\Release\agentflow_mcp_oauth_service.lib
2026-10-10T06:32:32.8854942Z   Building Custom Rule D:/a/xMind/xMind/xmind/Native/CMakeLists.txt
2026-10-10T06:32:33.0852319Z   http_server.cpp
2026-10-10T06:32:35.7477915Z   patch_executor.cpp
2026-10-10T06:32:40.1342598Z   patch_tool.cpp
2026-10-10T06:33:00.2916032Z   Generating Code...
2026-10-10T06:33:02.1742422Z   agentflow_http.vcxproj -> D:\a\xMind\xMind\xmind\build\native\Release\agentflow_http.lib
2026-10-10T06:33:14.2847952Z   agentflow_edits.vcxproj -> D:\a\xMind\xMind\xmind\build\native\Release\agentflow_edits.lib
2026-10-10T06:33:14.3819564Z   Building Custom Rule D:/a/xMind/xMind/xmind/Native/CMakeLists.txt
2026-10-10T06:33:14.5625806Z   agent_runner.cpp
2026-10-10T06:33:20.8439700Z   agent_service.cpp
2026-10-10T06:33:25.2885820Z   root_execution_budget.cpp
2026-10-10T06:33:27.8961958Z   delegation_executor.cpp
2026-10-10T06:33:32.0204908Z   agent_authority.cpp
2026-10-10T06:33:36.8779708Z   native_child_executor.cpp
2026-10-10T06:33:39.5607568Z   dynamic_plan_executor.cpp
2026-10-10T06:33:43.8080371Z   context_manager.cpp
2026-10-10T06:33:48.1145979Z   context_model_policy.cpp
2026-10-10T06:33:50.7333156Z   Generating Code...
2026-10-10T06:34:39.3163148Z   agentflow_agent.vcxproj -> D:\a\xMind\xMind\xmind\build\native\Release\agentflow_agent.lib
2026-10-10T06:34:39.4605902Z   Building Custom Rule D:/a/xMind/xMind/xmind/Native/CMakeLists.txt
2026-10-10T06:34:39.6361163Z   graph_runner.cpp
2026-10-10T06:34:44.9765433Z   graph_service.cpp
2026-10-10T06:34:49.2778051Z   Generating Code...
2026-10-10T06:35:09.8620975Z   agentflow_graph_execution.vcxproj -> D:\a\xMind\xMind\xmind\build\native\Release\agentflow_graph_execution.lib
2026-10-10T06:35:09.9729867Z   Building Custom Rule D:/a/xMind/xMind/xmind/Native/CMakeLists.txt
2026-10-10T06:35:10.1110034Z   provider_setup.cpp
2026-10-10T06:35:15.0358013Z   provider_profiles.cpp
2026-10-10T06:35:19.4826074Z   provider_profile_runtime.cpp
2026-10-10T06:35:23.9417573Z   provider_profile_legacy_setup.cpp
2026-10-10T06:35:26.9593680Z   provider_catalogue.cpp
2026-10-10T06:35:30.2748621Z   execution_platform.cpp
2026-10-10T06:35:33.1761428Z   provider_yaml_config.cpp
2026-10-10T06:35:36.1000804Z   Generating Code...
2026-10-10T06:35:50.8959263Z   agentflow_runtime.vcxproj -> D:\a\xMind\xMind\xmind\build\native\Release\agentflow_runtime.lib
2026-10-10T06:35:50.9762007Z   Building Custom Rule D:/a/xMind/xMind/xmind/Native/CMakeLists.txt
2026-10-10T06:35:51.1787988Z   xmind_main.cpp
2026-10-10T06:35:54.7381068Z   server_main.cpp
2026-10-10T06:35:58.6150781Z   cli_main.cpp
2026-10-10T06:36:06.4077643Z   schema_worker_main.cpp
2026-10-10T06:36:10.0969934Z   admin_main.cpp
2026-10-10T06:36:14.9962634Z   local_view_main.cpp
2026-10-10T06:36:21.6624420Z   Generating Code...
2026-10-10T06:36:53.8765481Z   xmind.vcxproj -> D:\a\xMind\xMind\xmind\build\native\Release\xmind.exe
2026-10-10T06:36:54.5941956Z Test project D:/a/xMind/xMind/xmind/build/native
2026-10-10T06:36:54.6311376Z     Start 95: native_local_view_contract
2026-10-10T06:37:45.6157090Z 1/1 Test #95: native_local_view_contract .......   Passed   50.98 sec
2026-10-10T06:37:45.6203963Z 
2026-10-10T06:37:45.6205588Z 100% tests passed, 0 tests failed out of 1
2026-10-10T06:37:45.6206116Z 
2026-10-10T06:37:45.6208172Z Total Test time (real) =  51.02 sec
2026-10-10T06:37:45.8140171Z MSBuild version 18.10.1-1.26427.6+3cd27c13e for .NET Framework
2026-10-10T06:37:45.8503450Z 
2026-10-10T06:37:46.0642805Z   Checking File Globs
2026-10-10T06:37:47.4922872Z   agentflow_models.vcxproj -> D:\a\xMind\xMind\xmind\build\native\Release\agentflow_models.lib
2026-10-10T06:37:47.4966142Z   agentflow_secrets.vcxproj -> D:\a\xMind\xMind\xmind\build\native\Release\agentflow_secrets.lib
2026-10-10T06:37:47.5423893Z   absl_log_severity.vcxproj -> D:\a\xMind\xMind\xmind\build\native\third_party\abseil-cpp\absl\base\Release\absl_log_severity.lib
2026-10-10T06:37:47.5447606Z   absl_civil_time.vcxproj -> D:\a\xMind\xMind\xmind\build\native\third_party\abseil-cpp\absl\time\Release\absl_civil_time.lib
2026-10-10T06:37:47.5451661Z   absl_utf8_for_code_point.vcxproj -> D:\a\xMind\xMind\xmind\build\native\third_party\abseil-cpp\absl\debugging\Release\absl_utf8_for_code_point.lib
2026-10-10T06:37:47.5658527Z   absl_spinlock_wait.vcxproj -> D:\a\xMind\xMind\xmind\build\native\third_party\abseil-cpp\absl\base\Release\absl_spinlock_wait.lib
2026-10-10T06:37:47.6277384Z   absl_time_zone.vcxproj -> D:\a\xMind\xMind\xmind\build\native\third_party\abseil-cpp\absl\time\Release\absl_time_zone.lib
2026-10-10T06:37:47.6284099Z   absl_exponential_biased.vcxproj -> D:\a\xMind\xMind\xmind\build\native\third_party\abseil-cpp\absl\profiling\Release\absl_exponential_biased.lib
2026-10-10T06:37:47.7088835Z   absl_hardening.vcxproj -> D:\a\xMind\xMind\xmind\build\native\third_party\abseil-cpp\absl\base\Release\absl_hardening.lib
2026-10-10T06:37:47.7450997Z   absl_flags_commandlineflag_internal.vcxproj -> D:\a\xMind\xMind\xmind\build\native\third_party\abseil-cpp\absl\flags\Release\absl_flags_commandlineflag_internal.lib
2026-10-10T06:37:47.7483535Z   absl_source_location.vcxproj -> D:\a\xMind\xMind\xmind\build\native\third_party\abseil-cpp\absl\types\Release\absl_source_location.lib
2026-10-10T06:37:47.9833019Z   absl_leak_check.vcxproj -> D:\a\xMind\xMind\xmind\build\native\third_party\abseil-cpp\absl\debugging\Release\absl_leak_check.lib
2026-10-10T06:37:48.2945916Z   absl_log_internal_nullguard.vcxproj -> D:\a\xMind\xMind\xmind\build\native\third_party\abseil-cpp\absl\log\Release\absl_log_internal_nullguard.lib
2026-10-10T06:37:48.4254952Z   absl_strerror.vcxproj -> D:\a\xMind\xMind\xmind\build\native\third_party\abseil-cpp\absl\base\Release\absl_strerror.lib
2026-10-10T06:37:48.5916682Z   agentflow_file_patch.vcxproj -> D:\a\xMind\xMind\xmind\build\native\Release\agentflow_file_patch.lib
2026-10-10T06:37:48.6638173Z   Scanning sources for module dependencies...
2026-10-10T06:37:48.8457976Z   yaml-cpp.vcxproj -> D:\a\xMind\xMind\xmind\build\native\third_party\yaml-cpp\Release\yaml-cpp.lib
2026-10-10T06:37:48.8504089Z   agentflow_process.vcxproj -> D:\a\xMind\xMind\xmind\build\native\Release\agentflow_process.lib
2026-10-10T06:37:49.4916712Z   agentflow_owner_process.vcxproj -> D:\a\xMind\xMind\xmind\build\native\Release\agentflow_owner_process.lib
2026-10-10T06:37:50.0177039Z   agentflow_mcp_wire.vcxproj -> D:\a\xMind\xMind\xmind\build\native\Release\agentflow_mcp_wire.lib
2026-10-10T06:37:50.3994517Z   Building Custom Rule D:/a/xMind/xMind/xmind/Native/CMakeLists.txt
2026-10-10T06:37:50.4059759Z   Building Custom Rule D:/a/xMind/xMind/xmind/Native/CMakeLists.txt
2026-10-10T06:37:50.4459605Z   Building Custom Rule D:/a/xMind/xMind/xmind/Native/CMakeLists.txt
2026-10-10T06:38:01.4638899Z   Building Custom Rule D:/a/xMind/xMind/xmind/Native/CMakeLists.txt
2026-10-10T06:38:07.4003343Z   gemini_history_contract.cpp
2026-10-10T06:38:07.9598610Z   anthropic_request_contract.cpp
2026-10-10T06:38:08.2847053Z   Building Custom Rule D:/a/xMind/xMind/xmind/Native/CMakeLists.txt
2026-10-10T06:38:08.2919181Z   anthropic_stream_contract.cpp
2026-10-10T06:38:08.4906815Z   anthropic_history_contract.cpp
2026-10-10T06:38:08.7166700Z   agentflow_anthropic_request_contract.vcxproj -> D:\a\xMind\xMind\xmind\build\native\Release\agentflow_anthropic_request_contract.exe
2026-10-10T06:38:10.1913459Z   file_patch_contract.cpp
2026-10-10T06:38:10.2013780Z   Building Custom Rule D:/a/xMind/xMind/xmind/Native/CMakeLists.txt
2026-10-10T06:38:10.4534871Z   agentflow_anthropic_history_contract.vcxproj -> D:\a\xMind\xMind\xmind\build\native\Release\agentflow_anthropic_history_contract.exe
2026-10-10T06:38:10.5031334Z   gemini_request_contract.cpp
2026-10-10T06:38:10.5597634Z   agentflow_gemini_history_contract.vcxproj -> D:\a\xMind\xMind\xmind\build\native\Release\agentflow_gemini_history_contract.exe
2026-10-10T06:38:10.8784409Z   agentflow_mcp_stdio.vcxproj -> D:\a\xMind\xMind\xmind\build\native\Release\agentflow_mcp_stdio.lib
2026-10-10T06:38:11.0312093Z   agentflow_json_schema.vcxproj -> D:\a\xMind\xMind\xmind\build\native\Release\agentflow_json_schema.lib
2026-10-10T06:38:11.0322519Z   Building Custom Rule D:/a/xMind/xMind/xmind/Native/CMakeLists.txt
2026-10-10T06:38:11.2716069Z   gemini_stream_contract.cpp
2026-10-10T06:38:12.0368123Z   agentflow_file_patch_contract.vcxproj -> D:\a\xMind\xMind\xmind\build\native\Release\agentflow_file_patch_contract.exe
2026-10-10T06:38:12.0401526Z   absl_raw_logging_internal.vcxproj -> D:\a\xMind\xMind\xmind\build\native\third_party\abseil-cpp\absl\base\Release\absl_raw_logging_internal.lib
2026-10-10T06:38:12.1308578Z   xmind_schema_worker.vcxproj -> D:\a\xMind\xMind\xmind\build\native\Release\xmind_schema_worker.exe
2026-10-10T06:38:12.4732500Z   agentflow_anthropic_stream_contract.vcxproj -> D:\a\xMind\xMind\xmind\build\native\Release\agentflow_anthropic_stream_contract.exe
2026-10-10T06:38:12.5053596Z   absl_debugging_internal.vcxproj -> D:\a\xMind\xMind\xmind\build\native\third_party\abseil-cpp\absl\debugging\Release\absl_debugging_internal.lib
2026-10-10T06:38:12.5184556Z   absl_cordz_functions.vcxproj -> D:\a\xMind\xMind\xmind\build\native\third_party\abseil-cpp\absl\strings\Release\absl_cordz_functions.lib
2026-10-10T06:38:12.5998163Z   agentflow_provider_transport.vcxproj -> D:\a\xMind\xMind\xmind\build\native\Release\agentflow_provider_transport.lib
2026-10-10T06:38:12.9425605Z   agentflow_schema_worker.vcxproj -> D:\a\xMind\xMind\xmind\build\native\Release\agentflow_schema_worker.lib
2026-10-10T06:38:12.9435408Z   absl_base.vcxproj -> D:\a\xMind\xMind\xmind\build\native\third_party\abseil-cpp\absl\base\Release\absl_base.lib
2026-10-10T06:38:14.9914295Z   agentflow_core.vcxproj -> D:\a\xMind\xMind\xmind\build\native\Release\agentflow_core.lib
2026-10-10T06:38:14.9993076Z   Building Custom Rule D:/a/xMind/xMind/xmind/Native/CMakeLists.txt
2026-10-10T06:38:15.0030873Z   agentflow_chat_provider.vcxproj -> D:\a\xMind\xMind\xmind\build\native\Release\agentflow_chat_provider.lib
2026-10-10T06:38:15.0035262Z   json_schema_contract.cpp
2026-10-10T06:38:15.0050565Z   Building Custom Rule D:/a/xMind/xMind/xmind/Native/CMakeLists.txt
2026-10-10T06:38:15.0098369Z   agentflow_mcp_http.vcxproj -> D:\a\xMind\xMind\xmind\build\native\Release\agentflow_mcp_http.lib
2026-10-10T06:38:15.1829149Z   anthropic_provider_contract.cpp
2026-10-10T06:38:20.4643700Z   agentflow_json_schema_contract.vcxproj -> D:\a\xMind\xMind\xmind\build\native\Release\agentflow_json_schema_contract.exe
2026-10-10T06:38:24.2106035Z   Building Custom Rule D:/a/xMind/xMind/xmind/Native/CMakeLists.txt
2026-10-10T06:38:25.4106428Z   Building Custom Rule D:/a/xMind/xMind/xmind/Native/CMakeLists.txt
2026-10-10T06:38:25.4457506Z   Building Custom Rule D:/a/xMind/xMind/xmind/Native/CMakeLists.txt
2026-10-10T06:38:25.5006432Z   absl_throw_delegate.vcxproj -> D:\a\xMind\xMind\xmind\build\native\third_party\abseil-cpp\absl\base\Release\absl_throw_delegate.lib
2026-10-10T06:38:25.5478246Z   Building Custom Rule D:/a/xMind/xMind/xmind/Native/CMakeLists.txt
2026-10-10T06:38:25.5533344Z   Building Custom Rule D:/a/xMind/xMind/xmind/Native/CMakeLists.txt
2026-10-10T06:38:31.1507095Z   Building Custom Rule D:/a/xMind/xMind/xmind/Native/CMakeLists.txt
2026-10-10T06:38:35.9016926Z   agentflow_gemini_request_contract.vcxproj -> D:\a\xMind\xMind\xmind\build\native\Release\agentflow_gemini_request_contract.exe
2026-10-10T06:38:36.5352397Z   Building Custom Rule D:/a/xMind/xMind/xmind/Native/CMakeLists.txt
2026-10-10T06:38:36.5914777Z   Building Custom Rule D:/a/xMind/xMind/xmind/Native/CMakeLists.txt
2026-10-10T06:38:36.6289261Z   agentflow_gemini_stream_contract.vcxproj -> D:\a\xMind\xMind\xmind\build\native\Release\agentflow_gemini_stream_contract.exe
2026-10-10T06:38:36.6347727Z   http_stream_transport_contract.cpp
2026-10-10T06:38:36.6356531Z   mcp_client_contract.cpp
2026-10-10T06:38:36.6403990Z   absl_int128.vcxproj -> D:\a\xMind\xMind\xmind\build\native\third_party\abseil-cpp\absl\numeric\Release\absl_int128.lib
2026-10-10T06:38:36.6477078Z   absl_base_cpu_detect.vcxproj -> D:\a\xMind\xMind\xmind\build\native\third_party\abseil-cpp\absl\base\Release\absl_base_cpu_detect.lib
2026-10-10T06:38:36.6487941Z   absl_log_internal_conditions.vcxproj -> D:\a\xMind\xMind\xmind\build\native\third_party\abseil-cpp\absl\log\Release\absl_log_internal_conditions.lib
2026-10-10T06:38:36.6553383Z   absl_decode_rust_punycode.vcxproj -> D:\a\xMind\xMind\xmind\build\native\third_party\abseil-cpp\absl\debugging\Release\absl_decode_rust_punycode.lib
2026-10-10T06:38:36.6565237Z   absl_city.vcxproj -> D:\a\xMind\xMind\xmind\build\native\third_party\abseil-cpp\absl\hash\Release\absl_city.lib
2026-10-10T06:38:36.6575793Z   absl_tracing_internal.vcxproj -> D:\a\xMind\xMind\xmind\build\native\third_party\abseil-cpp\absl\base\Release\absl_tracing_internal.lib
2026-10-10T06:38:36.6579793Z   agentflow_anthropic_provider_contract.vcxproj -> D:\a\xMind\xMind\xmind\build\native\Release\agentflow_anthropic_provider_contract.exe
2026-10-10T06:38:36.6686840Z   Building Custom Rule D:/a/xMind/xMind/xmind/Native/CMakeLists.txt
2026-10-10T06:38:36.8280169Z   Building Custom Rule D:/a/xMind/xMind/xmind/Native/CMakeLists.txt
2026-10-10T06:38:36.9390584Z   mcp_handshake_contract.cpp
2026-10-10T06:38:36.9518747Z   mcp_oauth_callback_contract.cpp
2026-10-10T06:38:37.3056952Z   absl_malloc_internal.vcxproj -> D:\a\xMind\xMind\xmind\build\native\third_party\abseil-cpp\absl\base\Release\absl_malloc_internal.lib
2026-10-10T06:38:37.3879003Z   agentflow_http_stream_transport_contract.vcxproj -> D:\a\xMind\xMind\xmind\build\native\Release\agentflow_http_stream_transport_contract.exe
2026-10-10T06:38:41.7220860Z   Building Custom Rule D:/a/xMind/xMind/xmind/Native/CMakeLists.txt
2026-10-10T06:38:41.7241624Z   agentflow_mcp_client_contract.vcxproj -> D:\a\xMind\xMind\xmind\build\native\Release\agentflow_mcp_client_contract.exe
2026-10-10T06:38:41.7274031Z   Building Custom Rule D:/a/xMind/xMind/xmind/Native/CMakeLists.txt
2026-10-10T06:38:41.7284916Z   gemini_provider_contract.cpp
2026-10-10T06:38:41.7317352Z   Building Custom Rule D:/a/xMind/xMind/xmind/Native/CMakeLists.txt
2026-10-10T06:38:41.7337505Z   agentflow_mcp_oauth_callback_contract.vcxproj -> D:\a\xMind\xMind\xmind\build\native\Release\agentflow_mcp_oauth_callback_contract.exe
2026-10-10T06:38:41.7351387Z   chat_provider_contract.cpp
2026-10-10T06:38:41.8622737Z   absl_demangle_rust.vcxproj -> D:\a\xMind\xMind\xmind\build\native\third_party\abseil-cpp\absl\debugging\Release\absl_demangle_rust.lib
2026-10-10T06:38:46.5881820Z   Building Custom Rule D:/a/xMind/xMind/xmind/Native/CMakeLists.txt
2026-10-10T06:38:52.2420097Z   mcp_stdio_contract.cpp
2026-10-10T06:38:52.2478564Z   agentflow_mcp_handshake_contract.vcxproj -> D:\a\xMind\xMind\xmind\build\native\Release\agentflow_mcp_handshake_contract.exe
2026-10-10T06:38:52.2683896Z   Building Custom Rule D:/a/xMind/xMind/xmind/Native/CMakeLists.txt
2026-10-10T06:38:52.2981334Z   absl_graphcycles_internal.vcxproj -> D:\a\xMind\xMind\xmind\build\native\third_party\abseil-cpp\absl\synchronization\Release\absl_graphcycles_internal.lib
2026-10-10T06:38:52.3041724Z   Building Custom Rule D:/a/xMind/xMind/xmind/Native/CMakeLists.txt
2026-10-10T06:38:52.3103922Z   mcp_wire_contract.cpp
2026-10-10T06:38:52.3115359Z   agentflow_chat_provider_contract.vcxproj -> D:\a\xMind\xMind\xmind\build\native\Release\agentflow_chat_provider_contract.exe
2026-10-10T06:38:52.3125988Z   Building Custom Rule D:/a/xMind/xMind/xmind/Native/CMakeLists.txt
2026-10-10T06:38:52.3136534Z   model_request_contract.cpp
2026-10-10T06:38:52.4933664Z   agentflow_a2a.vcxproj -> D:\a\xMind\xMind\xmind\build\native\Release\agentflow_a2a.lib
2026-10-10T06:38:52.5017160Z   absl_strings_internal.vcxproj -> D:\a\xMind\xMind\xmind\build\native\third_party\abseil-cpp\absl\strings\Release\absl_strings_internal.lib
2026-10-10T06:38:55.3890575Z   agentflow_gemini_provider_contract.vcxproj -> D:\a\xMind\xMind\xmind\build\native\Release\agentflow_gemini_provider_contract.exe
2026-10-10T06:39:00.8388039Z   agentflow_legacy_owner_process.vcxproj -> D:\a\xMind\xMind\xmind\build\native\Release\agentflow_legacy_owner_process.lib
2026-10-10T06:39:05.5888257Z   agentflow_runtime_generation.vcxproj -> D:\a\xMind\xMind\xmind\build\native\Release\agentflow_runtime_generation.lib
2026-10-10T06:39:10.3388532Z   agentflow_policy.vcxproj -> D:\a\xMind\xMind\xmind\build\native\Release\agentflow_policy.lib
2026-10-10T06:39:16.2762619Z   context_repository_contract.cpp
2026-10-10T06:39:18.2239249Z   incoming_repository_contract.cpp
2026-10-10T06:39:18.2312089Z   agentflow_mcp_configuration.vcxproj -> D:\a\xMind\xMind\xmind\build\native\Release\agentflow_mcp_configuration.lib
2026-10-10T06:39:18.2473232Z   legacy_owner_contract.cpp
2026-10-10T06:39:18.2479179Z   dynamic_plan_contract.cpp
2026-10-10T06:39:18.2481963Z   context_selection_contract.cpp
2026-10-10T06:39:18.2754585Z   credential_repository_contract.cpp
2026-10-10T06:39:18.2965272Z   agentflow_mcp_wire_contract.vcxproj -> D:\a\xMind\xMind\xmind\build\native\Release\agentflow_mcp_wire_contract.exe
2026-10-10T06:39:18.2973315Z   agentflow_legacy_owner_contract.vcxproj -> D:\a\xMind\xMind\xmind\build\native\Release\agentflow_legacy_owner_contract.exe
2026-10-10T06:39:18.4184369Z   agentflow_model_request_contract.vcxproj -> D:\a\xMind\xMind\xmind\build\native\Release\agentflow_model_request_contract.exe
2026-10-10T06:39:18.4212062Z   agentflow_context_selection_contract.vcxproj -> D:\a\xMind\xMind\xmind\build\native\Release\agentflow_context_selection_contract.exe
2026-10-10T06:39:18.4581810Z   Building Custom Rule D:/a/xMind/xMind/xmind/Native/CMakeLists.txt
2026-10-10T06:39:18.8133167Z   model_stream_contract.cpp
2026-10-10T06:39:18.9671614Z   agentflow_credential_repository_contract.vcxproj -> D:\a\xMind\xMind\xmind\build\native\Release\agentflow_credential_repository_contract.exe
2026-10-10T06:39:20.4453289Z   dynamic_plan_repository_contract.cpp
2026-10-10T06:39:23.5988607Z   agentflow_view_sessions.vcxproj -> D:\a\xMind\xMind\xmind\build\native\Release\agentflow_view_sessions.lib
2026-10-10T06:39:23.9226189Z   agentflow_instruction_configuration.vcxproj -> D:\a\xMind\xMind\xmind\build\native\Release\agentflow_instruction_configuration.lib
2026-10-10T06:39:23.9862132Z   agentflow_mcp_stdio_contract.vcxproj -> D:\a\xMind\xMind\xmind\build\native\Release\agentflow_mcp_stdio_contract.exe
2026-10-10T06:39:24.1703112Z   agentflow_context_repository_contract.vcxproj -> D:\a\xMind\xMind\xmind\build\native\Release\agentflow_context_repository_contract.exe
2026-10-10T06:39:24.6794842Z   Building Custom Rule D:/a/xMind/xMind/xmind/Native/CMakeLists.txt
2026-10-10T06:39:24.8472444Z   agentflow_dynamic_plan_contract.vcxproj -> D:\a\xMind\xMind\xmind\build\native\Release\agentflow_dynamic_plan_contract.exe
2026-10-10T06:39:24.9125652Z   owner_process_contract.cpp
2026-10-10T06:39:25.2040935Z   agentflow_graph.vcxproj -> D:\a\xMind\xMind\xmind\build\native\Release\agentflow_graph.lib
2026-10-10T06:39:25.2803880Z   backend_owner_contract.cpp
2026-10-10T06:39:25.7745725Z   Building Custom Rule D:/a/xMind/xMind/xmind/Native/CMakeLists.txt
2026-10-10T06:39:38.0839583Z   agentflow_owner_process_contract.vcxproj -> D:\a\xMind\xMind\xmind\build\native\Release\agentflow_owner_process_contract.exe
2026-10-10T06:39:38.9398085Z   operation_repository_contract.cpp
2026-10-10T06:39:40.1797977Z   agentflow_dynamic_plan_repository_contract.vcxproj -> D:\a\xMind\xMind\xmind\build\native\Release\agentflow_dynamic_plan_repository_contract.exe
2026-10-10T06:39:40.3693745Z   agentflow_backend_owner_contract.vcxproj -> D:\a\xMind\xMind\xmind\build\native\Release\agentflow_backend_owner_contract.exe
2026-10-10T06:39:41.4542341Z   Building Custom Rule D:/a/xMind/xMind/xmind/Native/CMakeLists.txt
2026-10-10T06:39:42.3715982Z   Building Custom Rule D:/a/xMind/xMind/xmind/Native/CMakeLists.txt
2026-10-10T06:39:47.1516428Z   permission_waiter_contract.cpp
2026-10-10T06:39:51.9011175Z   Building Custom Rule D:/a/xMind/xMind/xmind/Native/CMakeLists.txt
2026-10-10T06:39:52.2694120Z   absl_strings.vcxproj -> D:\a\xMind\xMind\xmind\build\native\third_party\abseil-cpp\absl\strings\Release\absl_strings.lib
2026-10-10T06:39:52.3124810Z   agentflow_incoming_repository_contract.vcxproj -> D:\a\xMind\xMind\xmind\build\native\Release\agentflow_incoming_repository_contract.exe
2026-10-10T06:39:52.3558047Z   agentflow_mcp_client_factory.vcxproj -> D:\a\xMind\xMind\xmind\build\native\Release\agentflow_mcp_client_factory.lib
2026-10-10T06:39:52.3955617Z   absl_crc_internal.vcxproj -> D:\a\xMind\xMind\xmind\build\native\third_party\abseil-cpp\absl\crc\Release\absl_crc_internal.lib
2026-10-10T06:39:52.4191011Z   instruction_configuration_contract.cpp
2026-10-10T06:39:52.4222527Z   absl_stacktrace.vcxproj -> D:\a\xMind\xMind\xmind\build\native\third_party\abseil-cpp\absl\debugging\Release\absl_stacktrace.lib
2026-10-10T06:39:52.4228568Z   Building Custom Rule D:/a/xMind/xMind/xmind/Native/CMakeLists.txt
2026-10-10T06:39:52.4241015Z   persistence_service_contract.cpp
2026-10-10T06:39:52.4311468Z   agentflow_permission_waiter_contract.vcxproj -> D:\a\xMind\xMind\xmind\build\native\Release\agentflow_permission_waiter_contract.exe
2026-10-10T06:39:57.8385685Z   Building Custom Rule D:/a/xMind/xMind/xmind/Native/CMakeLists.txt
2026-10-10T06:40:08.5263385Z   repository_contract.cpp
2026-10-10T06:40:08.5268004Z   agentflow_instruction_configuration_contract.vcxproj -> D:\a\xMind\xMind\xmind\build\native\Release\agentflow_instruction_configuration_contract.exe
2026-10-10T06:40:12.1784446Z   graph_contract.cpp
2026-10-10T06:40:12.2476424Z   agentflow_persistence_service_contract.vcxproj -> D:\a\xMind\xMind\xmind\build\native\Release\agentflow_persistence_service_contract.exe
2026-10-10T06:40:12.2924392Z   Building Custom Rule D:/a/xMind/xMind/xmind/Native/CMakeLists.txt
2026-10-10T06:40:12.3821209Z   Building Custom Rule D:/a/xMind/xMind/xmind/Native/CMakeLists.txt
2026-10-10T06:40:12.3986107Z   process_contract.cpp
2026-10-10T06:40:12.5131135Z   agentflow_repository_contract.vcxproj -> D:\a\xMind\xMind\xmind\build\native\Release\agentflow_repository_contract.exe
2026-10-10T06:40:12.5611173Z   responses_context_contract.cpp
2026-10-10T06:40:12.6087167Z   agentflow_graph_contract.vcxproj -> D:\a\xMind\xMind\xmind\build\native\Release\agentflow_graph_contract.exe
2026-10-10T06:40:13.6667931Z   Building Custom Rule D:/a/xMind/xMind/xmind/Native/CMakeLists.txt
2026-10-10T06:40:18.0264136Z   Building Custom Rule D:/a/xMind/xMind/xmind/Native/CMakeLists.txt
2026-10-10T06:40:22.7760445Z   responses_contract.cpp
2026-10-10T06:40:22.7761715Z   agentflow_responses_context_contract.vcxproj -> D:\a\xMind\xMind\xmind\build\native\Release\agentflow_responses_context_contract.exe
2026-10-10T06:40:22.7763626Z   absl_demangle_internal.vcxproj -> D:\a\xMind\xMind\xmind\build\native\third_party\abseil-cpp\absl\debugging\Release\absl_demangle_internal.lib
2026-10-10T06:40:22.7765058Z   Building Custom Rule D:/a/xMind/xMind/xmind/Native/CMakeLists.txt
2026-10-10T06:40:22.7765844Z   schema_budget_fixture.cpp
2026-10-10T06:40:27.0023831Z   Building Custom Rule D:/a/xMind/xMind/xmind/Native/CMakeLists.txt
2026-10-10T06:40:27.8199818Z   agentflow_process_contract.vcxproj -> D:\a\xMind\xMind\xmind\build\native\Release\agentflow_process_contract.exe
2026-10-10T06:40:27.8610849Z   mcp_configuration_contract.cpp
2026-10-10T06:40:28.1916138Z   Building Custom Rule D:/a/xMind/xMind/xmind/Native/CMakeLists.txt
2026-10-10T06:40:28.2947800Z   absl_str_format_internal.vcxproj -> D:\a\xMind\xMind\xmind\build\native\third_party\abseil-cpp\absl\strings\Release\absl_str_format_internal.lib
2026-10-10T06:40:28.3631653Z   absl_log_internal_proto.vcxproj -> D:\a\xMind\xMind\xmind\build\native\third_party\abseil-cpp\absl\log\Release\absl_log_internal_proto.lib
2026-10-10T06:40:28.7393723Z   agentflow_mcp_oauth_service.vcxproj -> D:\a\xMind\xMind\xmind\build\native\Release\agentflow_mcp_oauth_service.lib
2026-10-10T06:40:28.7422442Z   agentflow_mcp_configuration_contract.vcxproj -> D:\a\xMind\xMind\xmind\build\native\Release\agentflow_mcp_configuration_contract.exe
2026-10-10T06:40:28.7969199Z   graph_checkpoint_contract.cpp
2026-10-10T06:40:28.8104378Z   Building Custom Rule D:/a/xMind/xMind/xmind/Native/CMakeLists.txt
2026-10-10T06:40:28.8448791Z   absl_log_internal_fnmatch.vcxproj -> D:\a\xMind\xMind\xmind\build\native\third_party\abseil-cpp\absl\log\Release\absl_log_internal_fnmatch.lib
2026-10-10T06:40:30.4798209Z   runtime_generation_contract.cpp
2026-10-10T06:40:30.7711101Z   mcp_oauth_credentials_contract.cpp
2026-10-10T06:40:32.4703717Z   agentflow_model_stream_contract.vcxproj -> D:\a\xMind\xMind\xmind\build\native\Release\agentflow_model_stream_contract.exe
2026-10-10T06:40:33.0244736Z   agentflow_responses_contract.vcxproj -> D:\a\xMind\xMind\xmind\build\native\Release\agentflow_responses_contract.exe
2026-10-10T06:40:33.5446727Z   Building Custom Rule D:/a/xMind/xMind/xmind/Native/CMakeLists.txt
2026-10-10T06:40:34.3806499Z   secret_protection_contract.cpp
2026-10-10T06:40:40.0103596Z   agentflow_runtime_generation_contract.vcxproj -> D:\a\xMind\xMind\xmind\build\native\Release\agentflow_runtime_generation_contract.exe
2026-10-10T06:40:40.3345885Z   agentflow_schema_budget_fixture.vcxproj -> D:\a\xMind\xMind\xmind\build\native\Release\agentflow_schema_budget_fixture.exe
2026-10-10T06:40:41.2322879Z   Building Custom Rule D:/a/xMind/xMind/xmind/Native/CMakeLists.txt
2026-10-10T06:40:41.3036827Z   Building Custom Rule D:/a/xMind/xMind/xmind/Native/CMakeLists.txt
2026-10-10T06:40:41.3451270Z   skill_state_contract.cpp
2026-10-10T06:40:41.4021008Z   task_list_repository_contract.cpp
2026-10-10T06:40:41.4457581Z   absl_log_internal_structured_proto.vcxproj -> D:\a\xMind\xMind\xmind\build\native\third_party\abseil-cpp\absl\log\Release\absl_log_internal_structured_proto.lib
2026-10-10T06:40:41.4483935Z   absl_crc32c.vcxproj -> D:\a\xMind\xMind\xmind\build\native\third_party\abseil-cpp\absl\crc\Release\absl_crc32c.lib
2026-10-10T06:40:41.4520789Z   agentflow_secret_contract.vcxproj -> D:\a\xMind\xMind\xmind\build\native\Release\agentflow_secret_contract.exe
2026-10-10T06:40:42.3627744Z   agentflow_mcp_oauth_credentials_contract.vcxproj -> D:\a\xMind\xMind\xmind\build\native\Release\agentflow_mcp_oauth_credentials_contract.exe
2026-10-10T06:40:44.0527767Z   agentflow_operation_repository_contract.vcxproj -> D:\a\xMind\xMind\xmind\build\native\Release\agentflow_operation_repository_contract.exe
2026-10-10T06:40:46.9661994Z   absl_hash.vcxproj -> D:\a\xMind\xMind\xmind\build\native\third_party\abseil-cpp\absl\hash\Release\absl_hash.lib
2026-10-10T06:40:46.9933922Z   absl_flags_marshalling.vcxproj -> D:\a\xMind\xMind\xmind\build\native\third_party\abseil-cpp\absl\flags\Release\absl_flags_marshalling.lib
2026-10-10T06:40:47.0058120Z   absl_symbolize.vcxproj -> D:\a\xMind\xMind\xmind\build\native\third_party\abseil-cpp\absl\debugging\Release\absl_symbolize.lib
2026-10-10T06:40:49.1388888Z   Building Custom Rule D:/a/xMind/xMind/xmind/Native/CMakeLists.txt
2026-10-10T06:40:49.2905373Z   absl_flags_commandlineflag.vcxproj -> D:\a\xMind\xMind\xmind\build\native\third_party\abseil-cpp\absl\flags\Release\absl_flags_commandlineflag.lib
2026-10-10T06:40:49.7450032Z   Building Custom Rule D:/a/xMind/xMind/xmind/Native/CMakeLists.txt
2026-10-10T06:40:49.8717177Z   Building Custom Rule D:/a/xMind/xMind/xmind/Native/CMakeLists.txt
2026-10-10T06:40:50.0545761Z   agentflow_task_list_repository_contract.vcxproj -> D:\a\xMind\xMind\xmind\build\native\Release\agentflow_task_list_repository_contract.exe
2026-10-10T06:40:50.1073795Z   xlang_sqlite_contract.cpp
2026-10-10T06:40:50.1470866Z   persistence_demo.cpp
2026-10-10T06:40:50.4952954Z   schema_worker_contract.cpp
2026-10-10T06:40:51.6768862Z   absl_time.vcxproj -> D:\a\xMind\xMind\xmind\build\native\third_party\abseil-cpp\absl\time\Release\absl_time.lib
2026-10-10T06:40:52.1767569Z   agentflow_skill_state_contract.vcxproj -> D:\a\xMind\xMind\xmind\build\native\Release\agentflow_skill_state_contract.exe
2026-10-10T06:40:52.9489208Z   agentflow_xlang_sqlite_contract.vcxproj -> D:\a\xMind\xMind\xmind\build\native\Release\agentflow_xlang_sqlite_contract.exe
2026-10-10T06:40:53.4125248Z   absl_examine_stack.vcxproj -> D:\a\xMind\xMind\xmind\build\native\third_party\abseil-cpp\absl\debugging\Release\absl_examine_stack.lib
2026-10-10T06:40:54.2192297Z   agentflow_graph_checkpoint_contract.vcxproj -> D:\a\xMind\xMind\xmind\build\native\Release\agentflow_graph_checkpoint_contract.exe
2026-10-10T06:40:54.2866019Z   absl_crc_cord_state.vcxproj -> D:\a\xMind\xMind\xmind\build\native\third_party\abseil-cpp\absl\crc\Release\absl_crc_cord_state.lib
2026-10-10T06:40:54.4904223Z   absl_log_internal_globals.vcxproj -> D:\a\xMind\xMind\xmind\build\native\third_party\abseil-cpp\absl\log\Release\absl_log_internal_globals.lib
2026-10-10T06:40:54.4962511Z   absl_kernel_timeout_internal.vcxproj -> D:\a\xMind\xMind\xmind\build\native\third_party\abseil-cpp\absl\synchronization\Release\absl_kernel_timeout_internal.lib
2026-10-10T06:40:54.5627557Z   absl_log_entry.vcxproj -> D:\a\xMind\xMind\xmind\build\native\third_party\abseil-cpp\absl\log\Release\absl_log_entry.lib
2026-10-10T06:40:54.6965542Z   absl_log_sink.vcxproj -> D:\a\xMind\xMind\xmind\build\native\third_party\abseil-cpp\absl\log\Release\absl_log_sink.lib
2026-10-10T06:40:54.9263513Z   absl_cord_internal.vcxproj -> D:\a\xMind\xMind\xmind\build\native\third_party\abseil-cpp\absl\strings\Release\absl_cord_internal.lib
2026-10-10T06:40:54.9300737Z   absl_flags_private_handle_accessor.vcxproj -> D:\a\xMind\xMind\xmind\build\native\third_party\abseil-cpp\absl\flags\Release\absl_flags_private_handle_accessor.lib
2026-10-10T06:40:54.9683636Z   absl_log_internal_format.vcxproj -> D:\a\xMind\xMind\xmind\build\native\third_party\abseil-cpp\absl\log\Release\absl_log_internal_format.lib
2026-10-10T06:40:55.0646523Z   absl_synchronization.vcxproj -> D:\a\xMind\xMind\xmind\build\native\third_party\abseil-cpp\absl\synchronization\Release\absl_synchronization.lib
2026-10-10T06:40:55.4578848Z   xmind_persistence_demo.vcxproj -> D:\a\xMind\xMind\xmind\build\native\Release\xmind_persistence_demo.exe
2026-10-10T06:40:55.7466501Z   absl_cordz_handle.vcxproj -> D:\a\xMind\xMind\xmind\build\native\third_party\abseil-cpp\absl\strings\Release\absl_cordz_handle.lib
2026-10-10T06:40:55.7518716Z   absl_vlog_config_internal.vcxproj -> D:\a\xMind\xMind\xmind\build\native\third_party\abseil-cpp\absl\log\Release\absl_vlog_config_internal.lib
2026-10-10T06:40:55.8318844Z   absl_hashtablez_sampler.vcxproj -> D:\a\xMind\xMind\xmind\build\native\third_party\abseil-cpp\absl\container\Release\absl_hashtablez_sampler.lib
2026-10-10T06:40:55.8323688Z   absl_flags_program_name.vcxproj -> D:\a\xMind\xMind\xmind\build\native\third_party\abseil-cpp\absl\flags\Release\absl_flags_program_name.lib
2026-10-10T06:40:55.9473232Z   absl_flags_config.vcxproj -> D:\a\xMind\xMind\xmind\build\native\third_party\abseil-cpp\absl\flags\Release\absl_flags_config.lib
2026-10-10T06:40:56.1606176Z   absl_flags_internal.vcxproj -> D:\a\xMind\xMind\xmind\build\native\third_party\abseil-cpp\absl\flags\Release\absl_flags_internal.lib
2026-10-10T06:40:56.2194643Z   absl_log_globals.vcxproj -> D:\a\xMind\xMind\xmind\build\native\third_party\abseil-cpp\absl\log\Release\absl_log_globals.lib
2026-10-10T06:40:56.3845393Z   absl_log_internal_log_sink_set.vcxproj -> D:\a\xMind\xMind\xmind\build\native\third_party\abseil-cpp\absl\log\Release\absl_log_internal_log_sink_set.lib
2026-10-10T06:40:56.4553366Z   absl_cordz_info.vcxproj -> D:\a\xMind\xMind\xmind\build\native\third_party\abseil-cpp\absl\strings\Release\absl_cordz_info.lib
2026-10-10T06:40:56.6303078Z   absl_cord.vcxproj -> D:\a\xMind\xMind\xmind\build\native\third_party\abseil-cpp\absl\strings\Release\absl_cord.lib
2026-10-10T06:40:56.7810319Z   absl_log_internal_message.vcxproj -> D:\a\xMind\xMind\xmind\build\native\third_party\abseil-cpp\absl\log\Release\absl_log_internal_message.lib
2026-10-10T06:40:56.9621989Z   absl_log_internal_check_op.vcxproj -> D:\a\xMind\xMind\xmind\build\native\third_party\abseil-cpp\absl\log\Release\absl_log_internal_check_op.lib
2026-10-10T06:40:57.0568696Z   absl_raw_hash_set.vcxproj -> D:\a\xMind\xMind\xmind\build\native\third_party\abseil-cpp\absl\container\Release\absl_raw_hash_set.lib
2026-10-10T06:40:57.2374185Z   absl_flags_reflection.vcxproj -> D:\a\xMind\xMind\xmind\build\native\third_party\abseil-cpp\absl\flags\Release\absl_flags_reflection.lib
2026-10-10T06:40:57.4640928Z   re2.vcxproj -> D:\a\xMind\xMind\xmind\build\native\third_party\re2\Release\re2.lib
2026-10-10T06:40:57.7120804Z   agentflow_workspace.vcxproj -> D:\a\xMind\xMind\xmind\build\native\Release\agentflow_workspace.lib
2026-10-10T06:40:58.1045010Z   Building Custom Rule D:/a/xMind/xMind/xmind/Native/CMakeLists.txt
2026-10-10T06:40:58.1255332Z   Building Custom Rule D:/a/xMind/xMind/xmind/Native/CMakeLists.txt
2026-10-10T06:40:58.4496553Z   agentflow_console_transport.vcxproj -> D:\a\xMind\xMind\xmind\build\native\Release\agentflow_console_transport.lib
2026-10-10T06:40:58.7354863Z   workspace_tools_contract.cpp
2026-10-10T06:40:58.7479667Z   skill_context_contract.cpp
2026-10-10T06:40:58.7897146Z   agentflow_backend_owner_control.vcxproj -> D:\a\xMind\xMind\xmind\build\native\Release\agentflow_backend_owner_control.lib
2026-10-10T06:40:58.8161381Z   agentflow_mcp_effects.vcxproj -> D:\a\xMind\xMind\xmind\build\native\Release\agentflow_mcp_effects.lib
2026-10-10T06:40:58.8169857Z   agentflow_process_effects.vcxproj -> D:\a\xMind\xMind\xmind\build\native\Release\agentflow_process_effects.lib
2026-10-10T06:40:59.4188259Z   agentflow_process_executor_contract.vcxproj -> D:\a\xMind\xMind\xmind\build\native\Release\agentflow_process_executor_contract.exe
2026-10-10T06:40:59.4353230Z   agentflow_process_configuration.vcxproj -> D:\a\xMind\xMind\xmind\build\native\Release\agentflow_process_configuration.lib
2026-10-10T06:40:59.4678054Z   agentflow_local_profile.vcxproj -> D:\a\xMind\xMind\xmind\build\native\Release\agentflow_local_profile.lib
2026-10-10T06:40:59.9617216Z   agentflow_http.vcxproj -> D:\a\xMind\xMind\xmind\build\native\Release\agentflow_http.lib
2026-10-10T06:40:59.9685947Z   agentflow_edits.vcxproj -> D:\a\xMind\xMind\xmind\build\native\Release\agentflow_edits.lib
2026-10-10T06:41:00.0777127Z   Building Custom Rule D:/a/xMind/xMind/xmind/Native/CMakeLists.txt
2026-10-10T06:41:00.9680561Z   planning_http_contract.cpp
2026-10-10T06:41:13.2262309Z   Building Custom Rule D:/a/xMind/xMind/xmind/Native/CMakeLists.txt
2026-10-10T06:41:23.0368444Z   agentflow_workspace_tools_contract.vcxproj -> D:\a\xMind\xMind\xmind\build\native\Release\agentflow_workspace_tools_contract.exe
2026-10-10T06:41:24.1837522Z   Building Custom Rule D:/a/xMind/xMind/xmind/Native/CMakeLists.txt
2026-10-10T06:41:24.7228851Z   mcp_oauth_service_contract.cpp
2026-10-10T06:41:25.1104593Z   cli_main.cpp
2026-10-10T06:41:26.2859458Z   agentflow_schema_worker_contract.vcxproj -> D:\a\xMind\xMind\xmind\build\native\Release\agentflow_schema_worker_contract.exe
2026-10-10T06:41:26.3239894Z   agentflow_planning_http_contract.vcxproj -> D:\a\xMind\xMind\xmind\build\native\Release\agentflow_planning_http_contract.exe
2026-10-10T06:41:27.2073577Z   agentflow_skill_context_contract.vcxproj -> D:\a\xMind\xMind\xmind\build\native\Release\agentflow_skill_context_contract.exe
2026-10-10T06:41:27.3331721Z   Building Custom Rule D:/a/xMind/xMind/xmind/Native/CMakeLists.txt
2026-10-10T06:41:27.8761950Z   mcp_effect_contract.cpp
2026-10-10T06:41:27.8766003Z   Building Custom Rule D:/a/xMind/xMind/xmind/Native/CMakeLists.txt
2026-10-10T06:41:27.8868637Z   Building Custom Rule D:/a/xMind/xMind/xmind/Native/CMakeLists.txt
2026-10-10T06:41:49.4626286Z   process_configuration_contract.cpp
2026-10-10T06:41:51.3600538Z   admin_main.cpp
2026-10-10T06:41:51.3889314Z   agentflow_process_configuration_contract.vcxproj -> D:\a\xMind\xMind\xmind\build\native\Release\agentflow_process_configuration_contract.exe
2026-10-10T06:41:52.4194954Z   agentflow_mcp_oauth_service_contract.vcxproj -> D:\a\xMind\xMind\xmind\build\native\Release\agentflow_mcp_oauth_service_contract.exe
2026-10-10T06:41:53.3712632Z   agentflow_mcp_effect_contract.vcxproj -> D:\a\xMind\xMind\xmind\build\native\Release\agentflow_mcp_effect_contract.exe
2026-10-10T06:41:54.3010391Z   xmind_admin.vcxproj -> D:\a\xMind\xMind\xmind\build\native\Release\xmind_admin.exe
2026-10-10T06:41:54.5324181Z   Building Custom Rule D:/a/xMind/xMind/xmind/Native/CMakeLists.txt
2026-10-10T06:41:54.5469557Z   Building Custom Rule D:/a/xMind/xMind/xmind/Native/CMakeLists.txt
2026-10-10T06:41:54.5703406Z   Building Custom Rule D:/a/xMind/xMind/xmind/Native/CMakeLists.txt
2026-10-10T06:41:55.1793439Z   create_executor_contract.cpp
2026-10-10T06:41:55.2086101Z   approved_edit_http_fixture.cpp
2026-10-10T06:41:58.1902998Z   agentflow_agent.vcxproj -> D:\a\xMind\xMind\xmind\build\native\Release\agentflow_agent.lib
2026-10-10T06:41:58.1991903Z   Building Custom Rule D:/a/xMind/xMind/xmind/Native/CMakeLists.txt
2026-10-10T06:42:04.9014781Z   edit_executor_contract.cpp
2026-10-10T06:42:14.3207613Z   Building Custom Rule D:/a/xMind/xMind/xmind/Native/CMakeLists.txt
2026-10-10T06:42:14.3245336Z   patch_tool_contract.cpp
2026-10-10T06:42:14.3404000Z   xmind_cli.vcxproj -> D:\a\xMind\xMind\xmind\build\native\Release\xmind_cli.exe
2026-10-10T06:42:14.3533488Z   agentflow_approved_edit_http_fixture.vcxproj -> D:\a\xMind\xMind\xmind\build\native\Release\agentflow_approved_edit_http_fixture.exe
2026-10-10T06:42:14.4949462Z   patch_executor_contract.cpp
2026-10-10T06:42:14.5618185Z   agentflow_create_executor_contract.vcxproj -> D:\a\xMind\xMind\xmind\build\native\Release\agentflow_create_executor_contract.exe
2026-10-10T06:42:14.6049605Z   Building Custom Rule D:/a/xMind/xMind/xmind/Native/CMakeLists.txt
2026-10-10T06:42:14.9559810Z   agentflow_edit_executor_contract.vcxproj -> D:\a\xMind\xMind\xmind\build\native\Release\agentflow_edit_executor_contract.exe
2026-10-10T06:42:15.1085390Z   patch_file_executor_contract.cpp
2026-10-10T06:42:17.0158821Z   agentflow_patch_tool_contract.vcxproj -> D:\a\xMind\xMind\xmind\build\native\Release\agentflow_patch_tool_contract.exe
2026-10-10T06:42:17.2871148Z   Building Custom Rule D:/a/xMind/xMind/xmind/Native/CMakeLists.txt
2026-10-10T06:42:17.2962775Z   Building Custom Rule D:/a/xMind/xMind/xmind/Native/CMakeLists.txt
2026-10-10T06:42:17.3387017Z   Building Custom Rule D:/a/xMind/xMind/xmind/Native/CMakeLists.txt
2026-10-10T06:42:17.3600854Z   Building Custom Rule D:/a/xMind/xMind/xmind/Native/CMakeLists.txt
2026-10-10T06:42:17.4515730Z   Building Custom Rule D:/a/xMind/xMind/xmind/Native/CMakeLists.txt
2026-10-10T06:42:17.6247871Z   Building Custom Rule D:/a/xMind/xMind/xmind/Native/CMakeLists.txt
2026-10-10T06:42:17.9391371Z   Building Custom Rule D:/a/xMind/xMind/xmind/Native/CMakeLists.txt
2026-10-10T06:42:17.9499102Z   Building Custom Rule D:/a/xMind/xMind/xmind/Native/CMakeLists.txt
2026-10-10T06:42:18.1055873Z   Building Custom Rule D:/a/xMind/xMind/xmind/Native/CMakeLists.txt
2026-10-10T06:42:18.2744783Z   Building Custom Rule D:/a/xMind/xMind/xmind/Native/CMakeLists.txt
2026-10-10T06:42:18.4461781Z   Building Custom Rule D:/a/xMind/xMind/xmind/Native/CMakeLists.txt
2026-10-10T06:42:18.6029327Z   Building Custom Rule D:/a/xMind/xMind/xmind/Native/CMakeLists.txt
2026-10-10T06:42:18.7922635Z   Building Custom Rule D:/a/xMind/xMind/xmind/Native/CMakeLists.txt
2026-10-10T06:42:19.1455657Z   native_delegation_contract.cpp
2026-10-10T06:42:19.1946107Z   dynamic_plan_engine_contract.cpp
2026-10-10T06:42:19.4332636Z   native_child_executor_contract.cpp
2026-10-10T06:42:37.6427613Z   graph_children_contract.cpp
2026-10-10T06:42:38.1099680Z   agentflow_graph_execution.vcxproj -> D:\a\xMind\xMind\xmind\build\native\Release\agentflow_graph_execution.lib
2026-10-10T06:42:39.9836446Z   agentflow_dynamic_plan_engine_contract.vcxproj -> D:\a\xMind\xMind\xmind\build\native\Release\agentflow_dynamic_plan_engine_contract.exe
2026-10-10T06:42:40.4165647Z   context_control_contract.cpp
2026-10-10T06:42:59.0218105Z   agentflow_native_delegation_contract.vcxproj -> D:\a\xMind\xMind\xmind\build\native\Release\agentflow_native_delegation_contract.exe
2026-10-10T06:43:01.1369681Z   agent_authority_contract.cpp
2026-10-10T06:43:01.5282705Z   agentflow_graph_children_contract.vcxproj -> D:\a\xMind\xMind\xmind\build\native\Release\agentflow_graph_children_contract.exe
2026-10-10T06:43:03.3869055Z   agentflow_context_control_contract.vcxproj -> D:\a\xMind\xMind\xmind\build\native\Release\agentflow_context_control_contract.exe
2026-10-10T06:43:07.8155358Z   agent_service_contract.cpp
2026-10-10T06:43:09.3405612Z   agent_runner_contract.cpp
2026-10-10T06:43:10.7547490Z   agentflow_agent_authority_contract.vcxproj -> D:\a\xMind\xMind\xmind\build\native\Release\agentflow_agent_authority_contract.exe
2026-10-10T06:43:12.6519120Z   gemini_agent_contract.cpp
2026-10-10T06:43:21.9935663Z   agentflow_agent_service_contract.vcxproj -> D:\a\xMind\xMind\xmind\build\native\Release\agentflow_agent_service_contract.exe
2026-10-10T06:43:25.2744060Z   dynamic_plan_mcp_contract.cpp
2026-10-10T06:43:25.2963190Z   deepseek_provider_contract.cpp
2026-10-10T06:43:25.2967702Z   agentflow_gemini_agent_contract.vcxproj -> D:\a\xMind\xMind\xmind\build\native\Release\agentflow_gemini_agent_contract.exe
2026-10-10T06:43:25.3581601Z   agentflow_patch_executor_contract.vcxproj -> D:\a\xMind\xMind\xmind\build\native\Release\agentflow_patch_executor_contract.exe
2026-10-10T06:43:31.0389189Z   agentflow_agent_runner_contract.vcxproj -> D:\a\xMind\xMind\xmind\build\native\Release\agentflow_agent_runner_contract.exe
2026-10-10T06:43:37.9336018Z   context_engine_contract.cpp
2026-10-10T06:43:38.2777643Z   anthropic_agent_contract.cpp
2026-10-10T06:43:48.5830132Z   Building Custom Rule D:/a/xMind/xMind/xmind/Native/CMakeLists.txt
2026-10-10T06:43:48.7504720Z   Building Custom Rule D:/a/xMind/xMind/xmind/Native/CMakeLists.txt
2026-10-10T06:43:48.7892150Z   agentflow_dynamic_plan_mcp_contract.vcxproj -> D:\a\xMind\xMind\xmind\build\native\Release\agentflow_dynamic_plan_mcp_contract.exe
2026-10-10T06:43:51.4371792Z   graph_runner_contract.cpp
2026-10-10T06:43:51.4686655Z   agentflow_runtime.vcxproj -> D:\a\xMind\xMind\xmind\build\native\Release\agentflow_runtime.lib
2026-10-10T06:43:51.4932310Z   Building Custom Rule D:/a/xMind/xMind/xmind/Native/CMakeLists.txt
2026-10-10T06:43:56.1012979Z   context_graph_engine_contract.cpp
2026-10-10T06:43:56.1349123Z   graph_mcp_contract.cpp
2026-10-10T06:43:56.1639004Z   agentflow_context_engine_contract.vcxproj -> D:\a\xMind\xMind\xmind\build\native\Release\agentflow_context_engine_contract.exe
2026-10-10T06:43:56.3998703Z   agentflow_patch_file_executor_contract.vcxproj -> D:\a\xMind\xMind\xmind\build\native\Release\agentflow_patch_file_executor_contract.exe
2026-10-10T06:43:56.4092554Z   agentflow_deepseek_provider_contract.vcxproj -> D:\a\xMind\xMind\xmind\build\native\Release\agentflow_deepseek_provider_contract.exe
2026-10-10T06:44:14.1130325Z   Building Custom Rule D:/a/xMind/xMind/xmind/Native/CMakeLists.txt
2026-10-10T06:44:14.1136295Z   Building Custom Rule D:/a/xMind/xMind/xmind/Native/CMakeLists.txt
2026-10-10T06:44:14.1389350Z   Building Custom Rule D:/a/xMind/xMind/xmind/Native/CMakeLists.txt
2026-10-10T06:44:14.1725035Z   Building Custom Rule D:/a/xMind/xMind/xmind/Native/CMakeLists.txt
2026-10-10T06:44:14.1767023Z   Building Custom Rule D:/a/xMind/xMind/xmind/Native/CMakeLists.txt
2026-10-10T06:44:15.4407385Z   agentflow_anthropic_agent_contract.vcxproj -> D:\a\xMind\xMind\xmind\build\native\Release\agentflow_anthropic_agent_contract.exe
2026-10-10T06:44:15.6838073Z   backend_owner_http_contract.cpp
2026-10-10T06:44:15.7860833Z   agentflow_graph_runner_contract.vcxproj -> D:\a\xMind\xMind\xmind\build\native\Release\agentflow_graph_runner_contract.exe
2026-10-10T06:44:29.4679703Z   provider_yaml_config_contract.cpp
2026-10-10T06:44:29.4711487Z   agentflow_graph_mcp_contract.vcxproj -> D:\a\xMind\xMind\xmind\build\native\Release\agentflow_graph_mcp_contract.exe
2026-10-10T06:44:29.4776912Z   provider_setup_contract.cpp
2026-10-10T06:44:29.4805621Z   deepseek_profile_runtime_contract.cpp
2026-10-10T06:44:29.4825584Z   Building Custom Rule D:/a/xMind/xMind/xmind/Native/CMakeLists.txt
2026-10-10T06:44:40.4623341Z   agentflow_native_child_executor_contract.vcxproj -> D:\a\xMind\xMind\xmind\build\native\Release\agentflow_native_child_executor_contract.exe
2026-10-10T06:44:44.0244581Z   agentflow_backend_owner_http_contract.vcxproj -> D:\a\xMind\xMind\xmind\build\native\Release\agentflow_backend_owner_http_contract.exe
2026-10-10T06:44:48.0829158Z   provider_profiles_contract.cpp
2026-10-10T06:44:48.0963154Z   agentflow_provider_yaml_config_contract.vcxproj -> D:\a\xMind\xMind\xmind\build\native\Release\agentflow_provider_yaml_config_contract.exe
2026-10-10T06:44:49.0266421Z   Building Custom Rule D:/a/xMind/xMind/xmind/Native/CMakeLists.txt
2026-10-10T06:44:49.0764329Z   provider_profile_cli_contract.cpp
2026-10-10T06:44:49.2737431Z   Building Custom Rule D:/a/xMind/xMind/xmind/Native/CMakeLists.txt
2026-10-10T06:44:49.3268091Z   Building Custom Rule D:/a/xMind/xMind/xmind/Native/CMakeLists.txt
2026-10-10T06:44:49.9775169Z   provider_model_policy_runtime_contract.cpp
2026-10-10T06:44:50.1905371Z   agentflow_context_graph_engine_contract.vcxproj -> D:\a\xMind\xMind\xmind\build\native\Release\agentflow_context_graph_engine_contract.exe
2026-10-10T06:44:50.2240993Z   gemini_catalogue_contract.cpp
2026-10-10T06:44:52.7476977Z   agentflow_deepseek_profile_runtime_contract.vcxproj -> D:\a\xMind\xMind\xmind\build\native\Release\agentflow_deepseek_profile_runtime_contract.exe
2026-10-10T06:44:52.9492864Z   agentflow_provider_setup_contract.vcxproj -> D:\a\xMind\xMind\xmind\build\native\Release\agentflow_provider_setup_contract.exe
2026-10-10T06:44:53.3370988Z   provider_profile_runtime_contract.cpp
2026-10-10T06:44:55.9785079Z   Building Custom Rule D:/a/xMind/xMind/xmind/Native/CMakeLists.txt
2026-10-10T06:45:02.0732539Z   server_main.cpp
2026-10-10T06:45:18.6523854Z   agentflow_provider_profiles_contract.vcxproj -> D:\a\xMind\xMind\xmind\build\native\Release\agentflow_provider_profiles_contract.exe
2026-10-10T06:45:18.8508379Z   xmind.vcxproj -> D:\a\xMind\xMind\xmind\build\native\Release\xmind.exe
2026-10-10T06:45:19.2999329Z   agentflow_gemini_catalogue_contract.vcxproj -> D:\a\xMind\xMind\xmind\build\native\Release\agentflow_gemini_catalogue_contract.exe
2026-10-10T06:45:20.4467507Z   agentflow_provider_model_policy_runtime_contract.vcxproj -> D:\a\xMind\xMind\xmind\build\native\Release\agentflow_provider_model_policy_runtime_contract.exe
2026-10-10T06:45:22.4657951Z   agentflow_provider_profile_cli_contract.vcxproj -> D:\a\xMind\xMind\xmind\build\native\Release\agentflow_provider_profile_cli_contract.exe
2026-10-10T06:45:22.8351198Z   Building Custom Rule D:/a/xMind/xMind/xmind/Native/CMakeLists.txt
2026-10-10T06:45:23.0509436Z   gemini_profile_runtime_contract.cpp
2026-10-10T06:45:26.8877608Z   agentflow_provider_profile_runtime_contract.vcxproj -> D:\a\xMind\xMind\xmind\build\native\Release\agentflow_provider_profile_runtime_contract.exe
2026-10-10T06:45:30.8772498Z   xmind_server.vcxproj -> D:\a\xMind\xMind\xmind\build\native\Release\xmind_server.exe
2026-10-10T06:45:42.9201325Z   agentflow_gemini_profile_runtime_contract.vcxproj -> D:\a\xMind\xMind\xmind\build\native\Release\agentflow_gemini_profile_runtime_contract.exe
2026-10-10T06:45:43.2155862Z   Building Custom Rule D:/a/xMind/xMind/xmind/Native/CMakeLists.txt
2026-10-10T06:45:43.6599621Z Test project D:/a/xMind/xMind/xmind/build/native
2026-10-10T06:45:43.6761917Z         Start   1: native_json_schema_contract
2026-10-10T06:45:43.6959417Z   1/114 Test   #1: native_json_schema_contract .....................   Passed    0.02 sec
2026-10-10T06:45:43.6964235Z         Start   2: native_mcp_wire_contract
2026-10-10T06:45:43.7244665Z   2/114 Test   #2: native_mcp_wire_contract ........................   Passed    0.03 sec
2026-10-10T06:45:43.7248468Z         Start   3: model_stream_protocol_contract
2026-10-10T06:45:43.8108860Z   3/114 Test   #3: model_stream_protocol_contract ..................   Passed    0.09 sec
2026-10-10T06:45:43.8113019Z         Start   4: model_request_contract
2026-10-10T06:45:43.8297329Z   4/114 Test   #4: model_request_contract ..........................   Passed    0.02 sec
2026-10-10T06:45:43.8300802Z         Start   5: native_context_selection_contract
2026-10-10T06:45:43.8440257Z   5/114 Test   #5: native_context_selection_contract ...............   Passed    0.01 sec
2026-10-10T06:45:43.8443479Z         Start   6: native_gemini_request_contract
2026-10-10T06:45:44.0495294Z   6/114 Test   #6: native_gemini_request_contract ..................   Passed    0.20 sec
2026-10-10T06:45:44.0499209Z         Start   7: native_gemini_stream_contract
2026-10-10T06:45:44.0772901Z   7/114 Test   #7: native_gemini_stream_contract ...................   Passed    0.03 sec
2026-10-10T06:45:44.0777591Z         Start   8: native_gemini_history_contract
2026-10-10T06:45:44.2593537Z   8/114 Test   #8: native_gemini_history_contract ..................   Passed    0.18 sec
2026-10-10T06:45:44.2597279Z         Start   9: native_anthropic_request_contract
2026-10-10T06:45:44.2728289Z   9/114 Test   #9: native_anthropic_request_contract ...............   Passed    0.01 sec
2026-10-10T06:45:44.2732532Z         Start  10: native_anthropic_stream_contract
2026-10-10T06:45:44.4024271Z  10/114 Test  #10: native_anthropic_stream_contract ................   Passed    0.13 sec
2026-10-10T06:45:44.4028803Z         Start  11: native_anthropic_history_contract
2026-10-10T06:45:44.8533233Z  11/114 Test  #11: native_anthropic_history_contract ...............   Passed    0.45 sec
2026-10-10T06:45:44.8537173Z         Start  12: native_responses_protocol_contract
2026-10-10T06:45:45.0088850Z  12/114 Test  #12: native_responses_protocol_contract ..............   Passed    0.15 sec
2026-10-10T06:45:45.0093062Z         Start  13: native_dynamic_plan_contract
2026-10-10T06:45:45.0456763Z  13/114 Test  #13: native_dynamic_plan_contract ....................   Passed    0.04 sec
2026-10-10T06:45:45.0461000Z         Start  14: native_agent_authority_contract
2026-10-10T06:45:45.0640892Z  14/114 Test  #14: native_agent_authority_contract .................   Passed    0.02 sec
2026-10-10T06:45:45.0644697Z         Start  15: native_dynamic_plan_repository_contract
2026-10-10T06:45:51.3512829Z  15/114 Test  #15: native_dynamic_plan_repository_contract .........   Passed    6.29 sec
2026-10-10T06:45:51.3517088Z         Start  16: native_context_repository_contract
2026-10-10T06:45:59.6350013Z  16/114 Test  #16: native_context_repository_contract ..............   Passed    8.28 sec
2026-10-10T06:45:59.6355540Z         Start  17: native_context_control_contract
2026-10-10T06:46:04.9854643Z  17/114 Test  #17: native_context_control_contract .................   Passed    5.35 sec
2026-10-10T06:46:04.9860463Z         Start  18: native_context_cli_contract
2026-10-10T06:46:05.3656343Z  18/114 Test  #18: native_context_cli_contract .....................   Passed    0.38 sec
2026-10-10T06:46:05.3660733Z         Start  19: native_context_engine_contract
2026-10-10T06:46:24.7026746Z  19/114 Test  #19: native_context_engine_contract ..................   Passed   19.34 sec
2026-10-10T06:46:24.7028147Z         Start  20: native_context_graph_engine_contract
2026-10-10T06:46:30.3350894Z  20/114 Test  #20: native_context_graph_engine_contract ............   Passed    5.63 sec
2026-10-10T06:46:30.3355655Z         Start  21: native_provider_yaml_config_contract
2026-10-10T06:46:32.1540031Z  21/114 Test  #21: native_provider_yaml_config_contract ............   Passed    1.82 sec
2026-10-10T06:46:32.1546252Z         Start  22: native_planning_http_contract
2026-10-10T06:46:33.3113636Z  22/114 Test  #22: native_planning_http_contract ...................   Passed    1.16 sec
2026-10-10T06:46:33.3117977Z         Start  23: native_child_executor_contract
2026-10-10T06:46:34.1233888Z  23/114 Test  #23: native_child_executor_contract ..................   Passed    0.81 sec
2026-10-10T06:46:34.1237618Z         Start  24: native_dynamic_plan_engine_contract
2026-10-10T06:46:39.8689222Z  24/114 Test  #24: native_dynamic_plan_engine_contract .............   Passed    5.74 sec
2026-10-10T06:46:39.8695023Z         Start  25: native_dynamic_plan_mcp_contract
2026-10-10T06:46:47.5491936Z  25/114 Test  #25: native_dynamic_plan_mcp_contract ................   Passed    7.68 sec
2026-10-10T06:46:47.5496010Z         Start  26: native_secret_protection_contract
2026-10-10T06:46:47.5640685Z  26/114 Test  #26: native_secret_protection_contract ...............   Passed    0.01 sec
2026-10-10T06:46:47.5644781Z         Start  27: native_a2a_task_control_http_contract
2026-10-10T06:46:49.2689086Z  27/114 Test  #27: native_a2a_task_control_http_contract ...........   Passed    1.70 sec
2026-10-10T06:46:49.2693153Z         Start  28: native_a2a_message_http_contract
2026-10-10T06:46:49.7998061Z  28/114 Test  #28: native_a2a_message_http_contract ................   Passed    0.53 sec
2026-10-10T06:46:49.8003768Z         Start  29: native_a2a_stream_http_contract
2026-10-10T06:46:52.6095581Z  29/114 Test  #29: native_a2a_stream_http_contract .................   Passed    2.81 sec
2026-10-10T06:46:52.6099830Z         Start  30: native_a2a_v1_http_contract
2026-10-10T06:46:53.8081274Z  30/114 Test  #30: native_a2a_v1_http_contract .....................   Passed    1.20 sec
2026-10-10T06:46:53.8085932Z         Start  31: native_responses_agent_http_contract
2026-10-10T06:47:02.3641185Z  31/114 Test  #31: native_responses_agent_http_contract ............   Passed    8.55 sec
2026-10-10T06:47:02.3646343Z         Start  32: native_graph_service_http_contract
2026-10-10T06:47:09.9370588Z  32/114 Test  #32: native_graph_service_http_contract ..............   Passed    7.57 sec
2026-10-10T06:47:09.9375143Z         Start  33: native_provider_cli_contract
2026-10-10T06:47:11.7321199Z  33/114 Test  #33: native_provider_cli_contract ....................   Passed    1.79 sec
2026-10-10T06:47:11.7326264Z         Start  34: native_provider_setup_contract
2026-10-10T06:47:12.9162205Z  34/114 Test  #34: native_provider_setup_contract ..................   Passed    1.18 sec
2026-10-10T06:47:12.9167298Z         Start  35: native_graph_runner_contract
2026-10-10T06:47:17.6398684Z  35/114 Test  #35: native_graph_runner_contract ....................   Passed    4.72 sec
2026-10-10T06:47:17.6402630Z         Start  36: native_graph_mcp_contract
2026-10-10T06:47:26.7728106Z  36/114 Test  #36: native_graph_mcp_contract .......................   Passed    9.13 sec
2026-10-10T06:47:26.7732679Z         Start  37: native_graph_mcp_http_contract
2026-10-10T06:47:30.1419971Z  37/114 Test  #37: native_graph_mcp_http_contract ..................   Passed    3.37 sec
2026-10-10T06:47:30.1426614Z         Start  38: native_delegation_contract
2026-10-10T06:47:36.4972021Z  38/114 Test  #38: native_delegation_contract ......................   Passed    6.35 sec
2026-10-10T06:47:36.4976066Z         Start  39: native_delegation_http_contract
2026-10-10T06:47:42.7115095Z  39/114 Test  #39: native_delegation_http_contract .................   Passed    6.21 sec
2026-10-10T06:47:42.7116706Z         Start  40: native_graph_checkpoint_contract
2026-10-10T06:47:49.2271989Z  40/114 Test  #40: native_graph_checkpoint_contract ................   Passed    6.51 sec
2026-10-10T06:47:49.2276888Z         Start  41: native_graph_children_contract
2026-10-10T06:47:50.3472089Z  41/114 Test  #41: native_graph_children_contract ..................   Passed    1.12 sec
2026-10-10T06:47:50.3475918Z         Start  42: native_graph_contract
2026-10-10T06:47:51.2384936Z  42/114 Test  #42: native_graph_contract ...........................   Passed    0.89 sec
2026-10-10T06:47:51.2389425Z         Start  43: native_instruction_configuration_contract
2026-10-10T06:47:51.7306485Z  43/114 Test  #43: native_instruction_configuration_contract .......   Passed    0.49 sec
2026-10-10T06:47:51.7310035Z         Start  44: native_process_configuration_contract
2026-10-10T06:47:52.0172317Z  44/114 Test  #44: native_process_configuration_contract ...........   Passed    0.29 sec
2026-10-10T06:47:52.0176027Z         Start  45: native_process_executor_contract
2026-10-10T06:47:59.7742000Z  45/114 Test  #45: native_process_executor_contract ................   Passed    7.76 sec
2026-10-10T06:47:59.7747537Z         Start  46: native_agent_process_http_contract
2026-10-10T06:48:05.6397227Z  46/114 Test  #46: native_agent_process_http_contract ..............   Passed    5.86 sec
2026-10-10T06:48:05.6402430Z         Start  47: native_process_adapter_contract
2026-10-10T06:48:09.9784675Z  47/114 Test  #47: native_process_adapter_contract .................   Passed    4.34 sec
2026-10-10T06:48:09.9790389Z         Start  48: native_mcp_configuration_contract
2026-10-10T06:48:10.3834206Z  48/114 Test  #48: native_mcp_configuration_contract ...............   Passed    0.40 sec
2026-10-10T06:48:10.3839195Z         Start  49: native_mcp_oauth_credentials_contract
2026-10-10T06:48:10.6472951Z  49/114 Test  #49: native_mcp_oauth_credentials_contract ...........   Passed    0.26 sec
2026-10-10T06:48:10.6478041Z         Start  50: native_mcp_oauth_service_contract
2026-10-10T06:48:12.1760236Z  50/114 Test  #50: native_mcp_oauth_service_contract ...............   Passed    1.53 sec
2026-10-10T06:48:12.1765189Z         Start  51: native_mcp_authorization_cli_contract
2026-10-10T06:48:13.5489554Z  51/114 Test  #51: native_mcp_authorization_cli_contract ...........   Passed    1.37 sec
2026-10-10T06:48:13.5491068Z         Start  52: native_schema_worker_contract
2026-10-10T06:48:15.9868881Z  52/114 Test  #52: native_schema_worker_contract ...................   Passed    2.44 sec
2026-10-10T06:48:15.9873417Z         Start  53: native_mcp_stdio_contract
2026-10-10T06:48:19.1468827Z  53/114 Test  #53: native_mcp_stdio_contract .......................   Passed    3.16 sec
2026-10-10T06:48:19.1473509Z         Start  54: native_mcp_handshake_contract
2026-10-10T06:48:20.1447337Z  54/114 Test  #54: native_mcp_handshake_contract ...................   Passed    1.00 sec
2026-10-10T06:48:20.1450804Z         Start  55: native_mcp_client_contract
2026-10-10T06:48:21.2881956Z  55/114 Test  #55: native_mcp_client_contract ......................   Passed    1.14 sec
2026-10-10T06:48:21.2885430Z         Start  56: native_mcp_effect_contract
2026-10-10T06:48:31.0216082Z  56/114 Test  #56: native_mcp_effect_contract ......................   Passed    9.73 sec
2026-10-10T06:48:31.0217099Z         Start  57: native_agent_service_contract
2026-10-10T06:48:32.1300221Z  57/114 Test  #57: native_agent_service_contract ...................   Passed    1.11 sec
2026-10-10T06:48:32.1303648Z         Start  58: native_agent_runner_contract
2026-10-10T06:48:38.9956465Z  58/114 Test  #58: native_agent_runner_contract ....................   Passed    6.86 sec
2026-10-10T06:48:38.9961057Z         Start  59: native_gemini_agent_contract
2026-10-10T06:48:39.8164808Z  59/114 Test  #59: native_gemini_agent_contract ....................   Passed    0.82 sec
2026-10-10T06:48:39.8170172Z         Start  60: native_anthropic_agent_contract
2026-10-10T06:48:41.1076214Z  60/114 Test  #60: native_anthropic_agent_contract .................   Passed    1.29 sec
2026-10-10T06:48:41.1080895Z         Start  61: native_file_patch_contract
2026-10-10T06:48:41.1283028Z  61/114 Test  #61: native_file_patch_contract ......................   Passed    0.02 sec
2026-10-10T06:48:41.1287460Z         Start  62: native_skill_state_contract
2026-10-10T06:48:41.6868615Z  62/114 Test  #62: native_skill_state_contract .....................   Passed    0.56 sec
2026-10-10T06:48:41.6872681Z         Start  63: native_skill_catalogue_contract
2026-10-10T06:48:44.7336522Z  63/114 Test  #63: native_skill_catalogue_contract .................   Passed    3.05 sec
2026-10-10T06:48:44.7341157Z         Start  64: native_create_executor_contract
2026-10-10T06:48:46.4487425Z  64/114 Test  #64: native_create_executor_contract .................   Passed    1.71 sec
2026-10-10T06:48:46.4492236Z         Start  65: native_edit_executor_contract
2026-10-10T06:48:47.2745782Z  65/114 Test  #65: native_edit_executor_contract ...................   Passed    0.82 sec
2026-10-10T06:48:47.2750438Z         Start  66: native_patch_file_executor_contract
2026-10-10T06:48:48.8920751Z  66/114 Test  #66: native_patch_file_executor_contract .............   Passed    1.62 sec
2026-10-10T06:48:48.8923656Z         Start  67: native_patch_executor_contract
2026-10-10T06:48:50.7732529Z  67/114 Test  #67: native_patch_executor_contract ..................   Passed    1.88 sec
2026-10-10T06:48:50.7736786Z         Start  68: native_patch_tool_contract
2026-10-10T06:48:51.8087058Z  68/114 Test  #68: native_patch_tool_contract ......................   Passed    1.03 sec
2026-10-10T06:48:51.8092591Z         Start  69: native_approved_edit_http_contract
2026-10-10T06:48:53.2443125Z  69/114 Test  #69: native_approved_edit_http_contract ..............   Passed    1.43 sec
2026-10-10T06:48:53.2448655Z         Start  70: native_workspace_tools_contract
2026-10-10T06:48:57.5350181Z  70/114 Test  #70: native_workspace_tools_contract .................   Passed    4.29 sec
2026-10-10T06:48:57.5355542Z         Start  71: native_repository_instructions_contract
2026-10-10T06:48:58.1330422Z  71/114 Test  #71: native_repository_instructions_contract .........   Passed    0.60 sec
2026-10-10T06:48:58.1334127Z         Start  72: native_skill_context_contract
2026-10-10T06:48:59.2457239Z  72/114 Test  #72: native_skill_context_contract ...................   Passed    1.11 sec
2026-10-10T06:48:59.2461563Z         Start  73: native_chat_provider_contract
2026-10-10T06:48:59.4049614Z  73/114 Test  #73: native_chat_provider_contract ...................   Passed    0.16 sec
2026-10-10T06:48:59.4054042Z         Start  74: native_gemini_provider_contract
2026-10-10T06:48:59.6117304Z  74/114 Test  #74: native_gemini_provider_contract .................   Passed    0.21 sec
2026-10-10T06:48:59.6122072Z         Start  75: native_deepseek_provider_contract
2026-10-10T06:49:08.7699084Z  75/114 Test  #75: native_deepseek_provider_contract ...............   Passed    9.16 sec
2026-10-10T06:49:08.7703342Z         Start  76: native_deepseek_profile_runtime_contract
2026-10-10T06:49:09.8008564Z  76/114 Test  #76: native_deepseek_profile_runtime_contract ........   Passed    1.03 sec
2026-10-10T06:49:09.8013107Z         Start  77: native_provider_model_policy_runtime_contract
2026-10-10T06:49:11.0436348Z  77/114 Test  #77: native_provider_model_policy_runtime_contract ...   Passed    1.24 sec
2026-10-10T06:49:11.0441206Z         Start  78: native_anthropic_provider_contract
2026-10-10T06:49:11.2363250Z  78/114 Test  #78: native_anthropic_provider_contract ..............   Passed    0.19 sec
2026-10-10T06:49:11.2368281Z         Start  79: native_mcp_oauth_callback_contract
2026-10-10T06:49:12.1313034Z  79/114 Test  #79: native_mcp_oauth_callback_contract ..............   Passed    0.89 sec
2026-10-10T06:49:12.1317144Z         Start  80: native_responses_context_contract
2026-10-10T06:49:13.4755375Z  80/114 Test  #80: native_responses_context_contract ...............   Passed    1.34 sec
2026-10-10T06:49:13.4760395Z         Start  81: native_http_stream_transport_contract
2026-10-10T06:49:24.8705473Z  81/114 Test  #81: native_http_stream_transport_contract ...........   Passed   11.39 sec
2026-10-10T06:49:24.8710882Z         Start  82: native_agent_http_contract
2026-10-10T06:49:31.4460909Z  82/114 Test  #82: native_agent_http_contract ......................   Passed    6.57 sec
2026-10-10T06:49:31.4465856Z         Start  83: native_agent_edit_http_contract
2026-10-10T06:49:42.5484190Z  83/114 Test  #83: native_agent_edit_http_contract .................   Passed   11.10 sec
2026-10-10T06:49:42.5489619Z         Start  84: native_agent_patch_http_contract
2026-10-10T06:49:47.5362708Z  84/114 Test  #84: native_agent_patch_http_contract ................   Passed    4.99 sec
2026-10-10T06:49:47.5366764Z         Start  85: native_agent_mcp_http_contract
2026-10-10T06:49:50.3860617Z  85/114 Test  #85: native_agent_mcp_http_contract ..................   Passed    2.85 sec
2026-10-10T06:49:50.3865776Z         Start  86: native_mcp_sdk_modern_contract
2026-10-10T06:49:54.3723812Z  86/114 Test  #86: native_mcp_sdk_modern_contract ..................   Passed    3.99 sec
2026-10-10T06:49:54.3727891Z         Start  87: native_mcp_sdk_legacy_contract
2026-10-10T06:49:58.6156508Z  87/114 Test  #87: native_mcp_sdk_legacy_contract ..................   Passed    4.24 sec
2026-10-10T06:49:58.6161382Z         Start  88: native_http_cli_contract
2026-10-10T06:50:01.4497422Z  88/114 Test  #88: native_http_cli_contract ........................   Passed    2.83 sec
2026-10-10T06:50:01.4502829Z         Start  89: native_unified_program_contract
2026-10-10T06:50:02.7808709Z  89/114 Test  #89: native_unified_program_contract .................   Passed    1.33 sec
2026-10-10T06:50:02.7812708Z         Start  90: native_unified_patch_http_contract
2026-10-10T06:50:07.5201433Z  90/114 Test  #90: native_unified_patch_http_contract ..............   Passed    4.74 sec
2026-10-10T06:50:07.5207134Z         Start  91: native_unified_graph_http_contract
2026-10-10T06:50:24.2511458Z  91/114 Test  #91: native_unified_graph_http_contract ..............   Passed   16.73 sec
2026-10-10T06:50:24.2516932Z         Start  92: native_unified_mcp_http_contract
2026-10-10T06:50:28.0411722Z  92/114 Test  #92: native_unified_mcp_http_contract ................   Passed    3.79 sec
2026-10-10T06:50:28.0416514Z         Start  93: native_console_workspace_contract
2026-10-10T06:50:29.1346309Z  93/114 Test  #93: native_console_workspace_contract ...............   Passed    1.09 sec
2026-10-10T06:50:29.1351810Z         Start  94: native_local_profile_contract
2026-10-10T06:51:08.7133079Z  94/114 Test  #94: native_local_profile_contract ...................   Passed   39.58 sec
2026-10-10T06:51:08.7133978Z         Start  95: native_local_view_contract
2026-10-10T06:52:00.1358145Z  95/114 Test  #95: native_local_view_contract ......................   Passed   51.42 sec
2026-10-10T06:52:00.1360837Z         Start  96: embedded_xlang_sqlite_contract
2026-10-10T06:52:00.1718852Z  96/114 Test  #96: embedded_xlang_sqlite_contract ..................   Passed    0.04 sec
2026-10-10T06:52:00.1722487Z         Start  97: native_incoming_repository_contract
2026-10-10T06:52:00.8331200Z  97/114 Test  #97: native_incoming_repository_contract .............   Passed    0.66 sec
2026-10-10T06:52:00.8335800Z         Start  98: native_task_list_repository_contract
2026-10-10T06:52:01.5774964Z  98/114 Test  #98: native_task_list_repository_contract ............   Passed    0.74 sec
2026-10-10T06:52:01.5778674Z         Start  99: native_permission_waiter_contract
2026-10-10T06:52:02.4839208Z  99/114 Test  #99: native_permission_waiter_contract ...............   Passed    0.91 sec
2026-10-10T06:52:02.4843238Z         Start 100: native_operation_repository_contract
2026-10-10T06:52:04.3671848Z 100/114 Test #100: native_operation_repository_contract ............   Passed    1.88 sec
2026-10-10T06:52:04.3676517Z         Start 101: xlang_repository_contract
2026-10-10T06:52:04.8025811Z 101/114 Test #101: xlang_repository_contract .......................   Passed    0.43 sec
2026-10-10T06:52:04.8028453Z         Start 102: persistence_service_contract
2026-10-10T06:52:07.5555923Z 102/114 Test #102: persistence_service_contract ....................   Passed    2.75 sec
2026-10-10T06:52:07.5560116Z         Start 103: native_backend_owner_contract
2026-10-10T06:52:10.3260278Z 103/114 Test #103: native_backend_owner_contract ...................   Passed    2.77 sec
2026-10-10T06:52:10.3264666Z         Start 104: native_legacy_owner_contract
2026-10-10T06:52:11.1092442Z 104/114 Test #104: native_legacy_owner_contract ....................   Passed    0.78 sec
2026-10-10T06:52:11.1096122Z         Start 105: native_owner_process_contract
2026-10-10T06:52:11.2961796Z 105/114 Test #105: native_owner_process_contract ...................   Passed    0.19 sec
2026-10-10T06:52:11.2962784Z         Start 106: native_runtime_generation_contract
2026-10-10T06:52:13.7296111Z 106/114 Test #106: native_runtime_generation_contract ..............   Passed    2.43 sec
2026-10-10T06:52:13.7301719Z         Start 107: native_backend_owner_http_contract
2026-10-10T06:52:15.0611629Z 107/114 Test #107: native_backend_owner_http_contract ..............   Passed    1.33 sec
2026-10-10T06:52:15.0616850Z         Start 108: native_backend_handoff_contract
2026-10-10T06:52:18.4750049Z 108/114 Test #108: native_backend_handoff_contract .................   Passed    3.41 sec
2026-10-10T06:52:18.4754637Z         Start 109: native_provider_profiles_contract
2026-10-10T06:52:19.0832875Z 109/114 Test #109: native_provider_profiles_contract ...............   Passed    0.61 sec
2026-10-10T06:52:19.0836943Z         Start 110: native_provider_profile_runtime_contract
2026-10-10T06:52:23.6072458Z 110/114 Test #110: native_provider_profile_runtime_contract ........   Passed    4.52 sec
2026-10-10T06:52:23.6077380Z         Start 111: native_provider_profile_cli_contract
2026-10-10T06:52:27.0109373Z 111/114 Test #111: native_provider_profile_cli_contract ............   Passed    3.40 sec
2026-10-10T06:52:27.0113779Z         Start 112: native_gemini_catalogue_contract
2026-10-10T06:52:37.8974743Z 112/114 Test #112: native_gemini_catalogue_contract ................   Passed   10.88 sec
2026-10-10T06:52:37.8976140Z         Start 113: native_gemini_profile_runtime_contract
2026-10-10T06:52:40.0179453Z 113/114 Test #113: native_gemini_profile_runtime_contract ..........   Passed    2.12 sec
2026-10-10T06:52:40.0184148Z         Start 114: encrypted_credential_repository_contract
2026-10-10T06:52:40.9110724Z 114/114 Test #114: encrypted_credential_repository_contract ........   Passed    0.89 sec
2026-10-10T06:52:40.9125379Z 
2026-10-10T06:52:40.9126514Z 100% tests passed, 0 tests failed out of 114
2026-10-10T06:52:40.9127611Z 
2026-10-10T06:52:40.9128148Z Total Test time (real) = 417.25 sec
2026-10-10T06:52:41.2062404Z ##[group]Run npm ci --ignore-scripts
2026-10-10T06:52:41.2063219Z [36;1mnpm ci --ignore-scripts[0m
2026-10-10T06:52:41.2063846Z [36;1mif ($LASTEXITCODE -ne 0) { exit $LASTEXITCODE }[0m
2026-10-10T06:52:41.2064445Z [36;1mnpm test[0m
2026-10-10T06:52:41.2064859Z [36;1mexit $LASTEXITCODE[0m
2026-10-10T06:52:41.2179017Z shell: C:\Program Files\PowerShell\7\pwsh.EXE -command ". '{0}'"
2026-10-10T06:52:41.2179473Z ##[endgroup]
2026-10-10T06:52:46.7477175Z npm warn deprecated whatwg-encoding@3.1.1: Use @exodus/bytes instead for a more spec-conformant and faster implementation
2026-10-10T06:52:48.7126785Z npm warn deprecated prebuild-install@7.1.3: No longer maintained. Please contact the author of the relevant native addon; alternatives are available.
2026-10-10T06:52:57.9567214Z 
2026-10-10T06:52:57.9568223Z added 325 packages, and audited 326 packages in 16s
2026-10-10T06:52:57.9568819Z 
2026-10-10T06:52:57.9569138Z 93 packages are looking for funding
2026-10-10T06:52:57.9569867Z   run `npm fund` for details
2026-10-10T06:52:57.9667446Z 
2026-10-10T06:52:57.9668105Z 6 high severity vulnerabilities
2026-10-10T06:52:57.9668585Z 
2026-10-10T06:52:57.9669084Z To address all issues (including breaking changes), run:
2026-10-10T06:52:57.9669880Z   npm audit fix --force
2026-10-10T06:52:57.9670213Z 
2026-10-10T06:52:57.9670539Z Run `npm audit` for details.
2026-10-10T06:52:58.3452332Z 
2026-10-10T06:52:58.3453603Z > agentflow@0.1.5 test
2026-10-10T06:52:58.3454549Z > node --test tests/*.test.js
2026-10-10T06:52:58.3455133Z 
2026-10-10T06:52:58.4819876Z TAP version 13
2026-10-10T06:52:58.5592627Z # Subtest: browser view reuses the selected backend without exposing credentials in navigation
2026-10-10T06:52:58.5685151Z ok 1 - browser view reuses the selected backend without exposing credentials in navigation
2026-10-10T06:52:58.5686296Z   ---
2026-10-10T06:52:58.5687912Z   duration_ms: 4.4863
2026-10-10T06:52:58.5712684Z   type: 'test'
2026-10-10T06:52:58.5760153Z   ...
2026-10-10T06:52:58.5762322Z # Subtest: changing servers retires only the old view and disposal prevents reopening
2026-10-10T06:52:58.5815592Z ok 2 - changing servers retires only the old view and disposal prevents reopening
2026-10-10T06:52:58.5837731Z   ---
2026-10-10T06:52:58.5859845Z   duration_ms: 1.5274
2026-10-10T06:52:58.5959758Z   type: 'test'
2026-10-10T06:52:58.5967093Z   ...
2026-10-10T06:52:58.6026212Z # Subtest: invalid origins and tokens do not create access views or copy credentials
2026-10-10T06:52:58.6036155Z ok 3 - invalid origins and tokens do not create access views or copy credentials
2026-10-10T06:52:58.6041959Z   ---
2026-10-10T06:52:58.6095412Z   duration_ms: 0.743
2026-10-10T06:52:58.6096687Z   type: 'test'
2026-10-10T06:52:58.6099452Z   ...
2026-10-10T06:52:58.6107911Z # Subtest: context routes preserve actual supplied metrics, model/query and idempotent request/profile preconditions
2026-10-10T06:52:58.6111746Z ok 4 - context routes preserve actual supplied metrics, model/query and idempotent request/profile preconditions
2026-10-10T06:52:58.6114179Z   ---
2026-10-10T06:52:58.6115960Z   duration_ms: 9.9318
2026-10-10T06:52:58.6116831Z   type: 'test'
2026-10-10T06:52:58.6118407Z   ...
2026-10-10T06:52:58.6136432Z # Subtest: public context metadata rejects foreign identities and private/provider-window fields
2026-10-10T06:52:58.6141538Z ok 5 - public context metadata rejects foreign identities and private/provider-window fields
2026-10-10T06:52:58.6147046Z   ---
2026-10-10T06:52:58.6147496Z   duration_ms: 2.2981
2026-10-10T06:52:58.6148195Z   type: 'test'
2026-10-10T06:52:58.6149701Z   ...
2026-10-10T06:52:58.6170840Z # Subtest: shared context controller rechecks the displayed head and makes one genuine mutation with fresh profile binding
2026-10-10T06:52:58.6210512Z ok 6 - shared context controller rechecks the displayed head and makes one genuine mutation with fresh profile binding
2026-10-10T06:52:58.6222188Z   ---
2026-10-10T06:52:58.6225669Z   duration_ms: 1.7717
2026-10-10T06:52:58.6226327Z   type: 'test'
2026-10-10T06:52:58.6226773Z   ...
2026-10-10T06:52:58.6227854Z # Subtest: stale head, disabled capability, outstanding actual request and detached generation never mutate context
2026-10-10T06:52:58.6229537Z ok 7 - stale head, disabled capability, outstanding actual request and detached generation never mutate context
2026-10-10T06:52:58.6230559Z   ---
2026-10-10T06:52:58.6231325Z   duration_ms: 1.0015
2026-10-10T06:52:58.6231819Z   type: 'test'
2026-10-10T06:52:58.6232238Z   ...
2026-10-10T06:52:58.6233196Z # Subtest: context observation conflict clears actions and mutation failure never retries automatically
2026-10-10T06:52:58.6234725Z ok 8 - context observation conflict clears actions and mutation failure never retries automatically
2026-10-10T06:52:58.6235654Z   ---
2026-10-10T06:52:58.6236081Z   duration_ms: 1.5742
2026-10-10T06:52:58.6236547Z   type: 'test'
2026-10-10T06:52:58.6236963Z   ...
2026-10-10T06:52:58.6238005Z # Subtest: older overlapping same-generation context success/error cannot replace or clear a newer observation
2026-10-10T06:52:58.6239650Z ok 9 - older overlapping same-generation context success/error cannot replace or clear a newer observation
2026-10-10T06:52:58.6240633Z   ---
2026-10-10T06:52:58.6241046Z   duration_ms: 0.6632
2026-10-10T06:52:58.6241493Z   type: 'test'
2026-10-10T06:52:58.6241923Z   ...
2026-10-10T06:52:58.6242809Z # Subtest: terminal tracked request cannot hide a different actual newly admitted manual request
2026-10-10T06:52:58.6244173Z ok 10 - terminal tracked request cannot hide a different actual newly admitted manual request
2026-10-10T06:52:58.6245031Z   ---
2026-10-10T06:52:58.6245446Z   duration_ms: 1.2036
2026-10-10T06:52:58.6245900Z   type: 'test'
2026-10-10T06:52:58.6246307Z   ...
2026-10-10T06:52:58.6379805Z # Subtest: MCP setup client sends exact authenticated commands and binds observations to the request owner
2026-10-10T06:52:58.6468772Z ok 11 - MCP setup client sends exact authenticated commands and binds observations to the request owner
2026-10-10T06:52:58.6525609Z   ---
2026-10-10T06:52:58.6527556Z   duration_ms: 6.1216
2026-10-10T06:52:58.6528852Z   type: 'test'
2026-10-10T06:52:58.6531529Z   ...
2026-10-10T06:52:58.6539794Z # Subtest: MCP invalid destinations, identities and revisions never dispatch
2026-10-10T06:52:58.6542482Z ok 12 - MCP invalid destinations, identities and revisions never dispatch
2026-10-10T06:52:58.6544427Z   ---
2026-10-10T06:52:58.6546101Z   duration_ms: 1.4148
2026-10-10T06:52:58.6546806Z   type: 'test'
2026-10-10T06:52:58.6548491Z   ...
2026-10-10T06:52:58.6551903Z # Subtest: MCP public metadata rejects private fields, duplicate servers and unsupported states
2026-10-10T06:52:58.6559200Z ok 13 - MCP public metadata rejects private fields, duplicate servers and unsupported states
2026-10-10T06:52:58.6560785Z   ---
2026-10-10T06:52:58.6561682Z   duration_ms: 1.9661
2026-10-10T06:52:58.6618629Z   type: 'test'
2026-10-10T06:52:58.6620384Z   ...
2026-10-10T06:52:58.6621811Z # Subtest: MCP authorization links are HTTPS and confined to the actual callback-wait phase
2026-10-10T06:52:58.6624852Z ok 14 - MCP authorization links are HTTPS and confined to the actual callback-wait phase
2026-10-10T06:52:58.6634816Z   ---
2026-10-10T06:52:58.6637146Z   duration_ms: 0.9958
2026-10-10T06:52:58.6638514Z   type: 'test'
2026-10-10T06:52:58.6759059Z   ...
2026-10-10T06:52:58.6784341Z # Subtest: MCP responses cannot switch server, attempt or configuration, or invent a successful credential revision
2026-10-10T06:52:58.6787096Z ok 15 - MCP responses cannot switch server, attempt or configuration, or invent a successful credential revision
2026-10-10T06:52:58.6809028Z   ---
2026-10-10T06:52:58.6871461Z   duration_ms: 1.2725
2026-10-10T06:52:58.6887892Z   type: 'test'
2026-10-10T06:52:58.6931508Z   ...
2026-10-10T06:52:58.7062956Z # Subtest: planning capabilities are truthful and do not invent presets or limits
2026-10-10T06:52:58.7112084Z ok 16 - planning capabilities are truthful and do not invent presets or limits
2026-10-10T06:52:58.7142707Z   ---
2026-10-10T06:52:58.7194873Z   duration_ms: 2.8793
2026-10-10T06:52:58.7267801Z   type: 'test'
2026-10-10T06:52:58.7288665Z   ...
2026-10-10T06:52:58.7290584Z # Subtest: client preserves the displayed head and exact raw input at its authenticated loopback origin
2026-10-10T06:52:58.7295516Z ok 17 - client preserves the displayed head and exact raw input at its authenticated loopback origin
2026-10-10T06:52:58.7352776Z   ---
2026-10-10T06:52:58.7397911Z   duration_ms: 7.3594
2026-10-10T06:52:58.7401568Z   type: 'test'
2026-10-10T06:52:58.7634864Z   ...
2026-10-10T06:52:58.7775383Z # Subtest: invalid input identities, types and preconditions never reach the backend
2026-10-10T06:52:58.7867032Z ok 18 - invalid input identities, types and preconditions never reach the backend
2026-10-10T06:52:58.7868565Z   ---
2026-10-10T06:52:58.7879923Z   duration_ms: 1.2197
2026-10-10T06:52:58.7892589Z   type: 'test'
2026-10-10T06:52:58.7895003Z   ...
2026-10-10T06:52:58.7897789Z # Subtest: human input validates decoded duplicate keys, Unicode and nested JSON without reserializing
2026-10-10T06:52:58.7916879Z ok 19 - human input validates decoded duplicate keys, Unicode and nested JSON without reserializing
2026-10-10T06:52:58.7972759Z   ---
2026-10-10T06:52:58.7999600Z   duration_ms: 0.945
2026-10-10T06:52:58.8002282Z   type: 'test'
2026-10-10T06:52:58.8053631Z   ...
2026-10-10T06:52:58.8128671Z # Subtest: strict public planning DTOs reject foreign ownership, stale claims and private projection fields
2026-10-10T06:52:58.8130717Z ok 20 - strict public planning DTOs reject foreign ownership, stale claims and private projection fields
2026-10-10T06:52:58.8157210Z   ---
2026-10-10T06:52:58.8185194Z   duration_ms: 5.8447
2026-10-10T06:52:58.8316463Z   type: 'test'
2026-10-10T06:52:58.8345948Z   ...
2026-10-10T06:52:58.8350020Z # Subtest: provider call correlation retains the exact native 256-byte dotted/colon identity domain
2026-10-10T06:52:58.8352563Z ok 21 - provider call correlation retains the exact native 256-byte dotted/colon identity domain
2026-10-10T06:52:58.8467282Z   ---
2026-10-10T06:52:58.8480408Z   duration_ms: 1.031
2026-10-10T06:52:58.8481428Z   type: 'test'
2026-10-10T06:52:58.8492643Z   ...
2026-10-10T06:52:58.8535750Z # Subtest: coding children are observed through actual dynamic ownership without a read-only label
2026-10-10T06:52:58.8538551Z ok 22 - coding children are observed through actual dynamic ownership without a read-only label
2026-10-10T06:52:58.8540794Z   ---
2026-10-10T06:52:58.8542745Z   duration_ms: 3.0996
2026-10-10T06:52:58.8605057Z   type: 'test'
2026-10-10T06:52:58.8676797Z   ...
2026-10-10T06:52:58.8762335Z # Subtest: session skill client posts only exact revision, ids and workspace authority
2026-10-10T06:52:58.8813491Z ok 23 - session skill client posts only exact revision, ids and workspace authority
2026-10-10T06:52:58.8874986Z   ---
2026-10-10T06:52:58.8914296Z   duration_ms: 7.2991
2026-10-10T06:52:58.8959059Z   type: 'test'
2026-10-10T06:52:58.8969130Z   ...
2026-10-10T06:52:58.8974563Z # Subtest: skill controller publishes acknowledged manual attachment and removal without model prompts
2026-10-10T06:52:58.9102759Z ok 24 - skill controller publishes acknowledged manual attachment and removal without model prompts
2026-10-10T06:52:58.9151662Z   ---
2026-10-10T06:52:58.9200865Z   duration_ms: 1.965
2026-10-10T06:52:58.9232640Z   type: 'test'
2026-10-10T06:52:58.9335254Z   ...
2026-10-10T06:52:58.9424880Z # Subtest: skill reads discard responses from a previous conversation generation
2026-10-10T06:52:58.9427625Z ok 25 - skill reads discard responses from a previous conversation generation
2026-10-10T06:52:58.9535316Z   ---
2026-10-10T06:52:58.9536185Z   duration_ms: 0.4926
2026-10-10T06:52:58.9536891Z   type: 'test'
2026-10-10T06:52:58.9537405Z   ...
2026-10-10T06:52:58.9538717Z # Subtest: skill acknowledgements cannot publish into a newly selected conversation
2026-10-10T06:52:58.9540295Z ok 26 - skill acknowledgements cannot publish into a newly selected conversation
2026-10-10T06:52:58.9541311Z   ---
2026-10-10T06:52:58.9541836Z   duration_ms: 3.5197
2026-10-10T06:52:58.9542390Z   type: 'test'
2026-10-10T06:52:58.9542964Z   ...
2026-10-10T06:52:58.9544171Z # Subtest: malformed catalogue metadata cannot enter a skill chooser, while source conflicts allow only clearing
2026-10-10T06:52:58.9546055Z ok 27 - malformed catalogue metadata cannot enter a skill chooser, while source conflicts allow only clearing
2026-10-10T06:52:58.9547216Z   ---
2026-10-10T06:52:58.9547870Z   duration_ms: 1.3794
2026-10-10T06:52:58.9548861Z   type: 'test'
2026-10-10T06:52:58.9549414Z   ...
2026-10-10T06:52:58.9550491Z # Subtest: provider enrollment accepts only matching approved OpenAI wire and endpoint pairs
2026-10-10T06:52:58.9552360Z ok 28 - provider enrollment accepts only matching approved OpenAI wire and endpoint pairs
2026-10-10T06:52:58.9553528Z   ---
2026-10-10T06:52:58.9554024Z   duration_ms: 0.4527
2026-10-10T06:52:58.9554717Z   type: 'test'
2026-10-10T06:52:58.9558772Z   ...
2026-10-10T06:52:58.9562037Z # Subtest: subscription rotates using its delivered cursor without duplicating a matching watch
2026-10-10T06:52:58.9564399Z ok 29 - subscription rotates using its delivered cursor without duplicating a matching watch
2026-10-10T06:52:58.9566651Z   ---
2026-10-10T06:52:58.9567236Z   duration_ms: 27.1863
2026-10-10T06:52:58.9567900Z   type: 'test'
2026-10-10T06:52:58.9568845Z   ...
2026-10-10T06:52:58.9570032Z # Subtest: subscription replacement aborts stale observation and cannot deliver its event or terminal outcome
2026-10-10T06:52:58.9571857Z ok 30 - subscription replacement aborts stale observation and cannot deliver its event or terminal outcome
2026-10-10T06:52:58.9573044Z   ---
2026-10-10T06:52:58.9573628Z   duration_ms: 3.0787
2026-10-10T06:52:58.9574274Z   type: 'test'
2026-10-10T06:52:58.9577171Z   ...
2026-10-10T06:52:58.9585473Z # Subtest: subscription retirement, origin change and disposal prevent delayed retries
2026-10-10T06:52:58.9586989Z ok 31 - subscription retirement, origin change and disposal prevent delayed retries
2026-10-10T06:52:58.9590647Z   ---
2026-10-10T06:52:58.9591211Z   duration_ms: 2.4893
2026-10-10T06:52:58.9591858Z   type: 'test'
2026-10-10T06:52:58.9592418Z   ...
2026-10-10T06:52:58.9593553Z # Subtest: subscription bounds busy retries and never retries authentication or malformed acknowledgements
2026-10-10T06:52:58.9595341Z ok 32 - subscription bounds busy retries and never retries authentication or malformed acknowledgements
2026-10-10T06:52:58.9596485Z   ---
2026-10-10T06:52:58.9597069Z   duration_ms: 10.5828
2026-10-10T06:52:58.9597719Z   type: 'test'
2026-10-10T06:52:58.9598348Z   ...
2026-10-10T06:52:58.9599670Z # Subtest: a consumer TypeError stops the subscription without acknowledging or retrying its event
2026-10-10T06:52:58.9601327Z ok 33 - a consumer TypeError stops the subscription without acknowledging or retrying its event
2026-10-10T06:52:58.9603701Z   ---
2026-10-10T06:52:58.9604295Z   duration_ms: 3.2793
2026-10-10T06:52:58.9605370Z   type: 'test'
2026-10-10T06:52:58.9605970Z   ...
2026-10-10T06:52:58.9607008Z # Subtest: subscription refuses invalid bindings before opening or scheduling a connection
2026-10-10T06:52:58.9608539Z ok 34 - subscription refuses invalid bindings before opening or scheduling a connection
2026-10-10T06:52:58.9610284Z   ---
2026-10-10T06:52:58.9610995Z   duration_ms: 0.4913
2026-10-10T06:52:58.9611680Z   type: 'test'
2026-10-10T06:52:58.9612282Z   ...
2026-10-10T06:52:58.9613502Z # Subtest: committed stream reader handles split UTF-8 and CRLF using one authenticated read-only request
2026-10-10T06:52:58.9615164Z ok 35 - committed stream reader handles split UTF-8 and CRLF using one authenticated read-only request
2026-10-10T06:52:58.9616195Z   ---
2026-10-10T06:52:58.9616711Z   duration_ms: 58.998
2026-10-10T06:52:58.9617553Z   type: 'test'
2026-10-10T06:52:58.9618110Z   ...
2026-10-10T06:52:58.9618995Z # Subtest: graph stream validates owned child conversation before delivering its event
2026-10-10T06:52:58.9620345Z ok 36 - graph stream validates owned child conversation before delivering its event
2026-10-10T06:52:58.9621211Z   ---
2026-10-10T06:52:58.9621737Z   duration_ms: 28.6619
2026-10-10T06:52:58.9622308Z   type: 'test'
2026-10-10T06:52:58.9622819Z   ...
2026-10-10T06:52:58.9623813Z # Subtest: stream rejects changed root/session/scope and events without an initial observation
2026-10-10T06:52:58.9625194Z ok 37 - stream rejects changed root/session/scope and events without an initial observation
2026-10-10T06:52:58.9626115Z   ---
2026-10-10T06:52:58.9627623Z   duration_ms: 3.9138
2026-10-10T06:52:58.9628987Z   type: 'test'
2026-10-10T06:52:58.9629633Z   ...
2026-10-10T06:52:58.9630730Z # Subtest: stream cursor advances only after delivery and rejects duplicate IDs and conflicting end cursors
2026-10-10T06:52:58.9632615Z ok 38 - stream cursor advances only after delivery and rejects duplicate IDs and conflicting end cursors
2026-10-10T06:52:58.9633714Z   ---
2026-10-10T06:52:58.9635036Z   duration_ms: 3.4991
2026-10-10T06:52:58.9638296Z   type: 'test'
2026-10-10T06:52:58.9639152Z   ...
2026-10-10T06:52:58.9640265Z # Subtest: stream validates admission values and an abort during token lookup cannot send a request
2026-10-10T06:52:58.9641655Z ok 39 - stream validates admission values and an abort during token lookup cannot send a request
2026-10-10T06:52:58.9642531Z   ---
2026-10-10T06:52:58.9643101Z   duration_ms: 0.9996
2026-10-10T06:52:58.9643610Z   type: 'test'
2026-10-10T06:52:58.9644079Z   ...
2026-10-10T06:52:58.9645140Z # Subtest: stream detach preserves delivered cursor and a rejected callback never acknowledges its event
2026-10-10T06:52:58.9646666Z ok 40 - stream detach preserves delivered cursor and a rejected callback never acknowledges its event
2026-10-10T06:52:58.9647821Z   ---
2026-10-10T06:52:58.9648315Z   duration_ms: 3.414
2026-10-10T06:52:58.9648842Z   type: 'test'
2026-10-10T06:52:58.9649337Z   ...
2026-10-10T06:52:58.9650187Z # Subtest: EOF, malformed JSON and unsupported frames retain the last accepted cursor
2026-10-10T06:52:58.9651475Z ok 41 - EOF, malformed JSON and unsupported frames retain the last accepted cursor
2026-10-10T06:52:58.9653098Z   ---
2026-10-10T06:52:58.9656165Z   duration_ms: 10.1247
2026-10-10T06:52:58.9656753Z   type: 'test'
2026-10-10T06:52:58.9657276Z   ...
2026-10-10T06:52:58.9658433Z # Subtest: actual reader and subscription reconnect clean EOF at the accepted cursor without replaying commands or events
2026-10-10T06:52:58.9660139Z ok 42 - actual reader and subscription reconnect clean EOF at the accepted cursor without replaying commands or events
2026-10-10T06:52:58.9661252Z   ---
2026-10-10T06:52:58.9661783Z   duration_ms: 22.9816
2026-10-10T06:52:58.9662321Z   type: 'test'
2026-10-10T06:52:58.9662837Z   ...
2026-10-10T06:52:58.9917890Z # Subtest: clean EOF retry stops after its bounded attempts while preserving the acknowledged cursor
2026-10-10T06:52:58.9954271Z ok 43 - clean EOF retry stops after its bounded attempts while preserving the acknowledged cursor
2026-10-10T06:52:59.0066968Z   ---
2026-10-10T06:52:59.0072255Z   duration_ms: 4.6477
2026-10-10T06:52:59.0107591Z   type: 'test'
2026-10-10T06:52:59.0109638Z   ...
2026-10-10T06:52:59.0194933Z # Subtest: resume uses the accepted scoped cursor and HTTP rejection does not trigger a fallback or command
2026-10-10T06:52:59.0197789Z ok 44 - resume uses the accepted scoped cursor and HTTP rejection does not trigger a fallback or command
2026-10-10T06:52:59.0199109Z   ---
2026-10-10T06:52:59.0202122Z   duration_ms: 2.0377
2026-10-10T06:52:59.0204049Z   type: 'test'
2026-10-10T06:52:59.0204980Z   ...
2026-10-10T06:52:59.0213789Z # Subtest: workspace skill inspection uses the native read-only catalogue without inventing activation
2026-10-10T06:52:59.0218097Z ok 45 - workspace skill inspection uses the native read-only catalogue without inventing activation
2026-10-10T06:52:59.0219342Z   ---
2026-10-10T06:52:59.0221216Z   duration_ms: 0.3772
2026-10-10T06:52:59.0224875Z   type: 'test'
2026-10-10T06:52:59.0399580Z   ...
2026-10-10T06:52:59.0496214Z # Subtest: owned-child client keeps parent scope and validates the committed tree cursor
2026-10-10T06:52:59.0525297Z ok 46 - owned-child client keeps parent scope and validates the committed tree cursor
2026-10-10T06:52:59.0725874Z   ---
2026-10-10T06:52:59.0761528Z   duration_ms: 1.0015
2026-10-10T06:52:59.0913803Z   type: 'test'
2026-10-10T06:52:59.0918756Z   ...
2026-10-10T06:52:59.1114012Z # Subtest: owned observation covers concurrent admission and paged events without inventing aggregate usage
2026-10-10T06:52:59.1221849Z ok 47 - owned observation covers concurrent admission and paged events without inventing aggregate usage
2026-10-10T06:52:59.1320901Z   ---
2026-10-10T06:52:59.1322305Z   duration_ms: 6.1184
2026-10-10T06:52:59.1324507Z   type: 'test'
2026-10-10T06:52:59.1327505Z   ...
2026-10-10T06:52:59.1362762Z # Subtest: owned observation rejects foreign children and events before requesting private child history
2026-10-10T06:52:59.1364974Z ok 48 - owned observation rejects foreign children and events before requesting private child history
2026-10-10T06:52:59.1370232Z   ---
2026-10-10T06:52:59.1476058Z   duration_ms: 0.6063
2026-10-10T06:52:59.1521326Z   type: 'test'
2026-10-10T06:52:59.1521997Z   ...
2026-10-10T06:52:59.1523241Z # Subtest: agent and graph requests preserve the observed profile binding without silently acquiring a newer revision
2026-10-10T06:52:59.1525091Z ok 49 - agent and graph requests preserve the observed profile binding without silently acquiring a newer revision
2026-10-10T06:52:59.1526223Z   ---
2026-10-10T06:52:59.1526747Z   duration_ms: 1.113
2026-10-10T06:52:59.1527267Z   type: 'test'
2026-10-10T06:52:59.1527724Z   ...
2026-10-10T06:52:59.1528958Z # Subtest: client accepts only an advertised GenerateContent route and carries its native wire through profile admission
2026-10-10T06:52:59.1531355Z ok 50 - client accepts only an advertised GenerateContent route and carries its native wire through profile admission
2026-10-10T06:52:59.1532509Z   ---
2026-10-10T06:52:59.1533019Z   duration_ms: 2.1871
2026-10-10T06:52:59.1587961Z   type: 'test'
2026-10-10T06:52:59.1590797Z   ...
2026-10-10T06:52:59.1592326Z # Subtest: native provider profile client preserves route, key omission, activation and revision at its authenticated origin
2026-10-10T06:52:59.1594150Z ok 51 - native provider profile client preserves route, key omission, activation and revision at its authenticated origin
2026-10-10T06:52:59.1595166Z   ---
2026-10-10T06:52:59.1595608Z   duration_ms: 1.4595
2026-10-10T06:52:59.1596078Z   type: 'test'
2026-10-10T06:52:59.1596495Z   ...
2026-10-10T06:52:59.1597635Z # Subtest: advertised Gemini Settings discovery keeps full model resources and publishes a profile only after footer selection
2026-10-10T06:52:59.1599296Z ok 52 - advertised Gemini Settings discovery keeps full model resources and publishes a profile only after footer selection
2026-10-10T06:52:59.1603860Z   ---
2026-10-10T06:52:59.1604410Z   duration_ms: 4.5832
2026-10-10T06:52:59.1604965Z   type: 'test'
2026-10-10T06:52:59.1605426Z   ...
2026-10-10T06:52:59.1606401Z # Subtest: Gemini Settings cannot discover through absent, disabled or foreign advertised routes
2026-10-10T06:52:59.1607896Z ok 53 - Gemini Settings cannot discover through absent, disabled or foreign advertised routes
2026-10-10T06:52:59.1608887Z   ---
2026-10-10T06:52:59.1609351Z   duration_ms: 1.2364
2026-10-10T06:52:59.1625140Z   type: 'test'
2026-10-10T06:52:59.1638018Z   ...
2026-10-10T06:52:59.1639196Z # Subtest: profile metadata rejects secret references, duplicate identities and inconsistent backend route families
2026-10-10T06:52:59.1641365Z ok 54 - profile metadata rejects secret references, duplicate identities and inconsistent backend route families
2026-10-10T06:52:59.1642639Z   ---
2026-10-10T06:52:59.1643180Z   duration_ms: 1.6775
2026-10-10T06:52:59.1643726Z   type: 'test'
2026-10-10T06:52:59.1644244Z   ...
2026-10-10T06:52:59.1645234Z # Subtest: invalid profile mutations never leave the client and discovery rejects key reflection
2026-10-10T06:52:59.1646513Z ok 55 - invalid profile mutations never leave the client and discovery rejects key reflection
2026-10-10T06:52:59.1647498Z   ---
2026-10-10T06:52:59.1648008Z   duration_ms: 0.5568
2026-10-10T06:52:59.1655155Z   type: 'test'
2026-10-10T06:52:59.1711563Z   ...
2026-10-10T06:52:59.1738343Z # Subtest: graph access adapter preserves backend identity, revision and raw human JSON
2026-10-10T06:52:59.1741687Z ok 56 - graph access adapter preserves backend identity, revision and raw human JSON
2026-10-10T06:52:59.1744271Z   ---
2026-10-10T06:52:59.1756135Z   duration_ms: 0.6166
2026-10-10T06:52:59.1765696Z   type: 'test'
2026-10-10T06:52:59.1768863Z   ...
2026-10-10T06:52:59.1772934Z # Subtest: session discovery, URL encoding, error handling and origin boundaries
2026-10-10T06:52:59.1778809Z ok 57 - session discovery, URL encoding, error handling and origin boundaries
2026-10-10T06:52:59.1781177Z   ---
2026-10-10T06:52:59.1787793Z   duration_ms: 96.972
2026-10-10T06:52:59.1791232Z   type: 'test'
2026-10-10T06:52:59.1795173Z   ...
2026-10-10T06:52:59.1797353Z # Subtest: origin-scoped authentication and native request bodies
2026-10-10T06:52:59.1799470Z ok 58 - origin-scoped authentication and native request bodies
2026-10-10T06:52:59.1811548Z   ---
2026-10-10T06:52:59.1819395Z   duration_ms: 2.9913
2026-10-10T06:52:59.1823861Z   type: 'test'
2026-10-10T06:52:59.1825905Z   ...
2026-10-10T06:52:59.1976888Z # Subtest: selection creates an exact relative data draft without claiming a filesystem snapshot
2026-10-10T06:52:59.1978313Z ok 59 - selection creates an exact relative data draft without claiming a filesystem snapshot
2026-10-10T06:52:59.1981476Z   ---
2026-10-10T06:52:59.1986476Z   duration_ms: 3.6145
2026-10-10T06:52:59.2028782Z   type: 'test'
2026-10-10T06:52:59.2050936Z   ...
2026-10-10T06:52:59.2054309Z # Subtest: unsaved Unicode buffer text is preserved and labelled without a save action
2026-10-10T06:52:59.2059639Z ok 60 - unsaved Unicode buffer text is preserved and labelled without a save action
2026-10-10T06:52:59.2062346Z   ---
2026-10-10T06:52:59.2064274Z   duration_ms: 0.6956
2026-10-10T06:52:59.2066529Z   type: 'test'
2026-10-10T06:52:59.2068299Z   ...
2026-10-10T06:52:59.2071542Z # Subtest: virtual, empty, private and linked selections are rejected before buffer reads
2026-10-10T06:52:59.2076413Z ok 61 - virtual, empty, private and linked selections are rejected before buffer reads
2026-10-10T06:52:59.2079181Z   ---
2026-10-10T06:52:59.2081908Z   duration_ms: 2.2065
2026-10-10T06:52:59.2083809Z   type: 'test'
2026-10-10T06:52:59.2086270Z   ...
2026-10-10T06:52:59.2090519Z # Subtest: sibling roots, aliases and case-sensitive canonical siblings cannot supply context
2026-10-10T06:52:59.2093728Z ok 62 - sibling roots, aliases and case-sensitive canonical siblings cannot supply context
2026-10-10T06:52:59.2096881Z   ---
2026-10-10T06:52:59.2100466Z   duration_ms: 1.1647
2026-10-10T06:52:59.2102373Z   type: 'test'
2026-10-10T06:52:59.2106714Z   ...
2026-10-10T06:52:59.2109439Z # Subtest: editor version and selection changes during filesystem observation are rejected
2026-10-10T06:52:59.2112028Z ok 63 - editor version and selection changes during filesystem observation are rejected
2026-10-10T06:52:59.2114445Z   ---
2026-10-10T06:52:59.2119200Z   duration_ms: 1.7431
2026-10-10T06:52:59.2122554Z   type: 'test'
2026-10-10T06:52:59.2124912Z   ...
2026-10-10T06:52:59.2126753Z # Subtest: oversized and malformed selected text is rejected without silent truncation
2026-10-10T06:52:59.2129476Z ok 64 - oversized and malformed selected text is rejected without silent truncation
2026-10-10T06:52:59.2132172Z   ---
2026-10-10T06:52:59.2133483Z   duration_ms: 13.1116
2026-10-10T06:52:59.2135477Z   type: 'test'
2026-10-10T06:52:59.2137341Z   ...
2026-10-10T06:52:59.2139872Z # Subtest: a retargeted editor path is rejected after reading the original buffer
2026-10-10T06:52:59.2142406Z ok 65 - a retargeted editor path is rejected after reading the original buffer
2026-10-10T06:52:59.2144597Z   ---
2026-10-10T06:52:59.2147317Z   duration_ms: 1.7703
2026-10-10T06:52:59.2149389Z   type: 'test'
2026-10-10T06:52:59.2151292Z   ...
2026-10-10T06:52:59.2153919Z # Subtest: unconfigured, replaced workspace and stale adapter observations yield no context
2026-10-10T06:52:59.2156364Z ok 66 - unconfigured, replaced workspace and stale adapter observations yield no context
2026-10-10T06:52:59.2158705Z   ---
2026-10-10T06:52:59.2161620Z   duration_ms: 15.5584
2026-10-10T06:52:59.2163746Z   type: 'test'
2026-10-10T06:52:59.2167230Z   ...
2026-10-10T06:52:59.2176457Z # Subtest: sidebar MCP login is bound to its backend and closing the sidebar detaches without cancelling
2026-10-10T06:52:59.2238988Z ok 67 - sidebar MCP login is bound to its backend and closing the sidebar detaches without cancelling
2026-10-10T06:52:59.2251002Z   ---
2026-10-10T06:52:59.2255575Z   duration_ms: 55.0663
2026-10-10T06:52:59.2260429Z   type: 'test'
2026-10-10T06:52:59.2268858Z   ...
2026-10-10T06:52:59.2271868Z # Subtest: sidebar renders committed subscription events and refreshes metadata without a periodic timer
2026-10-10T06:52:59.2277801Z ok 68 - sidebar renders committed subscription events and refreshes metadata without a periodic timer
2026-10-10T06:52:59.2279027Z   ---
2026-10-10T06:52:59.2281269Z   duration_ms: 67.9525
2026-10-10T06:52:59.2319383Z   type: 'test'
2026-10-10T06:52:59.2322569Z   ...
2026-10-10T06:52:59.2325226Z # Subtest: sidebar terminal snapshot retains queued completion frames until native stream acknowledgement
2026-10-10T06:52:59.2327507Z ok 69 - sidebar terminal snapshot retains queued completion frames until native stream acknowledgement
2026-10-10T06:52:59.2332752Z   ---
2026-10-10T06:52:59.2335012Z   duration_ms: 8.9428
2026-10-10T06:52:59.2345412Z   type: 'test'
2026-10-10T06:52:59.2347403Z   ...
2026-10-10T06:52:59.2353611Z # Subtest: sidebar selection retires its feed, delayed events and queued metadata refresh
2026-10-10T06:52:59.2357693Z ok 70 - sidebar selection retires its feed, delayed events and queued metadata refresh
2026-10-10T06:52:59.2360097Z   ---
2026-10-10T06:52:59.2362205Z   duration_ms: 7.0967
2026-10-10T06:52:59.2364806Z   type: 'test'
2026-10-10T06:52:59.2366797Z   ...
2026-10-10T06:52:59.2368344Z # Subtest: sidebar graph stream refreshes child transcript after direct committed delivery
2026-10-10T06:52:59.2373989Z ok 71 - sidebar graph stream refreshes child transcript after direct committed delivery
2026-10-10T06:52:59.2377136Z   ---
2026-10-10T06:52:59.2380761Z   duration_ms: 8.6116
2026-10-10T06:52:59.2383525Z   type: 'test'
2026-10-10T06:52:59.2384958Z   ...
2026-10-10T06:52:59.2388445Z # Subtest: selection command appends a backend-bound sidebar draft without a question popup or inference
2026-10-10T06:52:59.2391652Z ok 72 - selection command appends a backend-bound sidebar draft without a question popup or inference
2026-10-10T06:52:59.2395513Z   ---
2026-10-10T06:52:59.2398149Z   duration_ms: 13.8168
2026-10-10T06:52:59.2401639Z   type: 'test'
2026-10-10T06:52:59.2403999Z   ...
2026-10-10T06:52:59.2405748Z # Subtest: selection rejected by its source adapter adds no draft and submits no model request
2026-10-10T06:52:59.2413156Z ok 73 - selection rejected by its source adapter adds no draft and submits no model request
2026-10-10T06:52:59.2478986Z   ---
2026-10-10T06:52:59.2480593Z   duration_ms: 2.7451
2026-10-10T06:52:59.2480957Z   type: 'test'
2026-10-10T06:52:59.2481241Z   ...
2026-10-10T06:52:59.2482079Z # Subtest: sidebar focus can clear the active editor without discarding the captured document
2026-10-10T06:52:59.2486464Z ok 74 - sidebar focus can clear the active editor without discarding the captured document
2026-10-10T06:52:59.2487864Z   ---
2026-10-10T06:52:59.2489136Z   duration_ms: 9.5279
2026-10-10T06:52:59.2493615Z   type: 'test'
2026-10-10T06:52:59.2495706Z   ...
2026-10-10T06:52:59.2498199Z # Subtest: a workspace change while selection capture is pending discards its context
2026-10-10T06:52:59.2501551Z ok 75 - a workspace change while selection capture is pending discards its context
2026-10-10T06:52:59.2506197Z   ---
2026-10-10T06:52:59.2511720Z   duration_ms: 5.2304
2026-10-10T06:52:59.2513161Z   type: 'test'
2026-10-10T06:52:59.2513784Z   ...
2026-10-10T06:52:59.2516579Z # Subtest: context queued before sidebar readiness is discarded on workspace reconnection
2026-10-10T06:52:59.2519403Z ok 76 - context queued before sidebar readiness is discarded on workspace reconnection
2026-10-10T06:52:59.2522244Z   ---
2026-10-10T06:52:59.2523534Z   duration_ms: 4.6723
2026-10-10T06:52:59.2523946Z   type: 'test'
2026-10-10T06:52:59.2542106Z   ...
2026-10-10T06:52:59.2543832Z # Subtest: sidebar reports actual native file-proposal policy and clears it when switching to a legacy backend
2026-10-10T06:52:59.2545284Z ok 77 - sidebar reports actual native file-proposal policy and clears it when switching to a legacy backend
2026-10-10T06:52:59.2553744Z   ---
2026-10-10T06:52:59.2585553Z   duration_ms: 8.5233
2026-10-10T06:52:59.2588347Z   type: 'test'
2026-10-10T06:52:59.2590164Z   ...
2026-10-10T06:52:59.2592545Z # Subtest: pending backend changes are disclosed without replacing the saved conversation or replaying its run
2026-10-10T06:52:59.2596445Z ok 78 - pending backend changes are disclosed without replacing the saved conversation or replaying its run
2026-10-10T06:52:59.2600703Z   ---
2026-10-10T06:52:59.2602846Z   duration_ms: 4.8018
2026-10-10T06:52:59.2604588Z   type: 'test'
2026-10-10T06:52:59.2606345Z   ...
2026-10-10T06:52:59.2616897Z # Subtest: VS Code conversation selection recovers discovery when native provider publication outlives its retired acknowledgement
2026-10-10T06:52:59.2620726Z ok 79 - VS Code conversation selection recovers discovery when native provider publication outlives its retired acknowledgement
2026-10-10T06:52:59.2624408Z   ---
2026-10-10T06:52:59.2624738Z   duration_ms: 9.2564
2026-10-10T06:52:59.2627132Z   type: 'test'
2026-10-10T06:52:59.2628979Z   ...
2026-10-10T06:52:59.2631892Z # Subtest: VS Code recovery discards a late catalogue after another conversation intent and reads the current profile without writes
2026-10-10T06:52:59.2637365Z ok 80 - VS Code recovery discards a late catalogue after another conversation intent and reads the current profile without writes
2026-10-10T06:52:59.2642917Z   ---
2026-10-10T06:52:59.2644133Z   duration_ms: 7.7776
2026-10-10T06:52:59.2648417Z   type: 'test'
2026-10-10T06:52:59.2650882Z   ...
2026-10-10T06:52:59.2652404Z # Subtest: VS Code retains saved-profile discovery after Settings close and conversation selection, and rejects another-view stale catalogue
2026-10-10T06:52:59.2656512Z ok 81 - VS Code retains saved-profile discovery after Settings close and conversation selection, and rejects another-view stale catalogue
2026-10-10T06:52:59.2662652Z   ---
2026-10-10T06:52:59.2669637Z   duration_ms: 8.4726
2026-10-10T06:52:59.2674146Z   type: 'test'
2026-10-10T06:52:59.2676727Z   ...
2026-10-10T06:52:59.2680019Z # Subtest: opened folder changes rebind the existing sidebar to its own backend and clear the old draft/observations without cancelling execution
2026-10-10T06:52:59.2685127Z ok 82 - opened folder changes rebind the existing sidebar to its own backend and clear the old draft/observations without cancelling execution
2026-10-10T06:52:59.2687035Z   ---
2026-10-10T06:52:59.2689124Z   duration_ms: 5.6004
2026-10-10T06:52:59.2691518Z   type: 'test'
2026-10-10T06:52:59.2694841Z   ...
2026-10-10T06:52:59.2697435Z # Subtest: an accepted old-folder run survives a delayed reply without becoming the new folder observation
2026-10-10T06:52:59.2705820Z ok 83 - an accepted old-folder run survives a delayed reply without becoming the new folder observation
2026-10-10T06:52:59.2708003Z   ---
2026-10-10T06:52:59.2711551Z   duration_ms: 11.8015
2026-10-10T06:52:59.2714576Z   type: 'test'
2026-10-10T06:52:59.2716476Z   ...
2026-10-10T06:52:59.2722351Z # Subtest: VS Code footer provider command selects a saved key-only profile via native CAS, then discovers without a key and waits for explicit model choice
2026-10-10T06:52:59.2725411Z ok 84 - VS Code footer provider command selects a saved key-only profile via native CAS, then discovers without a key and waits for explicit model choice
2026-10-10T06:52:59.2735395Z   ---
2026-10-10T06:52:59.2738510Z   duration_ms: 6.1579
2026-10-10T06:52:59.2743438Z   type: 'test'
2026-10-10T06:52:59.2780049Z   ...
2026-10-10T06:52:59.2787694Z # Subtest: VS Code context control uses actual observed head and keeps the request acknowledgement separate from completed execution
2026-10-10T06:52:59.2789652Z ok 85 - VS Code context control uses actual observed head and keeps the request acknowledgement separate from completed execution
2026-10-10T06:52:59.2790787Z   ---
2026-10-10T06:52:59.2791194Z   duration_ms: 13.169
2026-10-10T06:52:59.2791670Z   type: 'test'
2026-10-10T06:52:59.2792089Z   ...
2026-10-10T06:52:59.2793030Z # Subtest: VS Code graph Resume is bound to selected root and freshly observed checkpoint/eligibility
2026-10-10T06:52:59.2794544Z ok 86 - VS Code graph Resume is bound to selected root and freshly observed checkpoint/eligibility
2026-10-10T06:52:59.2795498Z   ---
2026-10-10T06:52:59.2796350Z   duration_ms: 7.9962
2026-10-10T06:52:59.2796882Z   type: 'test'
2026-10-10T06:52:59.2797287Z   ...
2026-10-10T06:52:59.2798375Z # Subtest: VS Code Agent observes scoped leaf histories and tree events without inventing a graph or resubmitting work
2026-10-10T06:52:59.2804541Z ok 87 - VS Code Agent observes scoped leaf histories and tree events without inventing a graph or resubmitting work
2026-10-10T06:52:59.2806789Z   ---
2026-10-10T06:52:59.2823420Z   duration_ms: 11.5793
2026-10-10T06:52:59.2825663Z   type: 'test'
2026-10-10T06:52:59.2829872Z   ...
2026-10-10T06:52:59.2831756Z # Subtest: native admission profile conflict updates the sidebar account/model without task replay
2026-10-10T06:52:59.2835512Z ok 88 - native admission profile conflict updates the sidebar account/model without task replay
2026-10-10T06:52:59.2837785Z   ---
2026-10-10T06:52:59.2841219Z   duration_ms: 7.2838
2026-10-10T06:52:59.2845982Z   type: 'test'
2026-10-10T06:52:59.2848022Z   ...
2026-10-10T06:52:59.2849631Z # Subtest: native terminal state refreshes transcript and stops polling with durable operation inspection
2026-10-10T06:52:59.2852910Z ok 89 - native terminal state refreshes transcript and stops polling with durable operation inspection
2026-10-10T06:52:59.2856577Z   ---
2026-10-10T06:52:59.2860378Z   duration_ms: 8.9328
2026-10-10T06:52:59.2864742Z   type: 'test'
2026-10-10T06:52:59.2866753Z   ...
2026-10-10T06:52:59.2868076Z # Subtest: saved Responses enrollment restores discovery and reports the native wire
2026-10-10T06:52:59.2870916Z ok 90 - saved Responses enrollment restores discovery and reports the native wire
2026-10-10T06:52:59.2872276Z   ---
2026-10-10T06:52:59.2873081Z   duration_ms: 6.3434
2026-10-10T06:52:59.2875129Z   type: 'test'
2026-10-10T06:52:59.2875904Z   ...
2026-10-10T06:52:59.2879339Z # Subtest: extension answers only a displayed and freshly owned question with exact raw input/CAS, without changing approval authority
2026-10-10T06:52:59.2884342Z ok 91 - extension answers only a displayed and freshly owned question with exact raw input/CAS, without changing approval authority
2026-10-10T06:52:59.2886826Z   ---
2026-10-10T06:52:59.2889564Z   duration_ms: 25.3663
2026-10-10T06:52:59.2891430Z   type: 'test'
2026-10-10T06:52:59.2894753Z   ...
2026-10-10T06:52:59.2977304Z # Subtest: extension rejects forged question fields, duplicate input keys and stale fresh-head observations before POST
2026-10-10T06:52:59.3036604Z ok 92 - extension rejects forged question fields, duplicate input keys and stale fresh-head observations before POST
2026-10-10T06:52:59.3048583Z   ---
2026-10-10T06:52:59.3052385Z   duration_ms: 9.5443
2026-10-10T06:52:59.3083973Z   type: 'test'
2026-10-10T06:52:59.3255822Z   ...
2026-10-10T06:52:59.3362346Z # Subtest: extension final-human-only ready paused owner exposes authenticated explicit resume with the observed preconditions
2026-10-10T06:52:59.3369076Z ok 93 - extension final-human-only ready paused owner exposes authenticated explicit resume with the observed preconditions
2026-10-10T06:52:59.3371787Z   ---
2026-10-10T06:52:59.3373944Z   duration_ms: 7.6207
2026-10-10T06:52:59.3374618Z   type: 'test'
2026-10-10T06:52:59.3376993Z   ...
2026-10-10T06:52:59.3378352Z # Subtest: extension close during fresh plan revalidation cannot post an answer or publish its obsolete observation
2026-10-10T06:52:59.3384337Z ok 94 - extension close during fresh plan revalidation cannot post an answer or publish its obsolete observation
2026-10-10T06:52:59.3387895Z   ---
2026-10-10T06:52:59.3390609Z   duration_ms: 8.2874
2026-10-10T06:52:59.3393022Z   type: 'test'
2026-10-10T06:52:59.3399731Z   ...
2026-10-10T06:52:59.3401570Z # Subtest: extension plan-read conflict clears the old action projection and never retries its input mutation
2026-10-10T06:52:59.3407319Z ok 95 - extension plan-read conflict clears the old action projection and never retries its input mutation
2026-10-10T06:52:59.3412266Z   ---
2026-10-10T06:52:59.3416779Z   duration_ms: 21.2563
2026-10-10T06:52:59.3419854Z   type: 'test'
2026-10-10T06:52:59.3426002Z   ...
2026-10-10T06:52:59.3429953Z # Subtest: settings key fetches a sidebar list; only a separate model selection saves encrypted backend settings
2026-10-10T06:52:59.3433269Z ok 96 - settings key fetches a sidebar list; only a separate model selection saves encrypted backend settings
2026-10-10T06:52:59.3439686Z   ---
2026-10-10T06:52:59.3443578Z   duration_ms: 6.5053
2026-10-10T06:52:59.3446568Z   type: 'test'
2026-10-10T06:52:59.3449805Z   ...
2026-10-10T06:52:59.3452651Z # Subtest: sidebar selection rejects an ID outside the actual discovery response
2026-10-10T06:52:59.3455140Z ok 97 - sidebar selection rejects an ID outside the actual discovery response
2026-10-10T06:52:59.3455884Z   ---
2026-10-10T06:52:59.3457797Z   duration_ms: 4.7292
2026-10-10T06:52:59.3459986Z   type: 'test'
2026-10-10T06:52:59.3477024Z   ...
2026-10-10T06:52:59.3480451Z # Subtest: sidebar rename binds selected session and original title, refreshes metadata and reports conflicts without inference
2026-10-10T06:52:59.3489760Z ok 98 - sidebar rename binds selected session and original title, refreshes metadata and reports conflicts without inference
2026-10-10T06:52:59.3494706Z   ---
2026-10-10T06:52:59.3498174Z   duration_ms: 9.9326
2026-10-10T06:52:59.3503198Z   type: 'test'
2026-10-10T06:52:59.3518649Z   ...
2026-10-10T06:52:59.3519476Z # Subtest: invalid keys and unsupported provider destinations never transmit credentials
2026-10-10T06:52:59.3520693Z ok 99 - invalid keys and unsupported provider destinations never transmit credentials
2026-10-10T06:52:59.3521800Z   ---
2026-10-10T06:52:59.3527051Z   duration_ms: 7.2944
2026-10-10T06:52:59.3527387Z   type: 'test'
2026-10-10T06:52:59.3527651Z   ...
2026-10-10T06:52:59.3528288Z # Subtest: discovery errors and malformed or empty catalogs never save provider settings
2026-10-10T06:52:59.3529364Z ok 100 - discovery errors and malformed or empty catalogs never save provider settings
2026-10-10T06:52:59.3530003Z   ---
2026-10-10T06:52:59.3530274Z   duration_ms: 28.2914
2026-10-10T06:52:59.3531146Z   type: 'test'
2026-10-10T06:52:59.3531450Z   ...
2026-10-10T06:52:59.3532215Z # Subtest: closing during discovery prevents publishing a list or saving a credential
2026-10-10T06:52:59.3536051Z ok 101 - closing during discovery prevents publishing a list or saving a credential
2026-10-10T06:52:59.3537051Z   ---
2026-10-10T06:52:59.3539258Z   duration_ms: 12.5269
2026-10-10T06:52:59.3540504Z   type: 'test'
2026-10-10T06:52:59.3542186Z   ...
2026-10-10T06:52:59.3545676Z # Subtest: saved key populates the sidebar automatically and changes models without a key popup
2026-10-10T06:52:59.3546974Z ok 102 - saved key populates the sidebar automatically and changes models without a key popup
2026-10-10T06:52:59.3548515Z   ---
2026-10-10T06:52:59.3552209Z   duration_ms: 9.1793
2026-10-10T06:52:59.3554662Z   type: 'test'
2026-10-10T06:52:59.3555613Z   ...
2026-10-10T06:52:59.3558918Z # Subtest: rejected saved key shows settings guidance and replacement uses the same sidebar selection
2026-10-10T06:52:59.3564421Z ok 103 - rejected saved key shows settings guidance and replacement uses the same sidebar selection
2026-10-10T06:52:59.3570844Z   ---
2026-10-10T06:52:59.3576400Z   duration_ms: 7.6289
2026-10-10T06:52:59.3607104Z   type: 'test'
2026-10-10T06:52:59.3614598Z   ...
2026-10-10T06:52:59.3619631Z # Subtest: graph observation keeps child transcript and usage out of the root stream
2026-10-10T06:52:59.3626187Z ok 104 - graph observation keeps child transcript and usage out of the root stream
2026-10-10T06:52:59.3632522Z   ---
2026-10-10T06:52:59.3638510Z   duration_ms: 8.3212
2026-10-10T06:52:59.3641735Z   type: 'test'
2026-10-10T06:52:59.3645597Z   ...
2026-10-10T06:52:59.3709864Z # Subtest: human input binds observed root, waiting node and exact checkpoint; raw JSON reaches the backend
2026-10-10T06:52:59.3716842Z ok 105 - human input binds observed root, waiting node and exact checkpoint; raw JSON reaches the backend
2026-10-10T06:52:59.3722116Z   ---
2026-10-10T06:52:59.3724877Z   duration_ms: 10.7544
2026-10-10T06:52:59.3728838Z   type: 'test'
2026-10-10T06:52:59.3732500Z   ...
2026-10-10T06:52:59.3886951Z # Subtest: selection intent invalidates queued human input before another conversation is displayed
2026-10-10T06:52:59.3890832Z ok 106 - selection intent invalidates queued human input before another conversation is displayed
2026-10-10T06:52:59.3895208Z   ---
2026-10-10T06:52:59.3896536Z   duration_ms: 15.4885
2026-10-10T06:52:59.3900565Z   type: 'test'
2026-10-10T06:52:59.3902955Z   ...
2026-10-10T06:52:59.4172361Z # Subtest: graph child approval retains exact current operation review and uses the shared decision endpoint
2026-10-10T06:52:59.4178125Z ok 107 - graph child approval retains exact current operation review and uses the shared decision endpoint
2026-10-10T06:52:59.4181557Z   ---
2026-10-10T06:52:59.4182737Z   duration_ms: 23.1882
2026-10-10T06:52:59.4184904Z   type: 'test'
2026-10-10T06:52:59.4187841Z   ...
2026-10-10T06:52:59.4290990Z # Subtest: graph catalog allows model-free tool graphs and rejects arbitrary view plans or graph IDs
2026-10-10T06:52:59.4296426Z ok 108 - graph catalog allows model-free tool graphs and rejects arbitrary view plans or graph IDs
2026-10-10T06:52:59.4320026Z   ---
2026-10-10T06:52:59.4332215Z   duration_ms: 18.9456
2026-10-10T06:52:59.4336422Z   type: 'test'
2026-10-10T06:52:59.4340094Z   ...
2026-10-10T06:52:59.4381247Z # Subtest: workflow choice persists for the same backend and restores only an advertised executable graph
2026-10-10T06:52:59.4398212Z ok 109 - workflow choice persists for the same backend and restores only an advertised executable graph
2026-10-10T06:52:59.4403019Z   ---
2026-10-10T06:52:59.4405144Z   duration_ms: 8.723
2026-10-10T06:52:59.4407177Z   type: 'test'
2026-10-10T06:52:59.4409213Z   ...
2026-10-10T06:52:59.4608731Z # Subtest: older run inspection remains accessible and selected run persists across view reopening
2026-10-10T06:52:59.4730101Z ok 110 - older run inspection remains accessible and selected run persists across view reopening
2026-10-10T06:52:59.4734042Z   ---
2026-10-10T06:52:59.4762491Z   duration_ms: 21.5877
2026-10-10T06:52:59.4763524Z   type: 'test'
2026-10-10T06:52:59.4764293Z   ...
2026-10-10T06:52:59.4821682Z # Subtest: run selection rejects IDs outside the selected conversation before fetching their details
2026-10-10T06:52:59.4831760Z ok 111 - run selection rejects IDs outside the selected conversation before fetching their details
2026-10-10T06:52:59.4838286Z   ---
2026-10-10T06:52:59.4840539Z   duration_ms: 8.6927
2026-10-10T06:52:59.4843131Z   type: 'test'
2026-10-10T06:52:59.4848511Z   ...
2026-10-10T06:52:59.4938084Z # Subtest: older terminal run keeps observing an active conversation and rejects another submission
2026-10-10T06:52:59.4940307Z ok 112 - older terminal run keeps observing an active conversation and rejects another submission
2026-10-10T06:52:59.4941614Z   ---
2026-10-10T06:52:59.4943144Z   duration_ms: 26.2061
2026-10-10T06:52:59.4945947Z   type: 'test'
2026-10-10T06:52:59.4947105Z   ...
2026-10-10T06:52:59.5028831Z # Subtest: uncertain edit inspection uses the host-only read endpoint without deciding or accepting webview paths
2026-10-10T06:52:59.5044783Z ok 113 - uncertain edit inspection uses the host-only read endpoint without deciding or accepting webview paths
2026-10-10T06:52:59.5049127Z   ---
2026-10-10T06:52:59.5050743Z   duration_ms: 8.3867
2026-10-10T06:52:59.5052062Z   type: 'test'
2026-10-10T06:52:59.5053331Z   ...
2026-10-10T06:52:59.5208185Z # Subtest: inspection rejects a different backend operation and discards observations after selection changes
2026-10-10T06:52:59.5212123Z ok 114 - inspection rejects a different backend operation and discards observations after selection changes
2026-10-10T06:52:59.5213567Z   ---
2026-10-10T06:52:59.5215243Z   duration_ms: 20.4679
2026-10-10T06:52:59.5216283Z   type: 'test'
2026-10-10T06:52:59.5217873Z   ...
2026-10-10T06:52:59.5273638Z # Subtest: only a reviewed pending operation can be decided and payload stays backend-owned
2026-10-10T06:52:59.5278425Z ok 115 - only a reviewed pending operation can be decided and payload stays backend-owned
2026-10-10T06:52:59.5280745Z   ---
2026-10-10T06:52:59.5281851Z   duration_ms: 6.3798
2026-10-10T06:52:59.5283738Z   type: 'test'
2026-10-10T06:52:59.5285366Z   ...
2026-10-10T06:52:59.5338198Z # Subtest: closing the view during proposal revalidation cannot send an approval
2026-10-10T06:52:59.5342360Z ok 116 - closing the view during proposal revalidation cannot send an approval
2026-10-10T06:52:59.5345917Z   ---
2026-10-10T06:52:59.5347002Z   duration_ms: 6.3668
2026-10-10T06:52:59.5347836Z   type: 'test'
2026-10-10T06:52:59.5349913Z   ...
2026-10-10T06:52:59.5449078Z # Subtest: changed proposal bytes invalidate the displayed review
2026-10-10T06:52:59.5452602Z ok 117 - changed proposal bytes invalidate the displayed review
2026-10-10T06:52:59.5454637Z   ---
2026-10-10T06:52:59.5459732Z   duration_ms: 11.187
2026-10-10T06:52:59.5460520Z   type: 'test'
2026-10-10T06:52:59.5462401Z   ...
2026-10-10T06:52:59.5508356Z # Subtest: session selection intent invalidates an in-flight approval before queued selection runs
2026-10-10T06:52:59.5517445Z ok 118 - session selection intent invalidates an in-flight approval before queued selection runs
2026-10-10T06:52:59.5522886Z   ---
2026-10-10T06:52:59.5525152Z   duration_ms: 5.6559
2026-10-10T06:52:59.5529539Z   type: 'test'
2026-10-10T06:52:59.5532648Z   ...
2026-10-10T06:52:59.5610471Z # Subtest: closing a panel during history loading cannot start a detached poller
2026-10-10T06:52:59.5621049Z ok 119 - closing a panel during history loading cannot start a detached poller
2026-10-10T06:52:59.5627247Z   ---
2026-10-10T06:52:59.5629284Z   duration_ms: 7.5068
2026-10-10T06:52:59.5643046Z   type: 'test'
2026-10-10T06:52:59.5644914Z   ...
2026-10-10T06:52:59.5781653Z # Subtest: older native servers without a catalogue keep default execution without invented model IDs
2026-10-10T06:52:59.5788521Z ok 120 - older native servers without a catalogue keep default execution without invented model IDs
2026-10-10T06:52:59.5792557Z   ---
2026-10-10T06:52:59.5797648Z   duration_ms: 15.3868
2026-10-10T06:52:59.5803574Z   type: 'test'
2026-10-10T06:52:59.5809207Z   ...
2026-10-10T06:52:59.5887676Z # Subtest: edit comparison opens exact revalidated backend snapshots without granting or writing
2026-10-10T06:52:59.5889173Z ok 121 - edit comparison opens exact revalidated backend snapshots without granting or writing
2026-10-10T06:52:59.5893732Z   ---
2026-10-10T06:52:59.5896443Z   duration_ms: 10.8631
2026-10-10T06:52:59.5899298Z   type: 'test'
2026-10-10T06:52:59.5899656Z   ...
2026-10-10T06:52:59.6027516Z # Subtest: creation comparison opens absent-to-proposed snapshots without creating a file or granting
2026-10-10T06:52:59.6033881Z ok 122 - creation comparison opens absent-to-proposed snapshots without creating a file or granting
2026-10-10T06:52:59.6038305Z   ---
2026-10-10T06:52:59.6040547Z   duration_ms: 10.3407
2026-10-10T06:52:59.6043545Z   type: 'test'
2026-10-10T06:52:59.6045545Z   ...
2026-10-10T06:52:59.6129597Z # Subtest: refresh reloads backend execution capabilities and history without submitting a run
2026-10-10T06:52:59.6135961Z ok 123 - refresh reloads backend execution capabilities and history without submitting a run
2026-10-10T06:52:59.6139207Z   ---
2026-10-10T06:52:59.6145431Z   duration_ms: 14.1975
2026-10-10T06:52:59.6146924Z   type: 'test'
2026-10-10T06:52:59.6147826Z   ...
2026-10-10T06:52:59.6259483Z # Subtest: selected configured model survives view reopening and retired models fall back on refresh
2026-10-10T06:52:59.6261736Z ok 124 - selected configured model survives view reopening and retired models fall back on refresh
2026-10-10T06:52:59.6262488Z   ---
2026-10-10T06:52:59.6262861Z   duration_ms: 13.9029
2026-10-10T06:52:59.6263648Z   type: 'test'
2026-10-10T06:52:59.6265133Z   ...
2026-10-10T06:52:59.6456156Z # Subtest: normal development bootstrap completes activation before resolving the sidebar and clears private environment
2026-10-10T06:52:59.6461989Z ok 125 - normal development bootstrap completes activation before resolving the sidebar and clears private environment
2026-10-10T06:52:59.6463966Z   ---
2026-10-10T06:52:59.6467246Z   duration_ms: 6.4672
2026-10-10T06:52:59.6471775Z   type: 'test'
2026-10-10T06:52:59.6476033Z   ...
2026-10-10T06:52:59.6700781Z # Subtest: all patch action comparisons use revalidated read-only backend snapshots and never grant
2026-10-10T06:52:59.6702133Z ok 126 - all patch action comparisons use revalidated read-only backend snapshots and never grant
2026-10-10T06:52:59.6702850Z   ---
2026-10-10T06:52:59.6704120Z   duration_ms: 38.5609
2026-10-10T06:52:59.6705757Z   type: 'test'
2026-10-10T06:52:59.6708144Z   ...
2026-10-10T06:52:59.6754993Z # Subtest: a forged Allow message cannot approve malformed backend patch snapshots
2026-10-10T06:52:59.6760300Z ok 127 - a forged Allow message cannot approve malformed backend patch snapshots
2026-10-10T06:52:59.6762754Z   ---
2026-10-10T06:52:59.6763103Z   duration_ms: 6.2171
2026-10-10T06:52:59.6763462Z   type: 'test'
2026-10-10T06:52:59.6765769Z   ...
2026-10-10T06:52:59.6848473Z # Subtest: managed model choice survives an adapter-port change using native workspace/profile scope
2026-10-10T06:52:59.6850003Z ok 128 - managed model choice survives an adapter-port change using native workspace/profile scope
2026-10-10T06:52:59.6853030Z   ---
2026-10-10T06:52:59.6854733Z   duration_ms: 4.8266
2026-10-10T06:52:59.6856570Z   type: 'test'
2026-10-10T06:52:59.6859516Z   ...
2026-10-10T06:52:59.6896855Z # Subtest: a different native profile cannot restore a foreign saved model even at the same adapter URL
2026-10-10T06:52:59.6900826Z ok 129 - a different native profile cannot restore a foreign saved model even at the same adapter URL
2026-10-10T06:52:59.6902160Z   ---
2026-10-10T06:52:59.6904127Z   duration_ms: 8.3606
2026-10-10T06:52:59.6905789Z   type: 'test'
2026-10-10T06:52:59.6907209Z   ...
2026-10-10T06:52:59.6933337Z # Subtest: folder switching before the first sidebar exists reopens the latest workspace after stale startup
2026-10-10T06:52:59.6938903Z ok 130 - folder switching before the first sidebar exists reopens the latest workspace after stale startup
2026-10-10T06:52:59.6941324Z   ---
2026-10-10T06:52:59.6943250Z   duration_ms: 7.9535
2026-10-10T06:52:59.6943663Z   type: 'test'
2026-10-10T06:52:59.6945820Z   ...
2026-10-10T06:52:59.7395064Z # Subtest: MCP view restores only observation identity; reload never starts or replays login
2026-10-10T06:52:59.7400354Z ok 131 - MCP view restores only observation identity; reload never starts or replays login
2026-10-10T06:52:59.7402236Z   ---
2026-10-10T06:52:59.7404753Z   duration_ms: 10.1158
2026-10-10T06:52:59.7405987Z   type: 'test'
2026-10-10T06:52:59.7406418Z   ...
2026-10-10T06:52:59.7408737Z # Subtest: MCP view persists identity before admission and observes lost replies without retrying POST
2026-10-10T06:52:59.7411243Z ok 132 - MCP view persists identity before admission and observes lost replies without retrying POST
2026-10-10T06:52:59.7412063Z   ---
2026-10-10T06:52:59.7412682Z   duration_ms: 10.078
2026-10-10T06:52:59.7415109Z   type: 'test'
2026-10-10T06:52:59.7415858Z   ...
2026-10-10T06:52:59.7418550Z # Subtest: MCP completion and cancellation follow backend outcomes; terminal grants are not cancelled by a view
2026-10-10T06:52:59.7421849Z ok 133 - MCP completion and cancellation follow backend outcomes; terminal grants are not cancelled by a view
2026-10-10T06:52:59.7422825Z   ---
2026-10-10T06:52:59.7423835Z   duration_ms: 1.7863
2026-10-10T06:52:59.7424743Z   type: 'test'
2026-10-10T06:52:59.7426414Z   ...
2026-10-10T06:52:59.7428209Z # Subtest: MCP observation is retired on disposal and cannot open stale or terminal links
2026-10-10T06:52:59.7429883Z ok 134 - MCP observation is retired on disposal and cannot open stale or terminal links
2026-10-10T06:52:59.7430540Z   ---
2026-10-10T06:52:59.7430810Z   duration_ms: 8.9441
2026-10-10T06:52:59.7431128Z   type: 'test'
2026-10-10T06:52:59.7431406Z   ...
2026-10-10T06:52:59.7432574Z # Subtest: MCP missing attempts after backend restart are discarded without re-admission
2026-10-10T06:52:59.7434248Z ok 135 - MCP missing attempts after backend restart are discarded without re-admission
2026-10-10T06:52:59.7435682Z   ---
2026-10-10T06:52:59.7435957Z   duration_ms: 1.0379
2026-10-10T06:52:59.7436894Z   type: 'test'
2026-10-10T06:52:59.7437166Z   ...
2026-10-10T06:52:59.7437999Z # Subtest: staging preserves accepted native bytes and pure source while excluding interpreters and bytecode
2026-10-10T06:52:59.7439933Z ok 136 - staging preserves accepted native bytes and pure source while excluding interpreters and bytecode
2026-10-10T06:52:59.7441589Z   ---
2026-10-10T06:52:59.7441901Z   duration_ms: 333.9795
2026-10-10T06:52:59.7442255Z   type: 'test'
2026-10-10T06:52:59.7442547Z   ...
2026-10-10T06:52:59.7443301Z # Subtest: unified staging binds one product executable and rejects legacy launcher injection
2026-10-10T06:52:59.7444510Z ok 137 - unified staging binds one product executable and rejects legacy launcher injection
2026-10-10T06:52:59.7445222Z   ---
2026-10-10T06:52:59.7445526Z   duration_ms: 191.4027
2026-10-10T06:52:59.7445870Z   type: 'test'
2026-10-10T06:52:59.7446157Z   ...
2026-10-10T06:52:59.7446768Z # Subtest: unbound or changed native source manifests never publish output
2026-10-10T06:52:59.7448083Z ok 138 - unbound or changed native source manifests never publish output
2026-10-10T06:52:59.7448687Z   ---
2026-10-10T06:52:59.7448970Z   duration_ms: 38.8959
2026-10-10T06:52:59.7449303Z   type: 'test'
2026-10-10T06:52:59.7449591Z   ...
2026-10-10T06:52:59.7450270Z # Subtest: source inventory cannot include a Python executable or missing native file
2026-10-10T06:52:59.7451367Z ok 139 - source inventory cannot include a Python executable or missing native file
2026-10-10T06:52:59.7452039Z   ---
2026-10-10T06:52:59.7452312Z   duration_ms: 42.2241
2026-10-10T06:52:59.7452641Z   type: 'test'
2026-10-10T06:52:59.7452918Z   ...
2026-10-10T06:52:59.8068332Z # Subtest: missing pure source, license output collision and reused output fail before publication
2026-10-10T06:52:59.8071841Z ok 140 - missing pure source, license output collision and reused output fail before publication
2026-10-10T06:52:59.8073880Z   ---
2026-10-10T06:52:59.8074807Z   duration_ms: 78.4461
2026-10-10T06:52:59.8076695Z   type: 'test'
2026-10-10T06:52:59.8078539Z   ...
2026-10-10T06:52:59.9143651Z # Subtest: outputs cannot be nested in source trees and private paths cannot be license inputs
2026-10-10T06:52:59.9144932Z ok 141 - outputs cannot be nested in source trees and private paths cannot be license inputs
2026-10-10T06:52:59.9150100Z   ---
2026-10-10T06:52:59.9160183Z   duration_ms: 107.5176
2026-10-10T06:52:59.9161111Z   type: 'test'
2026-10-10T06:52:59.9161954Z   ...
2026-10-10T06:52:59.9552217Z # Subtest: symbolic source aliases cannot enter a native runtime package
2026-10-10T06:52:59.9554522Z ok 142 - symbolic source aliases cannot enter a native runtime package
2026-10-10T06:52:59.9557256Z   ---
2026-10-10T06:52:59.9560540Z   duration_ms: 40.7768
2026-10-10T06:52:59.9560970Z   type: 'test'
2026-10-10T06:52:59.9561655Z   ...
2026-10-10T06:53:00.0466248Z # Subtest: packaged native discovery binds every listed byte and returns paths without launching
2026-10-10T06:53:00.0468880Z ok 143 - packaged native discovery binds every listed byte and returns paths without launching
2026-10-10T06:53:00.0474321Z   ---
2026-10-10T06:53:00.0483708Z   duration_ms: 69.8501
2026-10-10T06:53:00.0492093Z   type: 'test'
2026-10-10T06:53:00.0497106Z   ...
2026-10-10T06:53:00.0501469Z # Subtest: unified package resolves fixed entry modes and retains the exact primary executable
2026-10-10T06:53:00.0506144Z ok 144 - unified package resolves fixed entry modes and retains the exact primary executable
2026-10-10T06:53:00.0508271Z   ---
2026-10-10T06:53:00.0513091Z   duration_ms: 243.7948
2026-10-10T06:53:00.0515801Z   type: 'test'
2026-10-10T06:53:00.0518254Z   ...
2026-10-10T06:53:00.0522569Z # Subtest: one format rejects missing primary executables, legacy launchers and unsupported schemas
2026-10-10T06:53:00.0525227Z ok 145 - one format rejects missing primary executables, legacy launchers and unsupported schemas
2026-10-10T06:53:00.0530323Z   ---
2026-10-10T06:53:00.0533487Z   duration_ms: 39.5937
2026-10-10T06:53:00.0535860Z   type: 'test'
2026-10-10T06:53:00.0539493Z   ...
2026-10-10T06:53:00.0541677Z # Subtest: retained generation uses verified private inventory and reuses exact bytes without overwriting
2026-10-10T06:53:00.0547459Z ok 146 - retained generation uses verified private inventory and reuses exact bytes without overwriting
2026-10-10T06:53:00.0550343Z   ---
2026-10-10T06:53:00.0552818Z   duration_ms: 204.576
2026-10-10T06:53:00.0557794Z   type: 'test'
2026-10-10T06:53:00.0562012Z   ...
2026-10-10T06:53:00.0565035Z # Subtest: managed generation refuses unqualified pure-source override without creating runtime storage
2026-10-10T06:53:00.0568526Z ok 147 - managed generation refuses unqualified pure-source override without creating runtime storage
2026-10-10T06:53:00.0573890Z   ---
2026-10-10T06:53:00.0575725Z   duration_ms: 63.3224
2026-10-10T06:53:00.0580518Z   type: 'test'
2026-10-10T06:53:00.0583049Z   ...
2026-10-10T06:53:00.0585933Z # Subtest: explicit machine runtime and pure source paths do not search the repository or configuration
2026-10-10T06:53:00.0592159Z ok 148 - explicit machine runtime and pure source paths do not search the repository or configuration
2026-10-10T06:53:00.0593498Z   ---
2026-10-10T06:53:00.0593916Z   duration_ms: 71.6631
2026-10-10T06:53:00.0594391Z   type: 'test'
2026-10-10T06:53:00.0594773Z   ...
2026-10-10T06:53:00.0595952Z # Subtest: unsupported host or remote execution is rejected before filesystem access
2026-10-10T06:53:00.0597246Z ok 149 - unsupported host or remote execution is rejected before filesystem access
2026-10-10T06:53:00.0598099Z   ---
2026-10-10T06:53:00.0598488Z   duration_ms: 0.7715
2026-10-10T06:53:00.0598930Z   type: 'test'
2026-10-10T06:53:00.0599472Z   ...
2026-10-10T06:53:00.0600651Z # Subtest: binary tampering and missing pure-source inventory are rejected
2026-10-10T06:53:00.0602013Z ok 150 - binary tampering and missing pure-source inventory are rejected
2026-10-10T06:53:00.0602947Z   ---
2026-10-10T06:53:00.0603546Z   duration_ms: 61.5492
2026-10-10T06:53:00.0604168Z   type: 'test'
2026-10-10T06:53:00.0629274Z   ...
2026-10-10T06:53:00.0834814Z # Subtest: manifest forbids unknown executables, native Python extensions, traversal and private paths
2026-10-10T06:53:00.0840874Z ok 151 - manifest forbids unknown executables, native Python extensions, traversal and private paths
2026-10-10T06:53:00.0845889Z   ---
2026-10-10T06:53:00.0847101Z   duration_ms: 38.4293
2026-10-10T06:53:00.0850535Z   type: 'test'
2026-10-10T06:53:00.0854164Z   ...
2026-10-10T06:53:00.1357998Z # Subtest: unexpected files are rejected even when every expected hash is unchanged
2026-10-10T06:53:00.1362342Z ok 152 - unexpected files are rejected even when every expected hash is unchanged
2026-10-10T06:53:00.1363886Z   ---
2026-10-10T06:53:00.1367803Z   duration_ms: 52.0157
2026-10-10T06:53:00.1372305Z   type: 'test'
2026-10-10T06:53:00.1374323Z   ...
2026-10-10T06:53:00.2609333Z # Subtest: relative, controlled or malformed configuration paths are rejected without reading keys
2026-10-10T06:53:00.2610832Z ok 153 - relative, controlled or malformed configuration paths are rejected without reading keys
2026-10-10T06:53:00.2611649Z   ---
2026-10-10T06:53:00.2612002Z   duration_ms: 125.6874
2026-10-10T06:53:00.2612398Z   type: 'test'
2026-10-10T06:53:00.2612741Z   ...
2026-10-10T06:53:00.2781060Z # Subtest: new workspace with imported keys asks for a saved provider without discovery, activation or another key
2026-10-10T06:53:00.2783177Z ok 154 - new workspace with imported keys asks for a saved provider without discovery, activation or another key
2026-10-10T06:53:00.2784196Z   ---
2026-10-10T06:53:00.2784563Z   duration_ms: 9.4938
2026-10-10T06:53:00.2784967Z   type: 'test'
2026-10-10T06:53:00.2785312Z   ...
2026-10-10T06:53:00.2786129Z # Subtest: saved-provider guidance cannot publish after its workspace attachment is retired
2026-10-10T06:53:00.2787264Z ok 155 - saved-provider guidance cannot publish after its workspace attachment is retired
2026-10-10T06:53:00.2787983Z   ---
2026-10-10T06:53:00.2788258Z   duration_ms: 0.8821
2026-10-10T06:53:00.2788559Z   type: 'test'
2026-10-10T06:53:00.2788814Z   ...
2026-10-10T06:53:00.2789753Z # Subtest: saved key-only provider selection is a native CAS followed by discovery, with model enrollment only on explicit selection
2026-10-10T06:53:00.2791326Z ok 156 - saved key-only provider selection is a native CAS followed by discovery, with model enrollment only on explicit selection
2026-10-10T06:53:00.2792193Z   ---
2026-10-10T06:53:00.2792450Z   duration_ms: 3.0238
2026-10-10T06:53:00.2792739Z   type: 'test'
2026-10-10T06:53:00.2792995Z   ...
2026-10-10T06:53:00.2793779Z # Subtest: conflicting provider selection reads fresh metadata once without replaying the native selection
2026-10-10T06:53:00.2795048Z ok 157 - conflicting provider selection reads fresh metadata once without replaying the native selection
2026-10-10T06:53:00.2795775Z   ---
2026-10-10T06:53:00.2796500Z   duration_ms: 1.3644
2026-10-10T06:53:00.2796799Z   type: 'test'
2026-10-10T06:53:00.2797058Z   ...
2026-10-10T06:53:00.2797937Z # Subtest: saved-credential discovery survives close and conversation discard, with exact native CAS and no retained key
2026-10-10T06:53:00.2799826Z ok 158 - saved-credential discovery survives close and conversation discard, with exact native CAS and no retained key
2026-10-10T06:53:00.2800649Z   ---
2026-10-10T06:53:00.2800913Z   duration_ms: 3.2811
2026-10-10T06:53:00.2801205Z   type: 'test'
2026-10-10T06:53:00.2801452Z   ...
2026-10-10T06:53:00.2802273Z # Subtest: external profile, registry, route or backend identity changes retire saved catalogue without a model write
2026-10-10T06:53:00.2805210Z ok 159 - external profile, registry, route or backend identity changes retire saved catalogue without a model write
2026-10-10T06:53:00.2806077Z   ---
2026-10-10T06:53:00.2806339Z   duration_ms: 4.0693
2026-10-10T06:53:00.2806637Z   type: 'test'
2026-10-10T06:53:00.2806892Z   ...
2026-10-10T06:53:00.2807673Z # Subtest: unsaved keys never enter retained catalogue and discard or expiry removes their selection authority
2026-10-10T06:53:00.2808942Z ok 160 - unsaved keys never enter retained catalogue and discard or expiry removes their selection authority
2026-10-10T06:53:00.2809692Z   ---
2026-10-10T06:53:00.2809943Z   duration_ms: 9.1856
2026-10-10T06:53:00.2810234Z   type: 'test'
2026-10-10T06:53:00.2810485Z   ...
2026-10-10T06:53:00.2811237Z # Subtest: older metadata reads cannot erase the newer saved-profile observation or republish its catalogue
2026-10-10T06:53:00.2812479Z ok 161 - older metadata reads cannot erase the newer saved-profile observation or republish its catalogue
2026-10-10T06:53:00.2813211Z   ---
2026-10-10T06:53:00.2813470Z   duration_ms: 0.8013
2026-10-10T06:53:00.2813758Z   type: 'test'
2026-10-10T06:53:00.2814009Z   ...
2026-10-10T06:53:00.2814752Z # Subtest: admission reconciliation refreshes changed metadata and discards pending keys without replay
2026-10-10T06:53:00.2816058Z ok 162 - admission reconciliation refreshes changed metadata and discards pending keys without replay
2026-10-10T06:53:00.2816782Z   ---
2026-10-10T06:53:00.2817028Z   duration_ms: 1.2809
2026-10-10T06:53:00.2817303Z   type: 'test'
2026-10-10T06:53:00.2817542Z   ...
2026-10-10T06:53:00.2818108Z # Subtest: retired admission reconciliation cannot publish a late metadata response
2026-10-10T06:53:00.2819489Z ok 163 - retired admission reconciliation cannot publish a late metadata response
2026-10-10T06:53:00.2820162Z   ---
2026-10-10T06:53:00.2820438Z   duration_ms: 0.839
2026-10-10T06:53:00.2820746Z   type: 'test'
2026-10-10T06:53:00.2821017Z   ...
2026-10-10T06:53:00.2821937Z # Subtest: admission uses the profile snapshot already shown in this view and does not refresh past an external change
2026-10-10T06:53:00.2823413Z ok 164 - admission uses the profile snapshot already shown in this view and does not refresh past an external change
2026-10-10T06:53:00.2824276Z   ---
2026-10-10T06:53:00.2824543Z   duration_ms: 0.4759
2026-10-10T06:53:00.2824864Z   type: 'test'
2026-10-10T06:53:00.2825139Z   ...
2026-10-10T06:53:00.2825934Z # Subtest: profile setup discovers privately, rejects forged models and enrolls only on footer selection
2026-10-10T06:53:00.2827285Z ok 165 - profile setup discovers privately, rejects forged models and enrolls only on footer selection
2026-10-10T06:53:00.2828060Z   ---
2026-10-10T06:53:00.2828325Z   duration_ms: 0.952
2026-10-10T06:53:00.2828633Z   type: 'test'
2026-10-10T06:53:00.2828902Z   ...
2026-10-10T06:53:00.2829656Z # Subtest: saved-key discovery stays on its owned route while native save can rebind within the family
2026-10-10T06:53:00.2830904Z ok 166 - saved-key discovery stays on its owned route while native save can rebind within the family
2026-10-10T06:53:00.2831684Z   ---
2026-10-10T06:53:00.2831956Z   duration_ms: 0.5734
2026-10-10T06:53:00.2832278Z   type: 'test'
2026-10-10T06:53:00.2832838Z   ...
2026-10-10T06:53:00.2833664Z # Subtest: disposing or changing backend cannot publish late discovery or send a pending key in enrollment
2026-10-10T06:53:00.2835057Z ok 167 - disposing or changing backend cannot publish late discovery or send a pending key in enrollment
2026-10-10T06:53:00.2835840Z   ---
2026-10-10T06:53:00.2836116Z   duration_ms: 20.7285
2026-10-10T06:53:00.2836449Z   type: 'test'
2026-10-10T06:53:00.2836722Z   ...
2026-10-10T06:53:04.1645512Z # Subtest: MCP Settings renders native outcomes and sends only server-bound sign-in intent
2026-10-10T06:53:04.1647515Z ok 168 - MCP Settings renders native outcomes and sends only server-bound sign-in intent
2026-10-10T06:53:04.1648618Z   ---
2026-10-10T06:53:04.1648940Z   duration_ms: 219.5232
2026-10-10T06:53:04.1649828Z   type: 'test'
2026-10-10T06:53:04.1650184Z   ...
2026-10-10T06:53:04.1651113Z # Subtest: MCP Settings escapes peer labels and never shows a working connector for an unavailable backend
2026-10-10T06:53:04.1652753Z ok 169 - MCP Settings escapes peer labels and never shows a working connector for an unavailable backend
2026-10-10T06:53:04.1653671Z   ---
2026-10-10T06:53:04.1654092Z   duration_ms: 54.4513
2026-10-10T06:53:04.1654547Z   type: 'test'
2026-10-10T06:53:04.1654947Z   ...
2026-10-10T06:53:04.1655942Z # Subtest: footer file-change mode follows native capability and never promises writes for unknown legacy policy
2026-10-10T06:53:04.1657501Z ok 170 - footer file-change mode follows native capability and never promises writes for unknown legacy policy
2026-10-10T06:53:04.1658428Z   ---
2026-10-10T06:53:04.1658838Z   duration_ms: 52.1118
2026-10-10T06:53:04.1659275Z   type: 'test'
2026-10-10T06:53:04.1659666Z   ...
2026-10-10T06:53:04.1660628Z # Subtest: skill chooser stays in the sidebar footer, retains focus, and sends revision-bound attachment intent
2026-10-10T06:53:04.1662208Z ok 171 - skill chooser stays in the sidebar footer, retains focus, and sends revision-bound attachment intent
2026-10-10T06:53:04.1663452Z   ---
2026-10-10T06:53:04.1699589Z   duration_ms: 41.4079
2026-10-10T06:53:04.1703574Z   type: 'test'
2026-10-10T06:53:04.1719442Z   ...
2026-10-10T06:53:04.1720793Z # Subtest: effective backend root uses plain text and folder switch clears the old draft
2026-10-10T06:53:04.1722289Z ok 172 - effective backend root uses plain text and folder switch clears the old draft
2026-10-10T06:53:04.1723155Z   ---
2026-10-10T06:53:04.1723583Z   duration_ms: 36.5376
2026-10-10T06:53:04.1724039Z   type: 'test'
2026-10-10T06:53:04.1724451Z   ...
2026-10-10T06:53:04.1725625Z # Subtest: footer saved-provider chooser uses public profiles, preserves actual selection until acknowledgement and never opens key settings
2026-10-10T06:53:04.1732751Z ok 173 - footer saved-provider chooser uses public profiles, preserves actual selection until acknowledgement and never opens key settings
2026-10-10T06:53:04.1733885Z   ---
2026-10-10T06:53:04.1734204Z   duration_ms: 42.014
2026-10-10T06:53:04.1734576Z   type: 'test'
2026-10-10T06:53:04.1734870Z   ...
2026-10-10T06:53:04.1735622Z # Subtest: DeepSeek Settings enrollment uses the footer model chooser and saved response metrics
2026-10-10T06:53:04.1750631Z ok 174 - DeepSeek Settings enrollment uses the footer model chooser and saved response metrics
2026-10-10T06:53:04.1751345Z   ---
2026-10-10T06:53:04.1751613Z   duration_ms: 85.9745
2026-10-10T06:53:04.1751932Z   type: 'test'
2026-10-10T06:53:04.1752205Z   ...
2026-10-10T06:53:04.1753449Z # Subtest: context control stays beside the bottom composer, shows actual counters and submits only the displayed session/model/head
2026-10-10T06:53:04.1755890Z ok 175 - context control stays beside the bottom composer, shows actual counters and submits only the displayed session/model/head
2026-10-10T06:53:04.1756937Z   ---
2026-10-10T06:53:04.1757246Z   duration_ms: 36.558
2026-10-10T06:53:04.1757889Z   type: 'test'
2026-10-10T06:53:04.1758208Z   ...
2026-10-10T06:53:04.1760261Z # Subtest: graph resume is exposed only from backend eligibility and removed selection cannot act on the old closed owner
2026-10-10T06:53:04.1765623Z ok 176 - graph resume is exposed only from backend eligibility and removed selection cannot act on the old closed owner
2026-10-10T06:53:04.1766561Z   ---
2026-10-10T06:53:04.1766875Z   duration_ms: 35.5202
2026-10-10T06:53:04.1767227Z   type: 'test'
2026-10-10T06:53:04.1767528Z   ...
2026-10-10T06:53:04.1768540Z # Subtest: Agent plan renders actual dependencies/correlations/held response metrics safely inside the existing sidebar
2026-10-10T06:53:04.1770184Z ok 177 - Agent plan renders actual dependencies/correlations/held response metrics safely inside the existing sidebar
2026-10-10T06:53:04.1771127Z   ---
2026-10-10T06:53:04.1771417Z   duration_ms: 59.1279
2026-10-10T06:53:04.1772088Z   type: 'test'
2026-10-10T06:53:04.1772439Z   ...
2026-10-10T06:53:04.1773591Z # Subtest: human answer keeps raw numeric lexemes and draft across observations, binds current identities/CAS and rejects detached form sends
2026-10-10T06:53:04.1775508Z ok 178 - human answer keeps raw numeric lexemes and draft across observations, binds current identities/CAS and rejects detached form sends
2026-10-10T06:53:04.1776560Z   ---
2026-10-10T06:53:04.1776876Z   duration_ms: 41.1143
2026-10-10T06:53:04.1777215Z   type: 'test'
2026-10-10T06:53:04.1777507Z   ...
2026-10-10T06:53:04.1778520Z # Subtest: dynamic human questions use written answers by default and safely encode actual characters without granting operation approval
2026-10-10T06:53:04.1780145Z ok 179 - dynamic human questions use written answers by default and safely encode actual characters without granting operation approval
2026-10-10T06:53:04.1781459Z   ---
2026-10-10T06:53:04.1781761Z   duration_ms: 43.9018
2026-10-10T06:53:04.1782129Z   type: 'test'
2026-10-10T06:53:04.1782429Z   ...
2026-10-10T06:53:04.1783629Z # Subtest: human-only completed frontier exposes explicit resume only for an enabled ready paused owner and preserves unanswered controls separately
2026-10-10T06:53:04.1785631Z ok 180 - human-only completed frontier exposes explicit resume only for an enabled ready paused owner and preserves unanswered controls separately
2026-10-10T06:53:04.1786725Z   ---
2026-10-10T06:53:04.1787028Z   duration_ms: 50.7745
2026-10-10T06:53:04.1787380Z   type: 'test'
2026-10-10T06:53:04.1787675Z   ...
2026-10-10T06:53:04.1788683Z # Subtest: Agent investigations retain independent metrics and terminal replay does not synthesize a graph or another answer
2026-10-10T06:53:04.1790352Z ok 181 - Agent investigations retain independent metrics and terminal replay does not synthesize a graph or another answer
2026-10-10T06:53:04.1791310Z   ---
2026-10-10T06:53:04.1791598Z   duration_ms: 42.6524
2026-10-10T06:53:04.1791931Z   type: 'test'
2026-10-10T06:53:04.1792230Z   ...
2026-10-10T06:53:04.1793057Z # Subtest: run inspector uses selected historical provider context independently of the current model
2026-10-10T06:53:04.1794418Z ok 182 - run inspector uses selected historical provider context independently of the current model
2026-10-10T06:53:04.1795247Z   ---
2026-10-10T06:53:04.1795532Z   duration_ms: 29.5748
2026-10-10T06:53:04.1795869Z   type: 'test'
2026-10-10T06:53:04.1796164Z   ...
2026-10-10T06:53:04.1796835Z # Subtest: run inspector suppresses malformed or secret-bearing provider metadata
2026-10-10T06:53:04.1797907Z ok 183 - run inspector suppresses malformed or secret-bearing provider metadata
2026-10-10T06:53:04.1798584Z   ---
2026-10-10T06:53:04.1798876Z   duration_ms: 20.456
2026-10-10T06:53:04.1799214Z   type: 'test'
2026-10-10T06:53:04.1799502Z   ...
2026-10-10T06:53:04.1800306Z # Subtest: profile Settings offers saved and new providers and keeps discovered models in the footer
2026-10-10T06:53:04.1801993Z ok 184 - profile Settings offers saved and new providers and keeps discovered models in the footer
2026-10-10T06:53:04.1802796Z   ---
2026-10-10T06:53:04.1803084Z   duration_ms: 45.8936
2026-10-10T06:53:04.1803732Z   type: 'test'
2026-10-10T06:53:04.1804023Z   ...
2026-10-10T06:53:04.1804867Z # Subtest: closing Settings keeps the saved discovered footer list and sends no model or profile mutation
2026-10-10T06:53:04.1806266Z ok 185 - closing Settings keeps the saved discovered footer list and sends no model or profile mutation
2026-10-10T06:53:04.1807090Z   ---
2026-10-10T06:53:04.1807373Z   duration_ms: 33.1155
2026-10-10T06:53:04.1807707Z   type: 'test'
2026-10-10T06:53:04.1807993Z   ...
2026-10-10T06:53:04.1808941Z # Subtest: GenerateContent labels depend on advertised routes and keep model choice in the footer
2026-10-10T06:53:04.1811155Z ok 186 - GenerateContent labels depend on advertised routes and keep model choice in the footer
2026-10-10T06:53:04.1812304Z   ---
2026-10-10T06:53:04.1813165Z   duration_ms: 29.6107
2026-10-10T06:53:04.1813821Z   type: 'test'
2026-10-10T06:53:04.1814364Z   ...
2026-10-10T06:53:04.1815517Z # Subtest: advertised Gemini Settings clears the draft key and uses the footer for full discovered model resources
2026-10-10T06:53:04.1817302Z ok 187 - advertised Gemini Settings clears the draft key and uses the footer for full discovered model resources
2026-10-10T06:53:04.1818441Z   ---
2026-10-10T06:53:04.1818973Z   duration_ms: 45.996
2026-10-10T06:53:04.1819579Z   type: 'test'
2026-10-10T06:53:04.1820130Z   ...
2026-10-10T06:53:04.1821671Z # Subtest: recorded GenerateContent response and run context retain their native identity and supplied metrics
2026-10-10T06:53:04.1823465Z ok 188 - recorded GenerateContent response and run context retain their native identity and supplied metrics
2026-10-10T06:53:04.1824590Z   ---
2026-10-10T06:53:04.1825129Z   duration_ms: 42.7538
2026-10-10T06:53:04.1825725Z   type: 'test'
2026-10-10T06:53:04.1826275Z   ...
2026-10-10T06:53:04.1827461Z # Subtest: conversation rename keeps expected title and draft through conflicts, and cancels when selection changes
2026-10-10T06:53:04.1829294Z ok 189 - conversation rename keeps expected title and draft through conflicts, and cancels when selection changes
2026-10-10T06:53:04.1830474Z   ---
2026-10-10T06:53:04.1831009Z   duration_ms: 52.7612
2026-10-10T06:53:04.1831626Z   type: 'test'
2026-10-10T06:53:04.1832169Z   ...
2026-10-10T06:53:04.1833043Z # Subtest: footer displays only a recognized backend-reported provider wire
2026-10-10T06:53:04.1834309Z ok 190 - footer displays only a recognized backend-reported provider wire
2026-10-10T06:53:04.1835217Z   ---
2026-10-10T06:53:04.1835744Z   duration_ms: 40.0958
2026-10-10T06:53:04.1836333Z   type: 'test'
2026-10-10T06:53:04.1836863Z   ...
2026-10-10T06:53:04.1837981Z # Subtest: model protocol failure shows only recognized diagnostics and preserves conversation context
2026-10-10T06:53:04.1840571Z ok 191 - model protocol failure shows only recognized diagnostics and preserves conversation context
2026-10-10T06:53:04.1841717Z   ---
2026-10-10T06:53:04.1842205Z   duration_ms: 26.0896
2026-10-10T06:53:04.1842771Z   type: 'test'
2026-10-10T06:53:04.1843268Z   ...
2026-10-10T06:53:04.1844343Z # Subtest: provider failures remain visible through transcript refresh without invented replies or metrics
2026-10-10T06:53:04.1846098Z ok 192 - provider failures remain visible through transcript refresh without invented replies or metrics
2026-10-10T06:53:04.1847178Z   ---
2026-10-10T06:53:04.1847671Z   duration_ms: 28.4346
2026-10-10T06:53:04.1848216Z   type: 'test'
2026-10-10T06:53:04.1848708Z   ...
2026-10-10T06:53:04.1849865Z # Subtest: incompatible provider history and unavailable saved context explain recovery without fabricating a reply
2026-10-10T06:53:04.1851678Z ok 193 - incompatible provider history and unavailable saved context explain recovery without fabricating a reply
2026-10-10T06:53:04.1852806Z   ---
2026-10-10T06:53:04.1853311Z   duration_ms: 35.373
2026-10-10T06:53:04.1853811Z   type: 'test'
2026-10-10T06:53:04.1859741Z   ...
2026-10-10T06:53:04.1860989Z # Subtest: unknown failure reasons remain safe and DOM callback exceptions invalidate the fixture
2026-10-10T06:53:04.1862967Z ok 194 - unknown failure reasons remain safe and DOM callback exceptions invalidate the fixture
2026-10-10T06:53:04.1863760Z   ---
2026-10-10T06:53:04.1864053Z   duration_ms: 44.5421
2026-10-10T06:53:04.1864400Z   type: 'test'
2026-10-10T06:53:04.1864689Z   ...
2026-10-10T06:53:04.1865463Z # Subtest: recorded provider identifiers render without raw error messages or unknown fields
2026-10-10T06:53:04.1866702Z ok 195 - recorded provider identifiers render without raw error messages or unknown fields
2026-10-10T06:53:04.1867451Z   ---
2026-10-10T06:53:04.1867748Z   duration_ms: 29.6046
2026-10-10T06:53:04.1868088Z   type: 'test'
2026-10-10T06:53:04.1868378Z   ...
2026-10-10T06:53:04.1869468Z # Subtest: durable command output renders independent channels without executing markup or controls
2026-10-10T06:53:04.1870855Z ok 196 - durable command output renders independent channels without executing markup or controls
2026-10-10T06:53:04.1871677Z   ---
2026-10-10T06:53:04.1871974Z   duration_ms: 21.9918
2026-10-10T06:53:04.1872322Z   type: 'test'
2026-10-10T06:53:04.1872618Z   ...
2026-10-10T06:53:04.1873382Z # Subtest: output replay preserves fragmented Unicode and ignores only exact duplicate bytes
2026-10-10T06:53:04.1874606Z ok 197 - output replay preserves fragmented Unicode and ignores only exact duplicate bytes
2026-10-10T06:53:04.1875359Z   ---
2026-10-10T06:53:04.1875652Z   duration_ms: 25.5186
2026-10-10T06:53:04.1875986Z   type: 'test'
2026-10-10T06:53:04.1876276Z   ...
2026-10-10T06:53:04.1876869Z # Subtest: gaps, malformed bytes and capture overflow never invent output
2026-10-10T06:53:04.1877805Z ok 198 - gaps, malformed bytes and capture overflow never invent output
2026-10-10T06:53:04.1878409Z   ---
2026-10-10T06:53:04.1878683Z   duration_ms: 150.8126
2026-10-10T06:53:04.1880838Z   type: 'test'
2026-10-10T06:53:04.1882201Z   ...
2026-10-10T06:53:04.1885691Z # Subtest: recorded output survives transcript refresh and clears on run or conversation change
2026-10-10T06:53:04.1887032Z ok 199 - recorded output survives transcript refresh and clears on run or conversation change
2026-10-10T06:53:04.1887829Z   ---
2026-10-10T06:53:04.1888130Z   duration_ms: 39.0119
2026-10-10T06:53:04.1888479Z   type: 'test'
2026-10-10T06:53:04.1888773Z   ...
2026-10-10T06:53:04.1889546Z # Subtest: the sidebar bounds command stream cards and leaves excess output in recorded activity
2026-10-10T06:53:04.1890811Z ok 200 - the sidebar bounds command stream cards and leaves excess output in recorded activity
2026-10-10T06:53:04.1891681Z   ---
2026-10-10T06:53:04.1891981Z   duration_ms: 73.7486
2026-10-10T06:53:04.1892326Z   type: 'test'
2026-10-10T06:53:04.1894682Z   ...
2026-10-10T06:53:04.1895435Z # Subtest: command approval reviews literal arguments before sending only a decision ID
2026-10-10T06:53:04.1896461Z ok 201 - command approval reviews literal arguments before sending only a decision ID
2026-10-10T06:53:04.1897090Z   ---
2026-10-10T06:53:04.1897350Z   duration_ms: 27.4694
2026-10-10T06:53:04.1897652Z   type: 'test'
2026-10-10T06:53:04.1897915Z   ...
2026-10-10T06:53:04.1898597Z # Subtest: approval displays bound guidance hashes and rejects malformed source metadata
2026-10-10T06:53:04.1899880Z ok 202 - approval displays bound guidance hashes and rejects malformed source metadata
2026-10-10T06:53:04.1900513Z   ---
2026-10-10T06:53:04.1900771Z   duration_ms: 30.7864
2026-10-10T06:53:04.1901065Z   type: 'test'
2026-10-10T06:53:04.1901321Z   ...
2026-10-10T06:53:04.1902120Z # Subtest: file, command and MCP approvals render active skill bindings and fail closed for malformed snapshots
2026-10-10T06:53:04.1903428Z ok 203 - file, command and MCP approvals render active skill bindings and fail closed for malformed snapshots
2026-10-10T06:53:04.1904186Z   ---
2026-10-10T06:53:04.1904439Z   duration_ms: 85.6725
2026-10-10T06:53:04.1904735Z   type: 'test'
2026-10-10T06:53:04.1904999Z   ...
2026-10-10T06:53:04.1906154Z # Subtest: approval polling preserves inspected nodes, focus and pending decisions while changed bindings replace the card
2026-10-10T06:53:04.1907626Z ok 204 - approval polling preserves inspected nodes, focus and pending decisions while changed bindings replace the card
2026-10-10T06:53:04.1908436Z   ---
2026-10-10T06:53:04.1908688Z   duration_ms: 55.0797
2026-10-10T06:53:04.1908979Z   type: 'test'
2026-10-10T06:53:04.1909243Z   ...
2026-10-10T06:53:04.1909739Z # Subtest: malformed or expired command proposals cannot be allowed
2026-10-10T06:53:04.1910488Z ok 205 - malformed or expired command proposals cannot be allowed
2026-10-10T06:53:04.1910976Z   ---
2026-10-10T06:53:04.1911220Z   duration_ms: 35.5615
2026-10-10T06:53:04.1911504Z   type: 'test'
2026-10-10T06:53:04.1911763Z   ...
2026-10-10T06:53:04.1937238Z # Subtest: command results preserve separate escaped output, hex bytes and actual exit metrics
2026-10-10T06:53:04.1950759Z ok 206 - command results preserve separate escaped output, hex bytes and actual exit metrics
2026-10-10T06:53:04.1952486Z   ---
2026-10-10T06:53:04.1952841Z   duration_ms: 31.4616
2026-10-10T06:53:04.1953170Z   type: 'test'
2026-10-10T06:53:04.1953446Z   ...
2026-10-10T06:53:04.1954130Z # Subtest: uncertain commands remain blocked and malformed outcomes retain raw evidence
2026-10-10T06:53:04.1955201Z ok 207 - uncertain commands remain blocked and malformed outcomes retain raw evidence
2026-10-10T06:53:04.1955897Z   ---
2026-10-10T06:53:04.1956204Z   duration_ms: 39.3148
2026-10-10T06:53:04.1956552Z   type: 'test'
2026-10-10T06:53:04.1957189Z   ...
2026-10-10T06:53:04.1958018Z # Subtest: command output metrics require exact encoded retained bytes and safe drained counts
2026-10-10T06:53:04.1959742Z ok 208 - command output metrics require exact encoded retained bytes and safe drained counts
2026-10-10T06:53:04.1960843Z   ---
2026-10-10T06:53:04.1961150Z   duration_ms: 34.9176
2026-10-10T06:53:04.1961501Z   type: 'test'
2026-10-10T06:53:04.1962127Z   ...
2026-10-10T06:53:04.1963489Z # Subtest: pending approval remains reachable without streamed activity moving review or granting permission
2026-10-10T06:53:04.1965020Z ok 209 - pending approval remains reachable without streamed activity moving review or granting permission
2026-10-10T06:53:04.1966631Z   ---
2026-10-10T06:53:04.1966950Z   duration_ms: 39.0195
2026-10-10T06:53:04.1967303Z   type: 'test'
2026-10-10T06:53:04.1967614Z   ...
2026-10-10T06:53:04.1968537Z # Subtest: approval notice follows current unexpired backend proposals and retires on run or workspace changes
2026-10-10T06:53:04.1970897Z ok 210 - approval notice follows current unexpired backend proposals and retires on run or workspace changes
2026-10-10T06:53:04.1971791Z   ---
2026-10-10T06:53:04.1972096Z   duration_ms: 33.8476
2026-10-10T06:53:04.1972462Z   type: 'test'
2026-10-10T06:53:04.1972766Z   ...
2026-10-10T06:53:04.1973624Z # Subtest: new-file review distinguishes absence, previews exact content and never retries uncertainty
2026-10-10T06:53:04.1975043Z ok 211 - new-file review distinguishes absence, previews exact content and never retries uncertainty
2026-10-10T06:53:04.1975875Z   ---
2026-10-10T06:53:04.1976170Z   duration_ms: 33.0762
2026-10-10T06:53:04.1976524Z   type: 'test'
2026-10-10T06:53:04.1976829Z   ...
2026-10-10T06:53:04.1977610Z # Subtest: external MCP approval names the server and tool and uncertainty never offers replay
2026-10-10T06:53:04.1979028Z ok 212 - external MCP approval names the server and tool and uncertainty never offers replay
2026-10-10T06:53:04.1979961Z   ---
2026-10-10T06:53:04.1980267Z   duration_ms: 24.8062
2026-10-10T06:53:04.1981031Z   type: 'test'
2026-10-10T06:53:04.1981346Z   ...
2026-10-10T06:53:04.1982555Z # Subtest: run detail selector preserves conversation history and blocks submission while another run is active
2026-10-10T06:53:04.1984603Z ok 213 - run detail selector preserves conversation history and blocks submission while another run is active
2026-10-10T06:53:04.1985901Z   ---
2026-10-10T06:53:04.1986497Z   duration_ms: 29.9038
2026-10-10T06:53:04.1987108Z   type: 'test'
2026-10-10T06:53:04.1987657Z   ...
2026-10-10T06:53:04.1988516Z # Subtest: uncertain edit inspection renders escaped observations and never offers an effect approval
2026-10-10T06:53:04.1990625Z ok 214 - uncertain edit inspection renders escaped observations and never offers an effect approval
2026-10-10T06:53:04.1991485Z   ---
2026-10-10T06:53:04.1991776Z   duration_ms: 32.2811
2026-10-10T06:53:04.1992099Z   type: 'test'
2026-10-10T06:53:04.1992390Z   ...
2026-10-10T06:53:04.1993166Z # Subtest: durable response profile badges use recorded identities and reject malformed metadata
2026-10-10T06:53:04.1995288Z ok 215 - durable response profile badges use recorded identities and reject malformed metadata
2026-10-10T06:53:04.1996382Z   ---
2026-10-10T06:53:04.1996688Z   duration_ms: 29.7897
2026-10-10T06:53:04.1997035Z   type: 'test'
2026-10-10T06:53:04.1997325Z   ...
2026-10-10T06:53:04.1998692Z # Subtest: history renders Markdown/code, copies plain code and shows exact provider usage
2026-10-10T06:53:04.2000580Z ok 216 - history renders Markdown/code, copies plain code and shows exact provider usage
2026-10-10T06:53:04.2001363Z   ---
2026-10-10T06:53:04.2001667Z   duration_ms: 37.9382
2026-10-10T06:53:04.2002012Z   type: 'test'
2026-10-10T06:53:04.2002591Z   ...
2026-10-10T06:53:04.2003772Z # Subtest: unknown historical usage stays unavailable and malicious Markdown is sanitized
2026-10-10T06:53:04.2005407Z ok 217 - unknown historical usage stays unavailable and malicious Markdown is sanitized
2026-10-10T06:53:04.2006096Z   ---
2026-10-10T06:53:04.2006364Z   duration_ms: 32.4284
2026-10-10T06:53:04.2006664Z   type: 'test'
2026-10-10T06:53:04.2006921Z   ...
2026-10-10T06:53:04.2007636Z # Subtest: editor context appends to an existing question as plain draft text without submitting
2026-10-10T06:53:04.2008807Z ok 218 - editor context appends to an existing question as plain draft text without submitting
2026-10-10T06:53:04.2009505Z   ---
2026-10-10T06:53:04.2009777Z   duration_ms: 26.8055
2026-10-10T06:53:04.2010088Z   type: 'test'
2026-10-10T06:53:04.2010354Z   ...
2026-10-10T06:53:04.2011150Z # Subtest: foreign workspace, cleared root, invalid and oversized editor context cannot replace the draft
2026-10-10T06:53:04.2012439Z ok 219 - foreign workspace, cleared root, invalid and oversized editor context cannot replace the draft
2026-10-10T06:53:04.2013198Z   ---
2026-10-10T06:53:04.2013458Z   duration_ms: 24.4634
2026-10-10T06:53:04.2013768Z   type: 'test'
2026-10-10T06:53:04.2014034Z   ...
2026-10-10T06:53:04.2014683Z # Subtest: file creation approval discloses parent directory effects as escaped paths
2026-10-10T06:53:04.2015726Z ok 220 - file creation approval discloses parent directory effects as escaped paths
2026-10-10T06:53:04.2016371Z   ---
2026-10-10T06:53:04.2016630Z   duration_ms: 22.9825
2026-10-10T06:53:04.2016936Z   type: 'test'
2026-10-10T06:53:04.2017201Z   ...
2026-10-10T06:53:04.2017892Z # Subtest: provider failure codes render actionable messages and exact failed-response usage
2026-10-10T06:53:04.2019342Z ok 221 - provider failure codes render actionable messages and exact failed-response usage
2026-10-10T06:53:04.2020043Z   ---
2026-10-10T06:53:04.2020309Z   duration_ms: 35.6377
2026-10-10T06:53:04.2020628Z   type: 'test'
2026-10-10T06:53:04.2020889Z   ...
2026-10-10T06:53:04.2021638Z # Subtest: live token badges use model usage events and reset when the persisted transcript arrives
2026-10-10T06:53:04.2022841Z ok 222 - live token badges use model usage events and reset when the persisted transcript arrives
2026-10-10T06:53:04.2023559Z   ---
2026-10-10T06:53:04.2023824Z   duration_ms: 32.3583
2026-10-10T06:53:04.2024142Z   type: 'test'
2026-10-10T06:53:04.2024411Z   ...
2026-10-10T06:53:04.2025237Z # Subtest: tool-turn checkpoint starts a new live response and history refresh preserves its received prefix
2026-10-10T06:53:04.2026883Z ok 223 - tool-turn checkpoint starts a new live response and history refresh preserves its received prefix
2026-10-10T06:53:04.2027654Z   ---
2026-10-10T06:53:04.2027913Z   duration_ms: 34.0868
2026-10-10T06:53:04.2028223Z   type: 'test'
2026-10-10T06:53:04.2028484Z   ...
2026-10-10T06:53:04.2029187Z # Subtest: bottom model selector exposes only backend-advertised IDs and sends the selected ID
2026-10-10T06:53:04.2030352Z ok 224 - bottom model selector exposes only backend-advertised IDs and sends the selected ID
2026-10-10T06:53:04.2031040Z   ---
2026-10-10T06:53:04.2031300Z   duration_ms: 27.4338
2026-10-10T06:53:04.2031605Z   type: 'test'
2026-10-10T06:53:04.2031866Z   ...
2026-10-10T06:53:04.2032873Z # Subtest: provider cache/reasoning counts and backend first-token time render without derived estimates
2026-10-10T06:53:04.2034180Z ok 225 - provider cache/reasoning counts and backend first-token time render without derived estimates
2026-10-10T06:53:04.2034931Z   ---
2026-10-10T06:53:04.2035194Z   duration_ms: 29.1605
2026-10-10T06:53:04.2035499Z   type: 'test'
2026-10-10T06:53:04.2035767Z   ...
2026-10-10T06:53:04.2036560Z # Subtest: Claude usage events and persisted metadata keep uncached input, cache writes and reads distinct
2026-10-10T06:53:04.2037855Z ok 226 - Claude usage events and persisted metadata keep uncached input, cache writes and reads distinct
2026-10-10T06:53:04.2038930Z   ---
2026-10-10T06:53:04.2039199Z   duration_ms: 36.7965
2026-10-10T06:53:04.2039503Z   type: 'test'
2026-10-10T06:53:04.2039768Z   ...
2026-10-10T06:53:04.2040463Z # Subtest: zero Claude counters remain visible while absent input and output stay unavailable
2026-10-10T06:53:04.2041591Z ok 227 - zero Claude counters remain visible while absent input and output stay unavailable
2026-10-10T06:53:04.2042278Z   ---
2026-10-10T06:53:04.2042536Z   duration_ms: 24.6256
2026-10-10T06:53:04.2042837Z   type: 'test'
2026-10-10T06:53:04.2043109Z   ...
2026-10-10T06:53:04.2043700Z # Subtest: cache-write badges require supplied safe nonnegative integer counts
2026-10-10T06:53:04.2044662Z ok 228 - cache-write badges require supplied safe nonnegative integer counts
2026-10-10T06:53:04.2045377Z   ---
2026-10-10T06:53:04.2045640Z   duration_ms: 54.8397
2026-10-10T06:53:04.2045969Z   type: 'test'
2026-10-10T06:53:04.2046233Z   ...
2026-10-10T06:53:04.2046993Z # Subtest: common provider metrics keep their original label unless native usage marks uncached input
2026-10-10T06:53:04.2048132Z ok 229 - common provider metrics keep their original label unless native usage marks uncached input
2026-10-10T06:53:04.2048558Z   ---
2026-10-10T06:53:04.2048731Z   duration_ms: 29.486
2026-10-10T06:53:04.2048919Z   type: 'test'
2026-10-10T06:53:04.2049083Z   ...
2026-10-10T06:53:04.2049521Z # Subtest: pending file comparison sends only an operation ID and remains separate from approval
2026-10-10T06:53:04.2050207Z ok 230 - pending file comparison sends only an operation ID and remains separate from approval
2026-10-10T06:53:04.2050616Z   ---
2026-10-10T06:53:04.2050783Z   duration_ms: 27.3543
2026-10-10T06:53:04.2050970Z   type: 'test'
2026-10-10T06:53:04.2051131Z   ...
2026-10-10T06:53:04.2051549Z # Subtest: top-right settings dialog clears key input and leaves model selection in the footer
2026-10-10T06:53:04.2052229Z ok 231 - top-right settings dialog clears key input and leaves model selection in the footer
2026-10-10T06:53:04.2052634Z   ---
2026-10-10T06:53:04.2052807Z   duration_ms: 18.4278
2026-10-10T06:53:04.2053015Z   type: 'test'
2026-10-10T06:53:04.2053182Z   ...
2026-10-10T06:53:04.2053681Z # Subtest: graph human form preserves a draft across checkpoints and sends raw input with the displayed revision
2026-10-10T06:53:04.2054485Z ok 232 - graph human form preserves a draft across checkpoints and sends raw input with the displayed revision
2026-10-10T06:53:04.2055152Z   ---
2026-10-10T06:53:04.2055412Z   duration_ms: 35.0078
2026-10-10T06:53:04.2055718Z   type: 'test'
2026-10-10T06:53:04.2056252Z   ...
2026-10-10T06:53:04.2057145Z # Subtest: graph child responses retain actual supplied per-response metrics independently of the root transcript
2026-10-10T06:53:04.2058647Z ok 233 - graph child responses retain actual supplied per-response metrics independently of the root transcript
2026-10-10T06:53:04.2059880Z   ---
2026-10-10T06:53:04.2060170Z   duration_ms: 34.5741
2026-10-10T06:53:04.2060491Z   type: 'test'
2026-10-10T06:53:04.2060758Z   ...
2026-10-10T06:53:04.2061496Z # Subtest: footer workflow chooser enables a real advertised tool graph on a model-free backend
2026-10-10T06:53:04.2067819Z ok 234 - footer workflow chooser enables a real advertised tool graph on a model-free backend
2026-10-10T06:53:04.2068542Z   ---
2026-10-10T06:53:04.2068845Z   duration_ms: 20.5475
2026-10-10T06:53:04.2069440Z   type: 'test'
2026-10-10T06:53:04.2069752Z   ...
2026-10-10T06:53:04.2070580Z # Subtest: graph join summary keeps full observed outputs expandable without fabricated aggregate metrics
2026-10-10T06:53:04.2071958Z ok 235 - graph join summary keeps full observed outputs expandable without fabricated aggregate metrics
2026-10-10T06:53:04.2072767Z   ---
2026-10-10T06:53:04.2073045Z   duration_ms: 25.9851
2026-10-10T06:53:04.2073367Z   type: 'test'
2026-10-10T06:53:04.2073644Z   ...
2026-10-10T06:53:04.2074568Z # Subtest: patch review shows actual action, absent snapshots, move destination and non-atomic batch before any decision
2026-10-10T06:53:04.2075786Z ok 236 - patch review shows actual action, absent snapshots, move destination and non-atomic batch before any decision
2026-10-10T06:53:04.2076293Z   ---
2026-10-10T06:53:04.2076465Z   duration_ms: 34.3548
2026-10-10T06:53:04.2076660Z   type: 'test'
2026-10-10T06:53:04.2076833Z   ...
2026-10-10T06:53:04.2077464Z # Subtest: malformed patch identity, missing batch manifest, absence, hashes and destinations disable Allow and comparison but preserve Deny
2026-10-10T06:53:04.2078709Z ok 237 - malformed patch identity, missing batch manifest, absence, hashes and destinations disable Allow and comparison but preserve Deny
2026-10-10T06:53:04.2079641Z   ---
2026-10-10T06:53:04.2079819Z   duration_ms: 29.6869
2026-10-10T06:53:04.2080017Z   type: 'test'
2026-10-10T06:53:04.2080182Z   ...
2026-10-10T06:53:04.2080601Z # Subtest: patch move review discloses both guidance scopes and rejects unbound scope metadata
2026-10-10T06:53:04.2081259Z ok 238 - patch move review discloses both guidance scopes and rejects unbound scope metadata
2026-10-10T06:53:04.2081680Z   ---
2026-10-10T06:53:04.2081846Z   duration_ms: 30.1276
2026-10-10T06:53:04.2082042Z   type: 'test'
2026-10-10T06:53:04.2082210Z   ...
2026-10-10T06:53:04.2544043Z # Subtest: host launches only native view without a backend token, database path or pipes
2026-10-10T06:53:04.2545550Z ok 239 - host launches only native view without a backend token, database path or pipes
2026-10-10T06:53:04.2546431Z   ---
2026-10-10T06:53:04.2546870Z   duration_ms: 13.6371
2026-10-10T06:53:04.2547346Z   type: 'test'
2026-10-10T06:53:04.2547761Z   ...
2026-10-10T06:53:04.2548611Z # Subtest: reload replaces only the view; profile and native backend identity remain stable
2026-10-10T06:53:04.2549877Z ok 240 - reload replaces only the view; profile and native backend identity remain stable
2026-10-10T06:53:04.2550685Z   ---
2026-10-10T06:53:04.2551080Z   duration_ms: 5.5317
2026-10-10T06:53:04.2551523Z   type: 'test'
2026-10-10T06:53:04.2551934Z   ...
2026-10-10T06:53:04.2552696Z # Subtest: read-only, trust, remote and pure-source boundaries apply before launch
2026-10-10T06:53:04.2553830Z ok 241 - read-only, trust, remote and pure-source boundaries apply before launch
2026-10-10T06:53:04.2555148Z   ---
2026-10-10T06:53:04.2555971Z   duration_ms: 3.1298
2026-10-10T06:53:04.2556510Z   type: 'test'
2026-10-10T06:53:04.2556942Z   ...
2026-10-10T06:53:04.2557631Z # Subtest: multi-root explicitly uses the opened root and host cwd
2026-10-10T06:53:04.2558589Z ok 242 - multi-root explicitly uses the opened root and host cwd
2026-10-10T06:53:04.2561057Z   ---
2026-10-10T06:53:04.2561484Z   duration_ms: 1.2452
2026-10-10T06:53:04.2561955Z   type: 'test'
2026-10-10T06:53:04.2562365Z   ...
2026-10-10T06:53:04.2563221Z # Subtest: private rendezvous fallback and aliases cannot expose storage to workspace tools
2026-10-10T06:53:04.2564482Z ok 243 - private rendezvous fallback and aliases cannot expose storage to workspace tools
2026-10-10T06:53:04.2565301Z   ---
2026-10-10T06:53:04.2565721Z   duration_ms: 1.611
2026-10-10T06:53:04.2566168Z   type: 'test'
2026-10-10T06:53:04.2566586Z   ...
2026-10-10T06:53:04.2567402Z # Subtest: wrong roots, process metadata and profile overlap fail and close only the view
2026-10-10T06:53:04.2568877Z ok 244 - wrong roots, process metadata and profile overlap fail and close only the view
2026-10-10T06:53:04.2569719Z   ---
2026-10-10T06:53:04.2570129Z   duration_ms: 2.9344
2026-10-10T06:53:04.2570589Z   type: 'test'
2026-10-10T06:53:04.2570996Z   ...
2026-10-10T06:53:04.2571720Z # Subtest: expanded folder set cannot expose a retained profile or rendezvous
2026-10-10T06:53:04.2572809Z ok 245 - expanded folder set cannot expose a retained profile or rendezvous
2026-10-10T06:53:04.2573555Z   ---
2026-10-10T06:53:04.2573967Z   duration_ms: 2.6097
2026-10-10T06:53:04.2574418Z   type: 'test'
2026-10-10T06:53:04.2574830Z   ...
2026-10-10T06:53:04.2576166Z # Subtest: workspace mutation during readiness closes the adapter without claiming backend termination
2026-10-10T06:53:04.2577658Z ok 246 - workspace mutation during readiness closes the adapter without claiming backend termination
2026-10-10T06:53:04.2578570Z   ---
2026-10-10T06:53:04.2578978Z   duration_ms: 0.7169
2026-10-10T06:53:04.2579433Z   type: 'test'
2026-10-10T06:53:04.2579842Z   ...
2026-10-10T06:53:04.2580723Z # Subtest: admission carries verified workspace authority and rejects late selection mutation
2026-10-10T06:53:04.2582031Z ok 247 - admission carries verified workspace authority and rejects late selection mutation
2026-10-10T06:53:04.2582879Z   ---
2026-10-10T06:53:04.2583283Z   duration_ms: 2.5991
2026-10-10T06:53:04.2583731Z   type: 'test'
2026-10-10T06:53:04.2584129Z   ...
2026-10-10T06:53:04.2584905Z # Subtest: authority drift rejects admission before a replacement run can be created
2026-10-10T06:53:04.2586060Z ok 248 - authority drift rejects admission before a replacement run can be created
2026-10-10T06:53:04.2586856Z   ---
2026-10-10T06:53:04.2587261Z   duration_ms: 1.3527
2026-10-10T06:53:04.2587710Z   type: 'test'
2026-10-10T06:53:04.2588123Z   ...
2026-10-10T06:53:04.2588892Z # Subtest: readiness timeout does not retry spawning or create a JavaScript database
2026-10-10T06:53:04.2590064Z ok 249 - readiness timeout does not retry spawning or create a JavaScript database
2026-10-10T06:53:04.2590828Z   ---
2026-10-10T06:53:04.2591219Z   duration_ms: 50.5642
2026-10-10T06:53:04.2591665Z   type: 'test'
2026-10-10T06:53:04.2592062Z   ...
2026-10-10T06:53:04.2592779Z # Subtest: external attachment still verifies the actual opened workspace
2026-10-10T06:53:04.2593816Z ok 250 - external attachment still verifies the actual opened workspace
2026-10-10T06:53:04.2594522Z   ---
2026-10-10T06:53:04.2594926Z   duration_ms: 1.0428
2026-10-10T06:53:04.2599384Z   type: 'test'
2026-10-10T06:53:04.2599889Z   ...
2026-10-10T06:53:04.2600730Z # Subtest: private native startup errors are accepted only for the spawned adapter PID
2026-10-10T06:53:04.2602018Z ok 251 - private native startup errors are accepted only for the spawned adapter PID
2026-10-10T06:53:04.2602847Z   ---
2026-10-10T06:53:04.2603318Z   duration_ms: 2.0437
2026-10-10T06:53:04.2603782Z   type: 'test'
2026-10-10T06:53:04.2604184Z   ...
2026-10-10T06:53:04.2605117Z # Subtest: a folder switch during preparation connects the latest folder after stale startup cleanup
2026-10-10T06:53:04.2606537Z ok 252 - a folder switch during preparation connects the latest folder after stale startup cleanup
2026-10-10T06:53:04.2607754Z   ---
2026-10-10T06:53:04.2608153Z   duration_ms: 1.1495
2026-10-10T06:53:04.2608596Z   type: 'test'
2026-10-10T06:53:04.2608995Z   ...
2026-10-10T06:53:04.2609949Z # Subtest: trust revocation during preparation prevents native startup without cancelling existing work
2026-10-10T06:53:04.2611432Z ok 253 - trust revocation during preparation prevents native startup without cancelling existing work
2026-10-10T06:53:04.2612349Z   ---
2026-10-10T06:53:04.2612866Z   duration_ms: 0.8963
2026-10-10T06:53:04.2613304Z   type: 'test'
2026-10-10T06:53:04.2613708Z   ...
2026-10-10T06:53:04.2614520Z # Subtest: attachment refuses trust or remote-host changes during workspace verification
2026-10-10T06:53:04.2620770Z ok 254 - attachment refuses trust or remote-host changes during workspace verification
2026-10-10T06:53:04.2621800Z   ---
2026-10-10T06:53:04.2622243Z   duration_ms: 0.804
2026-10-10T06:53:04.2622721Z   type: 'test'
2026-10-10T06:53:04.2623161Z   ...
2026-10-10T06:53:04.2624055Z # Subtest: native creates the rendezvous directory ownership; the host only chooses a fresh name
2026-10-10T06:53:04.2625416Z ok 255 - native creates the rendezvous directory ownership; the host only chooses a fresh name
2026-10-10T06:53:04.2626352Z   ---
2026-10-10T06:53:04.2626924Z   duration_ms: 0.8026
2026-10-10T06:53:04.2648372Z   type: 'test'
2026-10-10T06:53:04.2649487Z   ...
2026-10-10T06:53:04.2651034Z # Subtest: a chosen rendezvous collision is preserved and cannot start a native adapter
2026-10-10T06:53:04.2655302Z ok 256 - a chosen rendezvous collision is preserved and cannot start a native adapter
2026-10-10T06:53:04.2661690Z   ---
2026-10-10T06:53:04.2662163Z   duration_ms: 0.5875
2026-10-10T06:53:04.2662640Z   type: 'test'
2026-10-10T06:53:04.2663058Z   ...
2026-10-10T06:53:04.2663875Z # Subtest: a published rendezvous directory alias is refused before authentication
2026-10-10T06:53:04.2665068Z ok 257 - a published rendezvous directory alias is refused before authentication
2026-10-10T06:53:04.2665870Z   ---
2026-10-10T06:53:04.2666278Z   duration_ms: 0.8827
2026-10-10T06:53:04.2666735Z   type: 'test'
2026-10-10T06:53:04.2667141Z   ...
2026-10-10T06:53:04.2667531Z 1..257
2026-10-10T06:53:04.2667924Z # tests 257
2026-10-10T06:53:04.2668320Z # suites 0
2026-10-10T06:53:04.2668710Z # pass 257
2026-10-10T06:53:04.2669098Z # fail 0
2026-10-10T06:53:04.2669487Z # cancelled 0
2026-10-10T06:53:04.2669899Z # skipped 0
2026-10-10T06:53:04.2670290Z # todo 0
2026-10-10T06:53:04.2670715Z # duration_ms 5818.4849
2026-10-10T06:53:04.3452953Z ##[group]Run node views/browser/build.mjs build/browser-assets
2026-10-10T06:53:04.3453491Z [36;1mnode views/browser/build.mjs build/browser-assets[0m
2026-10-10T06:53:04.3453872Z [36;1mif ($LASTEXITCODE -ne 0) { exit $LASTEXITCODE }[0m
2026-10-10T06:53:04.3454263Z [36;1m$env:XMIND_BROWSER_TEST_ASSETS='build/browser-assets'[0m
2026-10-10T06:53:04.3454758Z [36;1mnode --test views/browser/tests/*.cjs > build/ci-evidence/browser-controller.log[0m
2026-10-10T06:53:04.3455246Z [36;1mif ($LASTEXITCODE -ne 0) { exit $LASTEXITCODE }[0m
2026-10-10T06:53:04.3456082Z [36;1mnode views/browser/tests/native-contract.mjs build/native/Release/xmind.exe ../xlang3/build/Release/modules ../stdlib-source/Lib build/browser-assets > build/ci-evidence/browser-native.log[0m
2026-10-10T06:53:04.3456874Z [36;1mexit $LASTEXITCODE[0m
2026-10-10T06:53:04.3529144Z shell: C:\Program Files\PowerShell\7\pwsh.EXE -command ". '{0}'"
2026-10-10T06:53:04.3529532Z ##[endgroup]
2026-10-10T06:53:04.7555514Z Browser view assets built at D:\a\xMind\xMind\xmind\build\browser-assets
2026-10-10T06:53:09.2618644Z ##[group]Run node Tools/ci-stage-runtime.mjs
2026-10-10T06:53:09.2619051Z [36;1mnode Tools/ci-stage-runtime.mjs[0m
2026-10-10T06:53:09.2691247Z shell: C:\Program Files\PowerShell\7\pwsh.EXE -command ". '{0}'"
2026-10-10T06:53:09.2691821Z ##[endgroup]
2026-10-10T06:53:15.6667031Z {"sourceRevision":"73ccf9020f0b9fcb1579382ba9c70811e93ede01","sdkRevision":"7b8b32ae3a0e6a99fac7babd97362736099448fb","stdlibRevision":"ebf955df7a89ed0c7968f79faec1de49f61ed7cb","contracts":114,"sourceFiles":29,"sourceManifestSha256":"8af078049ae0846b4b8eee53cbd4200f3cacf486a9756761a352ea39a9d9f623","output":"D:\\a\\xMind\\xMind\\xmind\\extensions\\vscode\\native-runtime","manifestSha256":"40bde4a0d1505c10a49f120c8b5eaa5bd76e5bbbb518ac740c3cd2767c79f246","nativeFiles":5,"pureSourceFiles":1830,"files":1860,"nativeExecuted":false,"configAccessed":false,"installed":false,"scope":"File staging from the complete successful native gate; VSIX verification follows separately"}
2026-10-10T06:53:15.8345756Z ##[group]Run npm run package -- --out ../../build/ci-evidence/xmind.vsix > ../../build/ci-evidence/browser-package.log
2026-10-10T06:53:15.8347170Z [36;1mnpm run package -- --out ../../build/ci-evidence/xmind.vsix > ../../build/ci-evidence/browser-package.log[0m
2026-10-10T06:53:15.8348126Z [36;1mif ($LASTEXITCODE -ne 0) { exit $LASTEXITCODE }[0m
2026-10-10T06:53:15.8349234Z [36;1m../../Tools/verify-browser-vsix.ps1 -Path ../../build/ci-evidence/xmind.vsix > ../../build/ci-evidence/browser-package-verification.log[0m
2026-10-10T06:53:15.8431840Z shell: C:\Program Files\PowerShell\7\pwsh.EXE -command ". '{0}'"
2026-10-10T06:53:15.8432218Z ##[endgroup]
2026-10-10T06:53:41.4518593Z ##[group]Run actions/upload-artifact@b7c566a772e6b6bfb58ed0dc250532a479d7789f
2026-10-10T06:53:41.4519081Z with:
2026-10-10T06:53:41.4519416Z   name: native-windows-evidence-73ccf9020f0b9fcb1579382ba9c70811e93ede01
2026-10-10T06:53:41.4519893Z   path: xmind/build/ci-evidence/
xmind/build/native/Testing/

2026-10-10T06:53:41.4520239Z   retention-days: 14
2026-10-10T06:53:41.4520472Z   if-no-files-found: warn
2026-10-10T06:53:41.4520693Z   compression-level: 6
2026-10-10T06:53:41.4520895Z   overwrite: false
2026-10-10T06:53:41.4521093Z   include-hidden-files: false
2026-10-10T06:53:41.4521311Z ##[endgroup]
2026-10-10T06:53:41.6958480Z Multiple search paths detected. Calculating the least common ancestor of all paths
2026-10-10T06:53:41.6962186Z The least common ancestor is D:\a\xMind\xMind\xmind\build. This will be the root directory of the artifact
2026-10-10T06:53:41.6963145Z With the provided path, there will be 24 files uploaded
2026-10-10T06:53:41.6968612Z Artifact name is valid!
2026-10-10T06:53:41.6970292Z Root directory input is valid!
2026-10-10T06:53:42.0678704Z Beginning upload of artifact content to blob storage
2026-10-10T06:53:43.6799875Z Uploaded bytes 8388608
2026-10-10T06:53:44.1124937Z Uploaded bytes 16777216
2026-10-10T06:53:44.2176934Z Uploaded bytes 17861217
2026-10-10T06:53:44.2970647Z Finished uploading artifact content to blob storage!
2026-10-10T06:53:44.2972103Z SHA256 digest of uploaded artifact zip is ef419e6b4dc6fa0c500a999d69d8760c3034ba2e02802af54062484194ae7506
2026-10-10T06:53:44.2973167Z Finalizing artifact upload
2026-10-10T06:53:44.6857543Z Artifact native-windows-evidence-73ccf9020f0b9fcb1579382ba9c70811e93ede01.zip successfully finalized. Artifact ID 11662158075
2026-10-10T06:53:44.6859741Z Artifact native-windows-evidence-73ccf9020f0b9fcb1579382ba9c70811e93ede01 has been successfully uploaded! Final size is 17861217 bytes. Artifact ID is 11662158075
2026-10-10T06:53:44.6867477Z Artifact download URL: https://github.com/xlang-foundation/xMind/actions/runs/38030012346/artifacts/11662158075
2026-10-10T06:53:44.7242081Z ##[group]Run actions/upload-artifact@b7c566a772e6b6bfb58ed0dc250532a479d7789f
2026-10-10T06:53:44.7242831Z with:
2026-10-10T06:53:44.7243354Z   name: native-windows-runtime-73ccf9020f0b9fcb1579382ba9c70811e93ede01
2026-10-10T06:53:44.7244081Z   path: xmind/build/native-distribution/
2026-10-10T06:53:44.7244534Z   if-no-files-found: error
2026-10-10T06:53:44.7244911Z   retention-days: 14
2026-10-10T06:53:44.7245249Z   compression-level: 6
2026-10-10T06:53:44.7269581Z   overwrite: false
2026-10-10T06:53:44.7269961Z   include-hidden-files: false
2026-10-10T06:53:44.7270354Z ##[endgroup]
2026-10-10T06:53:44.9832571Z With the provided path, there will be 29 files uploaded
2026-10-10T06:53:44.9839541Z Artifact name is valid!
2026-10-10T06:53:44.9841131Z Root directory input is valid!
2026-10-10T06:53:45.3794459Z Beginning upload of artifact content to blob storage
2026-10-10T06:53:47.5893985Z Uploaded bytes 8388608
2026-10-10T06:53:47.7163395Z Uploaded bytes 9893248
2026-10-10T06:53:47.7903167Z Finished uploading artifact content to blob storage!
2026-10-10T06:53:47.7904785Z SHA256 digest of uploaded artifact zip is 2d3b2441cb4504bc0e96aabcb2b1d029e66b8f8a6583e597b3b2d4f23ec93f4f
2026-10-10T06:53:47.7907789Z Finalizing artifact upload
2026-10-10T06:53:48.1869483Z Artifact native-windows-runtime-73ccf9020f0b9fcb1579382ba9c70811e93ede01.zip successfully finalized. Artifact ID 11662946318
2026-10-10T06:53:48.1872005Z Artifact native-windows-runtime-73ccf9020f0b9fcb1579382ba9c70811e93ede01 has been successfully uploaded! Final size is 9893248 bytes. Artifact ID is 11662946318
2026-10-10T06:53:48.1879214Z Artifact download URL: https://github.com/xlang-foundation/xMind/actions/runs/38030012346/artifacts/11662946318
2026-10-10T06:53:48.2285315Z Post job cleanup.
2026-10-10T06:53:48.4389325Z Post job cleanup.
2026-10-10T06:53:48.6858600Z [command]"C:\Program Files\Git\bin\git.exe" version
2026-10-10T06:53:48.7180060Z git version 2.55.0.windows.5
2026-10-10T06:53:48.7261811Z Temporarily overriding HOME='D:\a\_temp\ae508919-c607-4438-a465-6da1f0340711' before making global git config changes
2026-10-10T06:53:48.7263577Z Adding repository directory to the temporary git global config as a safe directory
2026-10-10T06:53:48.7274460Z [command]"C:\Program Files\Git\bin\git.exe" config --global --add safe.directory D:\a\xMind\xMind\stdlib-source
2026-10-10T06:53:48.7602801Z Removing SSH command configuration
2026-10-10T06:53:48.7615677Z [command]"C:\Program Files\Git\bin\git.exe" config --local --name-only --get-regexp core\.sshCommand
2026-10-10T06:53:48.7940572Z [command]"C:\Program Files\Git\bin\git.exe" submodule foreach --recursive "sh -c \"git config --local --name-only --get-regexp 'core\.sshCommand' && git config --local --unset-all 'core.sshCommand' || :\""
2026-10-10T06:53:49.4252126Z Removing HTTP extra header
2026-10-10T06:53:49.4269841Z [command]"C:\Program Files\Git\bin\git.exe" config --local --name-only --get-regexp http\.https\:\/\/github\.com\/\.extraheader
2026-10-10T06:53:49.4600466Z [command]"C:\Program Files\Git\bin\git.exe" submodule foreach --recursive "sh -c \"git config --local --name-only --get-regexp 'http\.https\:\/\/github\.com\/\.extraheader' && git config --local --unset-all 'http.https://github.com/.extraheader' || :\""
2026-10-10T06:53:50.1102754Z Removing includeIf entries pointing to credentials config files
2026-10-10T06:53:50.1119997Z [command]"C:\Program Files\Git\bin\git.exe" config --local --name-only --get-regexp ^includeIf\.gitdir:
2026-10-10T06:53:50.1434498Z includeif.gitdir:D:/a/xMind/xMind/stdlib-source/.git.path
2026-10-10T06:53:50.1435517Z includeif.gitdir:D:/a/xMind/xMind/stdlib-source/.git/worktrees/*.path
2026-10-10T06:53:50.1484060Z [command]"C:\Program Files\Git\bin\git.exe" config --local --get-all includeif.gitdir:D:/a/xMind/xMind/stdlib-source/.git.path
2026-10-10T06:53:50.1776882Z D:\a\_temp\git-credentials-61728ccf-d0b4-41cc-98c5-a12c2b366620.config
2026-10-10T06:53:50.1826630Z [command]"C:\Program Files\Git\bin\git.exe" config --local --unset includeif.gitdir:D:/a/xMind/xMind/stdlib-source/.git.path D:\a\_temp\git-credentials-61728ccf-d0b4-41cc-98c5-a12c2b366620.config
2026-10-10T06:53:50.2163080Z [command]"C:\Program Files\Git\bin\git.exe" config --local --get-all includeif.gitdir:D:/a/xMind/xMind/stdlib-source/.git/worktrees/*.path
2026-10-10T06:53:50.2458644Z D:\a\_temp\git-credentials-61728ccf-d0b4-41cc-98c5-a12c2b366620.config
2026-10-10T06:53:50.2512512Z [command]"C:\Program Files\Git\bin\git.exe" config --local --unset includeif.gitdir:D:/a/xMind/xMind/stdlib-source/.git/worktrees/*.path D:\a\_temp\git-credentials-61728ccf-d0b4-41cc-98c5-a12c2b366620.config
2026-10-10T06:53:50.2860328Z [command]"C:\Program Files\Git\bin\git.exe" submodule foreach --recursive "git config --local --show-origin --name-only --get-regexp remote.origin.url"
2026-10-10T06:53:50.9359747Z Removing credentials config 'D:\a\_temp\git-credentials-61728ccf-d0b4-41cc-98c5-a12c2b366620.config'
2026-10-10T06:53:50.9713147Z Post job cleanup.
2026-10-10T06:53:51.2152606Z [command]"C:\Program Files\Git\bin\git.exe" version
2026-10-10T06:53:51.2464568Z git version 2.55.0.windows.5
2026-10-10T06:53:51.2547587Z Temporarily overriding HOME='D:\a\_temp\1a1e5c97-1520-4c39-9a8b-e7313ce32a26' before making global git config changes
2026-10-10T06:53:51.2549055Z Adding repository directory to the temporary git global config as a safe directory
2026-10-10T06:53:51.2559778Z [command]"C:\Program Files\Git\bin\git.exe" config --global --add safe.directory D:\a\xMind\xMind\xlang3
2026-10-10T06:53:51.2904974Z Removing SSH command configuration
2026-10-10T06:53:51.2918372Z [command]"C:\Program Files\Git\bin\git.exe" config --local --name-only --get-regexp core\.sshCommand
2026-10-10T06:53:51.3259083Z [command]"C:\Program Files\Git\bin\git.exe" submodule foreach --recursive "sh -c \"git config --local --name-only --get-regexp 'core\.sshCommand' && git config --local --unset-all 'core.sshCommand' || :\""
2026-10-10T06:53:51.9741055Z Removing HTTP extra header
2026-10-10T06:53:51.9753638Z [command]"C:\Program Files\Git\bin\git.exe" config --local --name-only --get-regexp http\.https\:\/\/github\.com\/\.extraheader
2026-10-10T06:53:52.0110171Z [command]"C:\Program Files\Git\bin\git.exe" submodule foreach --recursive "sh -c \"git config --local --name-only --get-regexp 'http\.https\:\/\/github\.com\/\.extraheader' && git config --local --unset-all 'http.https://github.com/.extraheader' || :\""
2026-10-10T06:53:52.6279909Z Removing includeIf entries pointing to credentials config files
2026-10-10T06:53:52.6293068Z [command]"C:\Program Files\Git\bin\git.exe" config --local --name-only --get-regexp ^includeIf\.gitdir:
2026-10-10T06:53:52.6621557Z includeif.gitdir:D:/a/xMind/xMind/xlang3/.git.path
2026-10-10T06:53:52.6622687Z includeif.gitdir:D:/a/xMind/xMind/xlang3/.git/worktrees/*.path
2026-10-10T06:53:52.6678394Z [command]"C:\Program Files\Git\bin\git.exe" config --local --get-all includeif.gitdir:D:/a/xMind/xMind/xlang3/.git.path
2026-10-10T06:53:52.6968330Z D:\a\_temp\git-credentials-b3aa249b-6ed9-4d9d-bef7-4f045e40b362.config
2026-10-10T06:53:52.7031864Z [command]"C:\Program Files\Git\bin\git.exe" config --local --unset includeif.gitdir:D:/a/xMind/xMind/xlang3/.git.path D:\a\_temp\git-credentials-b3aa249b-6ed9-4d9d-bef7-4f045e40b362.config
2026-10-10T06:53:52.7389570Z [command]"C:\Program Files\Git\bin\git.exe" config --local --get-all includeif.gitdir:D:/a/xMind/xMind/xlang3/.git/worktrees/*.path
2026-10-10T06:53:52.7673795Z D:\a\_temp\git-credentials-b3aa249b-6ed9-4d9d-bef7-4f045e40b362.config
2026-10-10T06:53:52.7726518Z [command]"C:\Program Files\Git\bin\git.exe" config --local --unset includeif.gitdir:D:/a/xMind/xMind/xlang3/.git/worktrees/*.path D:\a\_temp\git-credentials-b3aa249b-6ed9-4d9d-bef7-4f045e40b362.config
2026-10-10T06:53:52.8082535Z [command]"C:\Program Files\Git\bin\git.exe" submodule foreach --recursive "git config --local --show-origin --name-only --get-regexp remote.origin.url"
2026-10-10T06:53:53.4075031Z Removing credentials config 'D:\a\_temp\git-credentials-b3aa249b-6ed9-4d9d-bef7-4f045e40b362.config'
2026-10-10T06:53:53.4511012Z Post job cleanup.
2026-10-10T06:53:53.7052156Z [command]"C:\Program Files\Git\bin\git.exe" version
2026-10-10T06:53:53.7354235Z git version 2.55.0.windows.5
2026-10-10T06:53:53.7436640Z Temporarily overriding HOME='D:\a\_temp\b3f51a6d-3e5a-4c37-87c6-6a746ac0fbb9' before making global git config changes
2026-10-10T06:53:53.7438014Z Adding repository directory to the temporary git global config as a safe directory
2026-10-10T06:53:53.7448828Z [command]"C:\Program Files\Git\bin\git.exe" config --global --add safe.directory D:\a\xMind\xMind\xmind
2026-10-10T06:53:53.7786633Z Removing SSH command configuration
2026-10-10T06:53:53.7799747Z [command]"C:\Program Files\Git\bin\git.exe" config --local --name-only --get-regexp core\.sshCommand
2026-10-10T06:53:53.8197643Z [command]"C:\Program Files\Git\bin\git.exe" submodule foreach --recursive "sh -c \"git config --local --name-only --get-regexp 'core\.sshCommand' && git config --local --unset-all 'core.sshCommand' || :\""
2026-10-10T06:53:54.4705591Z Removing HTTP extra header
2026-10-10T06:53:54.4716628Z [command]"C:\Program Files\Git\bin\git.exe" config --local --name-only --get-regexp http\.https\:\/\/github\.com\/\.extraheader
2026-10-10T06:53:54.5058955Z [command]"C:\Program Files\Git\bin\git.exe" submodule foreach --recursive "sh -c \"git config --local --name-only --get-regexp 'http\.https\:\/\/github\.com\/\.extraheader' && git config --local --unset-all 'http.https://github.com/.extraheader' || :\""
2026-10-10T06:53:55.1386433Z Removing includeIf entries pointing to credentials config files
2026-10-10T06:53:55.1398926Z [command]"C:\Program Files\Git\bin\git.exe" config --local --name-only --get-regexp ^includeIf\.gitdir:
2026-10-10T06:53:55.1684229Z includeif.gitdir:D:/a/xMind/xMind/xmind/.git.path
2026-10-10T06:53:55.1685189Z includeif.gitdir:D:/a/xMind/xMind/xmind/.git/worktrees/*.path
2026-10-10T06:53:55.1735842Z [command]"C:\Program Files\Git\bin\git.exe" config --local --get-all includeif.gitdir:D:/a/xMind/xMind/xmind/.git.path
2026-10-10T06:53:55.2028145Z D:\a\_temp\git-credentials-ceed55e4-00f3-4f04-930b-10aa87e60919.config
2026-10-10T06:53:55.2086142Z [command]"C:\Program Files\Git\bin\git.exe" config --local --unset includeif.gitdir:D:/a/xMind/xMind/xmind/.git.path D:\a\_temp\git-credentials-ceed55e4-00f3-4f04-930b-10aa87e60919.config
2026-10-10T06:53:55.2474388Z [command]"C:\Program Files\Git\bin\git.exe" config --local --get-all includeif.gitdir:D:/a/xMind/xMind/xmind/.git/worktrees/*.path
2026-10-10T06:53:55.2781798Z D:\a\_temp\git-credentials-ceed55e4-00f3-4f04-930b-10aa87e60919.config
2026-10-10T06:53:55.2839354Z [command]"C:\Program Files\Git\bin\git.exe" config --local --unset includeif.gitdir:D:/a/xMind/xMind/xmind/.git/worktrees/*.path D:\a\_temp\git-credentials-ceed55e4-00f3-4f04-930b-10aa87e60919.config
2026-10-10T06:53:55.3191577Z [command]"C:\Program Files\Git\bin\git.exe" submodule foreach --recursive "git config --local --show-origin --name-only --get-regexp remote.origin.url"
2026-10-10T06:53:55.9318652Z Removing credentials config 'D:\a\_temp\git-credentials-ceed55e4-00f3-4f04-930b-10aa87e60919.config'
2026-10-10T06:53:55.9602958Z Cleaning up orphan processes
2026-10-10T06:53:55.9832274Z Terminate orphan process: pid (6560) (vctip)
2026-10-10T06:53:55.9936836Z Terminate orphan process: pid (1420) (MSBuild)
2026-10-10T06:53:56.0105928Z Terminate orphan process: pid (7436) (MSBuild)
2026-10-10T06:53:56.0186848Z Terminate orphan process: pid (6392) (MSBuild)
