2026-10-10T04:15:10.0138341Z Current runner version: '2.337.0'
2026-10-10T04:15:10.0172895Z ##[group]Runner Image Provisioner
2026-10-10T04:15:10.0174155Z Hosted Compute Agent
2026-10-10T04:15:10.0175371Z Version: 20260901.588
2026-10-10T04:15:10.0176352Z Commit: f88ec8081b781fac6c440065ac7ff9e710ce3d0b
2026-10-10T04:15:10.0177466Z Build Date: 2026-09-01T19:56:44Z
2026-10-10T04:15:10.0178479Z Worker ID: {6e237a34-de17-4ae7-bfa1-c396eefd243a}
2026-10-10T04:15:10.0179600Z Azure Region: eastus
2026-10-10T04:15:10.0180413Z ##[endgroup]
2026-10-10T04:15:10.0182412Z ##[group]Operating System
2026-10-10T04:15:10.0183383Z Microsoft Windows Server 2025
2026-10-10T04:15:10.0184276Z 10.0.26100
2026-10-10T04:15:10.0185048Z Datacenter
2026-10-10T04:15:10.0185952Z ##[endgroup]
2026-10-10T04:15:10.0186746Z ##[group]Runner Image
2026-10-10T04:15:10.0187635Z Image: windows-2025-vs2026
2026-10-10T04:15:10.0188517Z Version: 20260925.250.1
2026-10-10T04:15:10.0190953Z Included Software: https://github.com/actions/runner-images/blob/win25-vs2026/20260925.250/images/windows/Windows2025-VS2026-Readme.md
2026-10-10T04:15:10.0193778Z Image Release: https://github.com/actions/runner-images/releases/tag/win25-vs2026%2F20260925.250
2026-10-10T04:15:10.0195842Z ##[endgroup]
2026-10-10T04:15:10.0197616Z ##[group]GITHUB_TOKEN Permissions
2026-10-10T04:15:10.0200080Z Contents: read
2026-10-10T04:15:10.0200943Z Metadata: read
2026-10-10T04:15:10.0201833Z ##[endgroup]
2026-10-10T04:15:10.0204675Z Secret source: Actions
2026-10-10T04:15:10.0206007Z Cache mode: write
2026-10-10T04:15:10.0207020Z Prepare workflow directory
2026-10-10T04:15:10.0747695Z Prepare all required actions
2026-10-10T04:15:10.0811054Z Getting action download info
2026-10-10T04:15:10.2283353Z Download action repository 'actions/checkout@d23441a48e516b6c34aea4fa41551a30e30af803' (SHA:d23441a48e516b6c34aea4fa41551a30e30af803)
2026-10-10T04:15:10.3830175Z Download action repository 'actions/setup-node@249970729cb0ef3589644e2896645e5dc5ba9c38' (SHA:249970729cb0ef3589644e2896645e5dc5ba9c38)
2026-10-10T04:15:10.5673414Z Download action repository 'actions/upload-artifact@b7c566a772e6b6bfb58ed0dc250532a479d7789f' (SHA:b7c566a772e6b6bfb58ed0dc250532a479d7789f)
2026-10-10T04:15:10.9332107Z Complete job name: contracts
2026-10-10T04:15:11.1030753Z ##[group]Run actions/checkout@d23441a48e516b6c34aea4fa41551a30e30af803
2026-10-10T04:15:11.1032287Z with:
2026-10-10T04:15:11.1032906Z   path: xmind
2026-10-10T04:15:11.1033540Z   persist-credentials: false
2026-10-10T04:15:11.1034276Z   repository: xlang-foundation/xMind
2026-10-10T04:15:11.1040173Z   token: ***
2026-10-10T04:15:11.1040813Z   ssh-strict: true
2026-10-10T04:15:11.1041431Z   ssh-user: git
2026-10-10T04:15:11.1041937Z   clean: true
2026-10-10T04:15:11.1042439Z   sparse-checkout-cone-mode: true
2026-10-10T04:15:11.1043019Z   fetch-depth: 1
2026-10-10T04:15:11.1043504Z   fetch-tags: false
2026-10-10T04:15:11.1044015Z   show-progress: true
2026-10-10T04:15:11.1044532Z   lfs: false
2026-10-10T04:15:11.1045013Z   submodules: false
2026-10-10T04:15:11.1045553Z   set-safe-directory: true
2026-10-10T04:15:11.1046129Z   allow-unsafe-pr-checkout: false
2026-10-10T04:15:11.1046998Z ##[endgroup]
2026-10-10T04:15:11.2579445Z Syncing repository: xlang-foundation/xMind
2026-10-10T04:15:11.2581502Z ##[group]Getting Git version info
2026-10-10T04:15:11.2582274Z Working directory is 'D:\a\xMind\xMind\xmind'
2026-10-10T04:15:11.3621339Z [command]"C:\Program Files\Git\bin\git.exe" version
2026-10-10T04:15:11.7576202Z git version 2.55.0.windows.5
2026-10-10T04:15:11.7629228Z ##[endgroup]
2026-10-10T04:15:11.7649488Z Temporarily overriding HOME='D:\a\_temp\9d1938b4-ce74-4e45-bbe6-377d34dddf54' before making global git config changes
2026-10-10T04:15:11.7652968Z Adding repository directory to the temporary git global config as a safe directory
2026-10-10T04:15:11.7662389Z [command]"C:\Program Files\Git\bin\git.exe" config --global --add safe.directory D:\a\xMind\xMind\xmind
2026-10-10T04:15:11.8322733Z ##[group]Determining repository object format
2026-10-10T04:15:11.8327505Z ##[endgroup]
2026-10-10T04:15:11.8329378Z ##[group]Initializing the repository
2026-10-10T04:15:11.8338019Z [command]"C:\Program Files\Git\bin\git.exe" init D:\a\xMind\xMind\xmind
2026-10-10T04:15:11.9226028Z Initialized empty Git repository in D:/a/xMind/xMind/xmind/.git/
2026-10-10T04:15:11.9273366Z [command]"C:\Program Files\Git\bin\git.exe" remote add origin https://github.com/xlang-foundation/xMind
2026-10-10T04:15:11.9950378Z ##[endgroup]
2026-10-10T04:15:11.9951691Z ##[group]Disabling automatic garbage collection
2026-10-10T04:15:11.9959561Z [command]"C:\Program Files\Git\bin\git.exe" config --local gc.auto 0
2026-10-10T04:15:12.0260170Z ##[endgroup]
2026-10-10T04:15:12.0262344Z ##[group]Setting up auth
2026-10-10T04:15:12.0264321Z Removing SSH command configuration
2026-10-10T04:15:12.0274767Z [command]"C:\Program Files\Git\bin\git.exe" config --local --name-only --get-regexp core\.sshCommand
2026-10-10T04:15:12.0629204Z [command]"C:\Program Files\Git\bin\git.exe" submodule foreach --recursive "sh -c \"git config --local --name-only --get-regexp 'core\.sshCommand' && git config --local --unset-all 'core.sshCommand' || :\""
2026-10-10T04:15:13.6320330Z Removing HTTP extra header
2026-10-10T04:15:13.6330485Z [command]"C:\Program Files\Git\bin\git.exe" config --local --name-only --get-regexp http\.https\:\/\/github\.com\/\.extraheader
2026-10-10T04:15:13.6644116Z [command]"C:\Program Files\Git\bin\git.exe" submodule foreach --recursive "sh -c \"git config --local --name-only --get-regexp 'http\.https\:\/\/github\.com\/\.extraheader' && git config --local --unset-all 'http.https://github.com/.extraheader' || :\""
2026-10-10T04:15:14.2337464Z Removing includeIf entries pointing to credentials config files
2026-10-10T04:15:14.2353954Z [command]"C:\Program Files\Git\bin\git.exe" config --local --name-only --get-regexp ^includeIf\.gitdir:
2026-10-10T04:15:14.2652577Z [command]"C:\Program Files\Git\bin\git.exe" submodule foreach --recursive "git config --local --show-origin --name-only --get-regexp remote.origin.url"
2026-10-10T04:15:14.8149324Z [command]"C:\Program Files\Git\bin\git.exe" config --file D:\a\_temp\git-credentials-4afc31c9-0b11-4589-8222-ee511eaafea9.config http.https://github.com/.extraheader "AUTHORIZATION: basic ***"
2026-10-10T04:15:14.8460272Z [command]"C:\Program Files\Git\bin\git.exe" config --local includeIf.gitdir:D:/a/xMind/xMind/xmind/.git.path D:\a\_temp\git-credentials-4afc31c9-0b11-4589-8222-ee511eaafea9.config
2026-10-10T04:15:14.8768188Z [command]"C:\Program Files\Git\bin\git.exe" config --local includeIf.gitdir:D:/a/xMind/xMind/xmind/.git/worktrees/*.path D:\a\_temp\git-credentials-4afc31c9-0b11-4589-8222-ee511eaafea9.config
2026-10-10T04:15:14.9133022Z [command]"C:\Program Files\Git\bin\git.exe" config --local includeIf.gitdir:/github/workspace/xmind/.git.path /github/runner_temp/git-credentials-4afc31c9-0b11-4589-8222-ee511eaafea9.config
2026-10-10T04:15:14.9446012Z [command]"C:\Program Files\Git\bin\git.exe" config --local includeIf.gitdir:/github/workspace/xmind/.git/worktrees/*.path /github/runner_temp/git-credentials-4afc31c9-0b11-4589-8222-ee511eaafea9.config
2026-10-10T04:15:14.9787706Z ##[endgroup]
2026-10-10T04:15:14.9788739Z ##[group]Fetching the repository
2026-10-10T04:15:14.9802748Z [command]"C:\Program Files\Git\bin\git.exe" -c protocol.version=2 fetch --no-tags --prune --no-recurse-submodules --depth=1 origin +70070107444a17e3012e0c897a4ae6baa0d934d6:refs/remotes/origin/checkpoint/native-persistence-m1
2026-10-10T04:15:16.6570565Z From https://github.com/xlang-foundation/xMind
2026-10-10T04:15:16.6571669Z  * [new ref]         70070107444a17e3012e0c897a4ae6baa0d934d6 -> origin/checkpoint/native-persistence-m1
2026-10-10T04:15:16.6636008Z [command]"C:\Program Files\Git\bin\git.exe" branch --list --remote origin/checkpoint/native-persistence-m1
2026-10-10T04:15:16.7022263Z   origin/checkpoint/native-persistence-m1
2026-10-10T04:15:16.7073148Z [command]"C:\Program Files\Git\bin\git.exe" rev-parse refs/remotes/origin/checkpoint/native-persistence-m1
2026-10-10T04:15:16.7359715Z 70070107444a17e3012e0c897a4ae6baa0d934d6
2026-10-10T04:15:16.7395633Z ##[endgroup]
2026-10-10T04:15:16.7396057Z ##[group]Determining the checkout info
2026-10-10T04:15:16.7397708Z ##[endgroup]
2026-10-10T04:15:16.7406552Z [command]"C:\Program Files\Git\bin\git.exe" sparse-checkout disable
2026-10-10T04:15:16.7891705Z [command]"C:\Program Files\Git\bin\git.exe" config --local --unset-all extensions.worktreeConfig
2026-10-10T04:15:16.8214990Z ##[group]Checking out the ref
2026-10-10T04:15:16.8224840Z [command]"C:\Program Files\Git\bin\git.exe" checkout --progress --force -B checkpoint/native-persistence-m1 refs/remotes/origin/checkpoint/native-persistence-m1
2026-10-10T04:15:17.8746963Z Updating files:  96% (3271/3394)
2026-10-10T04:15:17.8846081Z Updating files:  97% (3293/3394)
2026-10-10T04:15:17.8948940Z Updating files:  98% (3327/3394)
2026-10-10T04:15:17.9058534Z Updating files:  99% (3361/3394)
2026-10-10T04:15:17.9059703Z Updating files: 100% (3394/3394)
2026-10-10T04:15:17.9060153Z Updating files: 100% (3394/3394), done.
2026-10-10T04:15:17.9247020Z Switched to a new branch 'checkpoint/native-persistence-m1'
2026-10-10T04:15:17.9319514Z branch 'checkpoint/native-persistence-m1' set up to track 'origin/checkpoint/native-persistence-m1'.
2026-10-10T04:15:17.9406289Z ##[endgroup]
2026-10-10T04:15:17.9870480Z [command]"C:\Program Files\Git\bin\git.exe" log -1 --format=%H
2026-10-10T04:15:18.0158041Z 70070107444a17e3012e0c897a4ae6baa0d934d6
2026-10-10T04:15:18.0200810Z ##[group]Removing auth
2026-10-10T04:15:18.0201445Z Removing SSH command configuration
2026-10-10T04:15:18.0216594Z [command]"C:\Program Files\Git\bin\git.exe" config --local --name-only --get-regexp core\.sshCommand
2026-10-10T04:15:18.0543744Z [command]"C:\Program Files\Git\bin\git.exe" submodule foreach --recursive "sh -c \"git config --local --name-only --get-regexp 'core\.sshCommand' && git config --local --unset-all 'core.sshCommand' || :\""
2026-10-10T04:15:18.6606474Z Removing HTTP extra header
2026-10-10T04:15:18.6617103Z [command]"C:\Program Files\Git\bin\git.exe" config --local --name-only --get-regexp http\.https\:\/\/github\.com\/\.extraheader
2026-10-10T04:15:18.6944862Z [command]"C:\Program Files\Git\bin\git.exe" submodule foreach --recursive "sh -c \"git config --local --name-only --get-regexp 'http\.https\:\/\/github\.com\/\.extraheader' && git config --local --unset-all 'http.https://github.com/.extraheader' || :\""
2026-10-10T04:15:19.2527913Z Removing includeIf entries pointing to credentials config files
2026-10-10T04:15:19.2536598Z [command]"C:\Program Files\Git\bin\git.exe" config --local --name-only --get-regexp ^includeIf\.gitdir:
2026-10-10T04:15:19.2815811Z includeif.gitdir:D:/a/xMind/xMind/xmind/.git.path
2026-10-10T04:15:19.2816485Z includeif.gitdir:D:/a/xMind/xMind/xmind/.git/worktrees/*.path
2026-10-10T04:15:19.2817446Z includeif.gitdir:/github/workspace/xmind/.git.path
2026-10-10T04:15:19.2818048Z includeif.gitdir:/github/workspace/xmind/.git/worktrees/*.path
2026-10-10T04:15:19.2866405Z [command]"C:\Program Files\Git\bin\git.exe" config --local --get-all includeif.gitdir:D:/a/xMind/xMind/xmind/.git.path
2026-10-10T04:15:19.3149825Z D:\a\_temp\git-credentials-4afc31c9-0b11-4589-8222-ee511eaafea9.config
2026-10-10T04:15:19.3199052Z [command]"C:\Program Files\Git\bin\git.exe" config --local --unset includeif.gitdir:D:/a/xMind/xMind/xmind/.git.path D:\a\_temp\git-credentials-4afc31c9-0b11-4589-8222-ee511eaafea9.config
2026-10-10T04:15:19.3610325Z [command]"C:\Program Files\Git\bin\git.exe" config --local --get-all includeif.gitdir:D:/a/xMind/xMind/xmind/.git/worktrees/*.path
2026-10-10T04:15:19.3890890Z D:\a\_temp\git-credentials-4afc31c9-0b11-4589-8222-ee511eaafea9.config
2026-10-10T04:15:19.3944203Z [command]"C:\Program Files\Git\bin\git.exe" config --local --unset includeif.gitdir:D:/a/xMind/xMind/xmind/.git/worktrees/*.path D:\a\_temp\git-credentials-4afc31c9-0b11-4589-8222-ee511eaafea9.config
2026-10-10T04:15:19.4263514Z [command]"C:\Program Files\Git\bin\git.exe" config --local --get-all includeif.gitdir:/github/workspace/xmind/.git.path
2026-10-10T04:15:19.4532046Z /github/runner_temp/git-credentials-4afc31c9-0b11-4589-8222-ee511eaafea9.config
2026-10-10T04:15:19.4581902Z [command]"C:\Program Files\Git\bin\git.exe" config --local --unset includeif.gitdir:/github/workspace/xmind/.git.path /github/runner_temp/git-credentials-4afc31c9-0b11-4589-8222-ee511eaafea9.config
2026-10-10T04:15:19.4911008Z [command]"C:\Program Files\Git\bin\git.exe" config --local --get-all includeif.gitdir:/github/workspace/xmind/.git/worktrees/*.path
2026-10-10T04:15:19.5199335Z /github/runner_temp/git-credentials-4afc31c9-0b11-4589-8222-ee511eaafea9.config
2026-10-10T04:15:19.5245145Z [command]"C:\Program Files\Git\bin\git.exe" config --local --unset includeif.gitdir:/github/workspace/xmind/.git/worktrees/*.path /github/runner_temp/git-credentials-4afc31c9-0b11-4589-8222-ee511eaafea9.config
2026-10-10T04:15:19.5564171Z [command]"C:\Program Files\Git\bin\git.exe" submodule foreach --recursive "git config --local --show-origin --name-only --get-regexp remote.origin.url"
2026-10-10T04:15:20.1089376Z Removing credentials config 'D:\a\_temp\git-credentials-4afc31c9-0b11-4589-8222-ee511eaafea9.config'
2026-10-10T04:15:20.1102610Z ##[endgroup]
2026-10-10T04:15:20.1544514Z ##[group]Run actions/checkout@d23441a48e516b6c34aea4fa41551a30e30af803
2026-10-10T04:15:20.1544931Z with:
2026-10-10T04:15:20.1545123Z   repository: CantorAI/xlang3
2026-10-10T04:15:20.1545381Z   ref: 7b8b32ae3a0e6a99fac7babd97362736099448fb
2026-10-10T04:15:20.1545651Z   path: xlang3
2026-10-10T04:15:20.1545841Z   persist-credentials: false
2026-10-10T04:15:20.1548621Z   token: ***
2026-10-10T04:15:20.1548801Z   ssh-strict: true
2026-10-10T04:15:20.1548976Z   ssh-user: git
2026-10-10T04:15:20.1549151Z   clean: true
2026-10-10T04:15:20.1549337Z   sparse-checkout-cone-mode: true
2026-10-10T04:15:20.1549566Z   fetch-depth: 1
2026-10-10T04:15:20.1549740Z   fetch-tags: false
2026-10-10T04:15:20.1549942Z   show-progress: true
2026-10-10T04:15:20.1550127Z   lfs: false
2026-10-10T04:15:20.1550290Z   submodules: false
2026-10-10T04:15:20.1550473Z   set-safe-directory: true
2026-10-10T04:15:20.1550700Z   allow-unsafe-pr-checkout: false
2026-10-10T04:15:20.1550953Z ##[endgroup]
2026-10-10T04:15:20.2694796Z Syncing repository: CantorAI/xlang3
2026-10-10T04:15:20.2704544Z ##[group]Getting Git version info
2026-10-10T04:15:20.2705327Z Working directory is 'D:\a\xMind\xMind\xlang3'
2026-10-10T04:15:20.3564021Z [command]"C:\Program Files\Git\bin\git.exe" version
2026-10-10T04:15:20.3844987Z git version 2.55.0.windows.5
2026-10-10T04:15:20.3893830Z ##[endgroup]
2026-10-10T04:15:20.3911930Z Temporarily overriding HOME='D:\a\_temp\9292d442-0060-4e46-bc09-11b5815d0cad' before making global git config changes
2026-10-10T04:15:20.3912675Z Adding repository directory to the temporary git global config as a safe directory
2026-10-10T04:15:20.3924086Z [command]"C:\Program Files\Git\bin\git.exe" config --global --add safe.directory D:\a\xMind\xMind\xlang3
2026-10-10T04:15:20.4236453Z ##[group]Determining repository object format
2026-10-10T04:15:20.4239703Z ##[endgroup]
2026-10-10T04:15:20.4240235Z ##[group]Initializing the repository
2026-10-10T04:15:20.4250856Z [command]"C:\Program Files\Git\bin\git.exe" init D:\a\xMind\xMind\xlang3
2026-10-10T04:15:20.4635823Z Initialized empty Git repository in D:/a/xMind/xMind/xlang3/.git/
2026-10-10T04:15:20.4685262Z [command]"C:\Program Files\Git\bin\git.exe" remote add origin https://github.com/CantorAI/xlang3
2026-10-10T04:15:20.5005745Z ##[endgroup]
2026-10-10T04:15:20.5006132Z ##[group]Disabling automatic garbage collection
2026-10-10T04:15:20.5016244Z [command]"C:\Program Files\Git\bin\git.exe" config --local gc.auto 0
2026-10-10T04:15:20.5322946Z ##[endgroup]
2026-10-10T04:15:20.5323492Z ##[group]Setting up auth
2026-10-10T04:15:20.5326000Z Removing SSH command configuration
2026-10-10T04:15:20.5337905Z [command]"C:\Program Files\Git\bin\git.exe" config --local --name-only --get-regexp core\.sshCommand
2026-10-10T04:15:20.5688732Z [command]"C:\Program Files\Git\bin\git.exe" submodule foreach --recursive "sh -c \"git config --local --name-only --get-regexp 'core\.sshCommand' && git config --local --unset-all 'core.sshCommand' || :\""
2026-10-10T04:15:21.1549943Z Removing HTTP extra header
2026-10-10T04:15:21.1565248Z [command]"C:\Program Files\Git\bin\git.exe" config --local --name-only --get-regexp http\.https\:\/\/github\.com\/\.extraheader
2026-10-10T04:15:21.1893440Z [command]"C:\Program Files\Git\bin\git.exe" submodule foreach --recursive "sh -c \"git config --local --name-only --get-regexp 'http\.https\:\/\/github\.com\/\.extraheader' && git config --local --unset-all 'http.https://github.com/.extraheader' || :\""
2026-10-10T04:15:21.7505756Z Removing includeIf entries pointing to credentials config files
2026-10-10T04:15:21.7517373Z [command]"C:\Program Files\Git\bin\git.exe" config --local --name-only --get-regexp ^includeIf\.gitdir:
2026-10-10T04:15:21.7829970Z [command]"C:\Program Files\Git\bin\git.exe" submodule foreach --recursive "git config --local --show-origin --name-only --get-regexp remote.origin.url"
2026-10-10T04:15:22.3135479Z [command]"C:\Program Files\Git\bin\git.exe" config --file D:\a\_temp\git-credentials-3b594dfd-f4c7-4ed5-ac6c-49a43c4dba6e.config http.https://github.com/.extraheader "AUTHORIZATION: basic ***"
2026-10-10T04:15:22.3450285Z [command]"C:\Program Files\Git\bin\git.exe" config --local includeIf.gitdir:D:/a/xMind/xMind/xlang3/.git.path D:\a\_temp\git-credentials-3b594dfd-f4c7-4ed5-ac6c-49a43c4dba6e.config
2026-10-10T04:15:22.3759702Z [command]"C:\Program Files\Git\bin\git.exe" config --local includeIf.gitdir:D:/a/xMind/xMind/xlang3/.git/worktrees/*.path D:\a\_temp\git-credentials-3b594dfd-f4c7-4ed5-ac6c-49a43c4dba6e.config
2026-10-10T04:15:22.4087831Z [command]"C:\Program Files\Git\bin\git.exe" config --local includeIf.gitdir:/github/workspace/xlang3/.git.path /github/runner_temp/git-credentials-3b594dfd-f4c7-4ed5-ac6c-49a43c4dba6e.config
2026-10-10T04:15:22.4397985Z [command]"C:\Program Files\Git\bin\git.exe" config --local includeIf.gitdir:/github/workspace/xlang3/.git/worktrees/*.path /github/runner_temp/git-credentials-3b594dfd-f4c7-4ed5-ac6c-49a43c4dba6e.config
2026-10-10T04:15:22.4700000Z ##[endgroup]
2026-10-10T04:15:22.4700367Z ##[group]Fetching the repository
2026-10-10T04:15:22.4714143Z [command]"C:\Program Files\Git\bin\git.exe" -c protocol.version=2 fetch --no-tags --prune --no-recurse-submodules --depth=1 origin 7b8b32ae3a0e6a99fac7babd97362736099448fb
2026-10-10T04:15:24.9815583Z From https://github.com/CantorAI/xlang3
2026-10-10T04:15:24.9816028Z  * branch            7b8b32ae3a0e6a99fac7babd97362736099448fb -> FETCH_HEAD
2026-10-10T04:15:24.9869215Z [command]"C:\Program Files\Git\bin\git.exe" rev-parse --verify --quiet 7b8b32ae3a0e6a99fac7babd97362736099448fb^{object}
2026-10-10T04:15:25.0142839Z 7b8b32ae3a0e6a99fac7babd97362736099448fb
2026-10-10T04:15:25.0180116Z ##[endgroup]
2026-10-10T04:15:25.0180504Z ##[group]Determining the checkout info
2026-10-10T04:15:25.0182387Z ##[endgroup]
2026-10-10T04:15:25.0191345Z [command]"C:\Program Files\Git\bin\git.exe" sparse-checkout disable
2026-10-10T04:15:25.0543981Z [command]"C:\Program Files\Git\bin\git.exe" config --local --unset-all extensions.worktreeConfig
2026-10-10T04:15:25.0850090Z ##[group]Checking out the ref
2026-10-10T04:15:25.0860383Z [command]"C:\Program Files\Git\bin\git.exe" checkout --progress --force 7b8b32ae3a0e6a99fac7babd97362736099448fb
2026-10-10T04:15:26.9462211Z Updating files:  51% (3038/5862)
2026-10-10T04:15:26.9750646Z Updating files:  52% (3049/5862)
2026-10-10T04:15:26.9941163Z Updating files:  53% (3107/5862)
2026-10-10T04:15:27.0144450Z Updating files:  54% (3166/5862)
2026-10-10T04:15:27.0320064Z Updating files:  55% (3225/5862)
2026-10-10T04:15:27.0550983Z Updating files:  56% (3283/5862)
2026-10-10T04:15:27.1296995Z Updating files:  57% (3342/5862)
2026-10-10T04:15:27.1352151Z Updating files:  57% (3388/5862)
2026-10-10T04:15:27.1508108Z Updating files:  58% (3400/5862)
2026-10-10T04:15:27.1628582Z Updating files:  59% (3459/5862)
2026-10-10T04:15:27.1756818Z Updating files:  60% (3518/5862)
2026-10-10T04:15:27.1877490Z Updating files:  61% (3576/5862)
2026-10-10T04:15:27.1991509Z Updating files:  62% (3635/5862)
2026-10-10T04:15:27.2107926Z Updating files:  63% (3694/5862)
2026-10-10T04:15:27.2227545Z Updating files:  64% (3752/5862)
2026-10-10T04:15:27.2354653Z Updating files:  65% (3811/5862)
2026-10-10T04:15:27.2476941Z Updating files:  66% (3869/5862)
2026-10-10T04:15:27.2592174Z Updating files:  67% (3928/5862)
2026-10-10T04:15:27.2716828Z Updating files:  68% (3987/5862)
2026-10-10T04:15:27.2859684Z Updating files:  69% (4045/5862)
2026-10-10T04:15:27.2981691Z Updating files:  70% (4104/5862)
2026-10-10T04:15:27.3122485Z Updating files:  71% (4163/5862)
2026-10-10T04:15:27.3239474Z Updating files:  72% (4221/5862)
2026-10-10T04:15:27.3359771Z Updating files:  73% (4280/5862)
2026-10-10T04:15:27.3481291Z Updating files:  74% (4338/5862)
2026-10-10T04:15:27.3602664Z Updating files:  75% (4397/5862)
2026-10-10T04:15:27.3714217Z Updating files:  76% (4456/5862)
2026-10-10T04:15:27.3834678Z Updating files:  77% (4514/5862)
2026-10-10T04:15:27.3960255Z Updating files:  78% (4573/5862)
2026-10-10T04:15:27.4069111Z Updating files:  79% (4631/5862)
2026-10-10T04:15:27.4181058Z Updating files:  80% (4690/5862)
2026-10-10T04:15:27.4283814Z Updating files:  81% (4749/5862)
2026-10-10T04:15:27.4390032Z Updating files:  82% (4807/5862)
2026-10-10T04:15:27.4493594Z Updating files:  83% (4866/5862)
2026-10-10T04:15:27.4594629Z Updating files:  84% (4925/5862)
2026-10-10T04:15:27.4694702Z Updating files:  85% (4983/5862)
2026-10-10T04:15:27.4832703Z Updating files:  86% (5042/5862)
2026-10-10T04:15:27.4955897Z Updating files:  87% (5100/5862)
2026-10-10T04:15:27.5091881Z Updating files:  88% (5159/5862)
2026-10-10T04:15:27.5324288Z Updating files:  89% (5218/5862)
2026-10-10T04:15:27.5494274Z Updating files:  90% (5276/5862)
2026-10-10T04:15:27.6280839Z Updating files:  91% (5335/5862)
2026-10-10T04:15:27.6442394Z Updating files:  92% (5394/5862)
2026-10-10T04:15:27.6579711Z Updating files:  93% (5452/5862)
2026-10-10T04:15:27.6732063Z Updating files:  94% (5511/5862)
2026-10-10T04:15:27.6878433Z Updating files:  95% (5569/5862)
2026-10-10T04:15:27.7135036Z Updating files:  96% (5628/5862)
2026-10-10T04:15:27.7299024Z Updating files:  97% (5687/5862)
2026-10-10T04:15:27.7499465Z Updating files:  98% (5745/5862)
2026-10-10T04:15:27.7719997Z Updating files:  99% (5804/5862)
2026-10-10T04:15:27.7720520Z Updating files: 100% (5862/5862)
2026-10-10T04:15:27.7720965Z Updating files: 100% (5862/5862), done.
2026-10-10T04:15:27.7877486Z Note: switching to '7b8b32ae3a0e6a99fac7babd97362736099448fb'.
2026-10-10T04:15:27.7878033Z 
2026-10-10T04:15:27.7878603Z You are in 'detached HEAD' state. You can look around, make experimental
2026-10-10T04:15:27.7879524Z changes and commit them, and you can discard any commits you make in this
2026-10-10T04:15:27.7880455Z state without impacting any branches by switching back to a branch.
2026-10-10T04:15:27.7881150Z 
2026-10-10T04:15:27.7881515Z If you want to create a new branch to retain commits you create, you may
2026-10-10T04:15:27.7882823Z do so (now or later) by using -c with the switch command. Example:
2026-10-10T04:15:27.7883318Z 
2026-10-10T04:15:27.7883690Z   git switch -c <new-branch-name>
2026-10-10T04:15:27.7884041Z 
2026-10-10T04:15:27.7884273Z Or undo this operation with:
2026-10-10T04:15:27.7884572Z 
2026-10-10T04:15:27.7884749Z   git switch -
2026-10-10T04:15:27.7885106Z 
2026-10-10T04:15:27.7885522Z Turn off this advice by setting config variable advice.detachedHead to false
2026-10-10T04:15:27.7886150Z 
2026-10-10T04:15:27.7886576Z HEAD is now at 7b8b32a Preserve UTF-8 working-directory and system path metadata
2026-10-10T04:15:27.8066605Z ##[endgroup]
2026-10-10T04:15:27.8402061Z [command]"C:\Program Files\Git\bin\git.exe" log -1 --format=%H
2026-10-10T04:15:27.8687690Z 7b8b32ae3a0e6a99fac7babd97362736099448fb
2026-10-10T04:15:27.8732623Z ##[group]Removing auth
2026-10-10T04:15:27.8733063Z Removing SSH command configuration
2026-10-10T04:15:27.8742577Z [command]"C:\Program Files\Git\bin\git.exe" config --local --name-only --get-regexp core\.sshCommand
2026-10-10T04:15:27.9071676Z [command]"C:\Program Files\Git\bin\git.exe" submodule foreach --recursive "sh -c \"git config --local --name-only --get-regexp 'core\.sshCommand' && git config --local --unset-all 'core.sshCommand' || :\""
2026-10-10T04:15:28.4871440Z Removing HTTP extra header
2026-10-10T04:15:28.4882618Z [command]"C:\Program Files\Git\bin\git.exe" config --local --name-only --get-regexp http\.https\:\/\/github\.com\/\.extraheader
2026-10-10T04:15:28.5201197Z [command]"C:\Program Files\Git\bin\git.exe" submodule foreach --recursive "sh -c \"git config --local --name-only --get-regexp 'http\.https\:\/\/github\.com\/\.extraheader' && git config --local --unset-all 'http.https://github.com/.extraheader' || :\""
2026-10-10T04:15:29.1036222Z Removing includeIf entries pointing to credentials config files
2026-10-10T04:15:29.1048851Z [command]"C:\Program Files\Git\bin\git.exe" config --local --name-only --get-regexp ^includeIf\.gitdir:
2026-10-10T04:15:29.1329664Z includeif.gitdir:D:/a/xMind/xMind/xlang3/.git.path
2026-10-10T04:15:29.1330421Z includeif.gitdir:D:/a/xMind/xMind/xlang3/.git/worktrees/*.path
2026-10-10T04:15:29.1331010Z includeif.gitdir:/github/workspace/xlang3/.git.path
2026-10-10T04:15:29.1331501Z includeif.gitdir:/github/workspace/xlang3/.git/worktrees/*.path
2026-10-10T04:15:29.1375889Z [command]"C:\Program Files\Git\bin\git.exe" config --local --get-all includeif.gitdir:D:/a/xMind/xMind/xlang3/.git.path
2026-10-10T04:15:29.1656978Z D:\a\_temp\git-credentials-3b594dfd-f4c7-4ed5-ac6c-49a43c4dba6e.config
2026-10-10T04:15:29.1703633Z [command]"C:\Program Files\Git\bin\git.exe" config --local --unset includeif.gitdir:D:/a/xMind/xMind/xlang3/.git.path D:\a\_temp\git-credentials-3b594dfd-f4c7-4ed5-ac6c-49a43c4dba6e.config
2026-10-10T04:15:29.2024748Z [command]"C:\Program Files\Git\bin\git.exe" config --local --get-all includeif.gitdir:D:/a/xMind/xMind/xlang3/.git/worktrees/*.path
2026-10-10T04:15:29.2304605Z D:\a\_temp\git-credentials-3b594dfd-f4c7-4ed5-ac6c-49a43c4dba6e.config
2026-10-10T04:15:29.2364700Z [command]"C:\Program Files\Git\bin\git.exe" config --local --unset includeif.gitdir:D:/a/xMind/xMind/xlang3/.git/worktrees/*.path D:\a\_temp\git-credentials-3b594dfd-f4c7-4ed5-ac6c-49a43c4dba6e.config
2026-10-10T04:15:29.2706926Z [command]"C:\Program Files\Git\bin\git.exe" config --local --get-all includeif.gitdir:/github/workspace/xlang3/.git.path
2026-10-10T04:15:29.2979830Z /github/runner_temp/git-credentials-3b594dfd-f4c7-4ed5-ac6c-49a43c4dba6e.config
2026-10-10T04:15:29.3023481Z [command]"C:\Program Files\Git\bin\git.exe" config --local --unset includeif.gitdir:/github/workspace/xlang3/.git.path /github/runner_temp/git-credentials-3b594dfd-f4c7-4ed5-ac6c-49a43c4dba6e.config
2026-10-10T04:15:29.3338928Z [command]"C:\Program Files\Git\bin\git.exe" config --local --get-all includeif.gitdir:/github/workspace/xlang3/.git/worktrees/*.path
2026-10-10T04:15:29.3607526Z /github/runner_temp/git-credentials-3b594dfd-f4c7-4ed5-ac6c-49a43c4dba6e.config
2026-10-10T04:15:29.3655488Z [command]"C:\Program Files\Git\bin\git.exe" config --local --unset includeif.gitdir:/github/workspace/xlang3/.git/worktrees/*.path /github/runner_temp/git-credentials-3b594dfd-f4c7-4ed5-ac6c-49a43c4dba6e.config
2026-10-10T04:15:29.3980339Z [command]"C:\Program Files\Git\bin\git.exe" submodule foreach --recursive "git config --local --show-origin --name-only --get-regexp remote.origin.url"
2026-10-10T04:15:29.9555663Z Removing credentials config 'D:\a\_temp\git-credentials-3b594dfd-f4c7-4ed5-ac6c-49a43c4dba6e.config'
2026-10-10T04:15:29.9569518Z ##[endgroup]
2026-10-10T04:15:29.9992122Z ##[group]Run actions/checkout@d23441a48e516b6c34aea4fa41551a30e30af803
2026-10-10T04:15:29.9992719Z with:
2026-10-10T04:15:29.9992910Z   repository: python/cpython
2026-10-10T04:15:29.9993176Z   ref: ebf955df7a89ed0c7968f79faec1de49f61ed7cb
2026-10-10T04:15:29.9993465Z   path: stdlib-source
2026-10-10T04:15:29.9993669Z   sparse-checkout: Lib

2026-10-10T04:15:29.9993880Z   persist-credentials: false
2026-10-10T04:15:29.9996622Z   token: ***
2026-10-10T04:15:29.9996800Z   ssh-strict: true
2026-10-10T04:15:29.9996973Z   ssh-user: git
2026-10-10T04:15:29.9997139Z   clean: true
2026-10-10T04:15:29.9997322Z   sparse-checkout-cone-mode: true
2026-10-10T04:15:29.9997550Z   fetch-depth: 1
2026-10-10T04:15:29.9997720Z   fetch-tags: false
2026-10-10T04:15:29.9997900Z   show-progress: true
2026-10-10T04:15:29.9998088Z   lfs: false
2026-10-10T04:15:29.9998251Z   submodules: false
2026-10-10T04:15:29.9998439Z   set-safe-directory: true
2026-10-10T04:15:29.9998716Z   allow-unsafe-pr-checkout: false
2026-10-10T04:15:29.9998949Z ##[endgroup]
2026-10-10T04:15:30.1197642Z Syncing repository: python/cpython
2026-10-10T04:15:30.1207063Z ##[group]Getting Git version info
2026-10-10T04:15:30.1207612Z Working directory is 'D:\a\xMind\xMind\stdlib-source'
2026-10-10T04:15:30.2287967Z [command]"C:\Program Files\Git\bin\git.exe" version
2026-10-10T04:15:30.2561950Z git version 2.55.0.windows.5
2026-10-10T04:15:30.2609693Z ##[endgroup]
2026-10-10T04:15:30.2627839Z Temporarily overriding HOME='D:\a\_temp\5bf62b2b-90ff-4742-b806-f1bc77ae7541' before making global git config changes
2026-10-10T04:15:30.2628609Z Adding repository directory to the temporary git global config as a safe directory
2026-10-10T04:15:30.2638456Z [command]"C:\Program Files\Git\bin\git.exe" config --global --add safe.directory D:\a\xMind\xMind\stdlib-source
2026-10-10T04:15:30.2948099Z ##[group]Determining repository object format
2026-10-10T04:15:30.2951423Z ##[endgroup]
2026-10-10T04:15:30.2951859Z ##[group]Initializing the repository
2026-10-10T04:15:30.2961378Z [command]"C:\Program Files\Git\bin\git.exe" init D:\a\xMind\xMind\stdlib-source
2026-10-10T04:15:30.3321736Z Initialized empty Git repository in D:/a/xMind/xMind/stdlib-source/.git/
2026-10-10T04:15:30.3378481Z [command]"C:\Program Files\Git\bin\git.exe" remote add origin https://github.com/python/cpython
2026-10-10T04:15:30.3716069Z ##[endgroup]
2026-10-10T04:15:30.3716453Z ##[group]Disabling automatic garbage collection
2026-10-10T04:15:30.3726680Z [command]"C:\Program Files\Git\bin\git.exe" config --local gc.auto 0
2026-10-10T04:15:30.4040544Z ##[endgroup]
2026-10-10T04:15:30.4041112Z ##[group]Setting up auth
2026-10-10T04:15:30.4042502Z Removing SSH command configuration
2026-10-10T04:15:30.4054362Z [command]"C:\Program Files\Git\bin\git.exe" config --local --name-only --get-regexp core\.sshCommand
2026-10-10T04:15:30.4362962Z [command]"C:\Program Files\Git\bin\git.exe" submodule foreach --recursive "sh -c \"git config --local --name-only --get-regexp 'core\.sshCommand' && git config --local --unset-all 'core.sshCommand' || :\""
2026-10-10T04:15:31.0011019Z Removing HTTP extra header
2026-10-10T04:15:31.0020997Z [command]"C:\Program Files\Git\bin\git.exe" config --local --name-only --get-regexp http\.https\:\/\/github\.com\/\.extraheader
2026-10-10T04:15:31.0337428Z [command]"C:\Program Files\Git\bin\git.exe" submodule foreach --recursive "sh -c \"git config --local --name-only --get-regexp 'http\.https\:\/\/github\.com\/\.extraheader' && git config --local --unset-all 'http.https://github.com/.extraheader' || :\""
2026-10-10T04:15:31.5749562Z Removing includeIf entries pointing to credentials config files
2026-10-10T04:15:31.5760389Z [command]"C:\Program Files\Git\bin\git.exe" config --local --name-only --get-regexp ^includeIf\.gitdir:
2026-10-10T04:15:31.6071106Z [command]"C:\Program Files\Git\bin\git.exe" submodule foreach --recursive "git config --local --show-origin --name-only --get-regexp remote.origin.url"
2026-10-10T04:15:32.1905730Z [command]"C:\Program Files\Git\bin\git.exe" config --file D:\a\_temp\git-credentials-34bf778d-2e26-43bb-87b2-900afe17c4cb.config http.https://github.com/.extraheader "AUTHORIZATION: basic ***"
2026-10-10T04:15:32.2224132Z [command]"C:\Program Files\Git\bin\git.exe" config --local includeIf.gitdir:D:/a/xMind/xMind/stdlib-source/.git.path D:\a\_temp\git-credentials-34bf778d-2e26-43bb-87b2-900afe17c4cb.config
2026-10-10T04:15:32.2531568Z [command]"C:\Program Files\Git\bin\git.exe" config --local includeIf.gitdir:D:/a/xMind/xMind/stdlib-source/.git/worktrees/*.path D:\a\_temp\git-credentials-34bf778d-2e26-43bb-87b2-900afe17c4cb.config
2026-10-10T04:15:32.2839936Z [command]"C:\Program Files\Git\bin\git.exe" config --local includeIf.gitdir:/github/workspace/stdlib-source/.git.path /github/runner_temp/git-credentials-34bf778d-2e26-43bb-87b2-900afe17c4cb.config
2026-10-10T04:15:32.3186628Z [command]"C:\Program Files\Git\bin\git.exe" config --local includeIf.gitdir:/github/workspace/stdlib-source/.git/worktrees/*.path /github/runner_temp/git-credentials-34bf778d-2e26-43bb-87b2-900afe17c4cb.config
2026-10-10T04:15:32.3481712Z ##[endgroup]
2026-10-10T04:15:32.3482072Z ##[group]Fetching the repository
2026-10-10T04:15:32.3494950Z [command]"C:\Program Files\Git\bin\git.exe" -c protocol.version=2 fetch --no-tags --prune --no-recurse-submodules --filter=blob:none --depth=1 origin ebf955df7a89ed0c7968f79faec1de49f61ed7cb
2026-10-10T04:15:32.6609271Z From https://github.com/python/cpython
2026-10-10T04:15:32.6609859Z  * branch            ebf955df7a89ed0c7968f79faec1de49f61ed7cb -> FETCH_HEAD
2026-10-10T04:15:32.6662617Z [command]"C:\Program Files\Git\bin\git.exe" rev-parse --verify --quiet ebf955df7a89ed0c7968f79faec1de49f61ed7cb^{object}
2026-10-10T04:15:32.6933666Z ebf955df7a89ed0c7968f79faec1de49f61ed7cb
2026-10-10T04:15:32.6970745Z ##[endgroup]
2026-10-10T04:15:32.6971208Z ##[group]Determining the checkout info
2026-10-10T04:15:32.6972964Z ##[endgroup]
2026-10-10T04:15:32.6973402Z ##[group]Setting up sparse checkout
2026-10-10T04:15:32.6981676Z [command]"C:\Program Files\Git\bin\git.exe" sparse-checkout set Lib
2026-10-10T04:15:32.7332744Z ##[endgroup]
2026-10-10T04:15:32.7333092Z ##[group]Checking out the ref
2026-10-10T04:15:32.7341695Z [command]"C:\Program Files\Git\bin\git.exe" checkout --progress --force ebf955df7a89ed0c7968f79faec1de49f61ed7cb
2026-10-10T04:15:37.2181236Z Updating files:   0% (1/2406)
2026-10-10T04:15:37.2275264Z Updating files:   1% (25/2406)
2026-10-10T04:15:37.2353876Z Updating files:   2% (49/2406)
2026-10-10T04:15:37.2425637Z Updating files:   3% (73/2406)
2026-10-10T04:15:37.2507089Z Updating files:   4% (97/2406)
2026-10-10T04:15:37.2584559Z Updating files:   5% (121/2406)
2026-10-10T04:15:37.2669937Z Updating files:   6% (145/2406)
2026-10-10T04:15:37.2774966Z Updating files:   7% (169/2406)
2026-10-10T04:15:37.2844649Z Updating files:   8% (193/2406)
2026-10-10T04:15:37.2919917Z Updating files:   9% (217/2406)
2026-10-10T04:15:37.2977268Z Updating files:  10% (241/2406)
2026-10-10T04:15:37.3045318Z Updating files:  11% (265/2406)
2026-10-10T04:15:37.3111854Z Updating files:  12% (289/2406)
2026-10-10T04:15:37.3252675Z Updating files:  13% (313/2406)
2026-10-10T04:15:37.3350735Z Updating files:  14% (337/2406)
2026-10-10T04:15:37.3417114Z Updating files:  15% (361/2406)
2026-10-10T04:15:37.3514551Z Updating files:  16% (385/2406)
2026-10-10T04:15:37.3579765Z Updating files:  17% (410/2406)
2026-10-10T04:15:37.3638757Z Updating files:  18% (434/2406)
2026-10-10T04:15:37.3702043Z Updating files:  19% (458/2406)
2026-10-10T04:15:37.3771905Z Updating files:  20% (482/2406)
2026-10-10T04:15:37.3850773Z Updating files:  21% (506/2406)
2026-10-10T04:15:37.3952343Z Updating files:  22% (530/2406)
2026-10-10T04:15:37.4024316Z Updating files:  23% (554/2406)
2026-10-10T04:15:37.4135523Z Updating files:  24% (578/2406)
2026-10-10T04:15:37.4244183Z Updating files:  25% (602/2406)
2026-10-10T04:15:37.4333573Z Updating files:  26% (626/2406)
2026-10-10T04:15:37.4415019Z Updating files:  27% (650/2406)
2026-10-10T04:15:37.4479200Z Updating files:  28% (674/2406)
2026-10-10T04:15:37.4531484Z Updating files:  29% (698/2406)
2026-10-10T04:15:37.4583946Z Updating files:  30% (722/2406)
2026-10-10T04:15:37.4678175Z Updating files:  31% (746/2406)
2026-10-10T04:15:37.4767596Z Updating files:  32% (770/2406)
2026-10-10T04:15:37.4861353Z Updating files:  33% (794/2406)
2026-10-10T04:15:37.4932881Z Updating files:  34% (819/2406)
2026-10-10T04:15:37.4999601Z Updating files:  35% (843/2406)
2026-10-10T04:15:37.5108159Z Updating files:  36% (867/2406)
2026-10-10T04:15:37.5193968Z Updating files:  37% (891/2406)
2026-10-10T04:15:37.5280287Z Updating files:  38% (915/2406)
2026-10-10T04:15:37.5357691Z Updating files:  39% (939/2406)
2026-10-10T04:15:37.5438267Z Updating files:  40% (963/2406)
2026-10-10T04:15:37.5508012Z Updating files:  41% (987/2406)
2026-10-10T04:15:37.5579716Z Updating files:  42% (1011/2406)
2026-10-10T04:15:37.5677471Z Updating files:  43% (1035/2406)
2026-10-10T04:15:37.5783042Z Updating files:  44% (1059/2406)
2026-10-10T04:15:37.5887220Z Updating files:  45% (1083/2406)
2026-10-10T04:15:37.5955990Z Updating files:  46% (1107/2406)
2026-10-10T04:15:37.6045914Z Updating files:  47% (1131/2406)
2026-10-10T04:15:37.6133103Z Updating files:  48% (1155/2406)
2026-10-10T04:15:37.6210572Z Updating files:  49% (1179/2406)
2026-10-10T04:15:37.6278420Z Updating files:  50% (1203/2406)
2026-10-10T04:15:37.6338838Z Updating files:  51% (1228/2406)
2026-10-10T04:15:37.6414009Z Updating files:  52% (1252/2406)
2026-10-10T04:15:37.6511156Z Updating files:  53% (1276/2406)
2026-10-10T04:15:37.6578348Z Updating files:  54% (1300/2406)
2026-10-10T04:15:37.6629166Z Updating files:  55% (1324/2406)
2026-10-10T04:15:37.6715529Z Updating files:  56% (1348/2406)
2026-10-10T04:15:37.6801792Z Updating files:  57% (1372/2406)
2026-10-10T04:15:37.6890374Z Updating files:  58% (1396/2406)
2026-10-10T04:15:37.6960392Z Updating files:  59% (1420/2406)
2026-10-10T04:15:37.7035863Z Updating files:  60% (1444/2406)
2026-10-10T04:15:37.7117554Z Updating files:  61% (1468/2406)
2026-10-10T04:15:37.7198896Z Updating files:  62% (1492/2406)
2026-10-10T04:15:37.7256134Z Updating files:  63% (1516/2406)
2026-10-10T04:15:37.7323775Z Updating files:  64% (1540/2406)
2026-10-10T04:15:37.7391051Z Updating files:  65% (1564/2406)
2026-10-10T04:15:37.7463244Z Updating files:  66% (1588/2406)
2026-10-10T04:15:37.7531566Z Updating files:  67% (1613/2406)
2026-10-10T04:15:37.7639036Z Updating files:  68% (1637/2406)
2026-10-10T04:15:37.7698920Z Updating files:  69% (1661/2406)
2026-10-10T04:15:37.7809678Z Updating files:  70% (1685/2406)
2026-10-10T04:15:37.7870330Z Updating files:  71% (1709/2406)
2026-10-10T04:15:37.7956120Z Updating files:  72% (1733/2406)
2026-10-10T04:15:37.7977755Z Updating files:  72% (1754/2406)
2026-10-10T04:15:37.8061287Z Updating files:  73% (1757/2406)
2026-10-10T04:15:37.8134995Z Updating files:  74% (1781/2406)
2026-10-10T04:15:37.8229496Z Updating files:  75% (1805/2406)
2026-10-10T04:15:37.9220896Z Updating files:  76% (1829/2406)
2026-10-10T04:15:37.9318554Z Updating files:  77% (1853/2406)
2026-10-10T04:15:37.9435043Z Updating files:  78% (1877/2406)
2026-10-10T04:15:37.9509506Z Updating files:  79% (1901/2406)
2026-10-10T04:15:37.9562083Z Updating files:  80% (1925/2406)
2026-10-10T04:15:37.9612072Z Updating files:  81% (1949/2406)
2026-10-10T04:15:37.9661750Z Updating files:  82% (1973/2406)
2026-10-10T04:15:37.9734636Z Updating files:  83% (1997/2406)
2026-10-10T04:15:37.9820555Z Updating files:  84% (2022/2406)
2026-10-10T04:15:37.9912976Z Updating files:  85% (2046/2406)
2026-10-10T04:15:37.9998893Z Updating files:  86% (2070/2406)
2026-10-10T04:15:38.0081936Z Updating files:  87% (2094/2406)
2026-10-10T04:15:38.0164515Z Updating files:  88% (2118/2406)
2026-10-10T04:15:38.0248934Z Updating files:  89% (2142/2406)
2026-10-10T04:15:38.0305658Z Updating files:  90% (2166/2406)
2026-10-10T04:15:38.0436827Z Updating files:  91% (2190/2406)
2026-10-10T04:15:38.0485092Z Updating files:  92% (2214/2406)
2026-10-10T04:15:38.0532147Z Updating files:  93% (2238/2406)
2026-10-10T04:15:38.0608642Z Updating files:  94% (2262/2406)
2026-10-10T04:15:38.0688936Z Updating files:  95% (2286/2406)
2026-10-10T04:15:38.0769313Z Updating files:  96% (2310/2406)
2026-10-10T04:15:38.0851061Z Updating files:  97% (2334/2406)
2026-10-10T04:15:38.0929359Z Updating files:  98% (2358/2406)
2026-10-10T04:15:38.1107768Z Updating files:  99% (2382/2406)
2026-10-10T04:15:38.1108314Z Updating files: 100% (2406/2406)
2026-10-10T04:15:38.1108615Z Updating files: 100% (2406/2406), done.
2026-10-10T04:15:38.1258483Z Note: switching to 'ebf955df7a89ed0c7968f79faec1de49f61ed7cb'.
2026-10-10T04:15:38.1258971Z 
2026-10-10T04:15:38.1259196Z You are in 'detached HEAD' state. You can look around, make experimental
2026-10-10T04:15:38.1259704Z changes and commit them, and you can discard any commits you make in this
2026-10-10T04:15:38.1260204Z state without impacting any branches by switching back to a branch.
2026-10-10T04:15:38.1260506Z 
2026-10-10T04:15:38.1260685Z If you want to create a new branch to retain commits you create, you may
2026-10-10T04:15:38.1261126Z do so (now or later) by using -c with the switch command. Example:
2026-10-10T04:15:38.1261392Z 
2026-10-10T04:15:38.1261486Z   git switch -c <new-branch-name>
2026-10-10T04:15:38.1261656Z 
2026-10-10T04:15:38.1261750Z Or undo this operation with:
2026-10-10T04:15:38.1261910Z 
2026-10-10T04:15:38.1261992Z   git switch -
2026-10-10T04:15:38.1262108Z 
2026-10-10T04:15:38.1262340Z Turn off this advice by setting config variable advice.detachedHead to false
2026-10-10T04:15:38.1262687Z 
2026-10-10T04:15:38.1262782Z HEAD is now at ebf955d Python 3.14.0
2026-10-10T04:15:38.1341835Z ##[endgroup]
2026-10-10T04:15:38.1695984Z [command]"C:\Program Files\Git\bin\git.exe" log -1 --format=%H
2026-10-10T04:15:38.1983633Z ebf955df7a89ed0c7968f79faec1de49f61ed7cb
2026-10-10T04:15:38.2027539Z ##[group]Removing auth
2026-10-10T04:15:38.2028002Z Removing SSH command configuration
2026-10-10T04:15:38.2036505Z [command]"C:\Program Files\Git\bin\git.exe" config --local --name-only --get-regexp core\.sshCommand
2026-10-10T04:15:38.2361940Z [command]"C:\Program Files\Git\bin\git.exe" submodule foreach --recursive "sh -c \"git config --local --name-only --get-regexp 'core\.sshCommand' && git config --local --unset-all 'core.sshCommand' || :\""
2026-10-10T04:15:38.7667773Z Removing HTTP extra header
2026-10-10T04:15:38.7676151Z [command]"C:\Program Files\Git\bin\git.exe" config --local --name-only --get-regexp http\.https\:\/\/github\.com\/\.extraheader
2026-10-10T04:15:38.7995268Z [command]"C:\Program Files\Git\bin\git.exe" submodule foreach --recursive "sh -c \"git config --local --name-only --get-regexp 'http\.https\:\/\/github\.com\/\.extraheader' && git config --local --unset-all 'http.https://github.com/.extraheader' || :\""
2026-10-10T04:15:39.3938114Z Removing includeIf entries pointing to credentials config files
2026-10-10T04:15:39.3947433Z [command]"C:\Program Files\Git\bin\git.exe" config --local --name-only --get-regexp ^includeIf\.gitdir:
2026-10-10T04:15:39.4230483Z includeif.gitdir:D:/a/xMind/xMind/stdlib-source/.git.path
2026-10-10T04:15:39.4231337Z includeif.gitdir:D:/a/xMind/xMind/stdlib-source/.git/worktrees/*.path
2026-10-10T04:15:39.4232112Z includeif.gitdir:/github/workspace/stdlib-source/.git.path
2026-10-10T04:15:39.4232816Z includeif.gitdir:/github/workspace/stdlib-source/.git/worktrees/*.path
2026-10-10T04:15:39.4281372Z [command]"C:\Program Files\Git\bin\git.exe" config --local --get-all includeif.gitdir:D:/a/xMind/xMind/stdlib-source/.git.path
2026-10-10T04:15:39.4553909Z D:\a\_temp\git-credentials-34bf778d-2e26-43bb-87b2-900afe17c4cb.config
2026-10-10T04:15:39.4597594Z [command]"C:\Program Files\Git\bin\git.exe" config --local --unset includeif.gitdir:D:/a/xMind/xMind/stdlib-source/.git.path D:\a\_temp\git-credentials-34bf778d-2e26-43bb-87b2-900afe17c4cb.config
2026-10-10T04:15:39.4910610Z [command]"C:\Program Files\Git\bin\git.exe" config --local --get-all includeif.gitdir:D:/a/xMind/xMind/stdlib-source/.git/worktrees/*.path
2026-10-10T04:15:39.5175931Z D:\a\_temp\git-credentials-34bf778d-2e26-43bb-87b2-900afe17c4cb.config
2026-10-10T04:15:39.5223759Z [command]"C:\Program Files\Git\bin\git.exe" config --local --unset includeif.gitdir:D:/a/xMind/xMind/stdlib-source/.git/worktrees/*.path D:\a\_temp\git-credentials-34bf778d-2e26-43bb-87b2-900afe17c4cb.config
2026-10-10T04:15:39.5536003Z [command]"C:\Program Files\Git\bin\git.exe" config --local --get-all includeif.gitdir:/github/workspace/stdlib-source/.git.path
2026-10-10T04:15:39.5799546Z /github/runner_temp/git-credentials-34bf778d-2e26-43bb-87b2-900afe17c4cb.config
2026-10-10T04:15:39.5837298Z [command]"C:\Program Files\Git\bin\git.exe" config --local --unset includeif.gitdir:/github/workspace/stdlib-source/.git.path /github/runner_temp/git-credentials-34bf778d-2e26-43bb-87b2-900afe17c4cb.config
2026-10-10T04:15:39.6147551Z [command]"C:\Program Files\Git\bin\git.exe" config --local --get-all includeif.gitdir:/github/workspace/stdlib-source/.git/worktrees/*.path
2026-10-10T04:15:39.6425838Z /github/runner_temp/git-credentials-34bf778d-2e26-43bb-87b2-900afe17c4cb.config
2026-10-10T04:15:39.6473102Z [command]"C:\Program Files\Git\bin\git.exe" config --local --unset includeif.gitdir:/github/workspace/stdlib-source/.git/worktrees/*.path /github/runner_temp/git-credentials-34bf778d-2e26-43bb-87b2-900afe17c4cb.config
2026-10-10T04:15:39.6778939Z [command]"C:\Program Files\Git\bin\git.exe" submodule foreach --recursive "git config --local --show-origin --name-only --get-regexp remote.origin.url"
2026-10-10T04:15:40.2147662Z Removing credentials config 'D:\a\_temp\git-credentials-34bf778d-2e26-43bb-87b2-900afe17c4cb.config'
2026-10-10T04:15:40.2159389Z ##[endgroup]
2026-10-10T04:15:40.2525061Z ##[group]Run actions/setup-node@249970729cb0ef3589644e2896645e5dc5ba9c38
2026-10-10T04:15:40.2525523Z with:
2026-10-10T04:15:40.2525696Z   node-version: 22
2026-10-10T04:15:40.2525888Z   check-latest: false
2026-10-10T04:15:40.2528877Z   token: ***
2026-10-10T04:15:40.2529077Z   package-manager-cache: true
2026-10-10T04:15:40.2529304Z ##[endgroup]
2026-10-10T04:15:40.4417920Z Found in cache @ C:\hostedtoolcache\windows\node\22.23.3\x64
2026-10-10T04:15:40.4426947Z ##[group]Environment details
2026-10-10T04:15:45.7700619Z node: v22.23.3
2026-10-10T04:15:45.7700951Z npm: 10.9.9
2026-10-10T04:15:45.7701123Z yarn: 1.22.22
2026-10-10T04:15:45.7701554Z ##[endgroup]
2026-10-10T04:15:45.7996376Z ##[group]Run ./xmind/Tools/ci-native.ps1 -RuntimeSource ./xlang3 -StdlibSource ./stdlib-source/Lib
2026-10-10T04:15:45.7997193Z [36;1m./xmind/Tools/ci-native.ps1 -RuntimeSource ./xlang3 -StdlibSource ./stdlib-source/Lib[0m
2026-10-10T04:15:45.8593224Z shell: C:\Program Files\PowerShell\7\pwsh.EXE -command ". '{0}'"
2026-10-10T04:15:45.8593660Z ##[endgroup]
2026-10-10T04:15:58.1996819Z -- The C compiler identification is MSVC 19.51.36260.0
2026-10-10T04:15:59.5863035Z -- The CXX compiler identification is MSVC 19.51.36260.0
2026-10-10T04:15:59.7232417Z -- Detecting C compiler ABI info
2026-10-10T04:16:00.8368349Z -- Detecting C compiler ABI info - done
2026-10-10T04:16:00.8702816Z -- Check for working C compiler: C:/Program Files/Microsoft Visual Studio/18/Enterprise/VC/Tools/MSVC/14.51.36231/bin/Hostx64/x64/cl.exe - skipped
2026-10-10T04:16:00.8718222Z -- Detecting C compile features
2026-10-10T04:16:00.8784569Z -- Detecting C compile features - done
2026-10-10T04:16:00.9567682Z -- Detecting CXX compiler ABI info
2026-10-10T04:16:01.6971736Z -- Detecting CXX compiler ABI info - done
2026-10-10T04:16:01.7188924Z -- Check for working CXX compiler: C:/Program Files/Microsoft Visual Studio/18/Enterprise/VC/Tools/MSVC/14.51.36231/bin/Hostx64/x64/cl.exe - skipped
2026-10-10T04:16:01.7193176Z -- Detecting CXX compile features
2026-10-10T04:16:01.7209462Z -- Detecting CXX compile features - done
2026-10-10T04:16:01.9854759Z -- Looking for sys/types.h
2026-10-10T04:16:02.8958827Z -- Looking for sys/types.h - found
2026-10-10T04:16:02.8960168Z -- Looking for stdint.h
2026-10-10T04:16:03.5915271Z -- Looking for stdint.h - found
2026-10-10T04:16:03.5918590Z -- Looking for stddef.h
2026-10-10T04:16:04.2739513Z -- Looking for stddef.h - found
2026-10-10T04:16:04.2741317Z -- Check size of off64_t
2026-10-10T04:16:05.2693929Z -- Check size of off64_t - failed
2026-10-10T04:16:05.2694828Z -- Looking for fseeko
2026-10-10T04:16:05.9384333Z -- Looking for fseeko - not found
2026-10-10T04:16:05.9384998Z -- Looking for stdarg.h
2026-10-10T04:16:06.6115298Z -- Looking for stdarg.h - found
2026-10-10T04:16:06.6117441Z -- Looking for unistd.h
2026-10-10T04:16:07.3713578Z -- Looking for unistd.h - not found
2026-10-10T04:16:07.3714257Z -- Performing Test HAVE___ATTR__VIS_HIDDEN
2026-10-10T04:16:07.9001386Z -- Performing Test HAVE___ATTR__VIS_HIDDEN - Failed
2026-10-10T04:16:08.1032255Z -- The ASM_MASM compiler identification is MSVC
2026-10-10T04:16:08.1083107Z -- Found assembler: C:/Program Files/Microsoft Visual Studio/18/Enterprise/VC/Tools/MSVC/14.51.36231/bin/Hostx64/x64/ml64.exe
2026-10-10T04:16:08.1750826Z -- Performing Test CMAKE_HAVE_LIBC_PTHREAD
2026-10-10T04:16:08.6667662Z -- Performing Test CMAKE_HAVE_LIBC_PTHREAD - Failed
2026-10-10T04:16:08.6668483Z -- Looking for pthread_create in pthreads
2026-10-10T04:16:09.2601777Z -- Looking for pthread_create in pthreads - not found
2026-10-10T04:16:09.2602708Z -- Looking for pthread_create in pthread
2026-10-10T04:16:09.8459716Z -- Looking for pthread_create in pthread - not found
2026-10-10T04:16:09.8597062Z -- Found Threads: TRUE
2026-10-10T04:16:09.8726458Z -- Configuring done (21.8s)
2026-10-10T04:16:10.7829624Z -- Generating done (0.9s)
2026-10-10T04:16:10.7842811Z -- Build files have been written to: D:/a/xMind/xMind/xlang3/build
2026-10-10T04:16:10.9454555Z MSBuild version 18.10.1-1.26427.6+3cd27c13e for .NET Framework
2026-10-10T04:16:10.9890493Z 
2026-10-10T04:16:11.2729650Z   Checking File Globs
2026-10-10T04:16:11.4137861Z   1>Checking Build System
2026-10-10T04:16:11.7817506Z   Building Custom Rule D:/a/xMind/xMind/xlang3/CMakeLists.txt
2026-10-10T04:16:12.0189037Z   blocksort.c
2026-10-10T04:16:12.1471329Z   Building Custom Rule D:/a/xMind/xMind/xlang3/CMakeLists.txt
2026-10-10T04:16:12.2632163Z   Building Custom Rule D:/a/xMind/xMind/xlang3/CMakeLists.txt
2026-10-10T04:16:12.3383692Z   runtime_lock.cpp
2026-10-10T04:16:12.3446817Z   thread_module.cpp
2026-10-10T04:16:12.3459858Z   thread_objects.cpp
2026-10-10T04:16:12.3736110Z   Building Custom Rule D:/a/xMind/xMind/xlang3/modules/ctypes/CMakeLists.txt
2026-10-10T04:16:12.4188674Z   Building Custom Rule D:/a/xMind/xMind/xlang3/third_party/zlib/CMakeLists.txt
2026-10-10T04:16:12.4339577Z   Assembling D:\a\xMind\xMind\xlang3\modules\cffi\libffi\win64.asm...
2026-10-10T04:16:13.1827021Z   adler32.c
2026-10-10T04:16:13.1838323Z   task_module.cpp
2026-10-10T04:16:13.1846800Z   task_objects.cpp
2026-10-10T04:16:13.1876841Z   compress.c
2026-10-10T04:16:13.1995856Z   crc32.c
2026-10-10T04:16:13.2301387Z   deflate.c
2026-10-10T04:16:13.2576960Z   gzclose.c
2026-10-10T04:16:13.3998286Z   gzlib.c
2026-10-10T04:16:13.4362823Z   gzread.c
2026-10-10T04:16:13.4779815Z   gzwrite.c
2026-10-10T04:16:13.5079249Z   inflate.c
2026-10-10T04:16:13.5300471Z   infback.c
2026-10-10T04:16:13.5731942Z   inftrees.c
2026-10-10T04:16:13.5937222Z   inffast.c
2026-10-10T04:16:13.6198868Z   trees.c
2026-10-10T04:16:13.6586375Z   uncompr.c
2026-10-10T04:16:13.6949392Z   zutil.c
2026-10-10T04:16:13.7548455Z   Generating Code...
2026-10-10T04:16:16.1522914Z   zlibstatic.vcxproj -> D:\a\xMind\xMind\xlang3\build\third_party\zlib\Release\zs.lib
2026-10-10T04:16:16.2199621Z   huffman.c
2026-10-10T04:16:16.2201340Z   ctypes_ffi.cpp
2026-10-10T04:16:16.8613868Z   crctable.c
2026-10-10T04:16:17.4186905Z   randtable.c
2026-10-10T04:16:17.8820770Z   compress.c
2026-10-10T04:16:18.0596896Z   xlang3_task_runtime.vcxproj -> D:\a\xMind\xMind\xlang3\build\Release\xlang3_task_runtime.lib
2026-10-10T04:16:18.2594145Z   decompress.c
2026-10-10T04:16:18.4370565Z   xlang3_thread_runtime.vcxproj -> D:\a\xMind\xMind\xlang3\build\Release\xlang3_thread_runtime.lib
2026-10-10T04:16:18.5476296Z   bzlib.c
2026-10-10T04:16:18.7784213Z   Generating Code...
2026-10-10T04:16:20.6598392Z   ffi.c
2026-10-10T04:16:20.6837150Z   prep_cif.c
2026-10-10T04:16:20.7010092Z   types.c
2026-10-10T04:16:20.7146978Z   Generating Code...
2026-10-10T04:16:20.8447925Z   xlang3_ctypes_ffi.vcxproj -> D:\a\xMind\xMind\xlang3\build\modules\ctypes\Release\xlang3_ctypes_ffi.lib
2026-10-10T04:16:21.8998348Z   bzip2static.vcxproj -> D:\a\xMind\xMind\xlang3\build\Release\bzip2static.lib
2026-10-10T04:16:21.9531998Z   Building Custom Rule D:/a/xMind/xMind/xlang3/CMakeLists.txt
2026-10-10T04:16:22.0863966Z   abc_module.cpp
2026-10-10T04:16:22.0866479Z   ast_module.cpp
2026-10-10T04:16:22.0885941Z   atexit_module.cpp
2026-10-10T04:16:22.0887402Z   binascii_module.cpp
2026-10-10T04:16:24.1902529Z   bisect_module.cpp
2026-10-10T04:16:24.2132470Z   bz2_module.cpp
2026-10-10T04:16:24.2208686Z   cmath_module.cpp
2026-10-10T04:16:24.8206343Z   decimal_module.cpp
2026-10-10T04:16:26.1855136Z   codecs_module.cpp
2026-10-10T04:16:26.3142677Z   locale_module.cpp
2026-10-10T04:16:26.9095269Z   multibytecodec_module.cpp
2026-10-10T04:16:26.9812351Z   collections_module.cpp
2026-10-10T04:16:28.3407026Z   contextvars_module.cpp
2026-10-10T04:16:29.2452724Z   asyncio_module.cpp
2026-10-10T04:16:29.4036905Z   asyncio_future.cpp
2026-10-10T04:16:29.6583964Z   asyncio_task.cpp
2026-10-10T04:16:30.4976406Z   csv_module.cpp
2026-10-10T04:16:31.5539989Z   ctypes_module.cpp
2026-10-10T04:16:31.7551941Z   errno_module.cpp
2026-10-10T04:16:31.9537465Z   faulthandler_module.cpp
2026-10-10T04:16:32.7002159Z   functools_module.cpp
2026-10-10T04:16:33.8460938Z   gc_module.cpp
2026-10-10T04:16:34.0132958Z   lsprof_module.cpp
2026-10-10T04:16:34.1088508Z   array_module.cpp
2026-10-10T04:16:34.7082919Z   imp_module.cpp
2026-10-10T04:16:35.9075603Z   importlib_module.cpp
2026-10-10T04:16:36.1119231Z   interpreters_module.cpp
2026-10-10T04:16:36.2726626Z   itertools_module.cpp
2026-10-10T04:16:36.6721411Z   io_module.cpp
2026-10-10T04:16:38.3046874Z   json_module.cpp
2026-10-10T04:16:38.3857269Z   marshal_module.cpp
2026-10-10T04:16:38.8502255Z   msvcrt_module.cpp
2026-10-10T04:16:39.1159543Z   multiprocessing_module.cpp
2026-10-10T04:16:40.5991142Z   opcode_module.cpp
2026-10-10T04:16:40.8558467Z   operator_module.cpp
2026-10-10T04:16:41.2393645Z   os_module.cpp
2026-10-10T04:16:41.5209973Z   overlapped_module.cpp
2026-10-10T04:16:42.5774534Z   pickle_module.cpp
2026-10-10T04:16:42.8601980Z   pyexpat_module.cpp
2026-10-10T04:16:44.3205674Z   queue_module.cpp
2026-10-10T04:16:44.6263223Z   random_module.cpp
2026-10-10T04:16:44.8698803Z   signal_module.cpp
2026-10-10T04:16:44.9556687Z   sha2_module.cpp
2026-10-10T04:16:46.3741877Z   socket_select_module.cpp
2026-10-10T04:16:46.6910879Z   sre_module.cpp
2026-10-10T04:16:46.9210975Z   source_encoding.cpp
2026-10-10T04:16:47.6877896Z   stat_module.cpp
2026-10-10T04:16:48.1970443Z   string_module.cpp
2026-10-10T04:16:49.4287352Z   struct_module.cpp
2026-10-10T04:16:49.6216074Z   sysconfig_native_module.cpp
2026-10-10T04:16:50.1090411Z   sys_module.cpp
2026-10-10T04:16:50.2654693Z   time_module.cpp
2026-10-10T04:16:51.5437752Z   tokenize_module.cpp
2026-10-10T04:16:51.6092777Z   typing_module.cpp
2026-10-10T04:16:53.2581424Z   unicodedata_module.cpp
2026-10-10T04:16:53.6534787Z   weakref_module.cpp
2026-10-10T04:16:53.6914030Z   warnings_module.cpp
2026-10-10T04:16:53.7618600Z   winapi_module.cpp
2026-10-10T04:16:55.2342992Z   posix_process_module.cpp
2026-10-10T04:16:55.6284770Z   winreg_module.cpp
2026-10-10T04:16:56.5535436Z   zlib_module.cpp
2026-10-10T04:16:56.7521077Z   zip_archive.cpp
2026-10-10T04:16:57.1383452Z   zipimport_module.cpp
2026-10-10T04:17:00.7424679Z   xlang3_system_runtime.vcxproj -> D:\a\xMind\xMind\xlang3\build\Release\xlang3_system_runtime.lib
2026-10-10T04:17:00.8059646Z   Building Custom Rule D:/a/xMind/xMind/xlang3/CMakeLists.txt
2026-10-10T04:17:00.9813562Z   builtins.cpp
2026-10-10T04:17:01.0111757Z   builtin_modules.cpp
2026-10-10T04:17:01.0156853Z   exception_builtins.cpp
2026-10-10T04:17:01.0220031Z   functional_builtins.cpp
2026-10-10T04:17:02.8881668Z   io_builtins.cpp
2026-10-10T04:17:03.0729474Z   math_module.cpp
2026-10-10T04:17:07.5895177Z   object_type_builtins.cpp
2026-10-10T04:17:09.1850629Z   raw_block_builtins.cpp
2026-10-10T04:17:11.3671345Z   sequence_builtins.cpp
2026-10-10T04:17:12.5215070Z   ipc_runtime.cpp
2026-10-10T04:17:18.2398678Z   shared_memory_block_stream.cpp
2026-10-10T04:17:20.7337554Z   shared_memory_transport.cpp
2026-10-10T04:17:23.0041573Z   block_stream.cpp
2026-10-10T04:17:23.3372320Z   ipc_value_marshal.cpp
2026-10-10T04:17:23.7682477Z   xlang_stream.cpp
2026-10-10T04:17:24.5111811Z   c_api_bridge.cpp
2026-10-10T04:17:24.9428608Z   exceptions.cpp
2026-10-10T04:17:25.4365795Z   expression.cpp
2026-10-10T04:17:25.9497952Z   functional_iterators.cpp
2026-10-10T04:17:27.8795190Z   generator.cpp
2026-10-10T04:17:28.1173031Z   attribute.cpp
2026-10-10T04:17:31.4118067Z   list_methods.cpp
2026-10-10T04:17:31.8362667Z   dict_methods.cpp
2026-10-10T04:17:31.9079556Z   file_methods.cpp
2026-10-10T04:17:32.7622952Z   int_methods.cpp
2026-10-10T04:17:36.2386864Z   set_methods.cpp
2026-10-10T04:17:37.5345872Z   string_methods.cpp
2026-10-10T04:17:37.9006050Z   tuple_methods.cpp
2026-10-10T04:17:39.5673692Z   bytes_methods.cpp
2026-10-10T04:17:41.2816983Z   iterator_methods.cpp
2026-10-10T04:17:41.4382256Z   property_methods.cpp
2026-10-10T04:17:46.9177272Z   x3_bucket_allocator.cpp
2026-10-10T04:17:48.5561370Z   x3_memory.cpp
2026-10-10T04:17:48.6260184Z   x3_object_pool.cpp
2026-10-10T04:17:48.7455606Z   x3_page_allocator.cpp
2026-10-10T04:17:48.8793036Z   x3_runtime_memory.cpp
2026-10-10T04:17:49.4602632Z   x3_temp_arena.cpp
2026-10-10T04:17:49.6457913Z   perf_counters.cpp
2026-10-10T04:17:49.6914139Z   interpreter_events.cpp
2026-10-10T04:17:49.8799908Z   bigint.cpp
2026-10-10T04:17:49.9363440Z   value.cpp
2026-10-10T04:17:50.0899883Z   value_hash.cpp
2026-10-10T04:17:52.0045338Z   object_model.cpp
2026-10-10T04:17:52.1590229Z   sequence.cpp
2026-10-10T04:17:53.3789627Z   mapping.cpp
2026-10-10T04:18:01.9579770Z   set_object.cpp
2026-10-10T04:18:02.4497742Z   module_object.cpp
2026-10-10T04:18:02.7373281Z   module_slots.cpp
2026-10-10T04:18:06.2708620Z   runtime.cpp
2026-10-10T04:18:06.9759541Z   unicode_data.cpp
2026-10-10T04:18:09.4956718Z   unicode_names.cpp
2026-10-10T04:18:11.1999913Z   vfs.cpp
2026-10-10T04:18:17.3821538Z   source_cursor.cpp
2026-10-10T04:18:18.0755904Z   lexer.cpp
2026-10-10T04:18:18.5636064Z   parser.cpp
2026-10-10T04:18:22.3017996Z   scope_analysis.cpp
2026-10-10T04:18:26.0900191Z   xlang_module_globals.cpp
2026-10-10T04:18:26.8298380Z   lower.cpp
2026-10-10T04:18:27.6572366Z   codec.cpp
2026-10-10T04:18:29.2041000Z   xlang_interpreter.cpp
2026-10-10T04:18:32.1498446Z   xlang_vm_attr.cpp
2026-10-10T04:18:32.3223669Z   xlang_vm_loop.cpp
2026-10-10T04:18:38.1167558Z   object_table.cpp
2026-10-10T04:18:40.1465584Z   memory_file_store.cpp
2026-10-10T04:18:43.1528052Z   shared_memory_transport_win32.cpp
2026-10-10T04:18:44.3309232Z   debug_session.cpp
2026-10-10T04:18:49.4775884Z   dap_session.cpp
2026-10-10T04:18:50.5563983Z   dump.cpp
2026-10-10T04:18:53.7024040Z   c_api.cpp
2026-10-10T04:18:56.3794750Z   buffer_api.cpp
2026-10-10T04:19:01.8683873Z   tensor_storage.cpp
2026-10-10T04:19:02.1587312Z   tensor_serialization.cpp
2026-10-10T04:19:08.0807138Z   tensor_graph.cpp
2026-10-10T04:19:08.2930627Z   tensor_cpu.cpp
2026-10-10T04:19:08.4511977Z   tensor_module.cpp
2026-10-10T04:19:13.3955304Z   tensor_api.cpp
2026-10-10T04:19:13.6960179Z   protocol_api.cpp
2026-10-10T04:19:14.8225494Z   stream_api.cpp
2026-10-10T04:19:16.4512775Z   native_serialization_api.cpp
2026-10-10T04:19:16.5655475Z   ipc_api.cpp
2026-10-10T04:19:17.1879822Z   value_graph_writer.cpp
2026-10-10T04:19:18.6956347Z   value_graph_reader.cpp
2026-10-10T04:19:18.8092827Z   value_graph_lifetime.cpp
2026-10-10T04:19:21.1883677Z   import_loader.cpp
2026-10-10T04:19:23.2805677Z   native_package_loader.cpp
2026-10-10T04:19:29.3094737Z   Auto build dll exports
2026-10-10T04:19:29.7296620Z   xlang3_thread_runtime.lib(thread_module.obj) : MSIL .netmodule or module compiled with /GL found; restarting link with /LTCG; add /LTCG to the link command line to improve linker performance
2026-10-10T04:19:31.6125974Z      Creating library D:/a/xMind/xMind/xlang3/build/Release/xlang3_runtime.lib and object D:/a/xMind/xMind/xlang3/build/Release/xlang3_runtime.exp
2026-10-10T04:19:31.8483540Z   Generating code
2026-10-10T04:20:43.6111913Z   Finished generating code
2026-10-10T04:20:44.5350701Z   xlang3_runtime.vcxproj -> D:\a\xMind\xMind\xlang3\build\Release\xlang3_runtime.dll
2026-10-10T04:20:44.6023315Z   Building Custom Rule D:/a/xMind/xMind/xlang3/CMakeLists.txt
2026-10-10T04:20:44.6805204Z   xlang3.cpp
2026-10-10T04:20:50.1095212Z   xlang3.vcxproj -> D:\a\xMind\xMind\xlang3\build\Release\xlang3.exe
2026-10-10T04:20:50.7273451Z MSBuild version 18.10.1-1.26427.6+3cd27c13e for .NET Framework
2026-10-10T04:20:50.7628955Z 
2026-10-10T04:20:51.0330359Z   Checking File Globs
2026-10-10T04:20:51.2921151Z   Building Custom Rule D:/a/xMind/xMind/xlang3/modules/json/CMakeLists.txt
2026-10-10T04:20:51.5205876Z   main.cpp
2026-10-10T04:20:52.4531709Z   json_package.cpp
2026-10-10T04:20:55.1185323Z   json_convert.cpp
2026-10-10T04:20:56.9666733Z   Generating Code...
2026-10-10T04:21:00.3831617Z      Creating library D:/a/xMind/xMind/xlang3/build/Release/modules/xlang_json.x3pkg.lib and object D:/a/xMind/xMind/xlang3/build/Release/modules/xlang_json.x3pkg.exp
2026-10-10T04:21:00.9763770Z   xlang_json_native_package.vcxproj -> D:\a\xMind\xMind\xlang3\build\Release\modules\xlang_json.x3pkg.dll
2026-10-10T04:21:01.1158989Z MSBuild version 18.10.1-1.26427.6+3cd27c13e for .NET Framework
2026-10-10T04:21:01.1516804Z 
2026-10-10T04:21:01.8628763Z   Checking File Globs
2026-10-10T04:21:02.0594241Z   Building Custom Rule D:/a/xMind/xMind/xlang3/modules/sqlite/CMakeLists.txt
2026-10-10T04:21:02.1999087Z   main.cpp
2026-10-10T04:21:02.8313285Z   sqlite_package.cpp
2026-10-10T04:21:04.0024196Z   sqlite_values.cpp
2026-10-10T04:21:04.6298158Z   sqlite_handles.cpp
2026-10-10T04:21:05.2331174Z   Generating Code...
2026-10-10T04:21:06.0393785Z   sqlite3.c
2026-10-10T04:21:26.4255451Z      Creating library D:/a/xMind/xMind/xlang3/build/Release/modules/xlang_sqlite3.x3pkg.lib and object D:/a/xMind/xMind/xlang3/build/Release/modules/xlang_sqlite3.x3pkg.exp
2026-10-10T04:21:26.5516030Z   xlang_sqlite3_native_package.vcxproj -> D:\a\xMind\xMind\xlang3\build\Release\modules\xlang_sqlite3.x3pkg.dll
2026-10-10T04:21:26.7484176Z Pinned jsoncons native source and license hashes verified: 176 files
2026-10-10T04:21:26.8390044Z Pinned yaml-cpp native source and license verified: 101 exact upstream files
2026-10-10T04:21:26.9457838Z Pinned re2 native source and license verified: 131 exact upstream files
2026-10-10T04:21:27.1605118Z Pinned abseil-cpp native source and license verified: 1602 exact upstream files
2026-10-10T04:21:32.9691894Z 
2026-10-10T04:21:32.9693330Z added 97 packages in 6s
2026-10-10T04:21:39.6863904Z [31;1mnpm warn deprecated whatwg-encoding@3.1.1: Use @exodus/bytes instead for a more spec-conformant and faster implementation[0m
2026-10-10T04:21:40.3572944Z [31;1mnpm warn deprecated prebuild-install@7.1.3: No longer maintained. Please contact the author of the relevant native addon; alternatives are available.[0m
2026-10-10T04:21:48.3021661Z 
2026-10-10T04:21:48.3023080Z added 325 packages in 13s
2026-10-10T04:21:49.4474785Z -- The C compiler identification is MSVC 19.51.36260.0
2026-10-10T04:21:50.1743155Z -- The CXX compiler identification is MSVC 19.51.36260.0
2026-10-10T04:21:50.1994499Z -- Detecting C compiler ABI info
2026-10-10T04:21:50.8970227Z -- Detecting C compiler ABI info - done
2026-10-10T04:21:50.9165068Z -- Check for working C compiler: C:/Program Files/Microsoft Visual Studio/18/Enterprise/VC/Tools/MSVC/14.51.36231/bin/Hostx64/x64/cl.exe - skipped
2026-10-10T04:21:50.9169543Z -- Detecting C compile features
2026-10-10T04:21:50.9177990Z -- Detecting C compile features - done
2026-10-10T04:21:50.9292555Z -- Detecting CXX compiler ABI info
2026-10-10T04:21:51.6372876Z -- Detecting CXX compiler ABI info - done
2026-10-10T04:21:51.6562249Z -- Check for working CXX compiler: C:/Program Files/Microsoft Visual Studio/18/Enterprise/VC/Tools/MSVC/14.51.36231/bin/Hostx64/x64/cl.exe - skipped
2026-10-10T04:21:51.6567273Z -- Detecting CXX compile features
2026-10-10T04:21:51.6581252Z -- Detecting CXX compile features - done
2026-10-10T04:21:51.7573462Z -- Performing Test CMAKE_HAVE_LIBC_PTHREAD
2026-10-10T04:21:52.2541054Z -- Performing Test CMAKE_HAVE_LIBC_PTHREAD - Failed
2026-10-10T04:21:52.2541933Z -- Looking for pthread_create in pthreads
2026-10-10T04:21:52.8545294Z -- Looking for pthread_create in pthreads - not found
2026-10-10T04:21:52.8546346Z -- Looking for pthread_create in pthread
2026-10-10T04:21:53.4410922Z -- Looking for pthread_create in pthread - not found
2026-10-10T04:21:53.4427246Z -- Found Threads: TRUE
2026-10-10T04:21:54.6826264Z -- Configuring done (6.3s)
2026-10-10T04:21:58.3292019Z -- Generating done (3.6s)
2026-10-10T04:21:58.3306680Z -- Build files have been written to: D:/a/xMind/xMind/xmind/build/native
2026-10-10T04:21:58.5258368Z MSBuild version 18.10.1-1.26427.6+3cd27c13e for .NET Framework
2026-10-10T04:21:58.5612237Z 
2026-10-10T04:21:58.7717873Z   Checking File Globs
2026-10-10T04:21:58.9159899Z   1>Checking Build System
2026-10-10T04:21:59.8738411Z   Building Custom Rule D:/a/xMind/xMind/xmind/Native/third_party/abseil-cpp/absl/base/CMakeLists.txt
2026-10-10T04:21:59.9067421Z   Building Custom Rule D:/a/xMind/xMind/xmind/Native/third_party/abseil-cpp/absl/time/CMakeLists.txt
2026-10-10T04:21:59.9072284Z   Building Custom Rule D:/a/xMind/xMind/xmind/Native/third_party/abseil-cpp/absl/debugging/CMakeLists.txt
2026-10-10T04:21:59.9963813Z   Building Custom Rule D:/a/xMind/xMind/xmind/Native/third_party/abseil-cpp/absl/types/CMakeLists.txt
2026-10-10T04:22:00.0026481Z   Building Custom Rule D:/a/xMind/xMind/xmind/Native/third_party/abseil-cpp/absl/profiling/CMakeLists.txt
2026-10-10T04:22:00.0127844Z   Building Custom Rule D:/a/xMind/xMind/xmind/Native/third_party/abseil-cpp/absl/base/CMakeLists.txt
2026-10-10T04:22:00.1011726Z   Building Custom Rule D:/a/xMind/xMind/xmind/Native/third_party/abseil-cpp/absl/time/CMakeLists.txt
2026-10-10T04:22:00.2266069Z   Building Custom Rule D:/a/xMind/xMind/xmind/Native/third_party/abseil-cpp/absl/base/CMakeLists.txt
2026-10-10T04:22:00.2910902Z   Building Custom Rule D:/a/xMind/xMind/xmind/Native/third_party/abseil-cpp/absl/flags/CMakeLists.txt
2026-10-10T04:22:01.0298807Z   civil_time_detail.cc
2026-10-10T04:22:01.2031869Z   commandlineflag.cc
2026-10-10T04:22:01.4366583Z   log_severity.cc
2026-10-10T04:22:02.4215255Z   source_location.cc
2026-10-10T04:22:02.5227633Z   spinlock_wait.cc
2026-10-10T04:22:02.6998174Z   absl_source_location.vcxproj -> D:\a\xMind\xMind\xmind\build\native\third_party\abseil-cpp\absl\types\Release\absl_source_location.lib
2026-10-10T04:22:02.7019110Z   absl_flags_commandlineflag_internal.vcxproj -> D:\a\xMind\xMind\xmind\build\native\third_party\abseil-cpp\absl\flags\Release\absl_flags_commandlineflag_internal.lib
2026-10-10T04:22:02.7030790Z   absl_spinlock_wait.vcxproj -> D:\a\xMind\xMind\xmind\build\native\third_party\abseil-cpp\absl\base\Release\absl_spinlock_wait.lib
2026-10-10T04:22:02.7041106Z   exponential_biased.cc
2026-10-10T04:22:02.7070071Z   time_zone_fixed.cc
2026-10-10T04:22:02.7099702Z   utf8_for_code_point.cc
2026-10-10T04:22:02.7109729Z   absl_civil_time.vcxproj -> D:\a\xMind\xMind\xmind\build\native\third_party\abseil-cpp\absl\time\Release\absl_civil_time.lib
2026-10-10T04:22:02.7125205Z   absl_log_severity.vcxproj -> D:\a\xMind\xMind\xmind\build\native\third_party\abseil-cpp\absl\base\Release\absl_log_severity.lib
2026-10-10T04:22:02.7140592Z   absl_utf8_for_code_point.vcxproj -> D:\a\xMind\xMind\xmind\build\native\third_party\abseil-cpp\absl\debugging\Release\absl_utf8_for_code_point.lib
2026-10-10T04:22:03.0170708Z   Building Custom Rule D:/a/xMind/xMind/xmind/Native/third_party/abseil-cpp/absl/debugging/CMakeLists.txt
2026-10-10T04:22:03.0214124Z   leak_check.cc
2026-10-10T04:22:03.0240603Z   absl_exponential_biased.vcxproj -> D:\a\xMind\xMind\xmind\build\native\third_party\abseil-cpp\absl\profiling\Release\absl_exponential_biased.lib
2026-10-10T04:22:03.0766856Z   absl_leak_check.vcxproj -> D:\a\xMind\xMind\xmind\build\native\third_party\abseil-cpp\absl\debugging\Release\absl_leak_check.lib
2026-10-10T04:22:03.1900291Z   hardening.cc
2026-10-10T04:22:04.1502864Z   Building Custom Rule D:/a/xMind/xMind/xmind/Native/third_party/abseil-cpp/absl/base/CMakeLists.txt
2026-10-10T04:22:04.5179464Z   Building Custom Rule D:/a/xMind/xMind/xmind/Native/third_party/abseil-cpp/absl/log/CMakeLists.txt
2026-10-10T04:22:04.7361116Z   Building Custom Rule D:/a/xMind/xMind/xmind/Native/third_party/abseil-cpp/absl/base/CMakeLists.txt
2026-10-10T04:22:04.8596096Z   Building Custom Rule D:/a/xMind/xMind/xmind/Native/CMakeLists.txt
2026-10-10T04:22:04.9269229Z   strerror.cc
2026-10-10T04:22:04.9961764Z   nullguard.cc
2026-10-10T04:22:05.0671672Z   mcp_wire.cpp
2026-10-10T04:22:05.0718945Z   time_zone_format.cc
2026-10-10T04:22:05.1101155Z   absl_log_internal_nullguard.vcxproj -> D:\a\xMind\xMind\xmind\build\native\third_party\abseil-cpp\absl\log\Release\absl_log_internal_nullguard.lib
2026-10-10T04:22:05.1614855Z   absl_strerror.vcxproj -> D:\a\xMind\xMind\xmind\build\native\third_party\abseil-cpp\absl\base\Release\absl_strerror.lib
2026-10-10T04:22:05.1700701Z   Building Custom Rule D:/a/xMind/xMind/xmind/Native/CMakeLists.txt
2026-10-10T04:22:08.1447008Z   Building Custom Rule D:/a/xMind/xMind/xmind/Native/CMakeLists.txt
2026-10-10T04:22:08.4816126Z   Building Custom Rule D:/a/xMind/xMind/xmind/Native/CMakeLists.txt
2026-10-10T04:22:08.4917758Z   time_zone_if.cc
2026-10-10T04:22:08.5069818Z   file_patch.cpp
2026-10-10T04:22:08.7527891Z   secret_protection.cpp
2026-10-10T04:22:08.8851466Z   agentflow_file_patch.vcxproj -> D:\a\xMind\xMind\xmind\build\native\Release\agentflow_file_patch.lib
2026-10-10T04:22:09.9436118Z   agentflow_secrets.vcxproj -> D:\a\xMind\xMind\xmind\build\native\Release\agentflow_secrets.lib
2026-10-10T04:22:10.3339737Z   raw_logging.cc
2026-10-10T04:22:10.3722121Z   Building Custom Rule D:/a/xMind/xMind/xmind/Native/CMakeLists.txt
2026-10-10T04:22:10.4272662Z   model_stream.cpp
2026-10-10T04:22:10.5602655Z   absl_raw_logging_internal.vcxproj -> D:\a\xMind\xMind\xmind\build\native\third_party\abseil-cpp\absl\base\Release\absl_raw_logging_internal.lib
2026-10-10T04:22:10.6890129Z   windows_process.cpp
2026-10-10T04:22:10.7782504Z   mcp_requests.cpp
2026-10-10T04:22:11.0683481Z   time_zone_impl.cc
2026-10-10T04:22:11.9352461Z   Building Custom Rule D:/a/xMind/xMind/xmind/Native/third_party/yaml-cpp/CMakeLists.txt
2026-10-10T04:22:12.0229697Z   absl_hardening.vcxproj -> D:\a\xMind\xMind\xmind\build\native\third_party\abseil-cpp\absl\base\Release\absl_hardening.lib
2026-10-10T04:22:14.6838740Z   time_zone_info.cc
2026-10-10T04:22:15.0166319Z   agentflow_process.vcxproj -> D:\a\xMind\xMind\xmind\build\native\Release\agentflow_process.lib
2026-10-10T04:22:15.6430043Z   mcp_handshake.cpp
2026-10-10T04:22:15.9125606Z   Scanning sources for module dependencies...
2026-10-10T04:22:24.3684106Z   depthguard.cpp
2026-10-10T04:22:24.3777732Z   convert.cpp
2026-10-10T04:22:24.3782579Z   binary.cpp
2026-10-10T04:22:24.3786428Z   directives.cpp
2026-10-10T04:22:24.3793485Z   time_zone_libc.cc
2026-10-10T04:22:24.3800531Z   emit.cpp
2026-10-10T04:22:24.3805143Z   emitter.cpp
2026-10-10T04:22:24.3810817Z   emitfromevents.cpp
2026-10-10T04:22:24.3816504Z   emitterstate.cpp
2026-10-10T04:22:24.3824263Z   exp.cpp
2026-10-10T04:22:24.3829771Z   emitterutils.cpp
2026-10-10T04:22:24.3836858Z   fptostring.cpp
2026-10-10T04:22:24.3843757Z   exceptions.cpp
2026-10-10T04:22:24.3903895Z   time_zone_lookup.cc
2026-10-10T04:22:24.3910049Z   memory.cpp
2026-10-10T04:22:24.3916691Z   node_data.cpp
2026-10-10T04:22:31.5591545Z   nodebuilder.cpp
2026-10-10T04:22:31.5611674Z   node.cpp
2026-10-10T04:22:31.5749755Z   nodeevents.cpp
2026-10-10T04:22:31.7812377Z   mcp_http_metadata.cpp
2026-10-10T04:22:31.7854144Z   null.cpp
2026-10-10T04:22:31.7860978Z   ostream_wrapper.cpp
2026-10-10T04:22:31.7906909Z   parser.cpp
2026-10-10T04:22:31.7909303Z   parse.cpp
2026-10-10T04:22:31.7940698Z   regex_yaml.cpp
2026-10-10T04:22:31.7959358Z   scanner.cpp
2026-10-10T04:22:31.7967220Z   time_zone_posix.cc
2026-10-10T04:22:32.0561352Z   scanscalar.cpp
2026-10-10T04:22:32.5103225Z   scantag.cpp
2026-10-10T04:22:36.6203496Z   zone_info_source.cc
2026-10-10T04:22:36.7609244Z   scantoken.cpp
2026-10-10T04:22:36.7654370Z   simplekey.cpp
2026-10-10T04:22:36.9335755Z   stream.cpp
2026-10-10T04:22:36.9350978Z   singledocparser.cpp
2026-10-10T04:22:36.9359334Z   tag.cpp
2026-10-10T04:22:36.9366095Z   Building Custom Rule D:/a/xMind/xMind/xmind/Native/third_party/abseil-cpp/absl/strings/CMakeLists.txt
2026-10-10T04:22:36.9370805Z   Building Custom Rule D:/a/xMind/xMind/xmind/Native/third_party/abseil-cpp/absl/debugging/CMakeLists.txt
2026-10-10T04:22:36.9376638Z   Building Custom Rule D:/a/xMind/xMind/xmind/Native/third_party/abseil-cpp/absl/base/CMakeLists.txt
2026-10-10T04:22:36.9379584Z   time_zone_name_win.cc
2026-10-10T04:22:36.9383415Z   Compiling...
2026-10-10T04:22:36.9387153Z   Generating Code...
2026-10-10T04:22:36.9390915Z   mcp_http_stream.cpp
2026-10-10T04:22:36.9396091Z   depthguard.cpp
2026-10-10T04:22:37.0891494Z   binary.cpp
2026-10-10T04:22:37.0971944Z   directives.cpp
2026-10-10T04:22:37.0979732Z   convert.cpp
2026-10-10T04:22:40.0468399Z   address_is_readable.cc
2026-10-10T04:22:40.0561893Z   elf_mem_image.cc
2026-10-10T04:22:40.5057588Z   vdso_support.cc
2026-10-10T04:22:42.9836052Z   throw_delegate.cc
2026-10-10T04:22:43.5639702Z   Generating Code...
2026-10-10T04:22:48.9558546Z   absl_throw_delegate.vcxproj -> D:\a\xMind\xMind\xmind\build\native\third_party\abseil-cpp\absl\base\Release\absl_throw_delegate.lib
2026-10-10T04:22:59.2899024Z   absl_debugging_internal.vcxproj -> D:\a\xMind\xMind\xmind\build\native\third_party\abseil-cpp\absl\debugging\Release\absl_debugging_internal.lib
2026-10-10T04:22:59.2927587Z   absl_time_zone.vcxproj -> D:\a\xMind\xMind\xmind\build\native\third_party\abseil-cpp\absl\time\Release\absl_time_zone.lib
2026-10-10T04:22:59.2932441Z   cordz_functions.cc
2026-10-10T04:22:59.2939665Z   mcp_tool_codec.cpp
2026-10-10T04:22:59.2946500Z   emitterstate.cpp
2026-10-10T04:22:59.2953139Z   emit.cpp
2026-10-10T04:22:59.2958211Z   emitter.cpp
2026-10-10T04:22:59.2962233Z   Building Custom Rule D:/a/xMind/xMind/xmind/Native/third_party/abseil-cpp/absl/base/CMakeLists.txt
2026-10-10T04:22:59.2968577Z   emitfromevents.cpp
2026-10-10T04:22:59.2971800Z   emitterutils.cpp
2026-10-10T04:22:59.2989265Z   absl_cordz_functions.vcxproj -> D:\a\xMind\xMind\xmind\build\native\third_party\abseil-cpp\absl\strings\Release\absl_cordz_functions.lib
2026-10-10T04:22:59.3005188Z   exp.cpp
2026-10-10T04:22:59.3064275Z   exceptions.cpp
2026-10-10T04:22:59.3148497Z   fptostring.cpp
2026-10-10T04:22:59.3228760Z   Generating Code...
2026-10-10T04:22:59.3328010Z D:\a\xMind\xMind\xmind\Native\third_party\yaml-cpp\src\fptostring.cpp(234,47): warning C4267: 'argument': conversion from 'size_t' to 'int', possible loss of data [D:\a\xMind\xMind\xmind\build\native\third_party\yaml-cpp\yaml-cpp.vcxproj]
2026-10-10T04:22:59.3519802Z D:\a\xMind\xMind\xmind\Native\third_party\yaml-cpp\src\fptostring.cpp(238,47): warning C4267: 'argument': conversion from 'size_t' to 'int', possible loss of data [D:\a\xMind\xMind\xmind\build\native\third_party\yaml-cpp\yaml-cpp.vcxproj]
2026-10-10T04:22:59.3568597Z D:\a\xMind\xMind\xmind\Native\third_party\yaml-cpp\src\fptostring.cpp(195,36): warning C4267: 'initializing': conversion from 'size_t' to 'int', possible loss of data [D:\a\xMind\xMind\xmind\build\native\third_party\yaml-cpp\yaml-cpp.vcxproj]
2026-10-10T04:22:59.3609674Z       D:\a\xMind\xMind\xmind\Native\third_party\yaml-cpp\src\fptostring.cpp(195,36):
2026-10-10T04:22:59.3689139Z       the template instantiation context (the oldest one first) is
2026-10-10T04:22:59.4079466Z           D:\a\xMind\xMind\xmind\Native\third_party\yaml-cpp\src\fptostring.cpp(234,33):
2026-10-10T04:22:59.4560949Z           see reference to function template instantiation 'std::string YAML::detail::fp_formatting::FpToString<float>(T,int)' being compiled
2026-10-10T04:22:59.4737330Z           with
2026-10-10T04:22:59.4896663Z           [
2026-10-10T04:22:59.4956578Z               T=float
2026-10-10T04:22:59.5193213Z           ]
2026-10-10T04:22:59.5235808Z   
2026-10-10T04:22:59.5592632Z D:\a\xMind\xMind\xmind\Native\third_party\yaml-cpp\src\fptostring.cpp(195,36): warning C4267: 'initializing': conversion from 'size_t' to 'const int', possible loss of data [D:\a\xMind\xMind\xmind\build\native\third_party\yaml-cpp\yaml-cpp.vcxproj]
2026-10-10T04:22:59.5634637Z D:\a\xMind\xMind\xmind\Native\third_party\yaml-cpp\src\contrib\dragonbox.h(3008,29): warning C4267: '+=': conversion from 'size_t' to 'DecimalExponentType', possible loss of data [D:\a\xMind\xMind\xmind\build\native\third_party\yaml-cpp\yaml-cpp.vcxproj]
2026-10-10T04:22:59.5967152Z D:\a\xMind\xMind\xmind\Native\third_party\yaml-cpp\src\contrib\dragonbox.h(3008,29): warning C4267:         with [D:\a\xMind\xMind\xmind\build\native\third_party\yaml-cpp\yaml-cpp.vcxproj]
2026-10-10T04:22:59.6071661Z D:\a\xMind\xMind\xmind\Native\third_party\yaml-cpp\src\contrib\dragonbox.h(3008,29): warning C4267:         [ [D:\a\xMind\xMind\xmind\build\native\third_party\yaml-cpp\yaml-cpp.vcxproj]
2026-10-10T04:22:59.6412943Z D:\a\xMind\xMind\xmind\Native\third_party\yaml-cpp\src\contrib\dragonbox.h(3008,29): warning C4267:             DecimalExponentType=YAML::jkj::dragonbox::detail::impl<YAML::jkj::dragonbox::ieee754_binary_traits<YAML::jkj::dragonbox::ieee754_binary64,uint_least64_t,int>>::compute_nearest::decimal_exponent_type_ [D:\a\xMind\xMind\xmind\build\native\third_party\yaml-cpp\yaml-cpp.vcxproj]
2026-10-10T04:22:59.6494473Z D:\a\xMind\xMind\xmind\Native\third_party\yaml-cpp\src\contrib\dragonbox.h(3008,29): warning C4267:         ] [D:\a\xMind\xMind\xmind\build\native\third_party\yaml-cpp\yaml-cpp.vcxproj]
2026-10-10T04:22:59.6952199Z   (compiling source file '../../../../../../Native/third_party/yaml-cpp/src/fptostring.cpp')
2026-10-10T04:22:59.7326944Z       D:\a\xMind\xMind\xmind\Native\third_party\yaml-cpp\src\contrib\dragonbox.h(3008,29):
2026-10-10T04:22:59.7665417Z       the template instantiation context (the oldest one first) is
2026-10-10T04:22:59.8000273Z           D:\a\xMind\xMind\xmind\Native\third_party\yaml-cpp\src\fptostring.cpp(238,33):
2026-10-10T04:22:59.8330310Z           see reference to function template instantiation 'std::string YAML::detail::fp_formatting::FpToString<double>(T,int)' being compiled
2026-10-10T04:22:59.8669078Z           with
2026-10-10T04:22:59.9011228Z           [
2026-10-10T04:23:00.2183323Z               T=double
2026-10-10T04:23:00.2512296Z           ]
2026-10-10T04:23:00.2744615Z           D:\a\xMind\xMind\xmind\Native\third_party\yaml-cpp\src\fptostring.cpp(93,28):
2026-10-10T04:23:03.6085598Z           see reference to function template instantiation 'YAML::jkj::dragonbox::decimal_fp<unsigned __int64,int,true,false> YAML::jkj::dragonbox::to_decimal<T,YAML::jkj::dragonbox::default_float_bit_carrier_conversion_traits<Float>,YAML::jkj::dragonbox::ieee754_binary_traits<YAML::jkj::dragonbox::ieee754_binary64,uint_least64_t,int>,>(Float) noexcept' being compiled
2026-10-10T04:23:03.6590569Z           with
2026-10-10T04:23:03.7398554Z           [
2026-10-10T04:23:06.8110185Z               T=double,
2026-10-10T04:23:06.8138590Z               Float=double
2026-10-10T04:23:06.8157981Z           ]
2026-10-10T04:23:06.8162852Z           D:\a\xMind\xMind\xmind\Native\third_party\yaml-cpp\src\contrib\dragonbox.h(4163,20):
2026-10-10T04:23:06.8169369Z           see reference to function template instantiation 'YAML::jkj::dragonbox::decimal_fp<unsigned __int64,int,true,false> YAML::jkj::dragonbox::to_decimal_ex<FormatTraits,int,>(YAML::jkj::dragonbox::signed_significand_bits<FormatTraits>,ExponentBits) noexcept' being compiled
2026-10-10T04:23:06.8175398Z           with
2026-10-10T04:23:06.8179268Z           [
2026-10-10T04:23:06.8183706Z               FormatTraits=YAML::jkj::dragonbox::ieee754_binary_traits<YAML::jkj::dragonbox::ieee754_binary64,uint_least64_t,int>,
2026-10-10T04:23:06.8188132Z               ExponentBits=int
2026-10-10T04:23:06.8192354Z           ]
2026-10-10T04:23:06.8196719Z           D:\a\xMind\xMind\xmind\Native\third_party\yaml-cpp\src\contrib\dragonbox.h(4146,35):
2026-10-10T04:23:06.8205357Z           see reference to function template instantiation 'YAML::jkj::dragonbox::decimal_fp<unsigned __int64,int,true,false> YAML::jkj::dragonbox::policy::decimal_to_binary_rounding::nearest_to_even_t::delegate<YAML::jkj::dragonbox::signed_significand_bits<FormatTraits>,YAML::jkj::dragonbox::detail::to_decimal_dispatcher<FormatTraits,YAML::jkj::dragonbox::to_decimal_ex::policy_holder>,YAML::jkj::dragonbox::signed_significand_bits<FormatTraits>,ExponentBits>(SignedSignificandBits,Func,YAML::jkj::dragonbox::signed_significand_bits<FormatTraits>,ExponentBits) noexcept' being compiled
2026-10-10T04:23:06.8213209Z           with
2026-10-10T04:23:06.8216987Z           [
2026-10-10T04:23:06.8221565Z               FormatTraits=YAML::jkj::dragonbox::ieee754_binary_traits<YAML::jkj::dragonbox::ieee754_binary64,uint_least64_t,int>,
2026-10-10T04:23:06.8226153Z               ExponentBits=int,
2026-10-10T04:23:06.8230965Z               SignedSignificandBits=YAML::jkj::dragonbox::signed_significand_bits<YAML::jkj::dragonbox::ieee754_binary_traits<YAML::jkj::dragonbox::ieee754_binary64,uint_least64_t,int>>,
2026-10-10T04:23:06.8237465Z               Func=YAML::jkj::dragonbox::detail::to_decimal_dispatcher<YAML::jkj::dragonbox::ieee754_binary_traits<YAML::jkj::dragonbox::ieee754_binary64,uint_least64_t,int>,YAML::jkj::dragonbox::to_decimal_ex::policy_holder>
2026-10-10T04:23:06.8242522Z           ]
2026-10-10T04:23:06.8247927Z           D:\a\xMind\xMind\xmind\Native\third_party\yaml-cpp\src\contrib\dragonbox.h(2483,32):
2026-10-10T04:23:06.8254836Z           see reference to function template instantiation 'YAML::jkj::dragonbox::decimal_fp<unsigned __int64,int,true,false> YAML::jkj::dragonbox::detail::to_decimal_dispatcher<FormatTraits,YAML::jkj::dragonbox::to_decimal_ex::policy_holder>::operator ()<_Ty>(IntervalTypeProvider,YAML::jkj::dragonbox::signed_significand_bits<FormatTraits>,int) noexcept' being compiled
2026-10-10T04:23:06.8260660Z           with
2026-10-10T04:23:06.8264062Z           [
2026-10-10T04:23:06.8268335Z               FormatTraits=YAML::jkj::dragonbox::ieee754_binary_traits<YAML::jkj::dragonbox::ieee754_binary64,uint_least64_t,int>,
2026-10-10T04:23:06.8273490Z               _Ty=YAML::jkj::dragonbox::policy::decimal_to_binary_rounding::nearest_to_even_t,
2026-10-10T04:23:06.8278267Z               IntervalTypeProvider=YAML::jkj::dragonbox::policy::decimal_to_binary_rounding::nearest_to_even_t
2026-10-10T04:23:06.8282221Z           ]
2026-10-10T04:23:06.8285891Z           D:\a\xMind\xMind\xmind\Native\third_party\yaml-cpp\src\contrib\dragonbox.h(4108,61):
2026-10-10T04:23:06.8294893Z           see reference to function template instantiation 'YAML::jkj::dragonbox::decimal_fp<unsigned __int64,int,true,false> YAML::jkj::dragonbox::detail::impl<YAML::jkj::dragonbox::ieee754_binary_traits<YAML::jkj::dragonbox::ieee754_binary64,uint_least64_t,int>>::compute_nearest<YAML::jkj::dragonbox::policy::sign::return_sign_t,YAML::jkj::dragonbox::policy::trailing_zero::remove_t,_Ty,YAML::jkj::dragonbox::policy::binary_to_decimal_rounding::to_even_t,YAML::jkj::dragonbox::policy::cache::full_t,YAML::jkj::dragonbox::policy::preferred_integer_types::match_t>(YAML::jkj::dragonbox::signed_significand_bits<FormatTraits>,int) noexcept' being compiled
2026-10-10T04:23:06.8302873Z           with
2026-10-10T04:23:06.8306359Z           [
2026-10-10T04:23:06.8310979Z               _Ty=YAML::jkj::dragonbox::policy::decimal_to_binary_rounding::nearest_to_even_t,
2026-10-10T04:23:06.8315779Z               FormatTraits=YAML::jkj::dragonbox::ieee754_binary_traits<YAML::jkj::dragonbox::ieee754_binary64,uint_least64_t,int>
2026-10-10T04:23:06.8322519Z           ]
2026-10-10T04:23:06.8326905Z           D:\a\xMind\xMind\xmind\Native\third_party\yaml-cpp\src\contrib\dragonbox.h(3353,69):
2026-10-10T04:23:06.8336412Z           see reference to function template instantiation 'YAML::jkj::dragonbox::decimal_fp<unsigned __int64,YAML::jkj::dragonbox::detail::impl<YAML::jkj::dragonbox::ieee754_binary_traits<YAML::jkj::dragonbox::ieee754_binary64,uint_least64_t,int>>::compute_nearest::decimal_exponent_type_,false,false> YAML::jkj::dragonbox::policy::trailing_zero::remove_t::on_trailing_zeros<YAML::jkj::dragonbox::ieee754_binary64,unsigned __int64,YAML::jkj::dragonbox::detail::impl<YAML::jkj::dragonbox::ieee754_binary_traits<YAML::jkj::dragonbox::ieee754_binary64,uint_least64_t,int>>::compute_nearest::decimal_exponent_type_>(DecimalSignificand,DecimalExponentType) noexcept' being compiled
2026-10-10T04:23:06.8343857Z           with
2026-10-10T04:23:06.8346772Z           [
2026-10-10T04:23:06.8350212Z               DecimalSignificand=unsigned __int64,
2026-10-10T04:23:06.8356884Z               DecimalExponentType=YAML::jkj::dragonbox::detail::impl<YAML::jkj::dragonbox::ieee754_binary_traits<YAML::jkj::dragonbox::ieee754_binary64,uint_least64_t,int>>::compute_nearest::decimal_exponent_type_
2026-10-10T04:23:06.8361902Z           ]
2026-10-10T04:23:06.8365738Z           D:\a\xMind\xMind\xmind\Native\third_party\yaml-cpp\src\contrib\dragonbox.h(2379,51):
2026-10-10T04:23:06.8372775Z           see reference to class template instantiation 'YAML::jkj::dragonbox::remove_trailing_zeros_traits<YAML::jkj::dragonbox::policy::trailing_zero::remove_t,YAML::jkj::dragonbox::ieee754_binary64,unsigned __int64,YAML::jkj::dragonbox::detail::impl<YAML::jkj::dragonbox::ieee754_binary_traits<YAML::jkj::dragonbox::ieee754_binary64,uint_least64_t,int>>::compute_nearest::decimal_exponent_type_>' being compiled
2026-10-10T04:23:06.8379960Z           D:\a\xMind\xMind\xmind\Native\third_party\yaml-cpp\src\contrib\dragonbox.h(2978,13):
2026-10-10T04:23:06.8387187Z           while compiling class template member function 'void YAML::jkj::dragonbox::remove_trailing_zeros_traits<YAML::jkj::dragonbox::policy::trailing_zero::remove_t,YAML::jkj::dragonbox::ieee754_binary64,unsigned __int64,YAML::jkj::dragonbox::detail::impl<YAML::jkj::dragonbox::ieee754_binary_traits<YAML::jkj::dragonbox::ieee754_binary64,uint_least64_t,int>>::compute_nearest::decimal_exponent_type_>::remove_trailing_zeros(uint_least64_t &,DecimalExponentType &) noexcept'
2026-10-10T04:23:06.8393971Z           with
2026-10-10T04:23:06.8397359Z           [
2026-10-10T04:23:06.8402138Z               DecimalExponentType=YAML::jkj::dragonbox::detail::impl<YAML::jkj::dragonbox::ieee754_binary_traits<YAML::jkj::dragonbox::ieee754_binary64,uint_least64_t,int>>::compute_nearest::decimal_exponent_type_
2026-10-10T04:23:06.8407398Z           ]
2026-10-10T04:23:06.8411714Z               D:\a\xMind\xMind\xmind\Native\third_party\yaml-cpp\src\contrib\dragonbox.h(2379,72):
2026-10-10T04:23:06.8418599Z               see the first reference to 'YAML::jkj::dragonbox::remove_trailing_zeros_traits<YAML::jkj::dragonbox::policy::trailing_zero::remove_t,YAML::jkj::dragonbox::ieee754_binary64,unsigned __int64,YAML::jkj::dragonbox::detail::impl<YAML::jkj::dragonbox::ieee754_binary_traits<YAML::jkj::dragonbox::ieee754_binary64,uint_least64_t,int>>::compute_nearest::decimal_exponent_type_>::remove_trailing_zeros' in 'YAML::jkj::dragonbox::policy::trailing_zero::remove_t::on_trailing_zeros'
2026-10-10T04:23:06.8425389Z               D:\a\xMind\xMind\xmind\Native\third_party\yaml-cpp\src\contrib\dragonbox.h(3353,69):
2026-10-10T04:23:06.8431451Z               see the first reference to 'YAML::jkj::dragonbox::policy::trailing_zero::remove_t::on_trailing_zeros' in 'YAML::jkj::dragonbox::detail::impl<YAML::jkj::dragonbox::ieee754_binary_traits<YAML::jkj::dragonbox::ieee754_binary64,uint_least64_t,int>>::compute_nearest'
2026-10-10T04:23:06.8437076Z               D:\a\xMind\xMind\xmind\Native\third_party\yaml-cpp\src\contrib\dragonbox.h(4108,25):
2026-10-10T04:23:06.8443377Z               see the first reference to 'YAML::jkj::dragonbox::detail::impl<YAML::jkj::dragonbox::ieee754_binary_traits<YAML::jkj::dragonbox::ieee754_binary64,uint_least64_t,int>>::compute_nearest' in 'YAML::jkj::dragonbox::detail::to_decimal_dispatcher<FormatTraits,YAML::jkj::dragonbox::to_decimal_ex::policy_holder>::operator ()'
2026-10-10T04:23:06.8448691Z           with
2026-10-10T04:23:06.8452314Z           [
2026-10-10T04:23:06.8456339Z               FormatTraits=YAML::jkj::dragonbox::ieee754_binary_traits<YAML::jkj::dragonbox::ieee754_binary64,uint_least64_t,int>
2026-10-10T04:23:06.8460389Z           ]
2026-10-10T04:23:06.8464109Z               D:\a\xMind\xMind\xmind\Native\third_party\yaml-cpp\src\contrib\dragonbox.h(2483,25):
2026-10-10T04:23:06.8470340Z               see the first reference to 'YAML::jkj::dragonbox::detail::to_decimal_dispatcher<FormatTraits,YAML::jkj::dragonbox::to_decimal_ex::policy_holder>::operator ()' in 'YAML::jkj::dragonbox::policy::decimal_to_binary_rounding::nearest_to_even_t::delegate'
2026-10-10T04:23:06.8475282Z           with
2026-10-10T04:23:06.8478650Z           [
2026-10-10T04:23:06.8482726Z               FormatTraits=YAML::jkj::dragonbox::ieee754_binary_traits<YAML::jkj::dragonbox::ieee754_binary64,uint_least64_t,int>
2026-10-10T04:23:06.8486945Z           ]
2026-10-10T04:23:06.8490556Z               D:\a\xMind\xMind\xmind\Native\third_party\yaml-cpp\src\contrib\dragonbox.h(4146,35):
2026-10-10T04:23:06.8494871Z               see the first reference to 'YAML::jkj::dragonbox::policy::decimal_to_binary_rounding::nearest_to_even_t::delegate' in 'YAML::jkj::dragonbox::to_decimal_ex'
2026-10-10T04:23:06.8499649Z               D:\a\xMind\xMind\xmind\Native\third_party\yaml-cpp\src\contrib\dragonbox.h(4163,20):
2026-10-10T04:23:06.8504237Z               see the first reference to 'YAML::jkj::dragonbox::to_decimal_ex' in 'YAML::jkj::dragonbox::to_decimal'
2026-10-10T04:23:06.8790360Z               D:\a\xMind\xMind\xmind\Native\third_party\yaml-cpp\src\fptostring.cpp(93,28):
2026-10-10T04:23:06.9124058Z               see the first reference to 'YAML::jkj::dragonbox::to_decimal' in 'YAML::detail::fp_formatting::FpToString'
2026-10-10T04:23:06.9483686Z   
2026-10-10T04:23:06.9801095Z D:\a\xMind\xMind\xmind\Native\third_party\yaml-cpp\src\contrib\dragonbox.h(2970,29): warning C4267: '+=': conversion from 'size_t' to 'DecimalExponentType', possible loss of data [D:\a\xMind\xMind\xmind\build\native\third_party\yaml-cpp\yaml-cpp.vcxproj]
2026-10-10T04:23:06.9813333Z D:\a\xMind\xMind\xmind\Native\third_party\yaml-cpp\src\contrib\dragonbox.h(2970,29): warning C4267:         with [D:\a\xMind\xMind\xmind\build\native\third_party\yaml-cpp\yaml-cpp.vcxproj]
2026-10-10T04:23:06.9820284Z D:\a\xMind\xMind\xmind\Native\third_party\yaml-cpp\src\contrib\dragonbox.h(2970,29): warning C4267:         [ [D:\a\xMind\xMind\xmind\build\native\third_party\yaml-cpp\yaml-cpp.vcxproj]
2026-10-10T04:23:06.9831286Z D:\a\xMind\xMind\xmind\Native\third_party\yaml-cpp\src\contrib\dragonbox.h(2970,29): warning C4267:             DecimalExponentType=YAML::jkj::dragonbox::detail::impl<YAML::jkj::dragonbox::ieee754_binary_traits<YAML::jkj::dragonbox::ieee754_binary32,uint_least32_t,int>>::compute_nearest::decimal_exponent_type_ [D:\a\xMind\xMind\xmind\build\native\third_party\yaml-cpp\yaml-cpp.vcxproj]
2026-10-10T04:23:07.0173432Z D:\a\xMind\xMind\xmind\Native\third_party\yaml-cpp\src\contrib\dragonbox.h(2970,29): warning C4267:         ] [D:\a\xMind\xMind\xmind\build\native\third_party\yaml-cpp\yaml-cpp.vcxproj]
2026-10-10T04:23:07.0179304Z   (compiling source file '../../../../../../Native/third_party/yaml-cpp/src/fptostring.cpp')
2026-10-10T04:23:07.0183693Z       D:\a\xMind\xMind\xmind\Native\third_party\yaml-cpp\src\contrib\dragonbox.h(2970,29):
2026-10-10T04:23:07.0188388Z       the template instantiation context (the oldest one first) is
2026-10-10T04:23:07.0213340Z           D:\a\xMind\xMind\xmind\Native\third_party\yaml-cpp\src\fptostring.cpp(234,33):
2026-10-10T04:23:07.0218732Z           see reference to function template instantiation 'std::string YAML::detail::fp_formatting::FpToString<float>(T,int)' being compiled
2026-10-10T04:23:07.0223170Z           with
2026-10-10T04:23:07.0226767Z           [
2026-10-10T04:23:07.0230317Z               T=float
2026-10-10T04:23:07.0233973Z           ]
2026-10-10T04:23:07.0238093Z           D:\a\xMind\xMind\xmind\Native\third_party\yaml-cpp\src\fptostring.cpp(93,28):
2026-10-10T04:23:07.0245026Z           see reference to function template instantiation 'YAML::jkj::dragonbox::decimal_fp<unsigned int,int,true,false> YAML::jkj::dragonbox::to_decimal<T,YAML::jkj::dragonbox::default_float_bit_carrier_conversion_traits<Float>,YAML::jkj::dragonbox::ieee754_binary_traits<YAML::jkj::dragonbox::ieee754_binary32,uint_least32_t,int>,>(Float) noexcept' being compiled
2026-10-10T04:23:07.0250862Z           with
2026-10-10T04:23:07.0254632Z           [
2026-10-10T04:23:07.0278013Z               T=float,
2026-10-10T04:23:07.0281932Z               Float=float
2026-10-10T04:23:07.0285605Z           ]
2026-10-10T04:23:07.0289038Z           D:\a\xMind\xMind\xmind\Native\third_party\yaml-cpp\src\contrib\dragonbox.h(4163,20):
2026-10-10T04:23:07.0294623Z           see reference to function template instantiation 'YAML::jkj::dragonbox::decimal_fp<unsigned int,int,true,false> YAML::jkj::dragonbox::to_decimal_ex<FormatTraits,int,>(YAML::jkj::dragonbox::signed_significand_bits<FormatTraits>,ExponentBits) noexcept' being compiled
2026-10-10T04:23:07.0299511Z           with
2026-10-10T04:23:07.0302519Z           [
2026-10-10T04:23:07.0307163Z               FormatTraits=YAML::jkj::dragonbox::ieee754_binary_traits<YAML::jkj::dragonbox::ieee754_binary32,uint_least32_t,int>,
2026-10-10T04:23:07.0311507Z               ExponentBits=int
2026-10-10T04:23:07.0315020Z           ]
2026-10-10T04:23:07.0319213Z           D:\a\xMind\xMind\xmind\Native\third_party\yaml-cpp\src\contrib\dragonbox.h(4146,35):
2026-10-10T04:23:07.0348705Z           see reference to function template instantiation 'YAML::jkj::dragonbox::decimal_fp<unsigned int,int,true,false> YAML::jkj::dragonbox::policy::decimal_to_binary_rounding::nearest_to_even_t::delegate<YAML::jkj::dragonbox::signed_significand_bits<FormatTraits>,YAML::jkj::dragonbox::detail::to_decimal_dispatcher<FormatTraits,YAML::jkj::dragonbox::to_decimal_ex::policy_holder>,YAML::jkj::dragonbox::signed_significand_bits<FormatTraits>,ExponentBits>(SignedSignificandBits,Func,YAML::jkj::dragonbox::signed_significand_bits<FormatTraits>,ExponentBits) noexcept' being compiled
2026-10-10T04:23:07.0367784Z           with
2026-10-10T04:23:07.0371660Z           [
2026-10-10T04:23:07.0375980Z               FormatTraits=YAML::jkj::dragonbox::ieee754_binary_traits<YAML::jkj::dragonbox::ieee754_binary32,uint_least32_t,int>,
2026-10-10T04:23:07.0380223Z               ExponentBits=int,
2026-10-10T04:23:07.0384744Z               SignedSignificandBits=YAML::jkj::dragonbox::signed_significand_bits<YAML::jkj::dragonbox::ieee754_binary_traits<YAML::jkj::dragonbox::ieee754_binary32,uint_least32_t,int>>,
2026-10-10T04:23:07.0390526Z               Func=YAML::jkj::dragonbox::detail::to_decimal_dispatcher<YAML::jkj::dragonbox::ieee754_binary_traits<YAML::jkj::dragonbox::ieee754_binary32,uint_least32_t,int>,YAML::jkj::dragonbox::to_decimal_ex::policy_holder>
2026-10-10T04:23:07.0417250Z           ]
2026-10-10T04:23:07.0421502Z           D:\a\xMind\xMind\xmind\Native\third_party\yaml-cpp\src\contrib\dragonbox.h(2483,32):
2026-10-10T04:23:07.0427559Z           see reference to function template instantiation 'YAML::jkj::dragonbox::decimal_fp<unsigned int,int,true,false> YAML::jkj::dragonbox::detail::to_decimal_dispatcher<FormatTraits,YAML::jkj::dragonbox::to_decimal_ex::policy_holder>::operator ()<_Ty>(IntervalTypeProvider,YAML::jkj::dragonbox::signed_significand_bits<FormatTraits>,int) noexcept' being compiled
2026-10-10T04:23:07.0433437Z           with
2026-10-10T04:23:07.0437293Z           [
2026-10-10T04:23:07.0441246Z               FormatTraits=YAML::jkj::dragonbox::ieee754_binary_traits<YAML::jkj::dragonbox::ieee754_binary32,uint_least32_t,int>,
2026-10-10T04:23:07.0445848Z               _Ty=YAML::jkj::dragonbox::policy::decimal_to_binary_rounding::nearest_to_even_t,
2026-10-10T04:23:07.0449995Z               IntervalTypeProvider=YAML::jkj::dragonbox::policy::decimal_to_binary_rounding::nearest_to_even_t
2026-10-10T04:23:07.0454149Z           ]
2026-10-10T04:23:07.0457987Z           D:\a\xMind\xMind\xmind\Native\third_party\yaml-cpp\src\contrib\dragonbox.h(4108,61):
2026-10-10T04:23:07.0488290Z           see reference to function template instantiation 'YAML::jkj::dragonbox::decimal_fp<unsigned int,int,true,false> YAML::jkj::dragonbox::detail::impl<YAML::jkj::dragonbox::ieee754_binary_traits<YAML::jkj::dragonbox::ieee754_binary32,uint_least32_t,int>>::compute_nearest<YAML::jkj::dragonbox::policy::sign::return_sign_t,YAML::jkj::dragonbox::policy::trailing_zero::remove_t,_Ty,YAML::jkj::dragonbox::policy::binary_to_decimal_rounding::to_even_t,YAML::jkj::dragonbox::policy::cache::full_t,YAML::jkj::dragonbox::policy::preferred_integer_types::match_t>(YAML::jkj::dragonbox::signed_significand_bits<FormatTraits>,int) noexcept' being compiled
2026-10-10T04:23:07.0495692Z           with
2026-10-10T04:23:07.0499124Z           [
2026-10-10T04:23:07.0503178Z               _Ty=YAML::jkj::dragonbox::policy::decimal_to_binary_rounding::nearest_to_even_t,
2026-10-10T04:23:07.0507534Z               FormatTraits=YAML::jkj::dragonbox::ieee754_binary_traits<YAML::jkj::dragonbox::ieee754_binary32,uint_least32_t,int>
2026-10-10T04:23:07.0511538Z           ]
2026-10-10T04:23:07.0515104Z           D:\a\xMind\xMind\xmind\Native\third_party\yaml-cpp\src\contrib\dragonbox.h(3353,69):
2026-10-10T04:23:07.0524368Z           see reference to function template instantiation 'YAML::jkj::dragonbox::decimal_fp<unsigned int,YAML::jkj::dragonbox::detail::impl<YAML::jkj::dragonbox::ieee754_binary_traits<YAML::jkj::dragonbox::ieee754_binary32,uint_least32_t,int>>::compute_nearest::decimal_exponent_type_,false,false> YAML::jkj::dragonbox::policy::trailing_zero::remove_t::on_trailing_zeros<YAML::jkj::dragonbox::ieee754_binary32,unsigned int,YAML::jkj::dragonbox::detail::impl<YAML::jkj::dragonbox::ieee754_binary_traits<YAML::jkj::dragonbox::ieee754_binary32,uint_least32_t,int>>::compute_nearest::decimal_exponent_type_>(DecimalSignificand,DecimalExponentType) noexcept' being compiled
2026-10-10T04:23:07.0532772Z           with
2026-10-10T04:23:07.0555537Z           [
2026-10-10T04:23:07.0558886Z               DecimalSignificand=unsigned int,
2026-10-10T04:23:07.0563601Z               DecimalExponentType=YAML::jkj::dragonbox::detail::impl<YAML::jkj::dragonbox::ieee754_binary_traits<YAML::jkj::dragonbox::ieee754_binary32,uint_least32_t,int>>::compute_nearest::decimal_exponent_type_
2026-10-10T04:23:07.0568077Z           ]
2026-10-10T04:23:07.0571531Z           D:\a\xMind\xMind\xmind\Native\third_party\yaml-cpp\src\contrib\dragonbox.h(2379,51):
2026-10-10T04:23:07.0578572Z           see reference to class template instantiation 'YAML::jkj::dragonbox::remove_trailing_zeros_traits<YAML::jkj::dragonbox::policy::trailing_zero::remove_t,YAML::jkj::dragonbox::ieee754_binary32,unsigned int,YAML::jkj::dragonbox::detail::impl<YAML::jkj::dragonbox::ieee754_binary_traits<YAML::jkj::dragonbox::ieee754_binary32,uint_least32_t,int>>::compute_nearest::decimal_exponent_type_>' being compiled
2026-10-10T04:23:07.0585136Z           D:\a\xMind\xMind\xmind\Native\third_party\yaml-cpp\src\contrib\dragonbox.h(2946,13):
2026-10-10T04:23:07.0592434Z           while compiling class template member function 'void YAML::jkj::dragonbox::remove_trailing_zeros_traits<YAML::jkj::dragonbox::policy::trailing_zero::remove_t,YAML::jkj::dragonbox::ieee754_binary32,unsigned int,YAML::jkj::dragonbox::detail::impl<YAML::jkj::dragonbox::ieee754_binary_traits<YAML::jkj::dragonbox::ieee754_binary32,uint_least32_t,int>>::compute_nearest::decimal_exponent_type_>::remove_trailing_zeros(uint_least32_t &,DecimalExponentType &) noexcept'
2026-10-10T04:23:07.0597989Z           with
2026-10-10T04:23:07.0601252Z           [
2026-10-10T04:23:07.0625354Z               DecimalExponentType=YAML::jkj::dragonbox::detail::impl<YAML::jkj::dragonbox::ieee754_binary_traits<YAML::jkj::dragonbox::ieee754_binary32,uint_least32_t,int>>::compute_nearest::decimal_exponent_type_
2026-10-10T04:23:07.0629750Z           ]
2026-10-10T04:23:07.0633413Z               D:\a\xMind\xMind\xmind\Native\third_party\yaml-cpp\src\contrib\dragonbox.h(2379,72):
2026-10-10T04:23:07.0640848Z               see the first reference to 'YAML::jkj::dragonbox::remove_trailing_zeros_traits<YAML::jkj::dragonbox::policy::trailing_zero::remove_t,YAML::jkj::dragonbox::ieee754_binary32,unsigned int,YAML::jkj::dragonbox::detail::impl<YAML::jkj::dragonbox::ieee754_binary_traits<YAML::jkj::dragonbox::ieee754_binary32,uint_least32_t,int>>::compute_nearest::decimal_exponent_type_>::remove_trailing_zeros' in 'YAML::jkj::dragonbox::policy::trailing_zero::remove_t::on_trailing_zeros'
2026-10-10T04:23:07.0647452Z               D:\a\xMind\xMind\xmind\Native\third_party\yaml-cpp\src\contrib\dragonbox.h(3353,69):
2026-10-10T04:23:07.0652548Z               see the first reference to 'YAML::jkj::dragonbox::policy::trailing_zero::remove_t::on_trailing_zeros' in 'YAML::jkj::dragonbox::detail::impl<YAML::jkj::dragonbox::ieee754_binary_traits<YAML::jkj::dragonbox::ieee754_binary32,uint_least32_t,int>>::compute_nearest'
2026-10-10T04:23:07.0657759Z               D:\a\xMind\xMind\xmind\Native\third_party\yaml-cpp\src\contrib\dragonbox.h(4108,25):
2026-10-10T04:23:07.0664445Z               see the first reference to 'YAML::jkj::dragonbox::detail::impl<YAML::jkj::dragonbox::ieee754_binary_traits<YAML::jkj::dragonbox::ieee754_binary32,uint_least32_t,int>>::compute_nearest' in 'YAML::jkj::dragonbox::detail::to_decimal_dispatcher<FormatTraits,YAML::jkj::dragonbox::to_decimal_ex::policy_holder>::operator ()'
2026-10-10T04:23:07.0669616Z           with
2026-10-10T04:23:07.0694447Z           [
2026-10-10T04:23:07.0698356Z               FormatTraits=YAML::jkj::dragonbox::ieee754_binary_traits<YAML::jkj::dragonbox::ieee754_binary32,uint_least32_t,int>
2026-10-10T04:23:07.0702240Z           ]
2026-10-10T04:23:07.0705795Z               D:\a\xMind\xMind\xmind\Native\third_party\yaml-cpp\src\contrib\dragonbox.h(2483,25):
2026-10-10T04:23:07.0711240Z               see the first reference to 'YAML::jkj::dragonbox::detail::to_decimal_dispatcher<FormatTraits,YAML::jkj::dragonbox::to_decimal_ex::policy_holder>::operator ()' in 'YAML::jkj::dragonbox::policy::decimal_to_binary_rounding::nearest_to_even_t::delegate'
2026-10-10T04:23:07.0715528Z           with
2026-10-10T04:23:07.0718242Z           [
2026-10-10T04:23:07.0721684Z               FormatTraits=YAML::jkj::dragonbox::ieee754_binary_traits<YAML::jkj::dragonbox::ieee754_binary32,uint_least32_t,int>
2026-10-10T04:23:07.0725620Z           ]
2026-10-10T04:23:07.0729341Z               D:\a\xMind\xMind\xmind\Native\third_party\yaml-cpp\src\contrib\dragonbox.h(4146,35):
2026-10-10T04:23:07.0734339Z               see the first reference to 'YAML::jkj::dragonbox::policy::decimal_to_binary_rounding::nearest_to_even_t::delegate' in 'YAML::jkj::dragonbox::to_decimal_ex'
2026-10-10T04:23:07.0738726Z               D:\a\xMind\xMind\xmind\Native\third_party\yaml-cpp\src\contrib\dragonbox.h(4163,20):
2026-10-10T04:23:07.0764329Z               see the first reference to 'YAML::jkj::dragonbox::to_decimal_ex' in 'YAML::jkj::dragonbox::to_decimal'
2026-10-10T04:23:07.0768989Z               D:\a\xMind\xMind\xmind\Native\third_party\yaml-cpp\src\fptostring.cpp(93,28):
2026-10-10T04:23:07.0773664Z               see the first reference to 'YAML::jkj::dragonbox::to_decimal' in 'YAML::detail::fp_formatting::FpToString'
2026-10-10T04:23:07.0805994Z   
2026-10-10T04:23:07.0808751Z   memory.cpp
2026-10-10T04:23:07.0842138Z   nodebuilder.cpp
2026-10-10T04:23:07.0845780Z   node.cpp
2026-10-10T04:23:07.0849675Z   casts.cc
2026-10-10T04:23:07.0852525Z   node_data.cpp
2026-10-10T04:23:07.0855777Z   nodeevents.cpp
2026-10-10T04:23:07.0859092Z   parse.cpp
2026-10-10T04:23:07.0862338Z   ostream_wrapper.cpp
2026-10-10T04:23:07.0865590Z   null.cpp
2026-10-10T04:23:07.0869086Z   parser.cpp
2026-10-10T04:23:07.0872225Z   regex_yaml.cpp
2026-10-10T04:23:07.0875251Z   scanner.cpp
2026-10-10T04:23:07.0899291Z   scantag.cpp
2026-10-10T04:23:07.0901902Z   scanscalar.cpp
2026-10-10T04:23:07.0925071Z   scantoken.cpp
2026-10-10T04:23:07.0929998Z   simplekey.cpp
2026-10-10T04:23:07.0934447Z   singledocparser.cpp
2026-10-10T04:23:07.0939460Z   stream.cpp
2026-10-10T04:23:07.1012033Z   agentflow_mcp_wire.vcxproj -> D:\a\xMind\xMind\xmind\build\native\Release\agentflow_mcp_wire.lib
2026-10-10T04:23:07.4497093Z   model_request.cpp
2026-10-10T04:23:07.5500312Z   tag.cpp
2026-10-10T04:23:08.2494861Z   cycleclock.cc
2026-10-10T04:23:09.2866347Z   yaml-cpp.vcxproj -> D:\a\xMind\xMind\xmind\build\native\third_party\yaml-cpp\Release\yaml-cpp.lib
2026-10-10T04:23:11.1240087Z   spinlock.cc
2026-10-10T04:23:12.7634010Z   sysinfo.cc
2026-10-10T04:23:12.9940038Z   responses_stream.cpp
2026-10-10T04:23:14.6655389Z   thread_identity.cc
2026-10-10T04:23:16.2042479Z   unscaledcycleclock.cc
2026-10-10T04:23:16.4433181Z   Generating Code...
2026-10-10T04:23:16.8583819Z   absl_base.vcxproj -> D:\a\xMind\xMind\xmind\build\native\third_party\abseil-cpp\absl\base\Release\absl_base.lib
2026-10-10T04:23:17.0700807Z   Building Custom Rule D:/a/xMind/xMind/xmind/Native/third_party/abseil-cpp/absl/base/CMakeLists.txt
2026-10-10T04:23:17.1356627Z   Building Custom Rule D:/a/xMind/xMind/xmind/Native/third_party/abseil-cpp/absl/base/CMakeLists.txt
2026-10-10T04:23:17.1801110Z   Building Custom Rule D:/a/xMind/xMind/xmind/Native/third_party/abseil-cpp/absl/base/CMakeLists.txt
2026-10-10T04:23:17.4244338Z   Building Custom Rule D:/a/xMind/xMind/xmind/Native/third_party/abseil-cpp/absl/hash/CMakeLists.txt
2026-10-10T04:23:17.4795105Z   tracing.cc
2026-10-10T04:23:17.5934321Z   city.cc
2026-10-10T04:23:17.7337316Z   absl_tracing_internal.vcxproj -> D:\a\xMind\xMind\xmind\build\native\third_party\abseil-cpp\absl\base\Release\absl_tracing_internal.lib
2026-10-10T04:23:17.8227488Z   low_level_alloc.cc
2026-10-10T04:23:19.2617797Z   absl_city.vcxproj -> D:\a\xMind\xMind\xmind\build\native\third_party\abseil-cpp\absl\hash\Release\absl_city.lib
2026-10-10T04:23:19.4091911Z   cpu_detect.cc
2026-10-10T04:23:23.1372415Z   Building Custom Rule D:/a/xMind/xMind/xmind/Native/third_party/abseil-cpp/absl/log/CMakeLists.txt
2026-10-10T04:23:23.1714694Z   absl_malloc_internal.vcxproj -> D:\a\xMind\xMind\xmind\build\native\third_party\abseil-cpp\absl\base\Release\absl_malloc_internal.lib
2026-10-10T04:23:26.5548444Z   conditions.cc
2026-10-10T04:23:26.6489223Z   Building Custom Rule D:/a/xMind/xMind/xmind/Native/third_party/abseil-cpp/absl/numeric/CMakeLists.txt
2026-10-10T04:23:26.7493346Z   int128.cc
2026-10-10T04:23:26.8569704Z   absl_log_internal_conditions.vcxproj -> D:\a\xMind\xMind\xmind\build\native\third_party\abseil-cpp\absl\log\Release\absl_log_internal_conditions.lib
2026-10-10T04:23:26.8772448Z   Building Custom Rule D:/a/xMind/xMind/xmind/Native/third_party/abseil-cpp/absl/synchronization/CMakeLists.txt
2026-10-10T04:23:26.8835582Z   Building Custom Rule D:/a/xMind/xMind/xmind/Native/third_party/abseil-cpp/absl/debugging/CMakeLists.txt
2026-10-10T04:23:26.8846388Z   absl_base_cpu_detect.vcxproj -> D:\a\xMind\xMind\xmind\build\native\third_party\abseil-cpp\absl\base\Release\absl_base_cpu_detect.lib
2026-10-10T04:23:26.8881073Z   graphcycles.cc
2026-10-10T04:23:26.8897898Z   Building Custom Rule D:/a/xMind/xMind/xmind/Native/third_party/abseil-cpp/absl/debugging/CMakeLists.txt
2026-10-10T04:23:26.9610267Z   Building Custom Rule D:/a/xMind/xMind/xmind/Native/third_party/abseil-cpp/absl/strings/CMakeLists.txt
2026-10-10T04:23:26.9817105Z   Building Custom Rule D:/a/xMind/xMind/xmind/Native/third_party/abseil-cpp/absl/crc/CMakeLists.txt
2026-10-10T04:23:27.1166846Z   absl_int128.vcxproj -> D:\a\xMind\xMind\xmind\build\native\third_party\abseil-cpp\absl\numeric\Release\absl_int128.lib
2026-10-10T04:23:27.1376946Z   stacktrace.cc
2026-10-10T04:23:27.1881726Z   ostringstream.cc
2026-10-10T04:23:27.1979743Z   absl_stacktrace.vcxproj -> D:\a\xMind\xMind\xmind\build\native\third_party\abseil-cpp\absl\debugging\Release\absl_stacktrace.lib
2026-10-10T04:23:27.3754218Z   crc.cc
2026-10-10T04:23:27.4432833Z   utf8.cc
2026-10-10T04:23:27.5109109Z   escaping.cc
2026-10-10T04:23:27.6296955Z   decode_rust_punycode.cc
2026-10-10T04:23:27.6979910Z   crc_x86_arm_combined.cc
2026-10-10T04:23:27.7321376Z   absl_graphcycles_internal.vcxproj -> D:\a\xMind\xMind\xmind\build\native\third_party\abseil-cpp\absl\synchronization\Release\absl_graphcycles_internal.lib
2026-10-10T04:23:27.8213748Z   absl_decode_rust_punycode.vcxproj -> D:\a\xMind\xMind\xmind\build\native\third_party\abseil-cpp\absl\debugging\Release\absl_decode_rust_punycode.lib
2026-10-10T04:23:27.9125389Z   Building Custom Rule D:/a/xMind/xMind/xmind/Native/third_party/abseil-cpp/absl/debugging/CMakeLists.txt
2026-10-10T04:23:27.9584537Z   Generating Code...
2026-10-10T04:23:28.0454524Z   demangle_rust.cc
2026-10-10T04:23:28.1956317Z   absl_strings_internal.vcxproj -> D:\a\xMind\xMind\xmind\build\native\third_party\abseil-cpp\absl\strings\Release\absl_strings_internal.lib
2026-10-10T04:23:28.2283688Z   absl_demangle_rust.vcxproj -> D:\a\xMind\xMind\xmind\build\native\third_party\abseil-cpp\absl\debugging\Release\absl_demangle_rust.lib
2026-10-10T04:23:28.2951904Z   Generating Code...
2026-10-10T04:23:28.8508909Z   Building Custom Rule D:/a/xMind/xMind/xmind/Native/third_party/abseil-cpp/absl/debugging/CMakeLists.txt
2026-10-10T04:23:28.9182673Z   Building Custom Rule D:/a/xMind/xMind/xmind/Native/third_party/abseil-cpp/absl/strings/CMakeLists.txt
2026-10-10T04:23:29.4308072Z   demangle.cc
2026-10-10T04:23:29.5312886Z   absl_crc_internal.vcxproj -> D:\a\xMind\xMind\xmind\build\native\third_party\abseil-cpp\absl\crc\Release\absl_crc_internal.lib
2026-10-10T04:23:29.6120471Z   ascii.cc
2026-10-10T04:23:29.6647143Z   responses_request.cpp
2026-10-10T04:23:29.7105060Z   charconv.cc
2026-10-10T04:23:29.8152555Z   absl_demangle_internal.vcxproj -> D:\a\xMind\xMind\xmind\build\native\third_party\abseil-cpp\absl\debugging\Release\absl_demangle_internal.lib
2026-10-10T04:23:30.6125590Z   escaping.cc
2026-10-10T04:23:32.5496670Z   charconv_bigint.cc
2026-10-10T04:23:33.8128280Z   responses_context.cpp
2026-10-10T04:23:33.8751458Z   charconv_parse.cc
2026-10-10T04:23:34.8024992Z   damerau_levenshtein_distance.cc
2026-10-10T04:23:35.5156083Z   memutil.cc
2026-10-10T04:23:36.3937505Z   stringify_sink.cc
2026-10-10T04:23:37.3699935Z   match.cc
2026-10-10T04:23:38.3291994Z   anthropic_request.cpp
2026-10-10T04:23:38.6097254Z   numbers.cc
2026-10-10T04:23:39.9279345Z   str_cat.cc
2026-10-10T04:23:41.2651177Z   str_replace.cc
2026-10-10T04:23:41.9445542Z   anthropic_stream.cpp
2026-10-10T04:23:42.3840585Z   str_split.cc
2026-10-10T04:23:43.7303819Z   substitute.cc
2026-10-10T04:23:45.3059007Z   Generating Code...
2026-10-10T04:23:47.5909984Z   absl_strings.vcxproj -> D:\a\xMind\xMind\xmind\build\native\third_party\abseil-cpp\absl\strings\Release\absl_strings.lib
2026-10-10T04:23:48.0174808Z   Building Custom Rule D:/a/xMind/xMind/xmind/Native/third_party/abseil-cpp/absl/hash/CMakeLists.txt
2026-10-10T04:23:48.0233021Z   Building Custom Rule D:/a/xMind/xMind/xmind/Native/third_party/abseil-cpp/absl/debugging/CMakeLists.txt
2026-10-10T04:23:48.0406588Z   Building Custom Rule D:/a/xMind/xMind/xmind/Native/third_party/abseil-cpp/absl/flags/CMakeLists.txt
2026-10-10T04:23:48.0412453Z   Building Custom Rule D:/a/xMind/xMind/xmind/Native/third_party/abseil-cpp/absl/strings/CMakeLists.txt
2026-10-10T04:23:48.9145465Z   Building Custom Rule D:/a/xMind/xMind/xmind/Native/third_party/abseil-cpp/absl/time/CMakeLists.txt
2026-10-10T04:23:48.9679660Z   Building Custom Rule D:/a/xMind/xMind/xmind/Native/third_party/abseil-cpp/absl/log/CMakeLists.txt
2026-10-10T04:23:50.0761141Z   hash.cc
2026-10-10T04:23:51.1449693Z   arg.cc
2026-10-10T04:23:51.3738347Z   proto.cc
2026-10-10T04:23:51.4406020Z   symbolize.cc
2026-10-10T04:23:51.5100894Z   anthropic_history.cpp
2026-10-10T04:23:51.5777787Z   bind.cc
2026-10-10T04:23:51.6510283Z   commandlineflag.cc
2026-10-10T04:23:51.7266749Z   Building Custom Rule D:/a/xMind/xMind/xmind/Native/third_party/abseil-cpp/absl/log/CMakeLists.txt
2026-10-10T04:23:51.7472700Z   absl_symbolize.vcxproj -> D:\a\xMind\xMind\xmind\build\native\third_party\abseil-cpp\absl\debugging\Release\absl_symbolize.lib
2026-10-10T04:23:51.8972772Z   absl_flags_commandlineflag.vcxproj -> D:\a\xMind\xMind\xmind\build\native\third_party\abseil-cpp\absl\flags\Release\absl_flags_commandlineflag.lib
2026-10-10T04:23:52.0651457Z   absl_log_internal_proto.vcxproj -> D:\a\xMind\xMind\xmind\build\native\third_party\abseil-cpp\absl\log\Release\absl_log_internal_proto.lib
2026-10-10T04:23:52.5395202Z   Building Custom Rule D:/a/xMind/xMind/xmind/Native/third_party/abseil-cpp/absl/debugging/CMakeLists.txt
2026-10-10T04:23:52.6088872Z   Building Custom Rule D:/a/xMind/xMind/xmind/Native/third_party/abseil-cpp/absl/flags/CMakeLists.txt
2026-10-10T04:23:52.6775993Z   civil_time.cc
2026-10-10T04:23:52.9961649Z   private_handle_accessor.cc
2026-10-10T04:23:53.7728493Z   extension.cc
2026-10-10T04:23:54.8172845Z   absl_hash.vcxproj -> D:\a\xMind\xMind\xmind\build\native\third_party\abseil-cpp\absl\hash\Release\absl_hash.lib
2026-10-10T04:23:54.9050166Z   Building Custom Rule D:/a/xMind/xMind/xmind/Native/third_party/abseil-cpp/absl/log/CMakeLists.txt
2026-10-10T04:23:55.1503081Z   examine_stack.cc
2026-10-10T04:23:55.1899862Z   absl_flags_private_handle_accessor.vcxproj -> D:\a\xMind\xMind\xmind\build\native\third_party\abseil-cpp\absl\flags\Release\absl_flags_private_handle_accessor.lib
2026-10-10T04:23:55.3341677Z   float_conversion.cc
2026-10-10T04:23:55.4102982Z   structured_proto.cc
2026-10-10T04:23:55.5394168Z   fnmatch.cc
2026-10-10T04:23:56.2346138Z   absl_log_internal_structured_proto.vcxproj -> D:\a\xMind\xMind\xmind\build\native\third_party\abseil-cpp\absl\log\Release\absl_log_internal_structured_proto.lib
2026-10-10T04:23:56.5864894Z   absl_log_internal_fnmatch.vcxproj -> D:\a\xMind\xMind\xmind\build\native\third_party\abseil-cpp\absl\log\Release\absl_log_internal_fnmatch.lib
2026-10-10T04:23:56.5890466Z   absl_examine_stack.vcxproj -> D:\a\xMind\xMind\xmind\build\native\third_party\abseil-cpp\absl\debugging\Release\absl_examine_stack.lib
2026-10-10T04:23:56.6074435Z   clock.cc
2026-10-10T04:23:56.7440761Z   output.cc
2026-10-10T04:23:57.8565198Z   parser.cc
2026-10-10T04:23:58.6663242Z   duration.cc
2026-10-10T04:23:59.6069456Z   Generating Code...
2026-10-10T04:23:59.8450586Z   gemini_request.cpp
2026-10-10T04:24:01.5452606Z   absl_str_format_internal.vcxproj -> D:\a\xMind\xMind\xmind\build\native\third_party\abseil-cpp\absl\strings\Release\absl_str_format_internal.lib
2026-10-10T04:24:01.6451887Z   Building Custom Rule D:/a/xMind/xMind/xmind/Native/third_party/abseil-cpp/absl/flags/CMakeLists.txt
2026-10-10T04:24:01.7933328Z   marshalling.cc
2026-10-10T04:24:01.7939140Z   Building Custom Rule D:/a/xMind/xMind/xmind/Native/third_party/abseil-cpp/absl/crc/CMakeLists.txt
2026-10-10T04:24:01.9302817Z   crc32c.cc
2026-10-10T04:24:02.5510834Z   format.cc
2026-10-10T04:24:04.2779256Z   crc_memcpy_fallback.cc
2026-10-10T04:24:05.1135913Z   absl_flags_marshalling.vcxproj -> D:\a\xMind\xMind\xmind\build\native\third_party\abseil-cpp\absl\flags\Release\absl_flags_marshalling.lib
2026-10-10T04:24:05.4401349Z   time.cc
2026-10-10T04:24:06.3541129Z   crc_memcpy_x86_arm_combined.cc
2026-10-10T04:24:06.6794869Z   gemini_stream.cpp
2026-10-10T04:24:08.0162240Z   Generating Code...
2026-10-10T04:24:08.2095552Z   crc_non_temporal_memcpy.cc
2026-10-10T04:24:09.3184263Z   absl_time.vcxproj -> D:\a\xMind\xMind\xmind\build\native\third_party\abseil-cpp\absl\time\Release\absl_time.lib
2026-10-10T04:24:09.4372412Z   Building Custom Rule D:/a/xMind/xMind/xmind/Native/third_party/abseil-cpp/absl/synchronization/CMakeLists.txt
2026-10-10T04:24:09.4604283Z   Building Custom Rule D:/a/xMind/xMind/xmind/Native/third_party/abseil-cpp/absl/log/CMakeLists.txt
2026-10-10T04:24:12.8716068Z   log_entry.cc
2026-10-10T04:24:13.1377223Z   Building Custom Rule D:/a/xMind/xMind/xmind/Native/third_party/abseil-cpp/absl/log/CMakeLists.txt
2026-10-10T04:24:13.1506104Z   Generating Code...
2026-10-10T04:24:13.1850605Z   kernel_timeout.cc
2026-10-10T04:24:13.1865897Z   globals.cc
2026-10-10T04:24:13.1887274Z   absl_crc32c.vcxproj -> D:\a\xMind\xMind\xmind\build\native\third_party\abseil-cpp\absl\crc\Release\absl_crc32c.lib
2026-10-10T04:24:13.1909842Z   Building Custom Rule D:/a/xMind/xMind/xmind/Native/third_party/abseil-cpp/absl/crc/CMakeLists.txt
2026-10-10T04:24:14.1155362Z   absl_kernel_timeout_internal.vcxproj -> D:\a\xMind\xMind\xmind\build\native\third_party\abseil-cpp\absl\synchronization\Release\absl_kernel_timeout_internal.lib
2026-10-10T04:24:14.1655927Z   crc_cord_state.cc
2026-10-10T04:24:17.9435369Z   Building Custom Rule D:/a/xMind/xMind/xmind/Native/third_party/abseil-cpp/absl/synchronization/CMakeLists.txt
2026-10-10T04:24:17.9683486Z   absl_log_internal_globals.vcxproj -> D:\a\xMind\xMind\xmind\build\native\third_party\abseil-cpp\absl\log\Release\absl_log_internal_globals.lib
2026-10-10T04:24:18.0018248Z   Building Custom Rule D:/a/xMind/xMind/xmind/Native/third_party/abseil-cpp/absl/log/CMakeLists.txt
2026-10-10T04:24:18.0522489Z   absl_log_entry.vcxproj -> D:\a\xMind\xMind\xmind\build\native\third_party\abseil-cpp\absl\log\Release\absl_log_entry.lib
2026-10-10T04:24:18.1062136Z   barrier.cc
2026-10-10T04:24:18.1667704Z   absl_crc_cord_state.vcxproj -> D:\a\xMind\xMind\xmind\build\native\third_party\abseil-cpp\absl\crc\Release\absl_crc_cord_state.lib
2026-10-10T04:24:18.1722854Z   Building Custom Rule D:/a/xMind/xMind/xmind/Native/third_party/abseil-cpp/absl/log/CMakeLists.txt
2026-10-10T04:24:18.1727762Z   log_format.cc
2026-10-10T04:24:18.1731095Z   log_sink.cc
2026-10-10T04:24:18.1734955Z   Building Custom Rule D:/a/xMind/xMind/xmind/Native/third_party/abseil-cpp/absl/strings/CMakeLists.txt
2026-10-10T04:24:18.1738969Z   blocking_counter.cc
2026-10-10T04:24:18.1742682Z   cord_internal.cc
2026-10-10T04:24:18.1746799Z   absl_log_internal_format.vcxproj -> D:\a\xMind\xMind\xmind\build\native\third_party\abseil-cpp\absl\log\Release\absl_log_internal_format.lib
2026-10-10T04:24:18.1750696Z   absl_log_sink.vcxproj -> D:\a\xMind\xMind\xmind\build\native\third_party\abseil-cpp\absl\log\Release\absl_log_sink.lib
2026-10-10T04:24:18.8374233Z   cord_rep_btree.cc
2026-10-10T04:24:19.7531286Z   create_thread_identity.cc
2026-10-10T04:24:20.9563996Z   gemini_history.cpp
2026-10-10T04:24:22.2649764Z   futex_waiter.cc
2026-10-10T04:24:22.3440397Z   cord_rep_btree_navigator.cc
2026-10-10T04:24:24.7685336Z   per_thread_sem.cc
2026-10-10T04:24:25.6313857Z   cord_rep_btree_reader.cc
2026-10-10T04:24:26.0360953Z   gemini_model_policy.cpp
2026-10-10T04:24:27.1926558Z   pthread_waiter.cc
2026-10-10T04:24:27.2006836Z   sem_waiter.cc
2026-10-10T04:24:27.2253709Z   stdcpp_waiter.cc
2026-10-10T04:24:28.7148074Z   deepseek_request.cpp
2026-10-10T04:24:28.8269765Z   cord_rep_crc.cc
2026-10-10T04:24:29.9205278Z   waiter_base.cc
2026-10-10T04:24:32.3945629Z   cord_rep_consume.cc
2026-10-10T04:24:32.4741284Z   win32_waiter.cc
2026-10-10T04:24:33.1579282Z   deepseek_model_policy.cpp
2026-10-10T04:24:35.0356252Z   notification.cc
2026-10-10T04:24:35.5851707Z   Generating Code...
2026-10-10T04:24:35.8033917Z   provider_model_policy.cpp
2026-10-10T04:24:36.5349830Z   absl_cord_internal.vcxproj -> D:\a\xMind\xMind\xmind\build\native\third_party\abseil-cpp\absl\strings\Release\absl_cord_internal.lib
2026-10-10T04:24:37.7182287Z   mutex.cc
2026-10-10T04:24:38.2829729Z   Generating Code...
2026-10-10T04:24:40.9870504Z   Generating Code...
2026-10-10T04:24:41.9443265Z   absl_synchronization.vcxproj -> D:\a\xMind\xMind\xmind\build\native\third_party\abseil-cpp\absl\synchronization\Release\absl_synchronization.lib
2026-10-10T04:24:42.1129716Z   Building Custom Rule D:/a/xMind/xMind/xmind/Native/third_party/abseil-cpp/absl/flags/CMakeLists.txt
2026-10-10T04:24:42.1180544Z   Building Custom Rule D:/a/xMind/xMind/xmind/Native/third_party/abseil-cpp/absl/log/CMakeLists.txt
2026-10-10T04:24:42.2103379Z   Building Custom Rule D:/a/xMind/xMind/xmind/Native/third_party/abseil-cpp/absl/container/CMakeLists.txt
2026-10-10T04:24:42.3037276Z   Building Custom Rule D:/a/xMind/xMind/xmind/Native/third_party/abseil-cpp/absl/strings/CMakeLists.txt
2026-10-10T04:24:46.0234524Z   vlog_config.cc
2026-10-10T04:24:46.1048447Z   cordz_handle.cc
2026-10-10T04:24:46.1065008Z   hashtablez_sampler.cc
2026-10-10T04:24:46.1066619Z   hashtablez_sampler_force_weak_definition.cc
2026-10-10T04:24:46.1141011Z   program_name.cc
2026-10-10T04:24:46.1804398Z   absl_cordz_handle.vcxproj -> D:\a\xMind\xMind\xmind\build\native\third_party\abseil-cpp\absl\strings\Release\absl_cordz_handle.lib
2026-10-10T04:24:46.6319883Z   absl_flags_program_name.vcxproj -> D:\a\xMind\xMind\xmind\build\native\third_party\abseil-cpp\absl\flags\Release\absl_flags_program_name.lib
2026-10-10T04:24:46.9682330Z   Building Custom Rule D:/a/xMind/xMind/xmind/Native/third_party/abseil-cpp/absl/flags/CMakeLists.txt
2026-10-10T04:24:46.9945760Z   absl_vlog_config_internal.vcxproj -> D:\a\xMind\xMind\xmind\build\native\third_party\abseil-cpp\absl\log\Release\absl_vlog_config_internal.lib
2026-10-10T04:24:46.9952364Z   Building Custom Rule D:/a/xMind/xMind/xmind/Native/third_party/abseil-cpp/absl/strings/CMakeLists.txt
2026-10-10T04:24:47.1803793Z   usage_config.cc
2026-10-10T04:24:47.4376849Z   cordz_info.cc
2026-10-10T04:24:48.7844424Z   Building Custom Rule D:/a/xMind/xMind/xmind/Native/third_party/abseil-cpp/absl/log/CMakeLists.txt
2026-10-10T04:24:49.6218222Z   Generating Code...
2026-10-10T04:24:52.2373194Z   globals.cc
2026-10-10T04:24:52.5765019Z   absl_hashtablez_sampler.vcxproj -> D:\a\xMind\xMind\xmind\build\native\third_party\abseil-cpp\absl\container\Release\absl_hashtablez_sampler.lib
2026-10-10T04:24:52.7757197Z   absl_flags_config.vcxproj -> D:\a\xMind\xMind\xmind\build\native\third_party\abseil-cpp\absl\flags\Release\absl_flags_config.lib
2026-10-10T04:24:53.0257793Z   absl_cordz_info.vcxproj -> D:\a\xMind\xMind\xmind\build\native\third_party\abseil-cpp\absl\strings\Release\absl_cordz_info.lib
2026-10-10T04:24:53.1057925Z   Building Custom Rule D:/a/xMind/xMind/xmind/Native/third_party/abseil-cpp/absl/flags/CMakeLists.txt
2026-10-10T04:24:53.1287344Z   Building Custom Rule D:/a/xMind/xMind/xmind/Native/third_party/abseil-cpp/absl/strings/CMakeLists.txt
2026-10-10T04:24:53.3203723Z   cord.cc
2026-10-10T04:24:53.4193064Z   flag.cc
2026-10-10T04:24:57.3066231Z   absl_flags_internal.vcxproj -> D:\a\xMind\xMind\xmind\build\native\third_party\abseil-cpp\absl\flags\Release\absl_flags_internal.lib
2026-10-10T04:24:58.0763327Z   cord_analysis.cc
2026-10-10T04:25:00.4746035Z   absl_log_globals.vcxproj -> D:\a\xMind\xMind\xmind\build\native\third_party\abseil-cpp\absl\log\Release\absl_log_globals.lib
2026-10-10T04:25:00.5685683Z   Building Custom Rule D:/a/xMind/xMind/xmind/Native/third_party/abseil-cpp/absl/log/CMakeLists.txt
2026-10-10T04:25:00.7076930Z   log_sink_set.cc
2026-10-10T04:25:02.2231195Z   Generating Code...
2026-10-10T04:25:03.3907242Z   absl_cord.vcxproj -> D:\a\xMind\xMind\xmind\build\native\third_party\abseil-cpp\absl\strings\Release\absl_cord.lib
2026-10-10T04:25:04.9147857Z   absl_log_internal_log_sink_set.vcxproj -> D:\a\xMind\xMind\xmind\build\native\third_party\abseil-cpp\absl\log\Release\absl_log_internal_log_sink_set.lib
2026-10-10T04:25:05.0192330Z   Building Custom Rule D:/a/xMind/xMind/xmind/Native/third_party/abseil-cpp/absl/container/CMakeLists.txt
2026-10-10T04:25:05.0341914Z   Building Custom Rule D:/a/xMind/xMind/xmind/Native/third_party/abseil-cpp/absl/log/CMakeLists.txt
2026-10-10T04:25:05.2711825Z   log_message.cc
2026-10-10T04:25:05.3466060Z   raw_hash_set.cc
2026-10-10T04:25:09.1091778Z   absl_log_internal_message.vcxproj -> D:\a\xMind\xMind\xmind\build\native\third_party\abseil-cpp\absl\log\Release\absl_log_internal_message.lib
2026-10-10T04:25:09.2999144Z   Building Custom Rule D:/a/xMind/xMind/xmind/Native/third_party/abseil-cpp/absl/log/CMakeLists.txt
2026-10-10T04:25:10.2964193Z   absl_raw_hash_set.vcxproj -> D:\a\xMind\xMind\xmind\build\native\third_party\abseil-cpp\absl\container\Release\absl_raw_hash_set.lib
2026-10-10T04:25:10.3909430Z   check_op.cc
2026-10-10T04:25:10.4643904Z   Building Custom Rule D:/a/xMind/xMind/xmind/Native/third_party/abseil-cpp/absl/flags/CMakeLists.txt
2026-10-10T04:25:10.7871388Z   reflection.cc
2026-10-10T04:25:16.0686619Z   absl_log_internal_check_op.vcxproj -> D:\a\xMind\xMind\xmind\build\native\third_party\abseil-cpp\absl\log\Release\absl_log_internal_check_op.lib
2026-10-10T04:25:16.2491184Z   absl_flags_reflection.vcxproj -> D:\a\xMind\xMind\xmind\build\native\third_party\abseil-cpp\absl\flags\Release\absl_flags_reflection.lib
2026-10-10T04:25:16.4051401Z   Building Custom Rule D:/a/xMind/xMind/xmind/Native/third_party/re2/CMakeLists.txt
2026-10-10T04:25:16.5813317Z   bitmap256.cc
2026-10-10T04:25:19.6901783Z   bitstate.cc
2026-10-10T04:25:23.0684345Z   compile.cc
2026-10-10T04:25:27.4907858Z   dfa.cc
2026-10-10T04:25:32.2857770Z   filtered_re2.cc
2026-10-10T04:25:36.7405036Z   mimics_pcre.cc
2026-10-10T04:25:39.8033789Z   nfa.cc
2026-10-10T04:25:39.8141868Z   agentflow_models.vcxproj -> D:\a\xMind\xMind\xmind\build\native\Release\agentflow_models.lib
2026-10-10T04:25:39.8832281Z   Building Custom Rule D:/a/xMind/xMind/xmind/Native/CMakeLists.txt
2026-10-10T04:25:40.0061627Z   backend_lease.cpp
2026-10-10T04:25:41.9089436Z D:\a\xMind\xMind\xmind\Native\src\backend_lease.cpp(21,72): warning C4996: 'std::filesystem::u8path': warning STL4021: The std::filesystem::u8path() overloads are deprecated in C++20. The constructors of std::filesystem::path provide equivalent functionality via construction from u8string, u8string_view, or iterators with value_type char8_t. You can define _SILENCE_CXX20_U8PATH_DEPRECATION_WARNING or _SILENCE_ALL_CXX20_DEPRECATION_WARNINGS to suppress this warning. [D:\a\xMind\xMind\xmind\build\native\agentflow_core.vcxproj]
2026-10-10T04:25:42.4843564Z   onepass.cc
2026-10-10T04:25:42.5701880Z   xlang_sqlite.cpp
2026-10-10T04:25:43.6110593Z C:\Program Files\Microsoft Visual Studio\18\Enterprise\VC\Tools\MSVC\14.51.36231\include\memory(3997,10): warning C4996: 'std::atomic_store_explicit': warning STL4029: std::atomic_*() overloads for shared_ptr are deprecated in C++20. The shared_ptr specialization of std::atomic provides superior functionality. You can define _SILENCE_CXX20_OLD_SHARED_PTR_ATOMIC_SUPPORT_DEPRECATION_WARNING or _SILENCE_ALL_CXX20_DEPRECATION_WARNINGS to suppress this warning. [D:\a\xMind\xMind\xmind\build\native\agentflow_core.vcxproj]
2026-10-10T04:25:43.6114144Z   (compiling source file '../../Native/src/xlang_sqlite.cpp')
2026-10-10T04:25:43.6115220Z       C:\Program Files\Microsoft Visual Studio\18\Enterprise\VC\Tools\MSVC\14.51.36231\include\memory(3997,10):
2026-10-10T04:25:43.6117073Z       the template instantiation context (the oldest one first) is
2026-10-10T04:25:43.6117750Z           D:\a\xMind\xMind\xlang3\sdk\xlang3\cpp\package.h(49,23):
2026-10-10T04:25:43.6119688Z           see reference to function template instantiation 'void std::atomic_store<X::detail::InstanceEvents>(std::shared_ptr<X::detail::InstanceEvents> *,std::shared_ptr<X::detail::InstanceEvents>)' being compiled
2026-10-10T04:25:43.6121577Z   
2026-10-10T04:25:43.8970321Z   repository.cpp
2026-10-10T04:25:45.1216660Z   parse.cc
2026-10-10T04:25:47.6139623Z   perl_groups.cc
2026-10-10T04:25:47.6321359Z   prefilter.cc
2026-10-10T04:25:48.3153783Z D:\a\xMind\xMind\xmind\Native\src\repository.cpp(2038,176): warning C4457: declaration of 'owner' hides function parameter [D:\a\xMind\xMind\xmind\build\native\agentflow_core.vcxproj]
2026-10-10T04:25:48.3155347Z       D:\a\xMind\xMind\xmind\Native\src\repository.cpp(2025,65):
2026-10-10T04:25:48.3156196Z       see declaration of 'owner'
2026-10-10T04:25:48.3156551Z   
2026-10-10T04:25:50.2460586Z   prefilter_tree.cc
2026-10-10T04:25:51.2522564Z   legacy_owner.cpp
2026-10-10T04:25:53.6683400Z   prog.cc
2026-10-10T04:25:55.2202980Z   persistence_service.cpp
2026-10-10T04:25:56.3966866Z   re2.cc
2026-10-10T04:25:59.1397205Z   regexp.cc
2026-10-10T04:26:01.4489430Z   graph.cpp
2026-10-10T04:26:02.6700026Z   set.cc
2026-10-10T04:26:05.1232047Z   simplify.cc
2026-10-10T04:26:05.7540349Z   dynamic_plan.cpp
2026-10-10T04:26:07.5032888Z   tostring.cc
2026-10-10T04:26:10.0280750Z   unicode_casefold.cc
2026-10-10T04:26:10.0405096Z   unicode_groups.cc
2026-10-10T04:26:10.0652934Z   Generating Code...
2026-10-10T04:26:10.2333332Z   context_digest.cpp
2026-10-10T04:26:11.9166662Z   context_selection.cpp
2026-10-10T04:26:13.3321018Z   Generating Code...
2026-10-10T04:26:24.1716069Z   Compiling...
2026-10-10T04:26:24.1717377Z   rune.cc
2026-10-10T04:26:24.1718659Z   strutil.cc
2026-10-10T04:26:24.5879860Z   Generating Code...
2026-10-10T04:26:25.0713526Z   re2.vcxproj -> D:\a\xMind\xMind\xmind\build\native\third_party\re2\Release\re2.lib
2026-10-10T04:26:25.2091165Z   Building Custom Rule D:/a/xMind/xMind/xmind/Native/CMakeLists.txt
2026-10-10T04:26:25.3844035Z   workspace_tools.cpp
2026-10-10T04:26:41.2683917Z   windows_workspace.cpp
2026-10-10T04:26:41.2734860Z   path_glob.cpp
2026-10-10T04:26:44.6012069Z   path_ignore.cpp
2026-10-10T04:26:53.1712816Z   search_pattern.cpp
2026-10-10T04:26:53.1722630Z   repository_instruction_context.cpp
2026-10-10T04:27:02.8312187Z   skill_context.cpp
2026-10-10T04:27:09.7792592Z   Generating Code...
2026-10-10T04:27:10.1763732Z   agentflow_core.vcxproj -> D:\a\xMind\xMind\xmind\build\native\Release\agentflow_core.lib
2026-10-10T04:27:13.6044964Z   Building Custom Rule D:/a/xMind/xMind/xmind/Native/CMakeLists.txt
2026-10-10T04:27:13.6651546Z   permission_waiter.cpp
2026-10-10T04:27:18.7593018Z   agentflow_policy.vcxproj -> D:\a\xMind\xMind\xmind\build\native\Release\agentflow_policy.lib
2026-10-10T04:27:22.0859945Z   agentflow_workspace.vcxproj -> D:\a\xMind\xMind\xmind\build\native\Release\agentflow_workspace.lib
2026-10-10T04:27:22.2233994Z   Building Custom Rule D:/a/xMind/xMind/xmind/Native/CMakeLists.txt
2026-10-10T04:27:22.3741442Z   process_executor.cpp
2026-10-10T04:27:30.4364353Z   agentflow_process_effects.vcxproj -> D:\a\xMind\xMind\xmind\build\native\Release\agentflow_process_effects.lib
2026-10-10T04:27:30.5465892Z   Building Custom Rule D:/a/xMind/xMind/xmind/Native/CMakeLists.txt
2026-10-10T04:27:30.6711510Z   process_executor_contract.cpp
2026-10-10T04:27:42.4867661Z   agentflow_process_executor_contract.vcxproj -> D:\a\xMind\xMind\xmind\build\native\Release\agentflow_process_executor_contract.exe
2026-10-10T04:27:42.7096944Z MSBuild version 18.10.1-1.26427.6+3cd27c13e for .NET Framework
2026-10-10T04:27:42.7472289Z 
2026-10-10T04:27:42.9612537Z   Checking File Globs
2026-10-10T04:27:46.0211458Z   Building Custom Rule D:/a/xMind/xMind/xmind/Native/CMakeLists.txt
2026-10-10T04:27:46.1869792Z   Scanning sources for module dependencies...
2026-10-10T04:27:46.1874120Z   agentflow_process.vcxproj -> D:\a\xMind\xMind\xmind\build\native\Release\agentflow_process.lib
2026-10-10T04:27:46.2180698Z   absl_civil_time.vcxproj -> D:\a\xMind\xMind\xmind\build\native\third_party\abseil-cpp\absl\time\Release\absl_civil_time.lib
2026-10-10T04:27:46.2234484Z   absl_log_severity.vcxproj -> D:\a\xMind\xMind\xmind\build\native\third_party\abseil-cpp\absl\base\Release\absl_log_severity.lib
2026-10-10T04:27:46.2244629Z   absl_hardening.vcxproj -> D:\a\xMind\xMind\xmind\build\native\third_party\abseil-cpp\absl\base\Release\absl_hardening.lib
2026-10-10T04:27:46.2861855Z   yaml-cpp.vcxproj -> D:\a\xMind\xMind\xmind\build\native\third_party\yaml-cpp\Release\yaml-cpp.lib
2026-10-10T04:27:46.3264116Z   absl_source_location.vcxproj -> D:\a\xMind\xMind\xmind\build\native\third_party\abseil-cpp\absl\types\Release\absl_source_location.lib
2026-10-10T04:27:46.3274285Z   absl_spinlock_wait.vcxproj -> D:\a\xMind\xMind\xmind\build\native\third_party\abseil-cpp\absl\base\Release\absl_spinlock_wait.lib
2026-10-10T04:27:46.3560878Z   agentflow_file_patch.vcxproj -> D:\a\xMind\xMind\xmind\build\native\Release\agentflow_file_patch.lib
2026-10-10T04:27:46.4257113Z   absl_leak_check.vcxproj -> D:\a\xMind\xMind\xmind\build\native\third_party\abseil-cpp\absl\debugging\Release\absl_leak_check.lib
2026-10-10T04:27:46.4259628Z   absl_flags_commandlineflag_internal.vcxproj -> D:\a\xMind\xMind\xmind\build\native\third_party\abseil-cpp\absl\flags\Release\absl_flags_commandlineflag_internal.lib
2026-10-10T04:27:46.4756823Z   agentflow_secrets.vcxproj -> D:\a\xMind\xMind\xmind\build\native\Release\agentflow_secrets.lib
2026-10-10T04:27:46.4820170Z   absl_exponential_biased.vcxproj -> D:\a\xMind\xMind\xmind\build\native\third_party\abseil-cpp\absl\profiling\Release\absl_exponential_biased.lib
2026-10-10T04:27:46.5437959Z   absl_utf8_for_code_point.vcxproj -> D:\a\xMind\xMind\xmind\build\native\third_party\abseil-cpp\absl\debugging\Release\absl_utf8_for_code_point.lib
2026-10-10T04:27:46.5755748Z   owner_process.cpp
2026-10-10T04:27:46.6147307Z   absl_time_zone.vcxproj -> D:\a\xMind\xMind\xmind\build\native\third_party\abseil-cpp\absl\time\Release\absl_time_zone.lib
2026-10-10T04:27:46.6591339Z   absl_log_internal_nullguard.vcxproj -> D:\a\xMind\xMind\xmind\build\native\third_party\abseil-cpp\absl\log\Release\absl_log_internal_nullguard.lib
2026-10-10T04:27:46.7120309Z   absl_strerror.vcxproj -> D:\a\xMind\xMind\xmind\build\native\third_party\abseil-cpp\absl\base\Release\absl_strerror.lib
2026-10-10T04:27:46.7756517Z   agentflow_mcp_wire.vcxproj -> D:\a\xMind\xMind\xmind\build\native\Release\agentflow_mcp_wire.lib
2026-10-10T04:27:46.8586983Z   agentflow_models.vcxproj -> D:\a\xMind\xMind\xmind\build\native\Release\agentflow_models.lib
2026-10-10T04:27:47.7803974Z   Building Custom Rule D:/a/xMind/xMind/xmind/Native/CMakeLists.txt
2026-10-10T04:27:47.8387256Z   Building Custom Rule D:/a/xMind/xMind/xmind/Native/CMakeLists.txt
2026-10-10T04:27:48.1285623Z   Building Custom Rule D:/a/xMind/xMind/xmind/Native/CMakeLists.txt
2026-10-10T04:27:48.8261818Z   json_schema.cpp
2026-10-10T04:27:48.8287451Z   absl_raw_logging_internal.vcxproj -> D:\a\xMind\xMind\xmind\build\native\third_party\abseil-cpp\absl\base\Release\absl_raw_logging_internal.lib
2026-10-10T04:27:48.8296455Z   absl_debugging_internal.vcxproj -> D:\a\xMind\xMind\xmind\build\native\third_party\abseil-cpp\absl\debugging\Release\absl_debugging_internal.lib
2026-10-10T04:27:48.8298463Z   windows_mcp_stdio.cpp
2026-10-10T04:27:48.9078237Z   absl_cordz_functions.vcxproj -> D:\a\xMind\xMind\xmind\build\native\third_party\abseil-cpp\absl\strings\Release\absl_cordz_functions.lib
2026-10-10T04:27:48.9504521Z   absl_throw_delegate.vcxproj -> D:\a\xMind\xMind\xmind\build\native\third_party\abseil-cpp\absl\base\Release\absl_throw_delegate.lib
2026-10-10T04:27:48.9554874Z   agentflow_owner_process.vcxproj -> D:\a\xMind\xMind\xmind\build\native\Release\agentflow_owner_process.lib
2026-10-10T04:27:48.9557177Z   winhttp_stream_transport.cpp
2026-10-10T04:27:49.2341559Z   absl_base.vcxproj -> D:\a\xMind\xMind\xmind\build\native\third_party\abseil-cpp\absl\base\Release\absl_base.lib
2026-10-10T04:27:52.3327947Z   absl_log_internal_conditions.vcxproj -> D:\a\xMind\xMind\xmind\build\native\third_party\abseil-cpp\absl\log\Release\absl_log_internal_conditions.lib
2026-10-10T04:27:52.3344579Z   absl_malloc_internal.vcxproj -> D:\a\xMind\xMind\xmind\build\native\third_party\abseil-cpp\absl\base\Release\absl_malloc_internal.lib
2026-10-10T04:27:52.3510094Z   absl_int128.vcxproj -> D:\a\xMind\xMind\xmind\build\native\third_party\abseil-cpp\absl\numeric\Release\absl_int128.lib
2026-10-10T04:27:52.5110570Z   absl_city.vcxproj -> D:\a\xMind\xMind\xmind\build\native\third_party\abseil-cpp\absl\hash\Release\absl_city.lib
2026-10-10T04:27:58.0408422Z   agentflow_core.vcxproj -> D:\a\xMind\xMind\xmind\build\native\Release\agentflow_core.lib
2026-10-10T04:28:02.7905077Z   absl_tracing_internal.vcxproj -> D:\a\xMind\xMind\xmind\build\native\third_party\abseil-cpp\absl\base\Release\absl_tracing_internal.lib
2026-10-10T04:28:07.5396218Z   Building Custom Rule D:/a/xMind/xMind/xmind/Native/CMakeLists.txt
2026-10-10T04:28:12.2902704Z   Building Custom Rule D:/a/xMind/xMind/xmind/Native/CMakeLists.txt
2026-10-10T04:28:19.4162814Z   Building Custom Rule D:/a/xMind/xMind/xmind/Native/CMakeLists.txt
2026-10-10T04:28:23.9602808Z   agent_instructions.cpp
2026-10-10T04:28:24.1112675Z   mcp_client.cpp
2026-10-10T04:28:24.2298461Z   absl_base_cpu_detect.vcxproj -> D:\a\xMind\xMind\xmind\build\native\third_party\abseil-cpp\absl\base\Release\absl_base_cpu_detect.lib
2026-10-10T04:28:24.2922773Z   Generating Code...
2026-10-10T04:28:24.3284290Z   agentflow_instruction_configuration.vcxproj -> D:\a\xMind\xMind\xmind\build\native\Release\agentflow_instruction_configuration.lib
2026-10-10T04:28:24.3604351Z   a2a_task_control.cpp
2026-10-10T04:28:24.4518441Z   agentflow_mcp_stdio.vcxproj -> D:\a\xMind\xMind\xmind\build\native\Release\agentflow_mcp_stdio.lib
2026-10-10T04:28:24.5041363Z   agentflow_provider_transport.vcxproj -> D:\a\xMind\xMind\xmind\build\native\Release\agentflow_provider_transport.lib
2026-10-10T04:28:24.6814405Z   graph_catalog.cpp
2026-10-10T04:28:33.6653749Z   agentflow_policy.vcxproj -> D:\a\xMind\xMind\xmind\build\native\Release\agentflow_policy.lib
2026-10-10T04:28:48.2677409Z   Building Custom Rule D:/a/xMind/xMind/xmind/Native/CMakeLists.txt
2026-10-10T04:28:53.6004834Z   Building Custom Rule D:/a/xMind/xMind/xmind/Native/CMakeLists.txt
2026-10-10T04:28:53.6166714Z   view_sessions.cpp
2026-10-10T04:28:53.6208798Z   absl_graphcycles_internal.vcxproj -> D:\a\xMind\xMind\xmind\build\native\third_party\abseil-cpp\absl\synchronization\Release\absl_graphcycles_internal.lib
2026-10-10T04:28:53.6932342Z   Building Custom Rule D:/a/xMind/xMind/xmind/Native/CMakeLists.txt
2026-10-10T04:28:53.7260397Z   Building Custom Rule D:/a/xMind/xMind/xmind/Native/CMakeLists.txt
2026-10-10T04:28:53.7473343Z   Building Custom Rule D:/a/xMind/xMind/xmind/Native/CMakeLists.txt
2026-10-10T04:28:53.7793064Z   chat_provider.cpp
2026-10-10T04:28:53.9222544Z   gemini_provider.cpp
2026-10-10T04:28:53.9500333Z   legacy_owner_process.cpp
2026-10-10T04:28:53.9852021Z   agentflow_json_schema.vcxproj -> D:\a\xMind\xMind\xmind\build\native\Release\agentflow_json_schema.lib
2026-10-10T04:28:53.9879469Z   mcp_http_client.cpp
2026-10-10T04:28:53.9894875Z   Building Custom Rule D:/a/xMind/xMind/xmind/Native/CMakeLists.txt
2026-10-10T04:28:54.1344594Z   mcp_configuration.cpp
2026-10-10T04:28:54.1360734Z   agentflow_view_sessions.vcxproj -> D:\a\xMind\xMind\xmind\build\native\Release\agentflow_view_sessions.lib
2026-10-10T04:28:54.1370554Z   responses_context_transport.cpp
2026-10-10T04:28:54.1377206Z   Generating Code...
2026-10-10T04:28:54.1383727Z   mcp_oauth.cpp
2026-10-10T04:28:54.1410731Z   agentflow_legacy_owner_process.vcxproj -> D:\a\xMind\xMind\xmind\build\native\Release\agentflow_legacy_owner_process.lib
2026-10-10T04:28:54.1549226Z   Generating Code...
2026-10-10T04:28:54.1557162Z   agentflow_graph.vcxproj -> D:\a\xMind\xMind\xmind\build\native\Release\agentflow_graph.lib
2026-10-10T04:28:54.1563012Z   agentflow_chat_provider.vcxproj -> D:\a\xMind\xMind\xmind\build\native\Release\agentflow_chat_provider.lib
2026-10-10T04:28:54.1568971Z   Building Custom Rule D:/a/xMind/xMind/xmind/Native/CMakeLists.txt
2026-10-10T04:28:54.1574150Z   absl_crc_internal.vcxproj -> D:\a\xMind\xMind\xmind\build\native\third_party\abseil-cpp\absl\crc\Release\absl_crc_internal.lib
2026-10-10T04:28:54.1579549Z   agentflow_a2a.vcxproj -> D:\a\xMind\xMind\xmind\build\native\Release\agentflow_a2a.lib
2026-10-10T04:28:54.1584177Z   schema_worker_main.cpp
2026-10-10T04:28:54.1604964Z   agentflow_mcp_configuration.vcxproj -> D:\a\xMind\xMind\xmind\build\native\Release\agentflow_mcp_configuration.lib
2026-10-10T04:28:54.3417743Z   absl_decode_rust_punycode.vcxproj -> D:\a\xMind\xMind\xmind\build\native\third_party\abseil-cpp\absl\debugging\Release\absl_decode_rust_punycode.lib
2026-10-10T04:28:54.3613063Z   runtime_generation.cpp
2026-10-10T04:28:54.3708147Z   absl_stacktrace.vcxproj -> D:\a\xMind\xMind\xmind\build\native\third_party\abseil-cpp\absl\debugging\Release\absl_stacktrace.lib
2026-10-10T04:28:57.0549812Z   absl_strings_internal.vcxproj -> D:\a\xMind\xMind\xmind\build\native\third_party\abseil-cpp\absl\strings\Release\absl_strings_internal.lib
2026-10-10T04:28:57.0655201Z   absl_demangle_rust.vcxproj -> D:\a\xMind\xMind\xmind\build\native\third_party\abseil-cpp\absl\debugging\Release\absl_demangle_rust.lib
2026-10-10T04:28:57.3679928Z   absl_demangle_internal.vcxproj -> D:\a\xMind\xMind\xmind\build\native\third_party\abseil-cpp\absl\debugging\Release\absl_demangle_internal.lib
2026-10-10T04:28:57.4310818Z   absl_strings.vcxproj -> D:\a\xMind\xMind\xmind\build\native\third_party\abseil-cpp\absl\strings\Release\absl_strings.lib
2026-10-10T04:28:57.8584087Z   absl_log_internal_proto.vcxproj -> D:\a\xMind\xMind\xmind\build\native\third_party\abseil-cpp\absl\log\Release\absl_log_internal_proto.lib
2026-10-10T04:28:57.8904301Z   absl_symbolize.vcxproj -> D:\a\xMind\xMind\xmind\build\native\third_party\abseil-cpp\absl\debugging\Release\absl_symbolize.lib
2026-10-10T04:28:57.9117553Z   absl_flags_commandlineflag.vcxproj -> D:\a\xMind\xMind\xmind\build\native\third_party\abseil-cpp\absl\flags\Release\absl_flags_commandlineflag.lib
2026-10-10T04:28:57.9189899Z   absl_log_internal_fnmatch.vcxproj -> D:\a\xMind\xMind\xmind\build\native\third_party\abseil-cpp\absl\log\Release\absl_log_internal_fnmatch.lib
2026-10-10T04:28:57.9811275Z   absl_str_format_internal.vcxproj -> D:\a\xMind\xMind\xmind\build\native\third_party\abseil-cpp\absl\strings\Release\absl_str_format_internal.lib
2026-10-10T04:28:57.9865152Z   absl_log_internal_structured_proto.vcxproj -> D:\a\xMind\xMind\xmind\build\native\third_party\abseil-cpp\absl\log\Release\absl_log_internal_structured_proto.lib
2026-10-10T04:28:57.9968671Z   agentflow_mcp_http.vcxproj -> D:\a\xMind\xMind\xmind\build\native\Release\agentflow_mcp_http.lib
2026-10-10T04:28:58.0005338Z   absl_hash.vcxproj -> D:\a\xMind\xMind\xmind\build\native\third_party\abseil-cpp\absl\hash\Release\absl_hash.lib
2026-10-10T04:28:58.1113889Z   absl_examine_stack.vcxproj -> D:\a\xMind\xMind\xmind\build\native\third_party\abseil-cpp\absl\debugging\Release\absl_examine_stack.lib
2026-10-10T04:28:58.1315834Z   Building Custom Rule D:/a/xMind/xMind/xmind/Native/CMakeLists.txt
2026-10-10T04:28:58.4353673Z   absl_flags_marshalling.vcxproj -> D:\a\xMind\xMind\xmind\build\native\third_party\abseil-cpp\absl\flags\Release\absl_flags_marshalling.lib
2026-10-10T04:28:58.5038079Z   absl_time.vcxproj -> D:\a\xMind\xMind\xmind\build\native\third_party\abseil-cpp\absl\time\Release\absl_time.lib
2026-10-10T04:28:58.5047996Z   absl_flags_private_handle_accessor.vcxproj -> D:\a\xMind\xMind\xmind\build\native\third_party\abseil-cpp\absl\flags\Release\absl_flags_private_handle_accessor.lib
2026-10-10T04:28:58.5255136Z   mcp_client_factory.cpp
2026-10-10T04:28:58.5259633Z   absl_log_entry.vcxproj -> D:\a\xMind\xMind\xmind\build\native\third_party\abseil-cpp\absl\log\Release\absl_log_entry.lib
2026-10-10T04:28:58.5292403Z   absl_kernel_timeout_internal.vcxproj -> D:\a\xMind\xMind\xmind\build\native\third_party\abseil-cpp\absl\synchronization\Release\absl_kernel_timeout_internal.lib
2026-10-10T04:28:58.6716274Z   absl_log_internal_globals.vcxproj -> D:\a\xMind\xMind\xmind\build\native\third_party\abseil-cpp\absl\log\Release\absl_log_internal_globals.lib
2026-10-10T04:28:58.9720446Z   absl_crc32c.vcxproj -> D:\a\xMind\xMind\xmind\build\native\third_party\abseil-cpp\absl\crc\Release\absl_crc32c.lib
2026-10-10T04:28:59.0015905Z   absl_log_internal_format.vcxproj -> D:\a\xMind\xMind\xmind\build\native\third_party\abseil-cpp\absl\log\Release\absl_log_internal_format.lib
2026-10-10T04:28:59.2069512Z   absl_synchronization.vcxproj -> D:\a\xMind\xMind\xmind\build\native\third_party\abseil-cpp\absl\synchronization\Release\absl_synchronization.lib
2026-10-10T04:28:59.2654928Z   absl_crc_cord_state.vcxproj -> D:\a\xMind\xMind\xmind\build\native\third_party\abseil-cpp\absl\crc\Release\absl_crc_cord_state.lib
2026-10-10T04:28:59.6591061Z   absl_log_sink.vcxproj -> D:\a\xMind\xMind\xmind\build\native\third_party\abseil-cpp\absl\log\Release\absl_log_sink.lib
2026-10-10T04:28:59.6769614Z   absl_cord_internal.vcxproj -> D:\a\xMind\xMind\xmind\build\native\third_party\abseil-cpp\absl\strings\Release\absl_cord_internal.lib
2026-10-10T04:29:00.0250386Z   absl_vlog_config_internal.vcxproj -> D:\a\xMind\xMind\xmind\build\native\third_party\abseil-cpp\absl\log\Release\absl_vlog_config_internal.lib
2026-10-10T04:29:00.0839112Z   absl_cordz_handle.vcxproj -> D:\a\xMind\xMind\xmind\build\native\third_party\abseil-cpp\absl\strings\Release\absl_cordz_handle.lib
2026-10-10T04:29:00.2490471Z   absl_hashtablez_sampler.vcxproj -> D:\a\xMind\xMind\xmind\build\native\third_party\abseil-cpp\absl\container\Release\absl_hashtablez_sampler.lib
2026-10-10T04:29:00.3536957Z   absl_flags_program_name.vcxproj -> D:\a\xMind\xMind\xmind\build\native\third_party\abseil-cpp\absl\flags\Release\absl_flags_program_name.lib
2026-10-10T04:29:00.7506094Z   absl_flags_config.vcxproj -> D:\a\xMind\xMind\xmind\build\native\third_party\abseil-cpp\absl\flags\Release\absl_flags_config.lib
2026-10-10T04:29:01.0231173Z   absl_cordz_info.vcxproj -> D:\a\xMind\xMind\xmind\build\native\third_party\abseil-cpp\absl\strings\Release\absl_cordz_info.lib
2026-10-10T04:29:01.1066557Z   absl_log_globals.vcxproj -> D:\a\xMind\xMind\xmind\build\native\third_party\abseil-cpp\absl\log\Release\absl_log_globals.lib
2026-10-10T04:29:01.4183604Z   absl_flags_internal.vcxproj -> D:\a\xMind\xMind\xmind\build\native\third_party\abseil-cpp\absl\flags\Release\absl_flags_internal.lib
2026-10-10T04:29:01.4338143Z   absl_cord.vcxproj -> D:\a\xMind\xMind\xmind\build\native\third_party\abseil-cpp\absl\strings\Release\absl_cord.lib
2026-10-10T04:29:04.0103692Z   absl_raw_hash_set.vcxproj -> D:\a\xMind\xMind\xmind\build\native\third_party\abseil-cpp\absl\container\Release\absl_raw_hash_set.lib
2026-10-10T04:29:04.2565208Z   absl_flags_reflection.vcxproj -> D:\a\xMind\xMind\xmind\build\native\third_party\abseil-cpp\absl\flags\Release\absl_flags_reflection.lib
2026-10-10T04:29:04.3649327Z   absl_log_internal_log_sink_set.vcxproj -> D:\a\xMind\xMind\xmind\build\native\third_party\abseil-cpp\absl\log\Release\absl_log_internal_log_sink_set.lib
2026-10-10T04:29:05.0863652Z   xmind_schema_worker.vcxproj -> D:\a\xMind\xMind\xmind\build\native\Release\xmind_schema_worker.exe
2026-10-10T04:29:05.1926557Z   agentflow_mcp_client_factory.vcxproj -> D:\a\xMind\xMind\xmind\build\native\Release\agentflow_mcp_client_factory.lib
2026-10-10T04:29:05.2789622Z   Building Custom Rule D:/a/xMind/xMind/xmind/Native/CMakeLists.txt
2026-10-10T04:29:05.3925584Z   schema_worker.cpp
2026-10-10T04:29:05.4087004Z   absl_log_internal_message.vcxproj -> D:\a\xMind\xMind\xmind\build\native\third_party\abseil-cpp\absl\log\Release\absl_log_internal_message.lib
2026-10-10T04:29:05.5800939Z   absl_log_internal_check_op.vcxproj -> D:\a\xMind\xMind\xmind\build\native\third_party\abseil-cpp\absl\log\Release\absl_log_internal_check_op.lib
2026-10-10T04:29:05.8284066Z   re2.vcxproj -> D:\a\xMind\xMind\xmind\build\native\third_party\re2\Release\re2.lib
2026-10-10T04:29:06.1148794Z   agentflow_workspace.vcxproj -> D:\a\xMind\xMind\xmind\build\native\Release\agentflow_workspace.lib
2026-10-10T04:29:06.2641104Z   Building Custom Rule D:/a/xMind/xMind/xmind/Native/CMakeLists.txt
2026-10-10T04:29:06.2739073Z   Building Custom Rule D:/a/xMind/xMind/xmind/Native/CMakeLists.txt
2026-10-10T04:29:06.6991509Z   console_transport.cpp
2026-10-10T04:29:07.0726925Z   edit_executor.cpp
2026-10-10T04:29:07.1433392Z   agentflow_process_effects.vcxproj -> D:\a\xMind\xMind\xmind\build\native\Release\agentflow_process_effects.lib
2026-10-10T04:29:07.2265502Z   Building Custom Rule D:/a/xMind/xMind/xmind/Native/CMakeLists.txt
2026-10-10T04:29:26.3670446Z   create_executor.cpp
2026-10-10T04:29:26.3733140Z   process_configuration.cpp
2026-10-10T04:29:26.3757850Z   agentflow_process_configuration.vcxproj -> D:\a\xMind\xMind\xmind\build\native\Release\agentflow_process_configuration.lib
2026-10-10T04:29:26.3820413Z   patch_file_executor.cpp
2026-10-10T04:29:26.3825232Z   agentflow_schema_worker.vcxproj -> D:\a\xMind\xMind\xmind\build\native\Release\agentflow_schema_worker.lib
2026-10-10T04:29:26.5455787Z   Building Custom Rule D:/a/xMind/xMind/xmind/Native/CMakeLists.txt
2026-10-10T04:29:26.7472671Z   mcp_tool_registry.cpp
2026-10-10T04:29:27.0113226Z   agentflow_console_transport.vcxproj -> D:\a\xMind\xMind\xmind\build\native\Release\agentflow_console_transport.lib
2026-10-10T04:29:30.0648170Z   patch_executor.cpp
2026-10-10T04:29:37.1672814Z   patch_tool.cpp
2026-10-10T04:29:38.2589302Z   agentflow_mcp_effects.vcxproj -> D:\a\xMind\xMind\xmind\build\native\Release\agentflow_mcp_effects.lib
2026-10-10T04:29:38.4828660Z   agentflow_runtime_generation.vcxproj -> D:\a\xMind\xMind\xmind\build\native\Release\agentflow_runtime_generation.lib
2026-10-10T04:29:38.5865981Z   Building Custom Rule D:/a/xMind/xMind/xmind/Native/CMakeLists.txt
2026-10-10T04:29:38.5879010Z   Building Custom Rule D:/a/xMind/xMind/xmind/Native/CMakeLists.txt
2026-10-10T04:29:38.7637099Z   backend_owner_control.cpp
2026-10-10T04:29:38.7894225Z   local_profile.cpp
2026-10-10T04:29:42.6658074Z   Generating Code...
2026-10-10T04:29:45.9306260Z   agentflow_backend_owner_control.vcxproj -> D:\a\xMind\xMind\xmind\build\native\Release\agentflow_backend_owner_control.lib
2026-10-10T04:29:46.0510028Z   Building Custom Rule D:/a/xMind/xMind/xmind/Native/CMakeLists.txt
2026-10-10T04:29:49.1601315Z   http_server.cpp
2026-10-10T04:30:06.4951431Z   agentflow_edits.vcxproj -> D:\a\xMind\xMind\xmind\build\native\Release\agentflow_edits.lib
2026-10-10T04:30:06.6534583Z   Building Custom Rule D:/a/xMind/xMind/xmind/Native/CMakeLists.txt
2026-10-10T04:30:06.8324502Z   agentflow_local_profile.vcxproj -> D:\a\xMind\xMind\xmind\build\native\Release\agentflow_local_profile.lib
2026-10-10T04:30:06.9986212Z   agent_runner.cpp
2026-10-10T04:30:31.0537218Z   agent_service.cpp
2026-10-10T04:30:31.0556981Z   root_execution_budget.cpp
2026-10-10T04:30:31.0891010Z   delegation_executor.cpp
2026-10-10T04:30:31.9922105Z   agentflow_http.vcxproj -> D:\a\xMind\xMind\xmind\build\native\Release\agentflow_http.lib
2026-10-10T04:30:34.7619464Z   agent_authority.cpp
2026-10-10T04:30:39.6447177Z   native_child_executor.cpp
2026-10-10T04:30:42.3483023Z   dynamic_plan_executor.cpp
2026-10-10T04:30:46.6486627Z   context_manager.cpp
2026-10-10T04:30:51.0644438Z   context_model_policy.cpp
2026-10-10T04:30:53.6414331Z   Generating Code...
2026-10-10T04:31:40.2877440Z   agentflow_agent.vcxproj -> D:\a\xMind\xMind\xmind\build\native\Release\agentflow_agent.lib
2026-10-10T04:31:40.4404951Z   Building Custom Rule D:/a/xMind/xMind/xmind/Native/CMakeLists.txt
2026-10-10T04:31:40.6156951Z   graph_runner.cpp
2026-10-10T04:31:45.9508252Z   graph_service.cpp
2026-10-10T04:31:50.2596784Z   Generating Code...
2026-10-10T04:32:10.1614331Z   agentflow_graph_execution.vcxproj -> D:\a\xMind\xMind\xmind\build\native\Release\agentflow_graph_execution.lib
2026-10-10T04:32:10.3086648Z   Building Custom Rule D:/a/xMind/xMind/xmind/Native/CMakeLists.txt
2026-10-10T04:32:10.5263048Z   provider_setup.cpp
2026-10-10T04:32:15.5489324Z   provider_profiles.cpp
2026-10-10T04:32:20.0439703Z   provider_profile_runtime.cpp
2026-10-10T04:32:24.5321278Z   provider_profile_legacy_setup.cpp
2026-10-10T04:32:27.5701542Z   provider_catalogue.cpp
2026-10-10T04:32:30.9402784Z   execution_platform.cpp
2026-10-10T04:32:33.8496159Z   provider_yaml_config.cpp
2026-10-10T04:32:36.8857867Z   Generating Code...
2026-10-10T04:32:52.0409818Z   agentflow_runtime.vcxproj -> D:\a\xMind\xMind\xmind\build\native\Release\agentflow_runtime.lib
2026-10-10T04:32:52.1633785Z   Building Custom Rule D:/a/xMind/xMind/xmind/Native/CMakeLists.txt
2026-10-10T04:32:52.3382795Z   xmind_main.cpp
2026-10-10T04:32:56.0200624Z   server_main.cpp
2026-10-10T04:33:00.1369423Z   cli_main.cpp
2026-10-10T04:33:08.0294378Z   schema_worker_main.cpp
2026-10-10T04:33:11.7703858Z   admin_main.cpp
2026-10-10T04:33:16.8430837Z   local_view_main.cpp
2026-10-10T04:33:23.7110702Z   Generating Code...
2026-10-10T04:33:57.0408329Z   xmind.vcxproj -> D:\a\xMind\xMind\xmind\build\native\Release\xmind.exe
2026-10-10T04:33:57.8106824Z Test project D:/a/xMind/xMind/xmind/build/native
2026-10-10T04:33:57.8504343Z     Start 91: native_local_view_contract
2026-10-10T04:34:46.5973439Z 1/1 Test #91: native_local_view_contract .......   Passed   48.74 sec
2026-10-10T04:34:46.5987008Z 
2026-10-10T04:34:46.5988710Z 100% tests passed, 0 tests failed out of 1
2026-10-10T04:34:46.5989961Z 
2026-10-10T04:34:46.5991745Z Total Test time (real) =  48.78 sec
2026-10-10T04:34:46.7814902Z MSBuild version 18.10.1-1.26427.6+3cd27c13e for .NET Framework
2026-10-10T04:34:46.8186533Z 
2026-10-10T04:34:47.0801269Z   Checking File Globs
2026-10-10T04:34:48.8133028Z   absl_leak_check.vcxproj -> D:\a\xMind\xMind\xmind\build\native\third_party\abseil-cpp\absl\debugging\Release\absl_leak_check.lib
2026-10-10T04:34:48.8145663Z   absl_spinlock_wait.vcxproj -> D:\a\xMind\xMind\xmind\build\native\third_party\abseil-cpp\absl\base\Release\absl_spinlock_wait.lib
2026-10-10T04:34:48.9209433Z   absl_civil_time.vcxproj -> D:\a\xMind\xMind\xmind\build\native\third_party\abseil-cpp\absl\time\Release\absl_civil_time.lib
2026-10-10T04:34:48.9223389Z   agentflow_secrets.vcxproj -> D:\a\xMind\xMind\xmind\build\native\Release\agentflow_secrets.lib
2026-10-10T04:34:48.9238507Z   absl_flags_commandlineflag_internal.vcxproj -> D:\a\xMind\xMind\xmind\build\native\third_party\abseil-cpp\absl\flags\Release\absl_flags_commandlineflag_internal.lib
2026-10-10T04:34:48.9241629Z   absl_hardening.vcxproj -> D:\a\xMind\xMind\xmind\build\native\third_party\abseil-cpp\absl\base\Release\absl_hardening.lib
2026-10-10T04:34:48.9347993Z   absl_utf8_for_code_point.vcxproj -> D:\a\xMind\xMind\xmind\build\native\third_party\abseil-cpp\absl\debugging\Release\absl_utf8_for_code_point.lib
2026-10-10T04:34:48.9962376Z   agentflow_models.vcxproj -> D:\a\xMind\xMind\xmind\build\native\Release\agentflow_models.lib
2026-10-10T04:34:48.9964681Z   absl_log_severity.vcxproj -> D:\a\xMind\xMind\xmind\build\native\third_party\abseil-cpp\absl\base\Release\absl_log_severity.lib
2026-10-10T04:34:49.1468653Z   absl_exponential_biased.vcxproj -> D:\a\xMind\xMind\xmind\build\native\third_party\abseil-cpp\absl\profiling\Release\absl_exponential_biased.lib
2026-10-10T04:34:49.1997290Z   absl_time_zone.vcxproj -> D:\a\xMind\xMind\xmind\build\native\third_party\abseil-cpp\absl\time\Release\absl_time_zone.lib
2026-10-10T04:34:49.2267581Z   agentflow_mcp_wire.vcxproj -> D:\a\xMind\xMind\xmind\build\native\Release\agentflow_mcp_wire.lib
2026-10-10T04:34:49.2271897Z   absl_source_location.vcxproj -> D:\a\xMind\xMind\xmind\build\native\third_party\abseil-cpp\absl\types\Release\absl_source_location.lib
2026-10-10T04:34:49.2722256Z   absl_log_internal_nullguard.vcxproj -> D:\a\xMind\xMind\xmind\build\native\third_party\abseil-cpp\absl\log\Release\absl_log_internal_nullguard.lib
2026-10-10T04:34:49.4723552Z   absl_strerror.vcxproj -> D:\a\xMind\xMind\xmind\build\native\third_party\abseil-cpp\absl\base\Release\absl_strerror.lib
2026-10-10T04:34:49.6207319Z   agentflow_file_patch.vcxproj -> D:\a\xMind\xMind\xmind\build\native\Release\agentflow_file_patch.lib
2026-10-10T04:34:49.8068795Z   Scanning sources for module dependencies...
2026-10-10T04:34:49.8110373Z   agentflow_process.vcxproj -> D:\a\xMind\xMind\xmind\build\native\Release\agentflow_process.lib
2026-10-10T04:34:49.9316982Z   yaml-cpp.vcxproj -> D:\a\xMind\xMind\xmind\build\native\third_party\yaml-cpp\Release\yaml-cpp.lib
2026-10-10T04:34:50.2316101Z   Building Custom Rule D:/a/xMind/xMind/xmind/Native/CMakeLists.txt
2026-10-10T04:34:50.5850429Z   agentflow_mcp_stdio.vcxproj -> D:\a\xMind\xMind\xmind\build\native\Release\agentflow_mcp_stdio.lib
2026-10-10T04:34:50.5854287Z   Building Custom Rule D:/a/xMind/xMind/xmind/Native/CMakeLists.txt
2026-10-10T04:34:50.5863830Z   agentflow_json_schema.vcxproj -> D:\a\xMind\xMind\xmind\build\native\Release\agentflow_json_schema.lib
2026-10-10T04:34:50.5870959Z   agentflow_provider_transport.vcxproj -> D:\a\xMind\xMind\xmind\build\native\Release\agentflow_provider_transport.lib
2026-10-10T04:34:51.2493639Z   anthropic_history_contract.cpp
2026-10-10T04:34:51.2514165Z   Building Custom Rule D:/a/xMind/xMind/xmind/Native/CMakeLists.txt
2026-10-10T04:34:51.2857546Z   anthropic_stream_contract.cpp
2026-10-10T04:34:51.3230282Z   agentflow_owner_process.vcxproj -> D:\a\xMind\xMind\xmind\build\native\Release\agentflow_owner_process.lib
2026-10-10T04:34:51.3706422Z   anthropic_request_contract.cpp
2026-10-10T04:34:51.5194452Z   agentflow_core.vcxproj -> D:\a\xMind\xMind\xmind\build\native\Release\agentflow_core.lib
2026-10-10T04:34:51.8729304Z   absl_raw_logging_internal.vcxproj -> D:\a\xMind\xMind\xmind\build\native\third_party\abseil-cpp\absl\base\Release\absl_raw_logging_internal.lib
2026-10-10T04:35:10.1054431Z   absl_throw_delegate.vcxproj -> D:\a\xMind\xMind\xmind\build\native\third_party\abseil-cpp\absl\base\Release\absl_throw_delegate.lib
2026-10-10T04:35:10.1218205Z   absl_debugging_internal.vcxproj -> D:\a\xMind\xMind\xmind\build\native\third_party\abseil-cpp\absl\debugging\Release\absl_debugging_internal.lib
2026-10-10T04:35:10.1285074Z   xmind_schema_worker.vcxproj -> D:\a\xMind\xMind\xmind\build\native\Release\xmind_schema_worker.exe
2026-10-10T04:35:10.1745070Z   agentflow_chat_provider.vcxproj -> D:\a\xMind\xMind\xmind\build\native\Release\agentflow_chat_provider.lib
2026-10-10T04:35:10.3690931Z   Building Custom Rule D:/a/xMind/xMind/xmind/Native/CMakeLists.txt
2026-10-10T04:35:10.4275916Z   gemini_history_contract.cpp
2026-10-10T04:35:10.4352788Z   agentflow_anthropic_request_contract.vcxproj -> D:\a\xMind\xMind\xmind\build\native\Release\agentflow_anthropic_request_contract.exe
2026-10-10T04:35:10.4978097Z   agentflow_mcp_http.vcxproj -> D:\a\xMind\xMind\xmind\build\native\Release\agentflow_mcp_http.lib
2026-10-10T04:35:10.5362078Z   agentflow_anthropic_history_contract.vcxproj -> D:\a\xMind\xMind\xmind\build\native\Release\agentflow_anthropic_history_contract.exe
2026-10-10T04:35:10.7565092Z   Building Custom Rule D:/a/xMind/xMind/xmind/Native/CMakeLists.txt
2026-10-10T04:35:10.7595480Z   Building Custom Rule D:/a/xMind/xMind/xmind/Native/CMakeLists.txt
2026-10-10T04:35:10.7639782Z   absl_base.vcxproj -> D:\a\xMind\xMind\xmind\build\native\third_party\abseil-cpp\absl\base\Release\absl_base.lib
2026-10-10T04:35:10.7756847Z   Building Custom Rule D:/a/xMind/xMind/xmind/Native/CMakeLists.txt
2026-10-10T04:35:10.7816458Z   gemini_provider_contract.cpp
2026-10-10T04:35:10.7825427Z   absl_cordz_functions.vcxproj -> D:\a\xMind\xMind\xmind\build\native\third_party\abseil-cpp\absl\strings\Release\absl_cordz_functions.lib
2026-10-10T04:35:10.7851475Z   gemini_request_contract.cpp
2026-10-10T04:35:12.8673338Z   Building Custom Rule D:/a/xMind/xMind/xmind/Native/CMakeLists.txt
2026-10-10T04:35:12.9744882Z   chat_provider_contract.cpp
2026-10-10T04:35:15.0615224Z   Building Custom Rule D:/a/xMind/xMind/xmind/Native/CMakeLists.txt
2026-10-10T04:35:15.3760064Z   gemini_stream_contract.cpp
2026-10-10T04:35:15.3779949Z   agentflow_gemini_history_contract.vcxproj -> D:\a\xMind\xMind\xmind\build\native\Release\agentflow_gemini_history_contract.exe
2026-10-10T04:35:15.5177626Z   agentflow_chat_provider_contract.vcxproj -> D:\a\xMind\xMind\xmind\build\native\Release\agentflow_chat_provider_contract.exe
2026-10-10T04:35:24.5450053Z   agentflow_anthropic_stream_contract.vcxproj -> D:\a\xMind\xMind\xmind\build\native\Release\agentflow_anthropic_stream_contract.exe
2026-10-10T04:35:24.7701491Z   absl_malloc_internal.vcxproj -> D:\a\xMind\xMind\xmind\build\native\third_party\abseil-cpp\absl\base\Release\absl_malloc_internal.lib
2026-10-10T04:35:24.7764914Z   absl_log_internal_conditions.vcxproj -> D:\a\xMind\xMind\xmind\build\native\third_party\abseil-cpp\absl\log\Release\absl_log_internal_conditions.lib
2026-10-10T04:35:24.8092361Z   absl_base_cpu_detect.vcxproj -> D:\a\xMind\xMind\xmind\build\native\third_party\abseil-cpp\absl\base\Release\absl_base_cpu_detect.lib
2026-10-10T04:35:24.9341396Z   absl_int128.vcxproj -> D:\a\xMind\xMind\xmind\build\native\third_party\abseil-cpp\absl\numeric\Release\absl_int128.lib
2026-10-10T04:35:25.9639875Z   absl_city.vcxproj -> D:\a\xMind\xMind\xmind\build\native\third_party\abseil-cpp\absl\hash\Release\absl_city.lib
2026-10-10T04:35:25.9801315Z   absl_graphcycles_internal.vcxproj -> D:\a\xMind\xMind\xmind\build\native\third_party\abseil-cpp\absl\synchronization\Release\absl_graphcycles_internal.lib
2026-10-10T04:35:26.0046596Z   absl_decode_rust_punycode.vcxproj -> D:\a\xMind\xMind\xmind\build\native\third_party\abseil-cpp\absl\debugging\Release\absl_decode_rust_punycode.lib
2026-10-10T04:35:26.1752726Z   agentflow_gemini_request_contract.vcxproj -> D:\a\xMind\xMind\xmind\build\native\Release\agentflow_gemini_request_contract.exe
2026-10-10T04:35:26.1824613Z   agentflow_gemini_provider_contract.vcxproj -> D:\a\xMind\xMind\xmind\build\native\Release\agentflow_gemini_provider_contract.exe
2026-10-10T04:35:26.2694668Z   Building Custom Rule D:/a/xMind/xMind/xmind/Native/CMakeLists.txt
2026-10-10T04:35:26.2774062Z   agentflow_schema_worker.vcxproj -> D:\a\xMind\xMind\xmind\build\native\Release\agentflow_schema_worker.lib
2026-10-10T04:35:26.2782883Z   Building Custom Rule D:/a/xMind/xMind/xmind/Native/CMakeLists.txt
2026-10-10T04:35:26.2813807Z   absl_stacktrace.vcxproj -> D:\a\xMind\xMind\xmind\build\native\third_party\abseil-cpp\absl\debugging\Release\absl_stacktrace.lib
2026-10-10T04:35:26.3265571Z   absl_crc_internal.vcxproj -> D:\a\xMind\xMind\xmind\build\native\third_party\abseil-cpp\absl\crc\Release\absl_crc_internal.lib
2026-10-10T04:35:26.4245368Z   http_stream_transport_contract.cpp
2026-10-10T04:35:26.4603105Z   absl_demangle_rust.vcxproj -> D:\a\xMind\xMind\xmind\build\native\third_party\abseil-cpp\absl\debugging\Release\absl_demangle_rust.lib
2026-10-10T04:35:26.4961171Z   file_patch_contract.cpp
2026-10-10T04:35:26.5312648Z   Building Custom Rule D:/a/xMind/xMind/xmind/Native/CMakeLists.txt
2026-10-10T04:35:26.5664248Z   json_schema_contract.cpp
2026-10-10T04:35:26.6022072Z   anthropic_provider_contract.cpp
2026-10-10T04:35:26.6382632Z   agentflow_gemini_stream_contract.vcxproj -> D:\a\xMind\xMind\xmind\build\native\Release\agentflow_gemini_stream_contract.exe
2026-10-10T04:35:27.4167197Z   absl_tracing_internal.vcxproj -> D:\a\xMind\xMind\xmind\build\native\third_party\abseil-cpp\absl\base\Release\absl_tracing_internal.lib
2026-10-10T04:35:28.2750663Z   Building Custom Rule D:/a/xMind/xMind/xmind/Native/CMakeLists.txt
2026-10-10T04:35:28.3215814Z   agentflow_json_schema_contract.vcxproj -> D:\a\xMind\xMind\xmind\build\native\Release\agentflow_json_schema_contract.exe
2026-10-10T04:35:28.3576544Z   Building Custom Rule D:/a/xMind/xMind/xmind/Native/CMakeLists.txt
2026-10-10T04:35:28.4311009Z   Building Custom Rule D:/a/xMind/xMind/xmind/Native/CMakeLists.txt
2026-10-10T04:35:28.4672060Z   agentflow_view_sessions.vcxproj -> D:\a\xMind\xMind\xmind\build\native\Release\agentflow_view_sessions.lib
2026-10-10T04:35:28.5045683Z   agentflow_legacy_owner_process.vcxproj -> D:\a\xMind\xMind\xmind\build\native\Release\agentflow_legacy_owner_process.lib
2026-10-10T04:35:33.9812883Z   incoming_repository_contract.cpp
2026-10-10T04:35:37.8319576Z   backend_owner_contract.cpp
2026-10-10T04:35:37.8639200Z   agentflow_a2a.vcxproj -> D:\a\xMind\xMind\xmind\build\native\Release\agentflow_a2a.lib
2026-10-10T04:35:37.8656049Z   agentflow_graph.vcxproj -> D:\a\xMind\xMind\xmind\build\native\Release\agentflow_graph.lib
2026-10-10T04:35:37.8658294Z   legacy_owner_contract.cpp
2026-10-10T04:35:37.8666280Z   agentflow_runtime_generation.vcxproj -> D:\a\xMind\xMind\xmind\build\native\Release\agentflow_runtime_generation.lib
2026-10-10T04:35:37.8731420Z   agentflow_http_stream_transport_contract.vcxproj -> D:\a\xMind\xMind\xmind\build\native\Release\agentflow_http_stream_transport_contract.exe
2026-10-10T04:35:37.8746844Z   agentflow_instruction_configuration.vcxproj -> D:\a\xMind\xMind\xmind\build\native\Release\agentflow_instruction_configuration.lib
2026-10-10T04:35:37.8754726Z   agentflow_file_patch_contract.vcxproj -> D:\a\xMind\xMind\xmind\build\native\Release\agentflow_file_patch_contract.exe
2026-10-10T04:35:37.8771528Z   agentflow_policy.vcxproj -> D:\a\xMind\xMind\xmind\build\native\Release\agentflow_policy.lib
2026-10-10T04:35:37.8778379Z   Building Custom Rule D:/a/xMind/xMind/xmind/Native/CMakeLists.txt
2026-10-10T04:35:37.9590411Z   context_selection_contract.cpp
2026-10-10T04:35:37.9600257Z   agentflow_mcp_configuration.vcxproj -> D:\a\xMind\xMind\xmind\build\native\Release\agentflow_mcp_configuration.lib
2026-10-10T04:35:38.0467622Z   Building Custom Rule D:/a/xMind/xMind/xmind/Native/CMakeLists.txt
2026-10-10T04:35:38.2763875Z   mcp_client_contract.cpp
2026-10-10T04:35:39.2819309Z   agentflow_incoming_repository_contract.vcxproj -> D:\a\xMind\xMind\xmind\build\native\Release\agentflow_incoming_repository_contract.exe
2026-10-10T04:35:39.5198512Z   agentflow_legacy_owner_contract.vcxproj -> D:\a\xMind\xMind\xmind\build\native\Release\agentflow_legacy_owner_contract.exe
2026-10-10T04:35:39.7287208Z   Building Custom Rule D:/a/xMind/xMind/xmind/Native/CMakeLists.txt
2026-10-10T04:35:39.8715334Z   credential_repository_contract.cpp
2026-10-10T04:35:43.2773366Z   agentflow_backend_owner_contract.vcxproj -> D:\a\xMind\xMind\xmind\build\native\Release\agentflow_backend_owner_contract.exe
2026-10-10T04:35:43.4416316Z   Building Custom Rule D:/a/xMind/xMind/xmind/Native/CMakeLists.txt
2026-10-10T04:35:43.5996528Z   mcp_handshake_contract.cpp
2026-10-10T04:35:45.1119920Z   agentflow_context_selection_contract.vcxproj -> D:\a\xMind\xMind\xmind\build\native\Release\agentflow_context_selection_contract.exe
2026-10-10T04:35:51.1629799Z   Building Custom Rule D:/a/xMind/xMind/xmind/Native/CMakeLists.txt
2026-10-10T04:35:51.1708800Z   Building Custom Rule D:/a/xMind/xMind/xmind/Native/CMakeLists.txt
2026-10-10T04:35:51.3181380Z   Building Custom Rule D:/a/xMind/xMind/xmind/Native/CMakeLists.txt
2026-10-10T04:35:51.3715627Z   mcp_stdio_contract.cpp
2026-10-10T04:35:51.4267471Z   Building Custom Rule D:/a/xMind/xMind/xmind/Native/CMakeLists.txt
2026-10-10T04:35:51.4293798Z   context_repository_contract.cpp
2026-10-10T04:35:53.1841909Z   agentflow_anthropic_provider_contract.vcxproj -> D:\a\xMind\xMind\xmind\build\native\Release\agentflow_anthropic_provider_contract.exe
2026-10-10T04:35:54.1933791Z   agentflow_mcp_client_contract.vcxproj -> D:\a\xMind\xMind\xmind\build\native\Release\agentflow_mcp_client_contract.exe
2026-10-10T04:35:54.4829238Z   Building Custom Rule D:/a/xMind/xMind/xmind/Native/CMakeLists.txt
2026-10-10T04:35:54.8186303Z   mcp_wire_contract.cpp
2026-10-10T04:35:55.6157273Z   agentflow_credential_repository_contract.vcxproj -> D:\a\xMind\xMind\xmind\build\native\Release\agentflow_credential_repository_contract.exe
2026-10-10T04:35:59.6150381Z   agentflow_mcp_handshake_contract.vcxproj -> D:\a\xMind\xMind\xmind\build\native\Release\agentflow_mcp_handshake_contract.exe
2026-10-10T04:36:12.8237661Z   dynamic_plan_contract.cpp
2026-10-10T04:36:13.0889927Z   graph_checkpoint_contract.cpp
2026-10-10T04:36:13.2189174Z   Building Custom Rule D:/a/xMind/xMind/xmind/Native/CMakeLists.txt
2026-10-10T04:36:13.5667562Z   agentflow_mcp_wire_contract.vcxproj -> D:\a\xMind\xMind\xmind\build\native\Release\agentflow_mcp_wire_contract.exe
2026-10-10T04:36:13.7634545Z   agentflow_dynamic_plan_contract.vcxproj -> D:\a\xMind\xMind\xmind\build\native\Release\agentflow_dynamic_plan_contract.exe
2026-10-10T04:36:14.0747174Z   Building Custom Rule D:/a/xMind/xMind/xmind/Native/CMakeLists.txt
2026-10-10T04:36:14.3111589Z   dynamic_plan_repository_contract.cpp
2026-10-10T04:36:14.8709730Z   model_request_contract.cpp
2026-10-10T04:36:21.5491719Z   agentflow_context_repository_contract.vcxproj -> D:\a\xMind\xMind\xmind\build\native\Release\agentflow_context_repository_contract.exe
2026-10-10T04:36:30.2515000Z   Building Custom Rule D:/a/xMind/xMind/xmind/Native/CMakeLists.txt
2026-10-10T04:36:30.6673659Z   graph_contract.cpp
2026-10-10T04:36:31.1474834Z   Building Custom Rule D:/a/xMind/xMind/xmind/Native/CMakeLists.txt
2026-10-10T04:36:31.1688493Z   agentflow_graph_checkpoint_contract.vcxproj -> D:\a\xMind\xMind\xmind\build\native\Release\agentflow_graph_checkpoint_contract.exe
2026-10-10T04:36:31.7939397Z   model_stream_contract.cpp
2026-10-10T04:36:31.9469738Z   agentflow_dynamic_plan_repository_contract.vcxproj -> D:\a\xMind\xMind\xmind\build\native\Release\agentflow_dynamic_plan_repository_contract.exe
2026-10-10T04:36:32.3506969Z   absl_demangle_internal.vcxproj -> D:\a\xMind\xMind\xmind\build\native\third_party\abseil-cpp\absl\debugging\Release\absl_demangle_internal.lib
2026-10-10T04:36:32.6910561Z   agentflow_mcp_stdio_contract.vcxproj -> D:\a\xMind\xMind\xmind\build\native\Release\agentflow_mcp_stdio_contract.exe
2026-10-10T04:36:32.7635856Z   Building Custom Rule D:/a/xMind/xMind/xmind/Native/CMakeLists.txt
2026-10-10T04:36:32.8346233Z   Building Custom Rule D:/a/xMind/xMind/xmind/Native/CMakeLists.txt
2026-10-10T04:36:33.2475020Z   Building Custom Rule D:/a/xMind/xMind/xmind/Native/CMakeLists.txt
2026-10-10T04:36:33.3577730Z   operation_repository_contract.cpp
2026-10-10T04:36:33.4675521Z   owner_process_contract.cpp
2026-10-10T04:36:42.3646147Z   agentflow_owner_process_contract.vcxproj -> D:\a\xMind\xMind\xmind\build\native\Release\agentflow_owner_process_contract.exe
2026-10-10T04:36:43.1194696Z   agentflow_operation_repository_contract.vcxproj -> D:\a\xMind\xMind\xmind\build\native\Release\agentflow_operation_repository_contract.exe
2026-10-10T04:36:43.1908852Z   Building Custom Rule D:/a/xMind/xMind/xmind/Native/CMakeLists.txt
2026-10-10T04:36:43.6187267Z   agentflow_mcp_client_factory.vcxproj -> D:\a\xMind\xMind\xmind\build\native\Release\agentflow_mcp_client_factory.lib
2026-10-10T04:36:43.8865067Z   Building Custom Rule D:/a/xMind/xMind/xmind/Native/CMakeLists.txt
2026-10-10T04:36:43.9213800Z   responses_context_contract.cpp
2026-10-10T04:36:44.0881541Z   repository_contract.cpp
2026-10-10T04:36:44.4103110Z   agentflow_graph_contract.vcxproj -> D:\a\xMind\xMind\xmind\build\native\Release\agentflow_graph_contract.exe
2026-10-10T04:36:44.6886689Z   Building Custom Rule D:/a/xMind/xMind/xmind/Native/CMakeLists.txt
2026-10-10T04:36:45.2017679Z   Building Custom Rule D:/a/xMind/xMind/xmind/Native/CMakeLists.txt
2026-10-10T04:36:45.6274269Z   absl_strings_internal.vcxproj -> D:\a\xMind\xMind\xmind\build\native\third_party\abseil-cpp\absl\strings\Release\absl_strings_internal.lib
2026-10-10T04:36:45.9404827Z   Building Custom Rule D:/a/xMind/xMind/xmind/Native/CMakeLists.txt
2026-10-10T04:36:45.9990363Z   Building Custom Rule D:/a/xMind/xMind/xmind/Native/CMakeLists.txt
2026-10-10T04:36:46.1493248Z   runtime_generation_contract.cpp
2026-10-10T04:36:46.3393291Z   instruction_configuration_contract.cpp
2026-10-10T04:36:56.5308615Z   responses_contract.cpp
2026-10-10T04:36:56.6845163Z   agentflow_runtime_generation_contract.vcxproj -> D:\a\xMind\xMind\xmind\build\native\Release\agentflow_runtime_generation_contract.exe
2026-10-10T04:36:57.3246829Z   agentflow_instruction_configuration_contract.vcxproj -> D:\a\xMind\xMind\xmind\build\native\Release\agentflow_instruction_configuration_contract.exe
2026-10-10T04:36:58.9216009Z   agentflow_responses_context_contract.vcxproj -> D:\a\xMind\xMind\xmind\build\native\Release\agentflow_responses_context_contract.exe
2026-10-10T04:36:59.0168957Z   agentflow_model_request_contract.vcxproj -> D:\a\xMind\xMind\xmind\build\native\Release\agentflow_model_request_contract.exe
2026-10-10T04:36:59.0787680Z   Building Custom Rule D:/a/xMind/xMind/xmind/Native/CMakeLists.txt
2026-10-10T04:36:59.1173166Z   schema_budget_fixture.cpp
2026-10-10T04:36:59.3796463Z   persistence_service_contract.cpp
2026-10-10T04:37:01.0117507Z   absl_strings.vcxproj -> D:\a\xMind\xMind\xmind\build\native\third_party\abseil-cpp\absl\strings\Release\absl_strings.lib
2026-10-10T04:37:01.1756452Z   Building Custom Rule D:/a/xMind/xMind/xmind/Native/CMakeLists.txt
2026-10-10T04:37:01.2103855Z   absl_log_internal_fnmatch.vcxproj -> D:\a\xMind\xMind\xmind\build\native\third_party\abseil-cpp\absl\log\Release\absl_log_internal_fnmatch.lib
2026-10-10T04:37:01.2958106Z   secret_protection_contract.cpp
2026-10-10T04:37:01.4746364Z   Building Custom Rule D:/a/xMind/xMind/xmind/Native/CMakeLists.txt
2026-10-10T04:37:03.2215448Z   agentflow_repository_contract.vcxproj -> D:\a\xMind\xMind\xmind\build\native\Release\agentflow_repository_contract.exe
2026-10-10T04:37:03.5209706Z   absl_log_internal_proto.vcxproj -> D:\a\xMind\xMind\xmind\build\native\third_party\abseil-cpp\absl\log\Release\absl_log_internal_proto.lib
2026-10-10T04:37:03.6254796Z   process_contract.cpp
2026-10-10T04:37:03.6551950Z   absl_log_internal_structured_proto.vcxproj -> D:\a\xMind\xMind\xmind\build\native\third_party\abseil-cpp\absl\log\Release\absl_log_internal_structured_proto.lib
2026-10-10T04:37:08.1091843Z   absl_str_format_internal.vcxproj -> D:\a\xMind\xMind\xmind\build\native\third_party\abseil-cpp\absl\strings\Release\absl_str_format_internal.lib
2026-10-10T04:37:08.1850052Z   mcp_configuration_contract.cpp
2026-10-10T04:37:08.3591160Z   agentflow_secret_contract.vcxproj -> D:\a\xMind\xMind\xmind\build\native\Release\agentflow_secret_contract.exe
2026-10-10T04:37:08.4304276Z   absl_flags_commandlineflag.vcxproj -> D:\a\xMind\xMind\xmind\build\native\third_party\abseil-cpp\absl\flags\Release\absl_flags_commandlineflag.lib
2026-10-10T04:37:13.0504370Z   agentflow_schema_budget_fixture.vcxproj -> D:\a\xMind\xMind\xmind\build\native\Release\agentflow_schema_budget_fixture.exe
2026-10-10T04:37:14.3517506Z   agentflow_persistence_service_contract.vcxproj -> D:\a\xMind\xMind\xmind\build\native\Release\agentflow_persistence_service_contract.exe
2026-10-10T04:37:15.2868664Z   Building Custom Rule D:/a/xMind/xMind/xmind/Native/CMakeLists.txt
2026-10-10T04:37:16.5228273Z   agentflow_model_stream_contract.vcxproj -> D:\a\xMind\xMind\xmind\build\native\Release\agentflow_model_stream_contract.exe
2026-10-10T04:37:18.5106550Z   Building Custom Rule D:/a/xMind/xMind/xmind/Native/CMakeLists.txt
2026-10-10T04:37:18.7244130Z   absl_hash.vcxproj -> D:\a\xMind\xMind\xmind\build\native\third_party\abseil-cpp\absl\hash\Release\absl_hash.lib
2026-10-10T04:37:18.8189741Z   absl_flags_marshalling.vcxproj -> D:\a\xMind\xMind\xmind\build\native\third_party\abseil-cpp\absl\flags\Release\absl_flags_marshalling.lib
2026-10-10T04:37:19.0388026Z   Building Custom Rule D:/a/xMind/xMind/xmind/Native/CMakeLists.txt
2026-10-10T04:37:19.1066789Z   skill_state_contract.cpp
2026-10-10T04:37:19.1656345Z   Building Custom Rule D:/a/xMind/xMind/xmind/Native/CMakeLists.txt
2026-10-10T04:37:19.8064688Z   task_list_repository_contract.cpp
2026-10-10T04:37:19.8850857Z   xlang_sqlite_contract.cpp
2026-10-10T04:37:23.7192571Z   agentflow_xlang_sqlite_contract.vcxproj -> D:\a\xMind\xMind\xmind\build\native\Release\agentflow_xlang_sqlite_contract.exe
2026-10-10T04:37:24.1021558Z   permission_waiter_contract.cpp
2026-10-10T04:37:27.3853670Z   absl_crc32c.vcxproj -> D:\a\xMind\xMind\xmind\build\native\third_party\abseil-cpp\absl\crc\Release\absl_crc32c.lib
2026-10-10T04:37:27.6934950Z   agentflow_process_contract.vcxproj -> D:\a\xMind\xMind\xmind\build\native\Release\agentflow_process_contract.exe
2026-10-10T04:37:27.7775674Z   agentflow_task_list_repository_contract.vcxproj -> D:\a\xMind\xMind\xmind\build\native\Release\agentflow_task_list_repository_contract.exe
2026-10-10T04:37:28.4959322Z   agentflow_mcp_configuration_contract.vcxproj -> D:\a\xMind\xMind\xmind\build\native\Release\agentflow_mcp_configuration_contract.exe
2026-10-10T04:37:28.5218059Z   Building Custom Rule D:/a/xMind/xMind/xmind/Native/CMakeLists.txt
2026-10-10T04:37:28.6080511Z   absl_flags_private_handle_accessor.vcxproj -> D:\a\xMind\xMind\xmind\build\native\third_party\abseil-cpp\absl\flags\Release\absl_flags_private_handle_accessor.lib
2026-10-10T04:37:28.6638939Z   persistence_demo.cpp
2026-10-10T04:37:28.6908354Z   absl_symbolize.vcxproj -> D:\a\xMind\xMind\xmind\build\native\third_party\abseil-cpp\absl\debugging\Release\absl_symbolize.lib
2026-10-10T04:37:28.8453559Z   Building Custom Rule D:/a/xMind/xMind/xmind/Native/CMakeLists.txt
2026-10-10T04:37:29.4483629Z   schema_worker_contract.cpp
2026-10-10T04:37:29.5324827Z   absl_crc_cord_state.vcxproj -> D:\a\xMind\xMind\xmind\build\native\third_party\abseil-cpp\absl\crc\Release\absl_crc_cord_state.lib
2026-10-10T04:37:29.5867827Z   absl_time.vcxproj -> D:\a\xMind\xMind\xmind\build\native\third_party\abseil-cpp\absl\time\Release\absl_time.lib
2026-10-10T04:37:29.8544551Z   agentflow_responses_contract.vcxproj -> D:\a\xMind\xMind\xmind\build\native\Release\agentflow_responses_contract.exe
2026-10-10T04:37:34.4389758Z   xmind_persistence_demo.vcxproj -> D:\a\xMind\xMind\xmind\build\native\Release\xmind_persistence_demo.exe
2026-10-10T04:37:38.5877702Z   absl_examine_stack.vcxproj -> D:\a\xMind\xMind\xmind\build\native\third_party\abseil-cpp\absl\debugging\Release\absl_examine_stack.lib
2026-10-10T04:37:38.8748783Z   absl_kernel_timeout_internal.vcxproj -> D:\a\xMind\xMind\xmind\build\native\third_party\abseil-cpp\absl\synchronization\Release\absl_kernel_timeout_internal.lib
2026-10-10T04:37:38.9491719Z   absl_log_internal_globals.vcxproj -> D:\a\xMind\xMind\xmind\build\native\third_party\abseil-cpp\absl\log\Release\absl_log_internal_globals.lib
2026-10-10T04:37:39.0331690Z   absl_log_entry.vcxproj -> D:\a\xMind\xMind\xmind\build\native\third_party\abseil-cpp\absl\log\Release\absl_log_entry.lib
2026-10-10T04:37:39.1668111Z   absl_log_internal_format.vcxproj -> D:\a\xMind\xMind\xmind\build\native\third_party\abseil-cpp\absl\log\Release\absl_log_internal_format.lib
2026-10-10T04:37:39.2089154Z   absl_log_sink.vcxproj -> D:\a\xMind\xMind\xmind\build\native\third_party\abseil-cpp\absl\log\Release\absl_log_sink.lib
2026-10-10T04:37:39.6406216Z   agentflow_schema_worker_contract.vcxproj -> D:\a\xMind\xMind\xmind\build\native\Release\agentflow_schema_worker_contract.exe
2026-10-10T04:37:39.8071976Z   absl_cord_internal.vcxproj -> D:\a\xMind\xMind\xmind\build\native\third_party\abseil-cpp\absl\strings\Release\absl_cord_internal.lib
2026-10-10T04:37:39.8586654Z   absl_synchronization.vcxproj -> D:\a\xMind\xMind\xmind\build\native\third_party\abseil-cpp\absl\synchronization\Release\absl_synchronization.lib
2026-10-10T04:37:40.0335562Z   absl_cordz_handle.vcxproj -> D:\a\xMind\xMind\xmind\build\native\third_party\abseil-cpp\absl\strings\Release\absl_cordz_handle.lib
2026-10-10T04:37:40.0911407Z   absl_hashtablez_sampler.vcxproj -> D:\a\xMind\xMind\xmind\build\native\third_party\abseil-cpp\absl\container\Release\absl_hashtablez_sampler.lib
2026-10-10T04:37:40.2291764Z   absl_flags_program_name.vcxproj -> D:\a\xMind\xMind\xmind\build\native\third_party\abseil-cpp\absl\flags\Release\absl_flags_program_name.lib
2026-10-10T04:37:40.3552701Z   absl_flags_config.vcxproj -> D:\a\xMind\xMind\xmind\build\native\third_party\abseil-cpp\absl\flags\Release\absl_flags_config.lib
2026-10-10T04:37:40.4864089Z   absl_cordz_info.vcxproj -> D:\a\xMind\xMind\xmind\build\native\third_party\abseil-cpp\absl\strings\Release\absl_cordz_info.lib
2026-10-10T04:37:40.4933153Z   absl_vlog_config_internal.vcxproj -> D:\a\xMind\xMind\xmind\build\native\third_party\abseil-cpp\absl\log\Release\absl_vlog_config_internal.lib
2026-10-10T04:37:40.6015735Z   absl_flags_internal.vcxproj -> D:\a\xMind\xMind\xmind\build\native\third_party\abseil-cpp\absl\flags\Release\absl_flags_internal.lib
2026-10-10T04:37:40.7547461Z   absl_cord.vcxproj -> D:\a\xMind\xMind\xmind\build\native\third_party\abseil-cpp\absl\strings\Release\absl_cord.lib
2026-10-10T04:37:40.9219006Z   absl_raw_hash_set.vcxproj -> D:\a\xMind\xMind\xmind\build\native\third_party\abseil-cpp\absl\container\Release\absl_raw_hash_set.lib
2026-10-10T04:37:41.0909665Z   absl_flags_reflection.vcxproj -> D:\a\xMind\xMind\xmind\build\native\third_party\abseil-cpp\absl\flags\Release\absl_flags_reflection.lib
2026-10-10T04:37:41.2590461Z   agentflow_permission_waiter_contract.vcxproj -> D:\a\xMind\xMind\xmind\build\native\Release\agentflow_permission_waiter_contract.exe
2026-10-10T04:37:41.4037275Z   absl_log_globals.vcxproj -> D:\a\xMind\xMind\xmind\build\native\third_party\abseil-cpp\absl\log\Release\absl_log_globals.lib
2026-10-10T04:37:41.5294231Z   absl_log_internal_log_sink_set.vcxproj -> D:\a\xMind\xMind\xmind\build\native\third_party\abseil-cpp\absl\log\Release\absl_log_internal_log_sink_set.lib
2026-10-10T04:37:41.6878142Z   absl_log_internal_message.vcxproj -> D:\a\xMind\xMind\xmind\build\native\third_party\abseil-cpp\absl\log\Release\absl_log_internal_message.lib
2026-10-10T04:37:41.8443826Z   absl_log_internal_check_op.vcxproj -> D:\a\xMind\xMind\xmind\build\native\third_party\abseil-cpp\absl\log\Release\absl_log_internal_check_op.lib
2026-10-10T04:37:42.0622476Z   re2.vcxproj -> D:\a\xMind\xMind\xmind\build\native\third_party\re2\Release\re2.lib
2026-10-10T04:37:42.4352590Z   agentflow_skill_state_contract.vcxproj -> D:\a\xMind\xMind\xmind\build\native\Release\agentflow_skill_state_contract.exe
2026-10-10T04:37:42.6068410Z   agentflow_workspace.vcxproj -> D:\a\xMind\xMind\xmind\build\native\Release\agentflow_workspace.lib
2026-10-10T04:37:42.7741583Z   Building Custom Rule D:/a/xMind/xMind/xmind/Native/CMakeLists.txt
2026-10-10T04:37:42.9523269Z   agentflow_mcp_effects.vcxproj -> D:\a\xMind\xMind\xmind\build\native\Release\agentflow_mcp_effects.lib
2026-10-10T04:37:42.9721324Z   skill_context_contract.cpp
2026-10-10T04:37:43.1414896Z   agentflow_edits.vcxproj -> D:\a\xMind\xMind\xmind\build\native\Release\agentflow_edits.lib
2026-10-10T04:37:43.2659403Z   Building Custom Rule D:/a/xMind/xMind/xmind/Native/CMakeLists.txt
2026-10-10T04:37:43.3093919Z   agentflow_local_profile.vcxproj -> D:\a\xMind\xMind\xmind\build\native\Release\agentflow_local_profile.lib
2026-10-10T04:37:43.3115595Z   agentflow_backend_owner_control.vcxproj -> D:\a\xMind\xMind\xmind\build\native\Release\agentflow_backend_owner_control.lib
2026-10-10T04:37:43.3126842Z   workspace_tools_contract.cpp
2026-10-10T04:37:43.4291139Z   Building Custom Rule D:/a/xMind/xMind/xmind/Native/CMakeLists.txt
2026-10-10T04:37:43.5627083Z   agentflow_console_transport.vcxproj -> D:\a\xMind\xMind\xmind\build\native\Release\agentflow_console_transport.lib
2026-10-10T04:37:43.6197799Z   Building Custom Rule D:/a/xMind/xMind/xmind/Native/CMakeLists.txt
2026-10-10T04:37:43.7934317Z   Building Custom Rule D:/a/xMind/xMind/xmind/Native/CMakeLists.txt
2026-10-10T04:37:44.2384126Z   patch_tool_contract.cpp
2026-10-10T04:37:45.3961123Z   Building Custom Rule D:/a/xMind/xMind/xmind/Native/CMakeLists.txt
2026-10-10T04:38:04.5281309Z   edit_executor_contract.cpp
2026-10-10T04:38:04.9792069Z   create_executor_contract.cpp
2026-10-10T04:38:05.2227115Z   patch_file_executor_contract.cpp
2026-10-10T04:38:05.3592573Z   agentflow_skill_context_contract.vcxproj -> D:\a\xMind\xMind\xmind\build\native\Release\agentflow_skill_context_contract.exe
2026-10-10T04:38:05.3832398Z   agentflow_edit_executor_contract.vcxproj -> D:\a\xMind\xMind\xmind\build\native\Release\agentflow_edit_executor_contract.exe
2026-10-10T04:38:06.1542347Z   Building Custom Rule D:/a/xMind/xMind/xmind/Native/CMakeLists.txt
2026-10-10T04:38:06.5253458Z   patch_executor_contract.cpp
2026-10-10T04:38:19.0156500Z   agentflow_create_executor_contract.vcxproj -> D:\a\xMind\xMind\xmind\build\native\Release\agentflow_create_executor_contract.exe
2026-10-10T04:38:22.0344174Z   agentflow_workspace_tools_contract.vcxproj -> D:\a\xMind\xMind\xmind\build\native\Release\agentflow_workspace_tools_contract.exe
2026-10-10T04:38:22.5526287Z   agentflow_patch_tool_contract.vcxproj -> D:\a\xMind\xMind\xmind\build\native\Release\agentflow_patch_tool_contract.exe
2026-10-10T04:38:22.7248068Z   agentflow_process_effects.vcxproj -> D:\a\xMind\xMind\xmind\build\native\Release\agentflow_process_effects.lib
2026-10-10T04:38:23.2316855Z   agentflow_agent.vcxproj -> D:\a\xMind\xMind\xmind\build\native\Release\agentflow_agent.lib
2026-10-10T04:38:23.4944899Z   Building Custom Rule D:/a/xMind/xMind/xmind/Native/CMakeLists.txt
2026-10-10T04:38:23.5018938Z   Building Custom Rule D:/a/xMind/xMind/xmind/Native/CMakeLists.txt
2026-10-10T04:38:23.5233799Z   Building Custom Rule D:/a/xMind/xMind/xmind/Native/CMakeLists.txt
2026-10-10T04:38:23.6616307Z   Building Custom Rule D:/a/xMind/xMind/xmind/Native/CMakeLists.txt
2026-10-10T04:38:23.6721034Z   Building Custom Rule D:/a/xMind/xMind/xmind/Native/CMakeLists.txt
2026-10-10T04:38:23.7280080Z   Building Custom Rule D:/a/xMind/xMind/xmind/Native/CMakeLists.txt
2026-10-10T04:38:23.8171737Z   Building Custom Rule D:/a/xMind/xMind/xmind/Native/CMakeLists.txt
2026-10-10T04:38:23.8224732Z   Building Custom Rule D:/a/xMind/xMind/xmind/Native/CMakeLists.txt
2026-10-10T04:38:23.9651849Z   Building Custom Rule D:/a/xMind/xMind/xmind/Native/CMakeLists.txt
2026-10-10T04:38:24.0249644Z   Building Custom Rule D:/a/xMind/xMind/xmind/Native/CMakeLists.txt
2026-10-10T04:38:40.4858706Z   native_child_executor_contract.cpp
2026-10-10T04:38:41.6748902Z   graph_children_contract.cpp
2026-10-10T04:38:44.1339613Z   context_engine_contract.cpp
2026-10-10T04:38:44.1751452Z   gemini_agent_contract.cpp
2026-10-10T04:38:45.7565624Z   dynamic_plan_mcp_contract.cpp
2026-10-10T04:38:46.3208785Z   agent_runner_contract.cpp
2026-10-10T04:38:46.4768818Z   agentflow_native_child_executor_contract.vcxproj -> D:\a\xMind\xMind\xmind\build\native\Release\agentflow_native_child_executor_contract.exe
2026-10-10T04:38:46.5951241Z   deepseek_provider_contract.cpp
2026-10-10T04:38:46.6092531Z   agentflow_patch_file_executor_contract.vcxproj -> D:\a\xMind\xMind\xmind\build\native\Release\agentflow_patch_file_executor_contract.exe
2026-10-10T04:38:48.7793437Z   agentflow_graph_children_contract.vcxproj -> D:\a\xMind\xMind\xmind\build\native\Release\agentflow_graph_children_contract.exe
2026-10-10T04:38:50.6233728Z   agentflow_context_engine_contract.vcxproj -> D:\a\xMind\xMind\xmind\build\native\Release\agentflow_context_engine_contract.exe
2026-10-10T04:38:50.6681461Z   agentflow_gemini_agent_contract.vcxproj -> D:\a\xMind\xMind\xmind\build\native\Release\agentflow_gemini_agent_contract.exe
2026-10-10T04:39:00.6748003Z   native_delegation_contract.cpp
2026-10-10T04:39:05.3592407Z   agentflow_process_executor_contract.vcxproj -> D:\a\xMind\xMind\xmind\build\native\Release\agentflow_process_executor_contract.exe
2026-10-10T04:39:05.6598084Z   agentflow_graph_execution.vcxproj -> D:\a\xMind\xMind\xmind\build\native\Release\agentflow_graph_execution.lib
2026-10-10T04:39:05.7471470Z   Building Custom Rule D:/a/xMind/xMind/xmind/Native/CMakeLists.txt
2026-10-10T04:39:06.3485973Z   agentflow_agent_runner_contract.vcxproj -> D:\a\xMind\xMind\xmind\build\native\Release\agentflow_agent_runner_contract.exe
2026-10-10T04:39:06.5612908Z   mcp_effect_contract.cpp
2026-10-10T04:39:06.7981971Z   agentflow_process_configuration.vcxproj -> D:\a\xMind\xMind\xmind\build\native\Release\agentflow_process_configuration.lib
2026-10-10T04:39:13.7366359Z   Building Custom Rule D:/a/xMind/xMind/xmind/Native/CMakeLists.txt
2026-10-10T04:39:20.8622834Z   agentflow_deepseek_provider_contract.vcxproj -> D:\a\xMind\xMind\xmind\build\native\Release\agentflow_deepseek_provider_contract.exe
2026-10-10T04:39:24.5387712Z   agentflow_dynamic_plan_mcp_contract.vcxproj -> D:\a\xMind\xMind\xmind\build\native\Release\agentflow_dynamic_plan_mcp_contract.exe
2026-10-10T04:39:24.7614380Z   dynamic_plan_engine_contract.cpp
2026-10-10T04:39:24.8788557Z   anthropic_agent_contract.cpp
2026-10-10T04:39:24.9378085Z   agent_service_contract.cpp
2026-10-10T04:39:24.9786594Z   agentflow_native_delegation_contract.vcxproj -> D:\a\xMind\xMind\xmind\build\native\Release\agentflow_native_delegation_contract.exe
2026-10-10T04:39:28.4772146Z   agentflow_agent_service_contract.vcxproj -> D:\a\xMind\xMind\xmind\build\native\Release\agentflow_agent_service_contract.exe
2026-10-10T04:39:28.4893091Z   agentflow_anthropic_agent_contract.vcxproj -> D:\a\xMind\xMind\xmind\build\native\Release\agentflow_anthropic_agent_contract.exe
2026-10-10T04:39:29.3343542Z   Building Custom Rule D:/a/xMind/xMind/xmind/Native/CMakeLists.txt
2026-10-10T04:39:29.6306559Z   agentflow_patch_executor_contract.vcxproj -> D:\a\xMind\xMind\xmind\build\native\Release\agentflow_patch_executor_contract.exe
2026-10-10T04:39:29.9061916Z   agent_authority_contract.cpp
2026-10-10T04:39:29.9855267Z   Building Custom Rule D:/a/xMind/xMind/xmind/Native/CMakeLists.txt
2026-10-10T04:39:30.0126066Z   Building Custom Rule D:/a/xMind/xMind/xmind/Native/CMakeLists.txt
2026-10-10T04:39:30.3648108Z   process_configuration_contract.cpp
2026-10-10T04:39:30.7362240Z   Building Custom Rule D:/a/xMind/xMind/xmind/Native/CMakeLists.txt
2026-10-10T04:39:30.9583870Z   admin_main.cpp
2026-10-10T04:39:32.7142068Z   agentflow_dynamic_plan_engine_contract.vcxproj -> D:\a\xMind\xMind\xmind\build\native\Release\agentflow_dynamic_plan_engine_contract.exe
2026-10-10T04:39:37.2266599Z   agentflow_http.vcxproj -> D:\a\xMind\xMind\xmind\build\native\Release\agentflow_http.lib
2026-10-10T04:39:37.2819771Z   Building Custom Rule D:/a/xMind/xMind/xmind/Native/CMakeLists.txt
2026-10-10T04:39:37.5393688Z   Building Custom Rule D:/a/xMind/xMind/xmind/Native/CMakeLists.txt
2026-10-10T04:39:37.6413456Z   Building Custom Rule D:/a/xMind/xMind/xmind/Native/CMakeLists.txt
2026-10-10T04:39:37.7097884Z   Building Custom Rule D:/a/xMind/xMind/xmind/Native/CMakeLists.txt
2026-10-10T04:39:37.9639139Z   Building Custom Rule D:/a/xMind/xMind/xmind/Native/CMakeLists.txt
2026-10-10T04:39:38.3241818Z   agentflow_agent_authority_contract.vcxproj -> D:\a\xMind\xMind\xmind\build\native\Release\agentflow_agent_authority_contract.exe
2026-10-10T04:39:41.9436178Z   approved_edit_http_fixture.cpp
2026-10-10T04:39:42.3088443Z   context_graph_engine_contract.cpp
2026-10-10T04:39:42.6720074Z   Building Custom Rule D:/a/xMind/xMind/xmind/Native/CMakeLists.txt
2026-10-10T04:39:43.3059589Z   graph_mcp_contract.cpp
2026-10-10T04:40:09.3425423Z   planning_http_contract.cpp
2026-10-10T04:40:09.5325459Z   graph_runner_contract.cpp
2026-10-10T04:40:09.6496116Z   agentflow_graph_mcp_contract.vcxproj -> D:\a\xMind\xMind\xmind\build\native\Release\agentflow_graph_mcp_contract.exe
2026-10-10T04:40:10.4852504Z   context_control_contract.cpp
2026-10-10T04:40:15.6462033Z   agentflow_graph_runner_contract.vcxproj -> D:\a\xMind\xMind\xmind\build\native\Release\agentflow_graph_runner_contract.exe
2026-10-10T04:40:16.1040223Z   agentflow_context_graph_engine_contract.vcxproj -> D:\a\xMind\xMind\xmind\build\native\Release\agentflow_context_graph_engine_contract.exe
2026-10-10T04:40:16.3136402Z   agentflow_process_configuration_contract.vcxproj -> D:\a\xMind\xMind\xmind\build\native\Release\agentflow_process_configuration_contract.exe
2026-10-10T04:40:17.2543482Z   agentflow_runtime.vcxproj -> D:\a\xMind\xMind\xmind\build\native\Release\agentflow_runtime.lib
2026-10-10T04:40:17.4295372Z   xmind_admin.vcxproj -> D:\a\xMind\xMind\xmind\build\native\Release\xmind_admin.exe
2026-10-10T04:40:18.0296416Z   agentflow_approved_edit_http_fixture.vcxproj -> D:\a\xMind\xMind\xmind\build\native\Release\agentflow_approved_edit_http_fixture.exe
2026-10-10T04:40:18.7675357Z   cli_main.cpp
2026-10-10T04:40:20.0524874Z   agentflow_mcp_effect_contract.vcxproj -> D:\a\xMind\xMind\xmind\build\native\Release\agentflow_mcp_effect_contract.exe
2026-10-10T04:40:20.5143495Z   Building Custom Rule D:/a/xMind/xMind/xmind/Native/CMakeLists.txt
2026-10-10T04:40:20.5194224Z   Building Custom Rule D:/a/xMind/xMind/xmind/Native/CMakeLists.txt
2026-10-10T04:40:20.6002402Z   Building Custom Rule D:/a/xMind/xMind/xmind/Native/CMakeLists.txt
2026-10-10T04:40:20.7532099Z   Building Custom Rule D:/a/xMind/xMind/xmind/Native/CMakeLists.txt
2026-10-10T04:40:20.8628672Z   Building Custom Rule D:/a/xMind/xMind/xmind/Native/CMakeLists.txt
2026-10-10T04:40:21.0016277Z   Building Custom Rule D:/a/xMind/xMind/xmind/Native/CMakeLists.txt
2026-10-10T04:40:21.1619443Z   Building Custom Rule D:/a/xMind/xMind/xmind/Native/CMakeLists.txt
2026-10-10T04:40:21.2959875Z   Building Custom Rule D:/a/xMind/xMind/xmind/Native/CMakeLists.txt
2026-10-10T04:40:21.4368037Z   Building Custom Rule D:/a/xMind/xMind/xmind/Native/CMakeLists.txt
2026-10-10T04:40:21.9635890Z   backend_owner_http_contract.cpp
2026-10-10T04:40:25.6004305Z   deepseek_profile_runtime_contract.cpp
2026-10-10T04:40:55.3332296Z   provider_yaml_config_contract.cpp
2026-10-10T04:40:56.2339681Z   agentflow_deepseek_profile_runtime_contract.vcxproj -> D:\a\xMind\xMind\xmind\build\native\Release\agentflow_deepseek_profile_runtime_contract.exe
2026-10-10T04:41:00.0635871Z   gemini_profile_runtime_contract.cpp
2026-10-10T04:41:08.1712823Z   xmind_cli.vcxproj -> D:\a\xMind\xMind\xmind\build\native\Release\xmind_cli.exe
2026-10-10T04:41:08.7712506Z   provider_setup_contract.cpp
2026-10-10T04:41:10.3234850Z   agentflow_gemini_profile_runtime_contract.vcxproj -> D:\a\xMind\xMind\xmind\build\native\Release\agentflow_gemini_profile_runtime_contract.exe
2026-10-10T04:41:17.2951908Z   Building Custom Rule D:/a/xMind/xMind/xmind/Native/CMakeLists.txt
2026-10-10T04:41:17.8464374Z   agentflow_backend_owner_http_contract.vcxproj -> D:\a\xMind\xMind\xmind\build\native\Release\agentflow_backend_owner_http_contract.exe
2026-10-10T04:41:17.9156540Z   gemini_catalogue_contract.cpp
2026-10-10T04:41:19.7580010Z   agentflow_context_control_contract.vcxproj -> D:\a\xMind\xMind\xmind\build\native\Release\agentflow_context_control_contract.exe
2026-10-10T04:41:20.9752906Z   agentflow_gemini_catalogue_contract.vcxproj -> D:\a\xMind\xMind\xmind\build\native\Release\agentflow_gemini_catalogue_contract.exe
2026-10-10T04:41:21.4462999Z   agentflow_provider_yaml_config_contract.vcxproj -> D:\a\xMind\xMind\xmind\build\native\Release\agentflow_provider_yaml_config_contract.exe
2026-10-10T04:41:22.3920018Z   agentflow_planning_http_contract.vcxproj -> D:\a\xMind\xMind\xmind\build\native\Release\agentflow_planning_http_contract.exe
2026-10-10T04:41:22.5973343Z   provider_profiles_contract.cpp
2026-10-10T04:41:22.6916760Z   provider_profile_runtime_contract.cpp
2026-10-10T04:41:22.7995375Z   provider_profile_cli_contract.cpp
2026-10-10T04:41:22.9853101Z   provider_model_policy_runtime_contract.cpp
2026-10-10T04:41:45.5600194Z   Building Custom Rule D:/a/xMind/xMind/xmind/Native/CMakeLists.txt
2026-10-10T04:41:45.7828268Z   agentflow_provider_setup_contract.vcxproj -> D:\a\xMind\xMind\xmind\build\native\Release\agentflow_provider_setup_contract.exe
2026-10-10T04:41:49.3984981Z   agentflow_provider_profiles_contract.vcxproj -> D:\a\xMind\xMind\xmind\build\native\Release\agentflow_provider_profiles_contract.exe
2026-10-10T04:41:56.5369971Z   agentflow_provider_profile_cli_contract.vcxproj -> D:\a\xMind\xMind\xmind\build\native\Release\agentflow_provider_profile_cli_contract.exe
2026-10-10T04:42:01.1548294Z   xmind.vcxproj -> D:\a\xMind\xMind\xmind\build\native\Release\xmind.exe
2026-10-10T04:42:01.1876640Z   server_main.cpp
2026-10-10T04:42:04.0919360Z   agentflow_provider_model_policy_runtime_contract.vcxproj -> D:\a\xMind\xMind\xmind\build\native\Release\agentflow_provider_model_policy_runtime_contract.exe
2026-10-10T04:42:09.1969107Z   agentflow_provider_profile_runtime_contract.vcxproj -> D:\a\xMind\xMind\xmind\build\native\Release\agentflow_provider_profile_runtime_contract.exe
2026-10-10T04:42:11.3338205Z   xmind_server.vcxproj -> D:\a\xMind\xMind\xmind\build\native\Release\xmind_server.exe
2026-10-10T04:42:11.6164305Z   Building Custom Rule D:/a/xMind/xMind/xmind/Native/CMakeLists.txt
2026-10-10T04:42:12.0467760Z Test project D:/a/xMind/xMind/xmind/build/native
2026-10-10T04:42:12.0621334Z         Start   1: native_json_schema_contract
2026-10-10T04:42:12.0807289Z   1/110 Test   #1: native_json_schema_contract .....................   Passed    0.02 sec
2026-10-10T04:42:12.0812565Z         Start   2: native_mcp_wire_contract
2026-10-10T04:42:12.1082697Z   2/110 Test   #2: native_mcp_wire_contract ........................   Passed    0.03 sec
2026-10-10T04:42:12.1087712Z         Start   3: model_stream_protocol_contract
2026-10-10T04:42:12.1943261Z   3/110 Test   #3: model_stream_protocol_contract ..................   Passed    0.09 sec
2026-10-10T04:42:12.1946875Z         Start   4: model_request_contract
2026-10-10T04:42:12.2128681Z   4/110 Test   #4: model_request_contract ..........................   Passed    0.02 sec
2026-10-10T04:42:12.2133789Z         Start   5: native_context_selection_contract
2026-10-10T04:42:12.2265469Z   5/110 Test   #5: native_context_selection_contract ...............   Passed    0.01 sec
2026-10-10T04:42:12.2269471Z         Start   6: native_gemini_request_contract
2026-10-10T04:42:12.4093277Z   6/110 Test   #6: native_gemini_request_contract ..................   Passed    0.18 sec
2026-10-10T04:42:12.4097269Z         Start   7: native_gemini_stream_contract
2026-10-10T04:42:12.4360426Z   7/110 Test   #7: native_gemini_stream_contract ...................   Passed    0.03 sec
2026-10-10T04:42:12.4365131Z         Start   8: native_gemini_history_contract
2026-10-10T04:42:12.6144967Z   8/110 Test   #8: native_gemini_history_contract ..................   Passed    0.18 sec
2026-10-10T04:42:12.6150163Z         Start   9: native_anthropic_request_contract
2026-10-10T04:42:12.6274755Z   9/110 Test   #9: native_anthropic_request_contract ...............   Passed    0.01 sec
2026-10-10T04:42:12.6279779Z         Start  10: native_anthropic_stream_contract
2026-10-10T04:42:12.7560414Z  10/110 Test  #10: native_anthropic_stream_contract ................   Passed    0.13 sec
2026-10-10T04:42:12.7564798Z         Start  11: native_anthropic_history_contract
2026-10-10T04:42:13.2007132Z  11/110 Test  #11: native_anthropic_history_contract ...............   Passed    0.44 sec
2026-10-10T04:42:13.2010384Z         Start  12: native_responses_protocol_contract
2026-10-10T04:42:13.3522806Z  12/110 Test  #12: native_responses_protocol_contract ..............   Passed    0.15 sec
2026-10-10T04:42:13.3526838Z         Start  13: native_dynamic_plan_contract
2026-10-10T04:42:13.3874001Z  13/110 Test  #13: native_dynamic_plan_contract ....................   Passed    0.03 sec
2026-10-10T04:42:13.3877964Z         Start  14: native_agent_authority_contract
2026-10-10T04:42:13.4039999Z  14/110 Test  #14: native_agent_authority_contract .................   Passed    0.02 sec
2026-10-10T04:42:13.4044885Z         Start  15: native_dynamic_plan_repository_contract
2026-10-10T04:42:20.6692355Z  15/110 Test  #15: native_dynamic_plan_repository_contract .........   Passed    7.26 sec
2026-10-10T04:42:20.6696545Z         Start  16: native_context_repository_contract
2026-10-10T04:42:37.7066427Z  16/110 Test  #16: native_context_repository_contract ..............   Passed   17.04 sec
2026-10-10T04:42:37.7071153Z         Start  17: native_context_control_contract
2026-10-10T04:42:47.3721460Z  17/110 Test  #17: native_context_control_contract .................   Passed    9.66 sec
2026-10-10T04:42:47.3726001Z         Start  18: native_context_cli_contract
2026-10-10T04:42:47.6871857Z  18/110 Test  #18: native_context_cli_contract .....................   Passed    0.31 sec
2026-10-10T04:42:47.6874456Z         Start  19: native_context_engine_contract
2026-10-10T04:43:06.8130785Z  19/110 Test  #19: native_context_engine_contract ..................   Passed   19.12 sec
2026-10-10T04:43:06.8134379Z         Start  20: native_context_graph_engine_contract
2026-10-10T04:43:12.6816922Z  20/110 Test  #20: native_context_graph_engine_contract ............   Passed    5.87 sec
2026-10-10T04:43:12.6820068Z         Start  21: native_provider_yaml_config_contract
2026-10-10T04:43:14.8207038Z  21/110 Test  #21: native_provider_yaml_config_contract ............   Passed    2.14 sec
2026-10-10T04:43:14.8211009Z         Start  22: native_planning_http_contract
2026-10-10T04:43:15.8976564Z  22/110 Test  #22: native_planning_http_contract ...................   Passed    1.08 sec
2026-10-10T04:43:15.8980062Z         Start  23: native_child_executor_contract
2026-10-10T04:43:17.0623080Z  23/110 Test  #23: native_child_executor_contract ..................   Passed    1.16 sec
2026-10-10T04:43:17.0626971Z         Start  24: native_dynamic_plan_engine_contract
2026-10-10T04:43:23.3478988Z  24/110 Test  #24: native_dynamic_plan_engine_contract .............   Passed    6.28 sec
2026-10-10T04:43:23.3482179Z         Start  25: native_dynamic_plan_mcp_contract
2026-10-10T04:43:33.2342169Z  25/110 Test  #25: native_dynamic_plan_mcp_contract ................   Passed    9.89 sec
2026-10-10T04:43:33.2346004Z         Start  26: native_secret_protection_contract
2026-10-10T04:43:33.2500757Z  26/110 Test  #26: native_secret_protection_contract ...............   Passed    0.02 sec
2026-10-10T04:43:33.2504663Z         Start  27: native_a2a_task_control_http_contract
2026-10-10T04:43:37.1736219Z  27/110 Test  #27: native_a2a_task_control_http_contract ...........   Passed    3.92 sec
2026-10-10T04:43:37.1739939Z         Start  28: native_a2a_message_http_contract
2026-10-10T04:43:37.9922592Z  28/110 Test  #28: native_a2a_message_http_contract ................   Passed    0.82 sec
2026-10-10T04:43:37.9927788Z         Start  29: native_a2a_stream_http_contract
2026-10-10T04:43:41.7353050Z  29/110 Test  #29: native_a2a_stream_http_contract .................   Passed    3.74 sec
2026-10-10T04:43:41.7358645Z         Start  30: native_a2a_v1_http_contract
2026-10-10T04:43:43.0156172Z  30/110 Test  #30: native_a2a_v1_http_contract .....................   Passed    1.28 sec
2026-10-10T04:43:43.0160987Z         Start  31: native_responses_agent_http_contract
2026-10-10T04:43:51.8555168Z  31/110 Test  #31: native_responses_agent_http_contract ............   Passed    8.84 sec
2026-10-10T04:43:51.8559929Z         Start  32: native_graph_service_http_contract
2026-10-10T04:43:59.8172478Z  32/110 Test  #32: native_graph_service_http_contract ..............   Passed    7.96 sec
2026-10-10T04:43:59.8174490Z         Start  33: native_provider_cli_contract
2026-10-10T04:44:01.4360455Z  33/110 Test  #33: native_provider_cli_contract ....................   Passed    1.62 sec
2026-10-10T04:44:01.4365447Z         Start  34: native_provider_setup_contract
2026-10-10T04:44:02.7488330Z  34/110 Test  #34: native_provider_setup_contract ..................   Passed    1.31 sec
2026-10-10T04:44:02.7492307Z         Start  35: native_graph_runner_contract
2026-10-10T04:44:08.1116758Z  35/110 Test  #35: native_graph_runner_contract ....................   Passed    5.36 sec
2026-10-10T04:44:08.1121155Z         Start  36: native_graph_mcp_contract
2026-10-10T04:44:17.0926288Z  36/110 Test  #36: native_graph_mcp_contract .......................   Passed    8.98 sec
2026-10-10T04:44:17.0929787Z         Start  37: native_graph_mcp_http_contract
2026-10-10T04:44:20.1183590Z  37/110 Test  #37: native_graph_mcp_http_contract ..................   Passed    3.02 sec
2026-10-10T04:44:20.1187028Z         Start  38: native_delegation_contract
2026-10-10T04:44:27.3962154Z  38/110 Test  #38: native_delegation_contract ......................   Passed    7.28 sec
2026-10-10T04:44:27.3967377Z         Start  39: native_delegation_http_contract
2026-10-10T04:44:29.0975802Z  39/110 Test  #39: native_delegation_http_contract .................   Passed    1.70 sec
2026-10-10T04:44:29.0979998Z         Start  40: native_graph_checkpoint_contract
2026-10-10T04:44:29.9461025Z  40/110 Test  #40: native_graph_checkpoint_contract ................   Passed    0.85 sec
2026-10-10T04:44:29.9463944Z         Start  41: native_graph_children_contract
2026-10-10T04:44:30.6732465Z  41/110 Test  #41: native_graph_children_contract ..................   Passed    0.73 sec
2026-10-10T04:44:30.6735593Z         Start  42: native_graph_contract
2026-10-10T04:44:31.3528058Z  42/110 Test  #42: native_graph_contract ...........................   Passed    0.68 sec
2026-10-10T04:44:31.3532189Z         Start  43: native_instruction_configuration_contract
2026-10-10T04:44:31.7273756Z  43/110 Test  #43: native_instruction_configuration_contract .......   Passed    0.37 sec
2026-10-10T04:44:31.7277686Z         Start  44: native_process_configuration_contract
2026-10-10T04:44:31.9993923Z  44/110 Test  #44: native_process_configuration_contract ...........   Passed    0.27 sec
2026-10-10T04:44:31.9999044Z         Start  45: native_process_executor_contract
2026-10-10T04:44:47.5093268Z  45/110 Test  #45: native_process_executor_contract ................   Passed   15.51 sec
2026-10-10T04:44:47.5097954Z         Start  46: native_agent_process_http_contract
2026-10-10T04:44:57.7427911Z  46/110 Test  #46: native_agent_process_http_contract ..............   Passed   10.23 sec
2026-10-10T04:44:57.7432441Z         Start  47: native_process_adapter_contract
2026-10-10T04:45:02.0591636Z  47/110 Test  #47: native_process_adapter_contract .................   Passed    4.32 sec
2026-10-10T04:45:02.0595447Z         Start  48: native_mcp_configuration_contract
2026-10-10T04:45:02.5279548Z  48/110 Test  #48: native_mcp_configuration_contract ...............   Passed    0.47 sec
2026-10-10T04:45:02.5283632Z         Start  49: native_schema_worker_contract
2026-10-10T04:45:04.9434805Z  49/110 Test  #49: native_schema_worker_contract ...................   Passed    2.41 sec
2026-10-10T04:45:04.9438638Z         Start  50: native_mcp_stdio_contract
2026-10-10T04:45:08.1339025Z  50/110 Test  #50: native_mcp_stdio_contract .......................   Passed    3.19 sec
2026-10-10T04:45:08.1342845Z         Start  51: native_mcp_handshake_contract
2026-10-10T04:45:09.0723826Z  51/110 Test  #51: native_mcp_handshake_contract ...................   Passed    0.94 sec
2026-10-10T04:45:09.0726916Z         Start  52: native_mcp_client_contract
2026-10-10T04:45:10.1882389Z  52/110 Test  #52: native_mcp_client_contract ......................   Passed    1.11 sec
2026-10-10T04:45:10.1885447Z         Start  53: native_mcp_effect_contract
2026-10-10T04:45:19.8781274Z  53/110 Test  #53: native_mcp_effect_contract ......................   Passed    9.69 sec
2026-10-10T04:45:19.8785434Z         Start  54: native_agent_service_contract
2026-10-10T04:45:21.0097121Z  54/110 Test  #54: native_agent_service_contract ...................   Passed    1.13 sec
2026-10-10T04:45:21.0100730Z         Start  55: native_agent_runner_contract
2026-10-10T04:45:28.0409900Z  55/110 Test  #55: native_agent_runner_contract ....................   Passed    7.03 sec
2026-10-10T04:45:28.0413410Z         Start  56: native_gemini_agent_contract
2026-10-10T04:45:28.8918231Z  56/110 Test  #56: native_gemini_agent_contract ....................   Passed    0.85 sec
2026-10-10T04:45:28.8922866Z         Start  57: native_anthropic_agent_contract
2026-10-10T04:45:30.3642758Z  57/110 Test  #57: native_anthropic_agent_contract .................   Passed    1.47 sec
2026-10-10T04:45:30.3648368Z         Start  58: native_file_patch_contract
2026-10-10T04:45:30.3841045Z  58/110 Test  #58: native_file_patch_contract ......................   Passed    0.02 sec
2026-10-10T04:45:30.3845434Z         Start  59: native_skill_state_contract
2026-10-10T04:45:31.0207253Z  59/110 Test  #59: native_skill_state_contract .....................   Passed    0.64 sec
2026-10-10T04:45:31.0211441Z         Start  60: native_skill_catalogue_contract
2026-10-10T04:45:33.6957198Z  60/110 Test  #60: native_skill_catalogue_contract .................   Passed    2.67 sec
2026-10-10T04:45:33.6961516Z         Start  61: native_create_executor_contract
2026-10-10T04:45:35.4600180Z  61/110 Test  #61: native_create_executor_contract .................   Passed    1.76 sec
2026-10-10T04:45:35.4604560Z         Start  62: native_edit_executor_contract
2026-10-10T04:45:36.3667882Z  62/110 Test  #62: native_edit_executor_contract ...................   Passed    0.91 sec
2026-10-10T04:45:36.3671989Z         Start  63: native_patch_file_executor_contract
2026-10-10T04:45:38.0715466Z  63/110 Test  #63: native_patch_file_executor_contract .............   Passed    1.70 sec
2026-10-10T04:45:38.0719050Z         Start  64: native_patch_executor_contract
2026-10-10T04:45:40.0689801Z  64/110 Test  #64: native_patch_executor_contract ..................   Passed    2.00 sec
2026-10-10T04:45:40.0694040Z         Start  65: native_patch_tool_contract
2026-10-10T04:45:41.2091165Z  65/110 Test  #65: native_patch_tool_contract ......................   Passed    1.14 sec
2026-10-10T04:45:41.2095378Z         Start  66: native_approved_edit_http_contract
2026-10-10T04:45:42.5847116Z  66/110 Test  #66: native_approved_edit_http_contract ..............   Passed    1.37 sec
2026-10-10T04:45:42.5851714Z         Start  67: native_workspace_tools_contract
2026-10-10T04:45:47.8369260Z  67/110 Test  #67: native_workspace_tools_contract .................   Passed    5.25 sec
2026-10-10T04:45:47.8373365Z         Start  68: native_repository_instructions_contract
2026-10-10T04:45:48.4178870Z  68/110 Test  #68: native_repository_instructions_contract .........   Passed    0.58 sec
2026-10-10T04:45:48.4183103Z         Start  69: native_skill_context_contract
2026-10-10T04:45:49.2177071Z  69/110 Test  #69: native_skill_context_contract ...................   Passed    0.80 sec
2026-10-10T04:45:49.2181265Z         Start  70: native_chat_provider_contract
2026-10-10T04:45:49.3925505Z  70/110 Test  #70: native_chat_provider_contract ...................   Passed    0.17 sec
2026-10-10T04:45:49.3928189Z         Start  71: native_gemini_provider_contract
2026-10-10T04:45:49.6038498Z  71/110 Test  #71: native_gemini_provider_contract .................   Passed    0.21 sec
2026-10-10T04:45:49.6043494Z         Start  72: native_deepseek_provider_contract
2026-10-10T04:45:50.4561284Z  72/110 Test  #72: native_deepseek_provider_contract ...............   Passed    0.85 sec
2026-10-10T04:45:50.4566608Z         Start  73: native_deepseek_profile_runtime_contract
2026-10-10T04:46:00.1738087Z  73/110 Test  #73: native_deepseek_profile_runtime_contract ........   Passed    9.72 sec
2026-10-10T04:46:00.1742769Z         Start  74: native_provider_model_policy_runtime_contract
2026-10-10T04:46:04.1452953Z  74/110 Test  #74: native_provider_model_policy_runtime_contract ...   Passed    3.97 sec
2026-10-10T04:46:04.1456698Z         Start  75: native_anthropic_provider_contract
2026-10-10T04:46:04.3279033Z  75/110 Test  #75: native_anthropic_provider_contract ..............   Passed    0.18 sec
2026-10-10T04:46:04.3282561Z         Start  76: native_responses_context_contract
2026-10-10T04:46:05.6890252Z  76/110 Test  #76: native_responses_context_contract ...............   Passed    1.36 sec
2026-10-10T04:46:05.6894106Z         Start  77: native_http_stream_transport_contract
2026-10-10T04:46:15.9190170Z  77/110 Test  #77: native_http_stream_transport_contract ...........   Passed   10.23 sec
2026-10-10T04:46:15.9194283Z         Start  78: native_agent_http_contract
2026-10-10T04:46:22.7225236Z  78/110 Test  #78: native_agent_http_contract ......................   Passed    6.80 sec
2026-10-10T04:46:22.7229503Z         Start  79: native_agent_edit_http_contract
2026-10-10T04:46:35.0252039Z  79/110 Test  #79: native_agent_edit_http_contract .................   Passed   12.30 sec
2026-10-10T04:46:35.0257050Z         Start  80: native_agent_patch_http_contract
2026-10-10T04:46:39.6729417Z  80/110 Test  #80: native_agent_patch_http_contract ................   Passed    4.65 sec
2026-10-10T04:46:39.6733337Z         Start  81: native_agent_mcp_http_contract
2026-10-10T04:46:42.6411753Z  81/110 Test  #81: native_agent_mcp_http_contract ..................   Passed    2.97 sec
2026-10-10T04:46:42.6415683Z         Start  82: native_mcp_sdk_modern_contract
2026-10-10T04:46:46.6338321Z  82/110 Test  #82: native_mcp_sdk_modern_contract ..................   Passed    3.99 sec
2026-10-10T04:46:46.6343332Z         Start  83: native_mcp_sdk_legacy_contract
2026-10-10T04:46:51.0147754Z  83/110 Test  #83: native_mcp_sdk_legacy_contract ..................   Passed    4.38 sec
2026-10-10T04:46:51.0152448Z         Start  84: native_http_cli_contract
2026-10-10T04:46:53.5777883Z  84/110 Test  #84: native_http_cli_contract ........................   Passed    2.56 sec
2026-10-10T04:46:53.5782427Z         Start  85: native_unified_program_contract
2026-10-10T04:46:55.0754099Z  85/110 Test  #85: native_unified_program_contract .................   Passed    1.50 sec
2026-10-10T04:46:55.0758083Z         Start  86: native_unified_patch_http_contract
2026-10-10T04:47:00.0452180Z  86/110 Test  #86: native_unified_patch_http_contract ..............   Passed    4.97 sec
2026-10-10T04:47:00.0456796Z         Start  87: native_unified_graph_http_contract
2026-10-10T04:47:08.4297492Z  87/110 Test  #87: native_unified_graph_http_contract ..............   Passed    8.38 sec
2026-10-10T04:47:08.4303965Z         Start  88: native_unified_mcp_http_contract
2026-10-10T04:47:24.5483510Z  88/110 Test  #88: native_unified_mcp_http_contract ................   Passed   16.12 sec
2026-10-10T04:47:24.5487865Z         Start  89: native_console_workspace_contract
2026-10-10T04:47:25.6666481Z  89/110 Test  #89: native_console_workspace_contract ...............   Passed    1.12 sec
2026-10-10T04:47:25.6671569Z         Start  90: native_local_profile_contract
2026-10-10T04:48:04.4274406Z  90/110 Test  #90: native_local_profile_contract ...................   Passed   38.76 sec
2026-10-10T04:48:04.4275353Z         Start  91: native_local_view_contract
2026-10-10T04:48:54.3382971Z  91/110 Test  #91: native_local_view_contract ......................   Passed   49.91 sec
2026-10-10T04:48:54.3384926Z         Start  92: embedded_xlang_sqlite_contract
2026-10-10T04:48:54.3784296Z  92/110 Test  #92: embedded_xlang_sqlite_contract ..................   Passed    0.04 sec
2026-10-10T04:48:54.3788004Z         Start  93: native_incoming_repository_contract
2026-10-10T04:48:56.3849694Z  93/110 Test  #93: native_incoming_repository_contract .............   Passed    2.01 sec
2026-10-10T04:48:56.3853893Z         Start  94: native_task_list_repository_contract
2026-10-10T04:48:57.2556647Z  94/110 Test  #94: native_task_list_repository_contract ............   Passed    0.87 sec
2026-10-10T04:48:57.2560633Z         Start  95: native_permission_waiter_contract
2026-10-10T04:48:58.2107783Z  95/110 Test  #95: native_permission_waiter_contract ...............   Passed    0.95 sec
2026-10-10T04:48:58.2111884Z         Start  96: native_operation_repository_contract
2026-10-10T04:49:00.5522480Z  96/110 Test  #96: native_operation_repository_contract ............   Passed    2.34 sec
2026-10-10T04:49:00.5526858Z         Start  97: xlang_repository_contract
2026-10-10T04:49:01.0680336Z  97/110 Test  #97: xlang_repository_contract .......................   Passed    0.51 sec
2026-10-10T04:49:01.0684710Z         Start  98: persistence_service_contract
2026-10-10T04:49:04.1545888Z  98/110 Test  #98: persistence_service_contract ....................   Passed    3.09 sec
2026-10-10T04:49:04.1549818Z         Start  99: native_backend_owner_contract
2026-10-10T04:49:07.2646352Z  99/110 Test  #99: native_backend_owner_contract ...................   Passed    3.11 sec
2026-10-10T04:49:07.2650910Z         Start 100: native_legacy_owner_contract
2026-10-10T04:49:08.0813636Z 100/110 Test #100: native_legacy_owner_contract ....................   Passed    0.82 sec
2026-10-10T04:49:08.0817246Z         Start 101: native_owner_process_contract
2026-10-10T04:49:08.2680953Z 101/110 Test #101: native_owner_process_contract ...................   Passed    0.19 sec
2026-10-10T04:49:08.2685236Z         Start 102: native_runtime_generation_contract
2026-10-10T04:49:10.9204262Z 102/110 Test #102: native_runtime_generation_contract ..............   Passed    2.65 sec
2026-10-10T04:49:10.9208775Z         Start 103: native_backend_owner_http_contract
2026-10-10T04:49:12.2732181Z 103/110 Test #103: native_backend_owner_http_contract ..............   Passed    1.35 sec
2026-10-10T04:49:12.2736701Z         Start 104: native_backend_handoff_contract
2026-10-10T04:49:15.6033175Z 104/110 Test #104: native_backend_handoff_contract .................   Passed    3.33 sec
2026-10-10T04:49:15.6034897Z         Start 105: native_provider_profiles_contract
2026-10-10T04:49:16.3096584Z 105/110 Test #105: native_provider_profiles_contract ...............   Passed    0.71 sec
2026-10-10T04:49:16.3100502Z         Start 106: native_provider_profile_runtime_contract
2026-10-10T04:49:21.3607942Z 106/110 Test #106: native_provider_profile_runtime_contract ........   Passed    5.05 sec
2026-10-10T04:49:21.3612207Z         Start 107: native_provider_profile_cli_contract
2026-10-10T04:49:24.9719881Z 107/110 Test #107: native_provider_profile_cli_contract ............   Passed    3.61 sec
2026-10-10T04:49:24.9724638Z         Start 108: native_gemini_catalogue_contract
2026-10-10T04:49:35.8575154Z 108/110 Test #108: native_gemini_catalogue_contract ................   Passed   10.88 sec
2026-10-10T04:49:35.8577693Z         Start 109: native_gemini_profile_runtime_contract
2026-10-10T04:49:38.1822600Z 109/110 Test #109: native_gemini_profile_runtime_contract ..........   Passed    2.32 sec
2026-10-10T04:49:38.1824108Z         Start 110: encrypted_credential_repository_contract
2026-10-10T04:49:39.1673481Z 110/110 Test #110: encrypted_credential_repository_contract ........   Passed    0.98 sec
2026-10-10T04:49:39.1688375Z 
2026-10-10T04:49:39.1689692Z 100% tests passed, 0 tests failed out of 110
2026-10-10T04:49:39.1690409Z 
2026-10-10T04:49:39.1692010Z Total Test time (real) = 447.12 sec
2026-10-10T04:49:39.4499605Z ##[group]Run npm ci --ignore-scripts
2026-10-10T04:49:39.4500334Z [36;1mnpm ci --ignore-scripts[0m
2026-10-10T04:49:39.4500750Z [36;1mif ($LASTEXITCODE -ne 0) { exit $LASTEXITCODE }[0m
2026-10-10T04:49:39.4501123Z [36;1mnpm test[0m
2026-10-10T04:49:39.4501380Z [36;1mexit $LASTEXITCODE[0m
2026-10-10T04:49:39.4589078Z shell: C:\Program Files\PowerShell\7\pwsh.EXE -command ". '{0}'"
2026-10-10T04:49:39.4589495Z ##[endgroup]
2026-10-10T04:49:45.3764956Z npm warn deprecated whatwg-encoding@3.1.1: Use @exodus/bytes instead for a more spec-conformant and faster implementation
2026-10-10T04:49:46.0206006Z npm warn deprecated prebuild-install@7.1.3: No longer maintained. Please contact the author of the relevant native addon; alternatives are available.
2026-10-10T04:49:55.5496915Z 
2026-10-10T04:49:55.5497763Z added 325 packages, and audited 326 packages in 15s
2026-10-10T04:49:55.5498550Z 
2026-10-10T04:49:55.5498869Z 93 packages are looking for funding
2026-10-10T04:49:55.5499726Z   run `npm fund` for details
2026-10-10T04:49:55.5595156Z 
2026-10-10T04:49:55.5596006Z 6 high severity vulnerabilities
2026-10-10T04:49:55.5596561Z 
2026-10-10T04:49:55.5596985Z To address all issues (including breaking changes), run:
2026-10-10T04:49:55.5597649Z   npm audit fix --force
2026-10-10T04:49:55.5597954Z 
2026-10-10T04:49:55.5598185Z Run `npm audit` for details.
2026-10-10T04:49:55.9124582Z 
2026-10-10T04:49:55.9125675Z > agentflow@0.1.5 test
2026-10-10T04:49:55.9126480Z > node --test tests/*.test.js
2026-10-10T04:49:55.9126922Z 
2026-10-10T04:49:56.0537010Z TAP version 13
2026-10-10T04:49:56.1324459Z # Subtest: browser view reuses the selected backend without exposing credentials in navigation
2026-10-10T04:49:56.1335909Z ok 1 - browser view reuses the selected backend without exposing credentials in navigation
2026-10-10T04:49:56.1350768Z   ---
2026-10-10T04:49:56.1404463Z   duration_ms: 5.6499
2026-10-10T04:49:56.1408029Z   type: 'test'
2026-10-10T04:49:56.1410123Z   ...
2026-10-10T04:49:56.1464977Z # Subtest: changing servers retires only the old view and disposal prevents reopening
2026-10-10T04:49:56.1485085Z ok 2 - changing servers retires only the old view and disposal prevents reopening
2026-10-10T04:49:56.1497826Z   ---
2026-10-10T04:49:56.1549541Z   duration_ms: 1.368
2026-10-10T04:49:56.1551879Z   type: 'test'
2026-10-10T04:49:56.1573679Z   ...
2026-10-10T04:49:56.1583760Z # Subtest: invalid origins and tokens do not create access views or copy credentials
2026-10-10T04:49:56.1615501Z ok 3 - invalid origins and tokens do not create access views or copy credentials
2026-10-10T04:49:56.1616485Z   ---
2026-10-10T04:49:56.1617104Z   duration_ms: 0.5908
2026-10-10T04:49:56.1617778Z   type: 'test'
2026-10-10T04:49:56.1618328Z   ...
2026-10-10T04:49:56.1791472Z # Subtest: context routes preserve actual supplied metrics, model/query and idempotent request/profile preconditions
2026-10-10T04:49:56.1815852Z ok 4 - context routes preserve actual supplied metrics, model/query and idempotent request/profile preconditions
2026-10-10T04:49:56.1823993Z   ---
2026-10-10T04:49:56.1854885Z   duration_ms: 7.3127
2026-10-10T04:49:56.1856804Z   type: 'test'
2026-10-10T04:49:56.1860183Z   ...
2026-10-10T04:49:56.1879388Z # Subtest: public context metadata rejects foreign identities and private/provider-window fields
2026-10-10T04:49:56.1895652Z ok 5 - public context metadata rejects foreign identities and private/provider-window fields
2026-10-10T04:49:56.1915368Z   ---
2026-10-10T04:49:56.1916968Z   duration_ms: 1.2624
2026-10-10T04:49:56.1917883Z   type: 'test'
2026-10-10T04:49:56.1919534Z   ...
2026-10-10T04:49:56.1928699Z # Subtest: shared context controller rechecks the displayed head and makes one genuine mutation with fresh profile binding
2026-10-10T04:49:56.1932942Z ok 6 - shared context controller rechecks the displayed head and makes one genuine mutation with fresh profile binding
2026-10-10T04:49:56.1939416Z   ---
2026-10-10T04:49:56.1943288Z   duration_ms: 1.411
2026-10-10T04:49:56.1944448Z   type: 'test'
2026-10-10T04:49:56.1946183Z   ...
2026-10-10T04:49:56.1948748Z # Subtest: stale head, disabled capability, outstanding actual request and detached generation never mutate context
2026-10-10T04:49:56.1956228Z ok 7 - stale head, disabled capability, outstanding actual request and detached generation never mutate context
2026-10-10T04:49:56.2015520Z   ---
2026-10-10T04:49:56.2018341Z   duration_ms: 1.0169
2026-10-10T04:49:56.2021350Z   type: 'test'
2026-10-10T04:49:56.2024122Z   ...
2026-10-10T04:49:56.2032568Z # Subtest: context observation conflict clears actions and mutation failure never retries automatically
2026-10-10T04:49:56.2035892Z ok 8 - context observation conflict clears actions and mutation failure never retries automatically
2026-10-10T04:49:56.2038131Z   ---
2026-10-10T04:49:56.2126074Z   duration_ms: 0.9945
2026-10-10T04:49:56.2175972Z   type: 'test'
2026-10-10T04:49:56.2177803Z   ...
2026-10-10T04:49:56.2179234Z # Subtest: older overlapping same-generation context success/error cannot replace or clear a newer observation
2026-10-10T04:49:56.2182878Z ok 9 - older overlapping same-generation context success/error cannot replace or clear a newer observation
2026-10-10T04:49:56.2190786Z   ---
2026-10-10T04:49:56.2192725Z   duration_ms: 0.7069
2026-10-10T04:49:56.2194242Z   type: 'test'
2026-10-10T04:49:56.2280918Z   ...
2026-10-10T04:49:56.2368412Z # Subtest: terminal tracked request cannot hide a different actual newly admitted manual request
2026-10-10T04:49:56.2414637Z ok 10 - terminal tracked request cannot hide a different actual newly admitted manual request
2026-10-10T04:49:56.2416333Z   ---
2026-10-10T04:49:56.2539670Z   duration_ms: 4.1923
2026-10-10T04:49:56.2598845Z   type: 'test'
2026-10-10T04:49:56.2706392Z   ...
2026-10-10T04:49:56.2958015Z # Subtest: planning capabilities are truthful and do not invent presets or limits
2026-10-10T04:49:56.3037571Z ok 11 - planning capabilities are truthful and do not invent presets or limits
2026-10-10T04:49:56.3040322Z   ---
2026-10-10T04:49:56.3064897Z   duration_ms: 9.8499
2026-10-10T04:49:56.3067247Z   type: 'test'
2026-10-10T04:49:56.3067759Z   ...
2026-10-10T04:49:56.3160400Z # Subtest: client preserves the displayed head and exact raw input at its authenticated loopback origin
2026-10-10T04:49:56.3228013Z ok 12 - client preserves the displayed head and exact raw input at its authenticated loopback origin
2026-10-10T04:49:56.3250293Z   ---
2026-10-10T04:49:56.3256514Z   duration_ms: 5.5188
2026-10-10T04:49:56.3333478Z   type: 'test'
2026-10-10T04:49:56.3410182Z   ...
2026-10-10T04:49:56.3508946Z # Subtest: invalid input identities, types and preconditions never reach the backend
2026-10-10T04:49:56.3512111Z ok 13 - invalid input identities, types and preconditions never reach the backend
2026-10-10T04:49:56.3513064Z   ---
2026-10-10T04:49:56.3569808Z   duration_ms: 1.1497
2026-10-10T04:49:56.3571346Z   type: 'test'
2026-10-10T04:49:56.3573798Z   ...
2026-10-10T04:49:56.3582219Z # Subtest: human input validates decoded duplicate keys, Unicode and nested JSON without reserializing
2026-10-10T04:49:56.3585678Z ok 14 - human input validates decoded duplicate keys, Unicode and nested JSON without reserializing
2026-10-10T04:49:56.3588085Z   ---
2026-10-10T04:49:56.3645188Z   duration_ms: 0.9098
2026-10-10T04:49:56.3645955Z   type: 'test'
2026-10-10T04:49:56.3646798Z   ...
2026-10-10T04:49:56.3647961Z # Subtest: strict public planning DTOs reject foreign ownership, stale claims and private projection fields
2026-10-10T04:49:56.3649615Z ok 15 - strict public planning DTOs reject foreign ownership, stale claims and private projection fields
2026-10-10T04:49:56.3650699Z   ---
2026-10-10T04:49:56.3651203Z   duration_ms: 6.0764
2026-10-10T04:49:56.3651783Z   type: 'test'
2026-10-10T04:49:56.3652283Z   ...
2026-10-10T04:49:56.3653274Z # Subtest: provider call correlation retains the exact native 256-byte dotted/colon identity domain
2026-10-10T04:49:56.3656106Z ok 16 - provider call correlation retains the exact native 256-byte dotted/colon identity domain
2026-10-10T04:49:56.3657177Z   ---
2026-10-10T04:49:56.3657720Z   duration_ms: 0.9323
2026-10-10T04:49:56.3658286Z   type: 'test'
2026-10-10T04:49:56.3658826Z   ...
2026-10-10T04:49:56.3659970Z # Subtest: coding children are observed through actual dynamic ownership without a read-only label
2026-10-10T04:49:56.3664123Z ok 17 - coding children are observed through actual dynamic ownership without a read-only label
2026-10-10T04:49:56.3842470Z   ---
2026-10-10T04:49:56.3886438Z   duration_ms: 2.728
2026-10-10T04:49:56.3926302Z   type: 'test'
2026-10-10T04:49:56.3963200Z   ...
2026-10-10T04:49:56.3989907Z # Subtest: session skill client posts only exact revision, ids and workspace authority
2026-10-10T04:49:56.4018649Z ok 18 - session skill client posts only exact revision, ids and workspace authority
2026-10-10T04:49:56.4232967Z   ---
2026-10-10T04:49:56.4374936Z   duration_ms: 6.507
2026-10-10T04:49:56.4479018Z   type: 'test'
2026-10-10T04:49:56.4560239Z   ...
2026-10-10T04:49:56.4672987Z # Subtest: skill controller publishes acknowledged manual attachment and removal without model prompts
2026-10-10T04:49:56.4735908Z ok 19 - skill controller publishes acknowledged manual attachment and removal without model prompts
2026-10-10T04:49:56.4797417Z   ---
2026-10-10T04:49:56.4809069Z   duration_ms: 1.5143
2026-10-10T04:49:56.5104847Z   type: 'test'
2026-10-10T04:49:56.5127648Z   ...
2026-10-10T04:49:56.5139580Z # Subtest: skill reads discard responses from a previous conversation generation
2026-10-10T04:49:56.5155045Z ok 20 - skill reads discard responses from a previous conversation generation
2026-10-10T04:49:56.5181291Z   ---
2026-10-10T04:49:56.5216664Z   duration_ms: 0.4663
2026-10-10T04:49:56.5233407Z   type: 'test'
2026-10-10T04:49:56.5237649Z   ...
2026-10-10T04:49:56.5242529Z # Subtest: skill acknowledgements cannot publish into a newly selected conversation
2026-10-10T04:49:56.5244138Z ok 21 - skill acknowledgements cannot publish into a newly selected conversation
2026-10-10T04:49:56.5250047Z   ---
2026-10-10T04:49:56.5255775Z   duration_ms: 0.6777
2026-10-10T04:49:56.5271171Z   type: 'test'
2026-10-10T04:49:56.5275826Z   ...
2026-10-10T04:49:56.5291731Z # Subtest: malformed catalogue metadata cannot enter a skill chooser, while source conflicts allow only clearing
2026-10-10T04:49:56.5295774Z ok 22 - malformed catalogue metadata cannot enter a skill chooser, while source conflicts allow only clearing
2026-10-10T04:49:56.5299528Z   ---
2026-10-10T04:49:56.5302246Z   duration_ms: 1.1325
2026-10-10T04:49:56.5313579Z   type: 'test'
2026-10-10T04:49:56.5319856Z   ...
2026-10-10T04:49:56.5324557Z # Subtest: provider enrollment accepts only matching approved OpenAI wire and endpoint pairs
2026-10-10T04:49:56.5327947Z ok 23 - provider enrollment accepts only matching approved OpenAI wire and endpoint pairs
2026-10-10T04:49:56.5333710Z   ---
2026-10-10T04:49:56.5340478Z   duration_ms: 0.4524
2026-10-10T04:49:56.5344118Z   type: 'test'
2026-10-10T04:49:56.5348585Z   ...
2026-10-10T04:49:56.5350935Z # Subtest: subscription rotates using its delivered cursor without duplicating a matching watch
2026-10-10T04:49:56.5362269Z ok 24 - subscription rotates using its delivered cursor without duplicating a matching watch
2026-10-10T04:49:56.5367646Z   ---
2026-10-10T04:49:56.5372310Z   duration_ms: 25.6384
2026-10-10T04:49:56.5375149Z   type: 'test'
2026-10-10T04:49:56.5376996Z   ...
2026-10-10T04:49:56.5445039Z # Subtest: subscription replacement aborts stale observation and cannot deliver its event or terminal outcome
2026-10-10T04:49:56.5449521Z ok 25 - subscription replacement aborts stale observation and cannot deliver its event or terminal outcome
2026-10-10T04:49:56.5452170Z   ---
2026-10-10T04:49:56.5453423Z   duration_ms: 3.8493
2026-10-10T04:49:56.5455280Z   type: 'test'
2026-10-10T04:49:56.5458105Z   ...
2026-10-10T04:49:56.5461029Z # Subtest: subscription retirement, origin change and disposal prevent delayed retries
2026-10-10T04:49:56.5462948Z ok 26 - subscription retirement, origin change and disposal prevent delayed retries
2026-10-10T04:49:56.5465797Z   ---
2026-10-10T04:49:56.5468628Z   duration_ms: 4.549
2026-10-10T04:49:56.5470482Z   type: 'test'
2026-10-10T04:49:56.5472925Z   ...
2026-10-10T04:49:56.5475735Z # Subtest: subscription bounds busy retries and never retries authentication or malformed acknowledgements
2026-10-10T04:49:56.5483444Z ok 27 - subscription bounds busy retries and never retries authentication or malformed acknowledgements
2026-10-10T04:49:56.5488657Z   ---
2026-10-10T04:49:56.5490685Z   duration_ms: 2.9087
2026-10-10T04:49:56.5491868Z   type: 'test'
2026-10-10T04:49:56.5493624Z   ...
2026-10-10T04:49:56.5554064Z # Subtest: a consumer TypeError stops the subscription without acknowledging or retrying its event
2026-10-10T04:49:56.5560149Z ok 28 - a consumer TypeError stops the subscription without acknowledging or retrying its event
2026-10-10T04:49:56.5563424Z   ---
2026-10-10T04:49:56.5566515Z   duration_ms: 1.2578
2026-10-10T04:49:56.5568443Z   type: 'test'
2026-10-10T04:49:56.5570720Z   ...
2026-10-10T04:49:56.5574192Z # Subtest: subscription refuses invalid bindings before opening or scheduling a connection
2026-10-10T04:49:56.5575968Z ok 29 - subscription refuses invalid bindings before opening or scheduling a connection
2026-10-10T04:49:56.5578790Z   ---
2026-10-10T04:49:56.5581912Z   duration_ms: 0.4742
2026-10-10T04:49:56.5583785Z   type: 'test'
2026-10-10T04:49:56.5590355Z   ...
2026-10-10T04:49:56.5594296Z # Subtest: committed stream reader handles split UTF-8 and CRLF using one authenticated read-only request
2026-10-10T04:49:56.5607736Z ok 30 - committed stream reader handles split UTF-8 and CRLF using one authenticated read-only request
2026-10-10T04:49:56.5612656Z   ---
2026-10-10T04:49:56.5616445Z   duration_ms: 58.3333
2026-10-10T04:49:56.5619168Z   type: 'test'
2026-10-10T04:49:56.5620219Z   ...
2026-10-10T04:49:56.5626667Z # Subtest: graph stream validates owned child conversation before delivering its event
2026-10-10T04:49:56.5630024Z ok 31 - graph stream validates owned child conversation before delivering its event
2026-10-10T04:49:56.5634768Z   ---
2026-10-10T04:49:56.5636937Z   duration_ms: 23.6125
2026-10-10T04:49:56.5638751Z   type: 'test'
2026-10-10T04:49:56.5641369Z   ...
2026-10-10T04:49:56.5644963Z # Subtest: stream rejects changed root/session/scope and events without an initial observation
2026-10-10T04:49:56.5647699Z ok 32 - stream rejects changed root/session/scope and events without an initial observation
2026-10-10T04:49:56.5649408Z   ---
2026-10-10T04:49:56.5651517Z   duration_ms: 4.4205
2026-10-10T04:49:56.5653317Z   type: 'test'
2026-10-10T04:49:56.5655662Z   ...
2026-10-10T04:49:56.5662495Z # Subtest: stream cursor advances only after delivery and rejects duplicate IDs and conflicting end cursors
2026-10-10T04:49:56.5665606Z ok 33 - stream cursor advances only after delivery and rejects duplicate IDs and conflicting end cursors
2026-10-10T04:49:56.5669994Z   ---
2026-10-10T04:49:56.5672409Z   duration_ms: 3.9948
2026-10-10T04:49:56.5675175Z   type: 'test'
2026-10-10T04:49:56.5676979Z   ...
2026-10-10T04:49:56.5679639Z # Subtest: stream validates admission values and an abort during token lookup cannot send a request
2026-10-10T04:49:56.5688224Z ok 34 - stream validates admission values and an abort during token lookup cannot send a request
2026-10-10T04:49:56.5691127Z   ---
2026-10-10T04:49:56.5693836Z   duration_ms: 0.8341
2026-10-10T04:49:56.5697402Z   type: 'test'
2026-10-10T04:49:56.5699553Z   ...
2026-10-10T04:49:56.5702567Z # Subtest: stream detach preserves delivered cursor and a rejected callback never acknowledges its event
2026-10-10T04:49:56.5704637Z ok 35 - stream detach preserves delivered cursor and a rejected callback never acknowledges its event
2026-10-10T04:49:56.5707578Z   ---
2026-10-10T04:49:56.5709848Z   duration_ms: 7.499
2026-10-10T04:49:56.5711909Z   type: 'test'
2026-10-10T04:49:56.5715927Z   ...
2026-10-10T04:49:56.5719903Z # Subtest: EOF, malformed JSON and unsupported frames retain the last accepted cursor
2026-10-10T04:49:56.5723658Z ok 36 - EOF, malformed JSON and unsupported frames retain the last accepted cursor
2026-10-10T04:49:56.5726793Z   ---
2026-10-10T04:49:56.5728575Z   duration_ms: 11.1723
2026-10-10T04:49:56.5730834Z   type: 'test'
2026-10-10T04:49:56.5732933Z   ...
2026-10-10T04:49:56.5735411Z # Subtest: actual reader and subscription reconnect clean EOF at the accepted cursor without replaying commands or events
2026-10-10T04:49:56.5739194Z ok 37 - actual reader and subscription reconnect clean EOF at the accepted cursor without replaying commands or events
2026-10-10T04:49:56.5744907Z   ---
2026-10-10T04:49:56.5748377Z   duration_ms: 45.7356
2026-10-10T04:49:56.5749449Z   type: 'test'
2026-10-10T04:49:56.5751532Z   ...
2026-10-10T04:49:56.5753939Z # Subtest: clean EOF retry stops after its bounded attempts while preserving the acknowledged cursor
2026-10-10T04:49:56.5757328Z ok 38 - clean EOF retry stops after its bounded attempts while preserving the acknowledged cursor
2026-10-10T04:49:56.5762693Z   ---
2026-10-10T04:49:56.5764708Z   duration_ms: 3.7691
2026-10-10T04:49:56.5767106Z   type: 'test'
2026-10-10T04:49:56.5769167Z   ...
2026-10-10T04:49:56.5771653Z # Subtest: resume uses the accepted scoped cursor and HTTP rejection does not trigger a fallback or command
2026-10-10T04:49:56.5775092Z ok 39 - resume uses the accepted scoped cursor and HTTP rejection does not trigger a fallback or command
2026-10-10T04:49:56.5778220Z   ---
2026-10-10T04:49:56.5780545Z   duration_ms: 1.4914
2026-10-10T04:49:56.5783032Z   type: 'test'
2026-10-10T04:49:56.5785149Z   ...
2026-10-10T04:49:56.5787511Z # Subtest: workspace skill inspection uses the native read-only catalogue without inventing activation
2026-10-10T04:49:56.5791062Z ok 40 - workspace skill inspection uses the native read-only catalogue without inventing activation
2026-10-10T04:49:56.5794370Z   ---
2026-10-10T04:49:56.5796159Z   duration_ms: 0.3717
2026-10-10T04:49:56.5799404Z   type: 'test'
2026-10-10T04:49:56.5801982Z   ...
2026-10-10T04:49:56.5804127Z # Subtest: owned-child client keeps parent scope and validates the committed tree cursor
2026-10-10T04:49:56.5807326Z ok 41 - owned-child client keeps parent scope and validates the committed tree cursor
2026-10-10T04:49:56.5844108Z   ---
2026-10-10T04:49:56.5856938Z   duration_ms: 0.8845
2026-10-10T04:49:56.5955899Z   type: 'test'
2026-10-10T04:49:56.5960798Z   ...
2026-10-10T04:49:56.5963778Z # Subtest: owned observation covers concurrent admission and paged events without inventing aggregate usage
2026-10-10T04:49:56.5966749Z ok 42 - owned observation covers concurrent admission and paged events without inventing aggregate usage
2026-10-10T04:49:56.5969140Z   ---
2026-10-10T04:49:56.5972336Z   duration_ms: 11.5864
2026-10-10T04:49:56.5975990Z   type: 'test'
2026-10-10T04:49:56.5978261Z   ...
2026-10-10T04:49:56.5981021Z # Subtest: owned observation rejects foreign children and events before requesting private child history
2026-10-10T04:49:56.5984343Z ok 43 - owned observation rejects foreign children and events before requesting private child history
2026-10-10T04:49:56.5988362Z   ---
2026-10-10T04:49:56.5991190Z   duration_ms: 0.645
2026-10-10T04:49:56.5994708Z   type: 'test'
2026-10-10T04:49:56.5997181Z   ...
2026-10-10T04:49:56.5998909Z # Subtest: agent and graph requests preserve the observed profile binding without silently acquiring a newer revision
2026-10-10T04:49:56.6003421Z ok 44 - agent and graph requests preserve the observed profile binding without silently acquiring a newer revision
2026-10-10T04:49:56.6007553Z   ---
2026-10-10T04:49:56.6009928Z   duration_ms: 5.7101
2026-10-10T04:49:56.6010897Z   type: 'test'
2026-10-10T04:49:56.6013571Z   ...
2026-10-10T04:49:56.6018220Z # Subtest: client accepts only an advertised GenerateContent route and carries its native wire through profile admission
2026-10-10T04:49:56.6022459Z ok 45 - client accepts only an advertised GenerateContent route and carries its native wire through profile admission
2026-10-10T04:49:56.6025997Z   ---
2026-10-10T04:49:56.6032432Z   duration_ms: 2.1874
2026-10-10T04:49:56.6034919Z   type: 'test'
2026-10-10T04:49:56.6036778Z   ...
2026-10-10T04:49:56.6039826Z # Subtest: native provider profile client preserves route, key omission, activation and revision at its authenticated origin
2026-10-10T04:49:56.6045165Z ok 46 - native provider profile client preserves route, key omission, activation and revision at its authenticated origin
2026-10-10T04:49:56.6048024Z   ---
2026-10-10T04:49:56.6049759Z   duration_ms: 1.2628
2026-10-10T04:49:56.6051636Z   type: 'test'
2026-10-10T04:49:56.6054438Z   ...
2026-10-10T04:49:56.6057180Z # Subtest: advertised Gemini Settings discovery keeps full model resources and publishes a profile only after footer selection
2026-10-10T04:49:56.6061416Z ok 47 - advertised Gemini Settings discovery keeps full model resources and publishes a profile only after footer selection
2026-10-10T04:49:56.6063386Z   ---
2026-10-10T04:49:56.6065153Z   duration_ms: 4.5193
2026-10-10T04:49:56.6066809Z   type: 'test'
2026-10-10T04:49:56.6070530Z   ...
2026-10-10T04:49:56.6081057Z # Subtest: Gemini Settings cannot discover through absent, disabled or foreign advertised routes
2026-10-10T04:49:56.6112176Z ok 48 - Gemini Settings cannot discover through absent, disabled or foreign advertised routes
2026-10-10T04:49:56.6115158Z   ---
2026-10-10T04:49:56.6119671Z   duration_ms: 7.7643
2026-10-10T04:49:56.6125208Z   type: 'test'
2026-10-10T04:49:56.6127116Z   ...
2026-10-10T04:49:56.6135364Z # Subtest: profile metadata rejects secret references, duplicate identities and inconsistent backend route families
2026-10-10T04:49:56.6138714Z ok 49 - profile metadata rejects secret references, duplicate identities and inconsistent backend route families
2026-10-10T04:49:56.6141559Z   ---
2026-10-10T04:49:56.6143024Z   duration_ms: 4.0354
2026-10-10T04:49:56.6146620Z   type: 'test'
2026-10-10T04:49:56.6147053Z   ...
2026-10-10T04:49:56.6149629Z # Subtest: invalid profile mutations never leave the client and discovery rejects key reflection
2026-10-10T04:49:56.6153219Z ok 50 - invalid profile mutations never leave the client and discovery rejects key reflection
2026-10-10T04:49:56.6155380Z   ---
2026-10-10T04:49:56.6159015Z   duration_ms: 0.4781
2026-10-10T04:49:56.6161195Z   type: 'test'
2026-10-10T04:49:56.6165252Z   ...
2026-10-10T04:49:56.6167009Z # Subtest: graph access adapter preserves backend identity, revision and raw human JSON
2026-10-10T04:49:56.6171957Z ok 51 - graph access adapter preserves backend identity, revision and raw human JSON
2026-10-10T04:49:56.6174786Z   ---
2026-10-10T04:49:56.6176992Z   duration_ms: 0.5475
2026-10-10T04:49:56.6181450Z   type: 'test'
2026-10-10T04:49:56.6182855Z   ...
2026-10-10T04:49:56.6187333Z # Subtest: session discovery, URL encoding, error handling and origin boundaries
2026-10-10T04:49:56.6190637Z ok 52 - session discovery, URL encoding, error handling and origin boundaries
2026-10-10T04:49:56.6193422Z   ---
2026-10-10T04:49:56.6197529Z   duration_ms: 84.2705
2026-10-10T04:49:56.6217330Z   type: 'test'
2026-10-10T04:49:56.6228342Z   ...
2026-10-10T04:49:56.6231721Z # Subtest: origin-scoped authentication and native request bodies
2026-10-10T04:49:56.6234684Z ok 53 - origin-scoped authentication and native request bodies
2026-10-10T04:49:56.6240220Z   ---
2026-10-10T04:49:56.6247323Z   duration_ms: 0.7812
2026-10-10T04:49:56.6252812Z   type: 'test'
2026-10-10T04:49:56.6255601Z   ...
2026-10-10T04:49:56.7699873Z # Subtest: selection creates an exact relative data draft without claiming a filesystem snapshot
2026-10-10T04:49:56.7708524Z ok 54 - selection creates an exact relative data draft without claiming a filesystem snapshot
2026-10-10T04:49:56.7809974Z   ---
2026-10-10T04:49:56.7831483Z   duration_ms: 3.9735
2026-10-10T04:49:56.7834830Z   type: 'test'
2026-10-10T04:49:56.7837810Z   ...
2026-10-10T04:49:56.7838587Z # Subtest: unsaved Unicode buffer text is preserved and labelled without a save action
2026-10-10T04:49:56.7843199Z ok 55 - unsaved Unicode buffer text is preserved and labelled without a save action
2026-10-10T04:49:56.7844729Z   ---
2026-10-10T04:49:56.7849311Z   duration_ms: 0.6597
2026-10-10T04:49:56.7851551Z   type: 'test'
2026-10-10T04:49:56.7853689Z   ...
2026-10-10T04:49:56.7856355Z # Subtest: virtual, empty, private and linked selections are rejected before buffer reads
2026-10-10T04:49:56.7858447Z ok 56 - virtual, empty, private and linked selections are rejected before buffer reads
2026-10-10T04:49:56.7859389Z   ---
2026-10-10T04:49:56.7859830Z   duration_ms: 2.4519
2026-10-10T04:49:56.7860319Z   type: 'test'
2026-10-10T04:49:56.7860737Z   ...
2026-10-10T04:49:56.7861659Z # Subtest: sibling roots, aliases and case-sensitive canonical siblings cannot supply context
2026-10-10T04:49:56.7863078Z ok 57 - sibling roots, aliases and case-sensitive canonical siblings cannot supply context
2026-10-10T04:49:56.7864004Z   ---
2026-10-10T04:49:56.7864446Z   duration_ms: 1.3844
2026-10-10T04:49:56.7864929Z   type: 'test'
2026-10-10T04:49:56.7865358Z   ...
2026-10-10T04:49:56.7866242Z # Subtest: editor version and selection changes during filesystem observation are rejected
2026-10-10T04:49:56.7868005Z ok 58 - editor version and selection changes during filesystem observation are rejected
2026-10-10T04:49:56.7868902Z   ---
2026-10-10T04:49:56.7869340Z   duration_ms: 1.9246
2026-10-10T04:49:56.7869837Z   type: 'test'
2026-10-10T04:49:56.7870625Z   ...
2026-10-10T04:49:56.7871487Z # Subtest: oversized and malformed selected text is rejected without silent truncation
2026-10-10T04:49:56.7872823Z ok 59 - oversized and malformed selected text is rejected without silent truncation
2026-10-10T04:49:56.7873708Z   ---
2026-10-10T04:49:56.7874161Z   duration_ms: 3.9512
2026-10-10T04:49:56.7874664Z   type: 'test'
2026-10-10T04:49:56.7875098Z   ...
2026-10-10T04:49:56.7875901Z # Subtest: a retargeted editor path is rejected after reading the original buffer
2026-10-10T04:49:56.7878795Z ok 60 - a retargeted editor path is rejected after reading the original buffer
2026-10-10T04:49:56.7894378Z   ---
2026-10-10T04:49:56.7895415Z   duration_ms: 0.6075
2026-10-10T04:49:56.7897751Z   type: 'test'
2026-10-10T04:49:56.7902407Z   ...
2026-10-10T04:49:56.7903194Z # Subtest: unconfigured, replaced workspace and stale adapter observations yield no context
2026-10-10T04:49:56.7906676Z ok 61 - unconfigured, replaced workspace and stale adapter observations yield no context
2026-10-10T04:49:56.7909790Z   ---
2026-10-10T04:49:56.7912733Z   duration_ms: 0.7285
2026-10-10T04:49:56.7916098Z   type: 'test'
2026-10-10T04:49:56.7918091Z   ...
2026-10-10T04:49:56.7949281Z # Subtest: sidebar renders committed subscription events and refreshes metadata without a periodic timer
2026-10-10T04:49:56.7956151Z ok 62 - sidebar renders committed subscription events and refreshes metadata without a periodic timer
2026-10-10T04:49:56.7959374Z   ---
2026-10-10T04:49:56.7959706Z   duration_ms: 98.2377
2026-10-10T04:49:56.7965116Z   type: 'test'
2026-10-10T04:49:56.7968980Z   ...
2026-10-10T04:49:56.7971779Z # Subtest: sidebar terminal snapshot retains queued completion frames until native stream acknowledgement
2026-10-10T04:49:56.7974639Z ok 63 - sidebar terminal snapshot retains queued completion frames until native stream acknowledgement
2026-10-10T04:49:56.7977501Z   ---
2026-10-10T04:49:56.7981393Z   duration_ms: 9.8505
2026-10-10T04:49:56.7985417Z   type: 'test'
2026-10-10T04:49:56.7987759Z   ...
2026-10-10T04:49:56.7989954Z # Subtest: sidebar selection retires its feed, delayed events and queued metadata refresh
2026-10-10T04:49:56.7992437Z ok 64 - sidebar selection retires its feed, delayed events and queued metadata refresh
2026-10-10T04:49:56.7994361Z   ---
2026-10-10T04:49:56.7996944Z   duration_ms: 8.0666
2026-10-10T04:49:56.8000403Z   type: 'test'
2026-10-10T04:49:56.8001877Z   ...
2026-10-10T04:49:56.8004509Z # Subtest: sidebar graph stream refreshes child transcript after direct committed delivery
2026-10-10T04:49:56.8007048Z ok 65 - sidebar graph stream refreshes child transcript after direct committed delivery
2026-10-10T04:49:56.8010277Z   ---
2026-10-10T04:49:56.8011589Z   duration_ms: 26.6811
2026-10-10T04:49:56.8012234Z   type: 'test'
2026-10-10T04:49:56.8013311Z   ...
2026-10-10T04:49:56.8015786Z # Subtest: selection command appends a backend-bound sidebar draft without a question popup or inference
2026-10-10T04:49:56.8019160Z ok 66 - selection command appends a backend-bound sidebar draft without a question popup or inference
2026-10-10T04:49:56.8021961Z   ---
2026-10-10T04:49:56.8023662Z   duration_ms: 41.045
2026-10-10T04:49:56.8024634Z   type: 'test'
2026-10-10T04:49:56.8027264Z   ...
2026-10-10T04:49:56.8030374Z # Subtest: selection rejected by its source adapter adds no draft and submits no model request
2026-10-10T04:49:56.8033327Z ok 67 - selection rejected by its source adapter adds no draft and submits no model request
2026-10-10T04:49:56.8035590Z   ---
2026-10-10T04:49:56.8039488Z   duration_ms: 7.0788
2026-10-10T04:49:56.8041381Z   type: 'test'
2026-10-10T04:49:56.8042881Z   ...
2026-10-10T04:49:56.8045170Z # Subtest: sidebar focus can clear the active editor without discarding the captured document
2026-10-10T04:49:56.8048883Z ok 68 - sidebar focus can clear the active editor without discarding the captured document
2026-10-10T04:49:56.8050682Z   ---
2026-10-10T04:49:56.8053147Z   duration_ms: 7.6301
2026-10-10T04:49:56.8055343Z   type: 'test'
2026-10-10T04:49:56.8056831Z   ...
2026-10-10T04:49:56.8058872Z # Subtest: a workspace change while selection capture is pending discards its context
2026-10-10T04:49:56.8061017Z ok 69 - a workspace change while selection capture is pending discards its context
2026-10-10T04:49:56.8063544Z   ---
2026-10-10T04:49:56.8065285Z   duration_ms: 8.5471
2026-10-10T04:49:56.8067472Z   type: 'test'
2026-10-10T04:49:56.8070887Z   ...
2026-10-10T04:49:56.8073274Z # Subtest: context queued before sidebar readiness is discarded on workspace reconnection
2026-10-10T04:49:56.8076187Z ok 70 - context queued before sidebar readiness is discarded on workspace reconnection
2026-10-10T04:49:56.8077941Z   ---
2026-10-10T04:49:56.8080514Z   duration_ms: 14.9999
2026-10-10T04:49:56.8082475Z   type: 'test'
2026-10-10T04:49:56.8083505Z   ...
2026-10-10T04:49:56.8086553Z # Subtest: sidebar reports actual native file-proposal policy and clears it when switching to a legacy backend
2026-10-10T04:49:56.8091380Z ok 71 - sidebar reports actual native file-proposal policy and clears it when switching to a legacy backend
2026-10-10T04:49:56.8093786Z   ---
2026-10-10T04:49:56.8095138Z   duration_ms: 16.2782
2026-10-10T04:49:56.8097657Z   type: 'test'
2026-10-10T04:49:56.8100840Z   ...
2026-10-10T04:49:56.8103313Z # Subtest: pending backend changes are disclosed without replacing the saved conversation or replaying its run
2026-10-10T04:49:56.8106015Z ok 72 - pending backend changes are disclosed without replacing the saved conversation or replaying its run
2026-10-10T04:49:56.8108200Z   ---
2026-10-10T04:49:56.8109711Z   duration_ms: 6.1656
2026-10-10T04:49:56.8111791Z   type: 'test'
2026-10-10T04:49:56.8115023Z   ...
2026-10-10T04:49:56.8117753Z # Subtest: VS Code conversation selection recovers discovery when native provider publication outlives its retired acknowledgement
2026-10-10T04:49:56.8120855Z ok 73 - VS Code conversation selection recovers discovery when native provider publication outlives its retired acknowledgement
2026-10-10T04:49:56.8122756Z   ---
2026-10-10T04:49:56.8124607Z   duration_ms: 18.2434
2026-10-10T04:49:56.8127077Z   type: 'test'
2026-10-10T04:49:56.8130844Z   ...
2026-10-10T04:49:56.8133752Z # Subtest: VS Code recovery discards a late catalogue after another conversation intent and reads the current profile without writes
2026-10-10T04:49:56.8136797Z ok 74 - VS Code recovery discards a late catalogue after another conversation intent and reads the current profile without writes
2026-10-10T04:49:56.8138711Z   ---
2026-10-10T04:49:56.8141550Z   duration_ms: 5.7825
2026-10-10T04:49:56.8143633Z   type: 'test'
2026-10-10T04:49:56.8145594Z   ...
2026-10-10T04:49:56.8148471Z # Subtest: VS Code retains saved-profile discovery after Settings close and conversation selection, and rejects another-view stale catalogue
2026-10-10T04:49:56.8151627Z ok 75 - VS Code retains saved-profile discovery after Settings close and conversation selection, and rejects another-view stale catalogue
2026-10-10T04:49:56.8153548Z   ---
2026-10-10T04:49:56.8154803Z   duration_ms: 8.6745
2026-10-10T04:49:56.8156930Z   type: 'test'
2026-10-10T04:49:56.8160284Z   ...
2026-10-10T04:49:56.8163050Z # Subtest: opened folder changes rebind the existing sidebar to its own backend and clear the old draft/observations without cancelling execution
2026-10-10T04:49:56.8166193Z ok 76 - opened folder changes rebind the existing sidebar to its own backend and clear the old draft/observations without cancelling execution
2026-10-10T04:49:56.8168174Z   ---
2026-10-10T04:49:56.8169940Z   duration_ms: 5.6406
2026-10-10T04:49:56.8172187Z   type: 'test'
2026-10-10T04:49:56.8175375Z   ...
2026-10-10T04:49:56.8177788Z # Subtest: an accepted old-folder run survives a delayed reply without becoming the new folder observation
2026-10-10T04:49:56.8243891Z ok 77 - an accepted old-folder run survives a delayed reply without becoming the new folder observation
2026-10-10T04:49:56.8268170Z   ---
2026-10-10T04:49:56.8270164Z   duration_ms: 6.51
2026-10-10T04:49:56.8272223Z   type: 'test'
2026-10-10T04:49:56.8275565Z   ...
2026-10-10T04:49:56.8278505Z # Subtest: VS Code footer provider command selects a saved key-only profile via native CAS, then discovers without a key and waits for explicit model choice
2026-10-10T04:49:56.8282058Z ok 78 - VS Code footer provider command selects a saved key-only profile via native CAS, then discovers without a key and waits for explicit model choice
2026-10-10T04:49:56.8284778Z   ---
2026-10-10T04:49:56.8286437Z   duration_ms: 6.5181
2026-10-10T04:49:56.8288935Z   type: 'test'
2026-10-10T04:49:56.8290240Z   ...
2026-10-10T04:49:56.8293436Z # Subtest: VS Code context control uses actual observed head and keeps the request acknowledgement separate from completed execution
2026-10-10T04:49:56.8296788Z ok 79 - VS Code context control uses actual observed head and keeps the request acknowledgement separate from completed execution
2026-10-10T04:49:56.8299050Z   ---
2026-10-10T04:49:56.8300631Z   duration_ms: 8.153
2026-10-10T04:49:56.8302521Z   type: 'test'
2026-10-10T04:49:56.8304403Z   ...
2026-10-10T04:49:56.8308931Z # Subtest: VS Code graph Resume is bound to selected root and freshly observed checkpoint/eligibility
2026-10-10T04:49:56.8311812Z ok 80 - VS Code graph Resume is bound to selected root and freshly observed checkpoint/eligibility
2026-10-10T04:49:56.8313974Z   ---
2026-10-10T04:49:56.8315545Z   duration_ms: 7.0862
2026-10-10T04:49:56.8317110Z   type: 'test'
2026-10-10T04:49:56.8318891Z   ...
2026-10-10T04:49:56.8323777Z # Subtest: VS Code Agent observes scoped leaf histories and tree events without inventing a graph or resubmitting work
2026-10-10T04:49:56.8327235Z ok 81 - VS Code Agent observes scoped leaf histories and tree events without inventing a graph or resubmitting work
2026-10-10T04:49:56.8334058Z   ---
2026-10-10T04:49:56.8347879Z   duration_ms: 11.0425
2026-10-10T04:49:56.8363633Z   type: 'test'
2026-10-10T04:49:56.8364735Z   ...
2026-10-10T04:49:56.8367837Z # Subtest: native admission profile conflict updates the sidebar account/model without task replay
2026-10-10T04:49:56.8372305Z ok 82 - native admission profile conflict updates the sidebar account/model without task replay
2026-10-10T04:49:56.8375327Z   ---
2026-10-10T04:49:56.8377959Z   duration_ms: 4.5806
2026-10-10T04:49:56.8379658Z   type: 'test'
2026-10-10T04:49:56.8380187Z   ...
2026-10-10T04:49:56.8382086Z # Subtest: native terminal state refreshes transcript and stops polling with durable operation inspection
2026-10-10T04:49:56.8385707Z ok 83 - native terminal state refreshes transcript and stops polling with durable operation inspection
2026-10-10T04:49:56.8389619Z   ---
2026-10-10T04:49:56.8391124Z   duration_ms: 4.3684
2026-10-10T04:49:56.8393167Z   type: 'test'
2026-10-10T04:49:56.8394388Z   ...
2026-10-10T04:49:56.8397527Z # Subtest: saved Responses enrollment restores discovery and reports the native wire
2026-10-10T04:49:56.8400070Z ok 84 - saved Responses enrollment restores discovery and reports the native wire
2026-10-10T04:49:56.8401612Z   ---
2026-10-10T04:49:56.8403779Z   duration_ms: 5.5123
2026-10-10T04:49:56.8405339Z   type: 'test'
2026-10-10T04:49:56.8406892Z   ...
2026-10-10T04:49:56.8409161Z # Subtest: extension answers only a displayed and freshly owned question with exact raw input/CAS, without changing approval authority
2026-10-10T04:49:56.8412814Z ok 85 - extension answers only a displayed and freshly owned question with exact raw input/CAS, without changing approval authority
2026-10-10T04:49:56.8415940Z   ---
2026-10-10T04:49:56.8417744Z   duration_ms: 15.8314
2026-10-10T04:49:56.8419647Z   type: 'test'
2026-10-10T04:49:56.8421586Z   ...
2026-10-10T04:49:56.8423672Z # Subtest: extension rejects forged question fields, duplicate input keys and stale fresh-head observations before POST
2026-10-10T04:49:56.8427166Z ok 86 - extension rejects forged question fields, duplicate input keys and stale fresh-head observations before POST
2026-10-10T04:49:56.8431361Z   ---
2026-10-10T04:49:56.8432943Z   duration_ms: 8.3185
2026-10-10T04:49:56.8434412Z   type: 'test'
2026-10-10T04:49:56.8436497Z   ...
2026-10-10T04:49:56.8441471Z # Subtest: extension final-human-only ready paused owner exposes authenticated explicit resume with the observed preconditions
2026-10-10T04:49:56.8445708Z ok 87 - extension final-human-only ready paused owner exposes authenticated explicit resume with the observed preconditions
2026-10-10T04:49:56.8450422Z   ---
2026-10-10T04:49:56.8452152Z   duration_ms: 24.6709
2026-10-10T04:49:56.8454177Z   type: 'test'
2026-10-10T04:49:56.8456055Z   ...
2026-10-10T04:49:56.8458299Z # Subtest: extension close during fresh plan revalidation cannot post an answer or publish its obsolete observation
2026-10-10T04:49:56.8461560Z ok 88 - extension close during fresh plan revalidation cannot post an answer or publish its obsolete observation
2026-10-10T04:49:56.8463688Z   ---
2026-10-10T04:49:56.8465780Z   duration_ms: 5.7577
2026-10-10T04:49:56.8469163Z   type: 'test'
2026-10-10T04:49:56.8470641Z   ...
2026-10-10T04:49:56.8473292Z # Subtest: extension plan-read conflict clears the old action projection and never retries its input mutation
2026-10-10T04:49:56.8475957Z ok 89 - extension plan-read conflict clears the old action projection and never retries its input mutation
2026-10-10T04:49:56.8477589Z   ---
2026-10-10T04:49:56.8479652Z   duration_ms: 4.4956
2026-10-10T04:49:56.8483314Z   type: 'test'
2026-10-10T04:49:56.8484768Z   ...
2026-10-10T04:49:56.8487357Z # Subtest: settings key fetches a sidebar list; only a separate model selection saves encrypted backend settings
2026-10-10T04:49:56.8490131Z ok 90 - settings key fetches a sidebar list; only a separate model selection saves encrypted backend settings
2026-10-10T04:49:56.8492213Z   ---
2026-10-10T04:49:56.8493862Z   duration_ms: 6.6526
2026-10-10T04:49:56.8497619Z   type: 'test'
2026-10-10T04:49:56.8524548Z   ...
2026-10-10T04:49:56.8526960Z # Subtest: sidebar selection rejects an ID outside the actual discovery response
2026-10-10T04:49:56.8529249Z ok 91 - sidebar selection rejects an ID outside the actual discovery response
2026-10-10T04:49:56.8531288Z   ---
2026-10-10T04:49:56.8535183Z   duration_ms: 4.5571
2026-10-10T04:49:56.8536772Z   type: 'test'
2026-10-10T04:49:56.8539027Z   ...
2026-10-10T04:49:56.8542391Z # Subtest: sidebar rename binds selected session and original title, refreshes metadata and reports conflicts without inference
2026-10-10T04:49:56.8551280Z ok 92 - sidebar rename binds selected session and original title, refreshes metadata and reports conflicts without inference
2026-10-10T04:49:56.8555298Z   ---
2026-10-10T04:49:56.8557169Z   duration_ms: 10.2016
2026-10-10T04:49:56.8558713Z   type: 'test'
2026-10-10T04:49:56.8559954Z   ...
2026-10-10T04:49:56.8562429Z # Subtest: invalid keys and unsupported provider destinations never transmit credentials
2026-10-10T04:49:56.8565225Z ok 93 - invalid keys and unsupported provider destinations never transmit credentials
2026-10-10T04:49:56.8569022Z   ---
2026-10-10T04:49:56.8572560Z   duration_ms: 14.6861
2026-10-10T04:49:56.8573507Z   type: 'test'
2026-10-10T04:49:56.8577520Z   ...
2026-10-10T04:49:56.8580186Z # Subtest: discovery errors and malformed or empty catalogs never save provider settings
2026-10-10T04:49:56.8583410Z ok 94 - discovery errors and malformed or empty catalogs never save provider settings
2026-10-10T04:49:56.8585868Z   ---
2026-10-10T04:49:56.8587725Z   duration_ms: 13.0151
2026-10-10T04:49:56.8588874Z   type: 'test'
2026-10-10T04:49:56.8593203Z   ...
2026-10-10T04:49:56.8595755Z # Subtest: closing during discovery prevents publishing a list or saving a credential
2026-10-10T04:49:56.8598786Z ok 95 - closing during discovery prevents publishing a list or saving a credential
2026-10-10T04:49:56.8603133Z   ---
2026-10-10T04:49:56.8603992Z   duration_ms: 6.3034
2026-10-10T04:49:56.8608055Z   type: 'test'
2026-10-10T04:49:56.8614115Z   ...
2026-10-10T04:49:56.8618574Z # Subtest: saved key populates the sidebar automatically and changes models without a key popup
2026-10-10T04:49:56.8629115Z ok 96 - saved key populates the sidebar automatically and changes models without a key popup
2026-10-10T04:49:56.8631724Z   ---
2026-10-10T04:49:56.8635701Z   duration_ms: 4.6634
2026-10-10T04:49:56.8637562Z   type: 'test'
2026-10-10T04:49:56.8640286Z   ...
2026-10-10T04:49:56.8645586Z # Subtest: rejected saved key shows settings guidance and replacement uses the same sidebar selection
2026-10-10T04:49:56.8647936Z ok 97 - rejected saved key shows settings guidance and replacement uses the same sidebar selection
2026-10-10T04:49:56.8652526Z   ---
2026-10-10T04:49:56.8654395Z   duration_ms: 6.6313
2026-10-10T04:49:56.8656866Z   type: 'test'
2026-10-10T04:49:56.8659551Z   ...
2026-10-10T04:49:56.8662072Z # Subtest: graph observation keeps child transcript and usage out of the root stream
2026-10-10T04:49:56.8663311Z ok 98 - graph observation keeps child transcript and usage out of the root stream
2026-10-10T04:49:56.8664314Z   ---
2026-10-10T04:49:56.8664781Z   duration_ms: 18.6494
2026-10-10T04:49:56.8667863Z   type: 'test'
2026-10-10T04:49:56.8668224Z   ...
2026-10-10T04:49:56.8669089Z # Subtest: human input binds observed root, waiting node and exact checkpoint; raw JSON reaches the backend
2026-10-10T04:49:56.8670441Z ok 99 - human input binds observed root, waiting node and exact checkpoint; raw JSON reaches the backend
2026-10-10T04:49:56.8671215Z   ---
2026-10-10T04:49:56.8671491Z   duration_ms: 10.414
2026-10-10T04:49:56.8671811Z   type: 'test'
2026-10-10T04:49:56.8672085Z   ...
2026-10-10T04:49:56.8672878Z # Subtest: selection intent invalidates queued human input before another conversation is displayed
2026-10-10T04:49:56.8674166Z ok 100 - selection intent invalidates queued human input before another conversation is displayed
2026-10-10T04:49:56.8674921Z   ---
2026-10-10T04:49:56.8675190Z   duration_ms: 6.3928
2026-10-10T04:49:56.8675520Z   type: 'test'
2026-10-10T04:49:56.8675794Z   ...
2026-10-10T04:49:56.8676665Z # Subtest: graph child approval retains exact current operation review and uses the shared decision endpoint
2026-10-10T04:49:56.8678277Z ok 101 - graph child approval retains exact current operation review and uses the shared decision endpoint
2026-10-10T04:49:56.8679084Z   ---
2026-10-10T04:49:56.8679357Z   duration_ms: 7.9526
2026-10-10T04:49:56.8679670Z   type: 'test'
2026-10-10T04:49:56.8679942Z   ...
2026-10-10T04:49:56.8684603Z # Subtest: graph catalog allows model-free tool graphs and rejects arbitrary view plans or graph IDs
2026-10-10T04:49:56.8686038Z ok 102 - graph catalog allows model-free tool graphs and rejects arbitrary view plans or graph IDs
2026-10-10T04:49:56.8686860Z   ---
2026-10-10T04:49:56.8687158Z   duration_ms: 5.3179
2026-10-10T04:49:56.8687593Z   type: 'test'
2026-10-10T04:49:56.8692134Z   ...
2026-10-10T04:49:56.8695792Z # Subtest: workflow choice persists for the same backend and restores only an advertised executable graph
2026-10-10T04:49:56.8699099Z ok 103 - workflow choice persists for the same backend and restores only an advertised executable graph
2026-10-10T04:49:56.8702198Z   ---
2026-10-10T04:49:56.8704794Z   duration_ms: 5.3491
2026-10-10T04:49:56.8706007Z   type: 'test'
2026-10-10T04:49:56.8710801Z   ...
2026-10-10T04:49:56.8715788Z # Subtest: older run inspection remains accessible and selected run persists across view reopening
2026-10-10T04:49:56.8718636Z ok 104 - older run inspection remains accessible and selected run persists across view reopening
2026-10-10T04:49:56.8722562Z   ---
2026-10-10T04:49:56.8723694Z   duration_ms: 9.5021
2026-10-10T04:49:56.8725105Z   type: 'test'
2026-10-10T04:49:56.8730787Z   ...
2026-10-10T04:49:56.8735656Z # Subtest: run selection rejects IDs outside the selected conversation before fetching their details
2026-10-10T04:49:56.8739051Z ok 105 - run selection rejects IDs outside the selected conversation before fetching their details
2026-10-10T04:49:56.8742750Z   ---
2026-10-10T04:49:56.8746240Z   duration_ms: 10.3972
2026-10-10T04:49:56.8749114Z   type: 'test'
2026-10-10T04:49:56.8751039Z   ...
2026-10-10T04:49:56.8756683Z # Subtest: older terminal run keeps observing an active conversation and rejects another submission
2026-10-10T04:49:56.8763292Z ok 106 - older terminal run keeps observing an active conversation and rejects another submission
2026-10-10T04:49:56.8765438Z   ---
2026-10-10T04:49:56.8768230Z   duration_ms: 7.4539
2026-10-10T04:49:56.8769960Z   type: 'test'
2026-10-10T04:49:56.8771791Z   ...
2026-10-10T04:49:56.8772930Z # Subtest: uncertain edit inspection uses the host-only read endpoint without deciding or accepting webview paths
2026-10-10T04:49:56.8788096Z ok 107 - uncertain edit inspection uses the host-only read endpoint without deciding or accepting webview paths
2026-10-10T04:49:56.8789141Z   ---
2026-10-10T04:49:56.8791344Z   duration_ms: 4.4867
2026-10-10T04:49:56.8793666Z   type: 'test'
2026-10-10T04:49:56.8800862Z   ...
2026-10-10T04:49:56.8802833Z # Subtest: inspection rejects a different backend operation and discards observations after selection changes
2026-10-10T04:49:56.8807750Z ok 108 - inspection rejects a different backend operation and discards observations after selection changes
2026-10-10T04:49:56.8809081Z   ---
2026-10-10T04:49:56.8809662Z   duration_ms: 7.1211
2026-10-10T04:49:56.8810264Z   type: 'test'
2026-10-10T04:49:56.8810835Z   ...
2026-10-10T04:49:56.8811859Z # Subtest: only a reviewed pending operation can be decided and payload stays backend-owned
2026-10-10T04:49:56.8813300Z ok 109 - only a reviewed pending operation can be decided and payload stays backend-owned
2026-10-10T04:49:56.8814201Z   ---
2026-10-10T04:49:56.8814653Z   duration_ms: 6.2004
2026-10-10T04:49:56.8815155Z   type: 'test'
2026-10-10T04:49:56.8815609Z   ...
2026-10-10T04:49:56.8816523Z # Subtest: closing the view during proposal revalidation cannot send an approval
2026-10-10T04:49:56.8818190Z ok 110 - closing the view during proposal revalidation cannot send an approval
2026-10-10T04:49:56.8819137Z   ---
2026-10-10T04:49:56.8820671Z   duration_ms: 5.4596
2026-10-10T04:49:56.8821311Z   type: 'test'
2026-10-10T04:49:56.8821940Z   ...
2026-10-10T04:49:56.8912963Z # Subtest: changed proposal bytes invalidate the displayed review
2026-10-10T04:49:56.8915869Z ok 111 - changed proposal bytes invalidate the displayed review
2026-10-10T04:49:56.8919172Z   ---
2026-10-10T04:49:56.8921536Z   duration_ms: 16.2448
2026-10-10T04:49:56.8929341Z   type: 'test'
2026-10-10T04:49:56.8932829Z   ...
2026-10-10T04:49:56.8991630Z # Subtest: session selection intent invalidates an in-flight approval before queued selection runs
2026-10-10T04:49:56.9011430Z ok 112 - session selection intent invalidates an in-flight approval before queued selection runs
2026-10-10T04:49:56.9015960Z   ---
2026-10-10T04:49:56.9018400Z   duration_ms: 6.0908
2026-10-10T04:49:56.9020243Z   type: 'test'
2026-10-10T04:49:56.9023350Z   ...
2026-10-10T04:49:56.9058267Z # Subtest: closing a panel during history loading cannot start a detached poller
2026-10-10T04:49:56.9065062Z ok 113 - closing a panel during history loading cannot start a detached poller
2026-10-10T04:49:56.9069549Z   ---
2026-10-10T04:49:56.9071631Z   duration_ms: 6.7238
2026-10-10T04:49:56.9075382Z   type: 'test'
2026-10-10T04:49:56.9076162Z   ...
2026-10-10T04:49:56.9150807Z # Subtest: older native servers without a catalogue keep default execution without invented model IDs
2026-10-10T04:49:56.9162308Z ok 114 - older native servers without a catalogue keep default execution without invented model IDs
2026-10-10T04:49:56.9172391Z   ---
2026-10-10T04:49:56.9179823Z   duration_ms: 6.9072
2026-10-10T04:49:56.9189240Z   type: 'test'
2026-10-10T04:49:56.9202024Z   ...
2026-10-10T04:49:56.9250714Z # Subtest: edit comparison opens exact revalidated backend snapshots without granting or writing
2026-10-10T04:49:56.9253672Z ok 115 - edit comparison opens exact revalidated backend snapshots without granting or writing
2026-10-10T04:49:56.9256381Z   ---
2026-10-10T04:49:56.9258378Z   duration_ms: 11.6046
2026-10-10T04:49:56.9261171Z   type: 'test'
2026-10-10T04:49:56.9264382Z   ...
2026-10-10T04:49:56.9311354Z # Subtest: creation comparison opens absent-to-proposed snapshots without creating a file or granting
2026-10-10T04:49:56.9317026Z ok 116 - creation comparison opens absent-to-proposed snapshots without creating a file or granting
2026-10-10T04:49:56.9318402Z   ---
2026-10-10T04:49:56.9323631Z   duration_ms: 7.0487
2026-10-10T04:49:56.9326033Z   type: 'test'
2026-10-10T04:49:56.9330787Z   ...
2026-10-10T04:49:56.9423692Z # Subtest: refresh reloads backend execution capabilities and history without submitting a run
2026-10-10T04:49:56.9430178Z ok 117 - refresh reloads backend execution capabilities and history without submitting a run
2026-10-10T04:49:56.9435487Z   ---
2026-10-10T04:49:56.9439125Z   duration_ms: 10.2267
2026-10-10T04:49:56.9443601Z   type: 'test'
2026-10-10T04:49:56.9449233Z   ...
2026-10-10T04:49:56.9518569Z # Subtest: selected configured model survives view reopening and retired models fall back on refresh
2026-10-10T04:49:56.9526025Z ok 118 - selected configured model survives view reopening and retired models fall back on refresh
2026-10-10T04:49:56.9530401Z   ---
2026-10-10T04:49:56.9533650Z   duration_ms: 9.6961
2026-10-10T04:49:56.9540095Z   type: 'test'
2026-10-10T04:49:56.9545031Z   ...
2026-10-10T04:49:56.9596195Z # Subtest: normal development bootstrap completes activation before resolving the sidebar and clears private environment
2026-10-10T04:49:56.9605284Z ok 119 - normal development bootstrap completes activation before resolving the sidebar and clears private environment
2026-10-10T04:49:56.9610835Z   ---
2026-10-10T04:49:56.9613365Z   duration_ms: 6.2148
2026-10-10T04:49:56.9616672Z   type: 'test'
2026-10-10T04:49:56.9618956Z   ...
2026-10-10T04:49:56.9900271Z # Subtest: all patch action comparisons use revalidated read-only backend snapshots and never grant
2026-10-10T04:49:56.9908537Z ok 120 - all patch action comparisons use revalidated read-only backend snapshots and never grant
2026-10-10T04:49:56.9909544Z   ---
2026-10-10T04:49:56.9913269Z   duration_ms: 30.766
2026-10-10T04:49:56.9918042Z   type: 'test'
2026-10-10T04:49:56.9919878Z   ...
2026-10-10T04:49:56.9983352Z # Subtest: a forged Allow message cannot approve malformed backend patch snapshots
2026-10-10T04:49:56.9988035Z ok 121 - a forged Allow message cannot approve malformed backend patch snapshots
2026-10-10T04:49:56.9989014Z   ---
2026-10-10T04:49:56.9989464Z   duration_ms: 8.5456
2026-10-10T04:49:56.9989978Z   type: 'test'
2026-10-10T04:49:56.9990744Z   ...
2026-10-10T04:49:57.0030923Z # Subtest: managed model choice survives an adapter-port change using native workspace/profile scope
2026-10-10T04:49:57.0034811Z ok 122 - managed model choice survives an adapter-port change using native workspace/profile scope
2026-10-10T04:49:57.0036252Z   ---
2026-10-10T04:49:57.0036777Z   duration_ms: 7.6094
2026-10-10T04:49:57.0037681Z   type: 'test'
2026-10-10T04:49:57.0038301Z   ...
2026-10-10T04:49:57.0084357Z # Subtest: a different native profile cannot restore a foreign saved model even at the same adapter URL
2026-10-10T04:49:57.0103649Z ok 123 - a different native profile cannot restore a foreign saved model even at the same adapter URL
2026-10-10T04:49:57.0107836Z   ---
2026-10-10T04:49:57.0111645Z   duration_ms: 4.2108
2026-10-10T04:49:57.0116771Z   type: 'test'
2026-10-10T04:49:57.0117203Z   ...
2026-10-10T04:49:57.0213816Z # Subtest: folder switching before the first sidebar exists reopens the latest workspace after stale startup
2026-10-10T04:49:57.0218249Z ok 124 - folder switching before the first sidebar exists reopens the latest workspace after stale startup
2026-10-10T04:49:57.0219244Z   ---
2026-10-10T04:49:57.0219629Z   duration_ms: 15.7766
2026-10-10T04:49:57.0220137Z   type: 'test'
2026-10-10T04:49:57.0226858Z   ...
2026-10-10T04:49:57.1130003Z # Subtest: staging preserves accepted native bytes and pure source while excluding interpreters and bytecode
2026-10-10T04:49:57.1184019Z ok 125 - staging preserves accepted native bytes and pure source while excluding interpreters and bytecode
2026-10-10T04:49:57.1208140Z   ---
2026-10-10T04:49:57.1212544Z   duration_ms: 262.5778
2026-10-10T04:49:57.1214696Z   type: 'test'
2026-10-10T04:49:57.1215968Z   ...
2026-10-10T04:49:57.1221248Z # Subtest: unified staging binds one product executable and rejects legacy launcher injection
2026-10-10T04:49:57.1229505Z ok 126 - unified staging binds one product executable and rejects legacy launcher injection
2026-10-10T04:49:57.1234139Z   ---
2026-10-10T04:49:57.1238851Z   duration_ms: 323.5686
2026-10-10T04:49:57.1243317Z   type: 'test'
2026-10-10T04:49:57.1248884Z   ...
2026-10-10T04:49:57.1254184Z # Subtest: unbound or changed native source manifests never publish output
2026-10-10T04:49:57.1257332Z ok 127 - unbound or changed native source manifests never publish output
2026-10-10T04:49:57.1261847Z   ---
2026-10-10T04:49:57.1263152Z   duration_ms: 57.7116
2026-10-10T04:49:57.1267759Z   type: 'test'
2026-10-10T04:49:57.1270968Z   ...
2026-10-10T04:49:57.1732364Z # Subtest: source inventory cannot include a Python executable or missing native file
2026-10-10T04:49:57.1737169Z ok 128 - source inventory cannot include a Python executable or missing native file
2026-10-10T04:49:57.1744077Z   ---
2026-10-10T04:49:57.1745231Z   duration_ms: 59.5892
2026-10-10T04:49:57.1747074Z   type: 'test'
2026-10-10T04:49:57.1749895Z   ...
2026-10-10T04:49:57.2547129Z # Subtest: missing pure source, license output collision and reused output fail before publication
2026-10-10T04:49:57.2548613Z ok 129 - missing pure source, license output collision and reused output fail before publication
2026-10-10T04:49:57.2551255Z   ---
2026-10-10T04:49:57.2553201Z   duration_ms: 81.8261
2026-10-10T04:49:57.2553680Z   type: 'test'
2026-10-10T04:49:57.2557564Z   ...
2026-10-10T04:49:57.3122862Z # Subtest: outputs cannot be nested in source trees and private paths cannot be license inputs
2026-10-10T04:49:57.3125687Z ok 130 - outputs cannot be nested in source trees and private paths cannot be license inputs
2026-10-10T04:49:57.3126467Z   ---
2026-10-10T04:49:57.3131225Z   duration_ms: 57.9225
2026-10-10T04:49:57.3133712Z   type: 'test'
2026-10-10T04:49:57.3149085Z   ...
2026-10-10T04:49:57.3531631Z # Subtest: symbolic source aliases cannot enter a native runtime package
2026-10-10T04:49:57.3567687Z ok 131 - symbolic source aliases cannot enter a native runtime package
2026-10-10T04:49:57.3569417Z   ---
2026-10-10T04:49:57.3571092Z   duration_ms: 39.4191
2026-10-10T04:49:57.3575495Z   type: 'test'
2026-10-10T04:49:57.3578203Z   ...
2026-10-10T04:49:57.3894558Z # Subtest: packaged native discovery binds every listed byte and returns paths without launching
2026-10-10T04:49:57.3896427Z ok 132 - packaged native discovery binds every listed byte and returns paths without launching
2026-10-10T04:49:57.3897260Z   ---
2026-10-10T04:49:57.3899611Z   duration_ms: 73.3864
2026-10-10T04:49:57.3904148Z   type: 'test'
2026-10-10T04:49:57.3907595Z   ...
2026-10-10T04:49:57.3909662Z # Subtest: unified package resolves fixed entry modes and retains the exact primary executable
2026-10-10T04:49:57.3915293Z ok 133 - unified package resolves fixed entry modes and retains the exact primary executable
2026-10-10T04:49:57.3926695Z   ---
2026-10-10T04:49:57.3952298Z   duration_ms: 218.814
2026-10-10T04:49:57.3956385Z   type: 'test'
2026-10-10T04:49:57.3957705Z   ...
2026-10-10T04:49:57.3963129Z # Subtest: one format rejects missing primary executables, legacy launchers and unsupported schemas
2026-10-10T04:49:57.3966780Z ok 134 - one format rejects missing primary executables, legacy launchers and unsupported schemas
2026-10-10T04:49:57.3969880Z   ---
2026-10-10T04:49:57.3973399Z   duration_ms: 24.4217
2026-10-10T04:49:57.3974954Z   type: 'test'
2026-10-10T04:49:57.3979483Z   ...
2026-10-10T04:49:57.3982679Z # Subtest: retained generation uses verified private inventory and reuses exact bytes without overwriting
2026-10-10T04:49:57.3986379Z ok 135 - retained generation uses verified private inventory and reuses exact bytes without overwriting
2026-10-10T04:49:57.3992628Z   ---
2026-10-10T04:49:57.3997061Z   duration_ms: 195.8095
2026-10-10T04:49:57.3999625Z   type: 'test'
2026-10-10T04:49:57.4001950Z   ...
2026-10-10T04:49:57.4413765Z # Subtest: managed generation refuses unqualified pure-source override without creating runtime storage
2026-10-10T04:49:57.4415782Z ok 136 - managed generation refuses unqualified pure-source override without creating runtime storage
2026-10-10T04:49:57.4418805Z   ---
2026-10-10T04:49:57.4423027Z   duration_ms: 60.7834
2026-10-10T04:49:57.4425141Z   type: 'test'
2026-10-10T04:49:57.4426898Z   ...
2026-10-10T04:49:57.5786350Z # Subtest: explicit machine runtime and pure source paths do not search the repository or configuration
2026-10-10T04:49:57.5796134Z ok 137 - explicit machine runtime and pure source paths do not search the repository or configuration
2026-10-10T04:49:57.5799777Z   ---
2026-10-10T04:49:57.5803448Z   duration_ms: 127.6886
2026-10-10T04:49:57.5807661Z   type: 'test'
2026-10-10T04:49:57.5811136Z   ...
2026-10-10T04:49:57.5813630Z # Subtest: unsupported host or remote execution is rejected before filesystem access
2026-10-10T04:49:57.5814789Z ok 138 - unsupported host or remote execution is rejected before filesystem access
2026-10-10T04:49:57.5819324Z   ---
2026-10-10T04:49:57.5822192Z   duration_ms: 7.0677
2026-10-10T04:49:57.5823992Z   type: 'test'
2026-10-10T04:49:57.5826659Z   ...
2026-10-10T04:49:57.6321688Z # Subtest: binary tampering and missing pure-source inventory are rejected
2026-10-10T04:49:57.6326613Z ok 139 - binary tampering and missing pure-source inventory are rejected
2026-10-10T04:49:57.6328327Z   ---
2026-10-10T04:49:57.6331762Z   duration_ms: 55.8097
2026-10-10T04:49:57.6336220Z   type: 'test'
2026-10-10T04:49:57.6338211Z   ...
2026-10-10T04:49:57.6608371Z # Subtest: manifest forbids unknown executables, native Python extensions, traversal and private paths
2026-10-10T04:49:57.6610500Z ok 140 - manifest forbids unknown executables, native Python extensions, traversal and private paths
2026-10-10T04:49:57.6612069Z   ---
2026-10-10T04:49:57.6612510Z   duration_ms: 28.826
2026-10-10T04:49:57.6613347Z   type: 'test'
2026-10-10T04:49:57.6613826Z   ...
2026-10-10T04:49:57.6894072Z # Subtest: unexpected files are rejected even when every expected hash is unchanged
2026-10-10T04:49:57.6895396Z ok 141 - unexpected files are rejected even when every expected hash is unchanged
2026-10-10T04:49:57.6896156Z   ---
2026-10-10T04:49:57.6896529Z   duration_ms: 28.9636
2026-10-10T04:49:57.6896869Z   type: 'test'
2026-10-10T04:49:57.6897157Z   ...
2026-10-10T04:49:57.7557170Z # Subtest: relative, controlled or malformed configuration paths are rejected without reading keys
2026-10-10T04:49:57.7558859Z ok 142 - relative, controlled or malformed configuration paths are rejected without reading keys
2026-10-10T04:49:57.7559763Z   ---
2026-10-10T04:49:57.7560137Z   duration_ms: 66.4112
2026-10-10T04:49:57.7560548Z   type: 'test'
2026-10-10T04:49:57.7560921Z   ...
2026-10-10T04:49:57.7719260Z # Subtest: new workspace with imported keys asks for a saved provider without discovery, activation or another key
2026-10-10T04:49:57.7721082Z ok 143 - new workspace with imported keys asks for a saved provider without discovery, activation or another key
2026-10-10T04:49:57.7722124Z   ---
2026-10-10T04:49:57.7722653Z   duration_ms: 11.6621
2026-10-10T04:49:57.7723157Z   type: 'test'
2026-10-10T04:49:57.7723579Z   ...
2026-10-10T04:49:57.7724483Z # Subtest: saved-provider guidance cannot publish after its workspace attachment is retired
2026-10-10T04:49:57.7725876Z ok 144 - saved-provider guidance cannot publish after its workspace attachment is retired
2026-10-10T04:49:57.7727252Z   ---
2026-10-10T04:49:57.7727698Z   duration_ms: 1.0582
2026-10-10T04:49:57.7728168Z   type: 'test'
2026-10-10T04:49:57.7728605Z   ...
2026-10-10T04:49:57.7729825Z # Subtest: saved key-only provider selection is a native CAS followed by discovery, with model enrollment only on explicit selection
2026-10-10T04:49:57.7731766Z ok 145 - saved key-only provider selection is a native CAS followed by discovery, with model enrollment only on explicit selection
2026-10-10T04:49:57.7732926Z   ---
2026-10-10T04:49:57.7733378Z   duration_ms: 2.5035
2026-10-10T04:49:57.7733857Z   type: 'test'
2026-10-10T04:49:57.7734272Z   ...
2026-10-10T04:49:57.7735292Z # Subtest: conflicting provider selection reads fresh metadata once without replaying the native selection
2026-10-10T04:49:57.7736926Z ok 146 - conflicting provider selection reads fresh metadata once without replaying the native selection
2026-10-10T04:49:57.7738331Z   ---
2026-10-10T04:49:57.7738712Z   duration_ms: 0.9967
2026-10-10T04:49:57.7739160Z   type: 'test'
2026-10-10T04:49:57.7739500Z   ...
2026-10-10T04:49:57.7740541Z # Subtest: saved-credential discovery survives close and conversation discard, with exact native CAS and no retained key
2026-10-10T04:49:57.7742281Z ok 147 - saved-credential discovery survives close and conversation discard, with exact native CAS and no retained key
2026-10-10T04:49:57.7743191Z   ---
2026-10-10T04:49:57.7743465Z   duration_ms: 2.7366
2026-10-10T04:49:57.7743781Z   type: 'test'
2026-10-10T04:49:57.7744053Z   ...
2026-10-10T04:49:57.7744964Z # Subtest: external profile, registry, route or backend identity changes retire saved catalogue without a model write
2026-10-10T04:49:57.7746451Z ok 148 - external profile, registry, route or backend identity changes retire saved catalogue without a model write
2026-10-10T04:49:57.7747296Z   ---
2026-10-10T04:49:57.7747588Z   duration_ms: 4.3927
2026-10-10T04:49:57.7747903Z   type: 'test'
2026-10-10T04:49:57.7748176Z   ...
2026-10-10T04:49:57.7749065Z # Subtest: unsaved keys never enter retained catalogue and discard or expiry removes their selection authority
2026-10-10T04:49:57.7750468Z ok 149 - unsaved keys never enter retained catalogue and discard or expiry removes their selection authority
2026-10-10T04:49:57.7751270Z   ---
2026-10-10T04:49:57.7751816Z   duration_ms: 4.3753
2026-10-10T04:49:57.7752144Z   type: 'test'
2026-10-10T04:49:57.7752410Z   ...
2026-10-10T04:49:57.7753231Z # Subtest: older metadata reads cannot erase the newer saved-profile observation or republish its catalogue
2026-10-10T04:49:57.7754586Z ok 150 - older metadata reads cannot erase the newer saved-profile observation or republish its catalogue
2026-10-10T04:49:57.7755370Z   ---
2026-10-10T04:49:57.7755630Z   duration_ms: 0.6675
2026-10-10T04:49:57.7755935Z   type: 'test'
2026-10-10T04:49:57.7756221Z   ...
2026-10-10T04:49:57.7757040Z # Subtest: admission reconciliation refreshes changed metadata and discards pending keys without replay
2026-10-10T04:49:57.7758699Z ok 151 - admission reconciliation refreshes changed metadata and discards pending keys without replay
2026-10-10T04:49:57.7759494Z   ---
2026-10-10T04:49:57.7759760Z   duration_ms: 1.3406
2026-10-10T04:49:57.7760065Z   type: 'test'
2026-10-10T04:49:57.7760338Z   ...
2026-10-10T04:49:57.7761013Z # Subtest: retired admission reconciliation cannot publish a late metadata response
2026-10-10T04:49:57.7762061Z ok 152 - retired admission reconciliation cannot publish a late metadata response
2026-10-10T04:49:57.7762707Z   ---
2026-10-10T04:49:57.7762974Z   duration_ms: 0.9719
2026-10-10T04:49:57.7763285Z   type: 'test'
2026-10-10T04:49:57.7763559Z   ...
2026-10-10T04:49:57.7764460Z # Subtest: admission uses the profile snapshot already shown in this view and does not refresh past an external change
2026-10-10T04:49:57.7765965Z ok 153 - admission uses the profile snapshot already shown in this view and does not refresh past an external change
2026-10-10T04:49:57.7766816Z   ---
2026-10-10T04:49:57.7767296Z   duration_ms: 0.6338
2026-10-10T04:49:57.7767614Z   type: 'test'
2026-10-10T04:49:57.7767884Z   ...
2026-10-10T04:49:57.7768696Z # Subtest: profile setup discovers privately, rejects forged models and enrolls only on footer selection
2026-10-10T04:49:57.7769647Z ok 154 - profile setup discovers privately, rejects forged models and enrolls only on footer selection
2026-10-10T04:49:57.7770091Z   ---
2026-10-10T04:49:57.7770260Z   duration_ms: 1.1855
2026-10-10T04:49:57.7770453Z   type: 'test'
2026-10-10T04:49:57.7770617Z   ...
2026-10-10T04:49:57.7771061Z # Subtest: saved-key discovery stays on its owned route while native save can rebind within the family
2026-10-10T04:49:57.7771969Z ok 155 - saved-key discovery stays on its owned route while native save can rebind within the family
2026-10-10T04:49:57.7772393Z   ---
2026-10-10T04:49:57.7772560Z   duration_ms: 0.8132
2026-10-10T04:49:57.7772753Z   type: 'test'
2026-10-10T04:49:57.7780594Z   ...
2026-10-10T04:49:57.7781242Z # Subtest: disposing or changing backend cannot publish late discovery or send a pending key in enrollment
2026-10-10T04:49:57.7782294Z ok 156 - disposing or changing backend cannot publish late discovery or send a pending key in enrollment
2026-10-10T04:49:57.7783112Z   ---
2026-10-10T04:49:57.7783422Z   duration_ms: 26.5966
2026-10-10T04:49:57.7783761Z   type: 'test'
2026-10-10T04:49:57.7784033Z   ...
2026-10-10T04:50:01.4609932Z # Subtest: footer file-change mode follows native capability and never promises writes for unknown legacy policy
2026-10-10T04:50:01.4611952Z ok 157 - footer file-change mode follows native capability and never promises writes for unknown legacy policy
2026-10-10T04:50:01.4613523Z   ---
2026-10-10T04:50:01.4614075Z   duration_ms: 227.0607
2026-10-10T04:50:01.4614694Z   type: 'test'
2026-10-10T04:50:01.4615204Z   ...
2026-10-10T04:50:01.4616416Z # Subtest: skill chooser stays in the sidebar footer, retains focus, and sends revision-bound attachment intent
2026-10-10T04:50:01.4618199Z ok 158 - skill chooser stays in the sidebar footer, retains focus, and sends revision-bound attachment intent
2026-10-10T04:50:01.4619309Z   ---
2026-10-10T04:50:01.4619829Z   duration_ms: 54.3505
2026-10-10T04:50:01.4620393Z   type: 'test'
2026-10-10T04:50:01.4620901Z   ...
2026-10-10T04:50:01.4623798Z # Subtest: effective backend root uses plain text and folder switch clears the old draft
2026-10-10T04:50:01.4626273Z ok 159 - effective backend root uses plain text and folder switch clears the old draft
2026-10-10T04:50:01.4626976Z   ---
2026-10-10T04:50:01.4627247Z   duration_ms: 32.3959
2026-10-10T04:50:01.4627558Z   type: 'test'
2026-10-10T04:50:01.4627829Z   ...
2026-10-10T04:50:01.4628897Z # Subtest: footer saved-provider chooser uses public profiles, preserves actual selection until acknowledgement and never opens key settings
2026-10-10T04:50:01.4630744Z ok 160 - footer saved-provider chooser uses public profiles, preserves actual selection until acknowledgement and never opens key settings
2026-10-10T04:50:01.4631750Z   ---
2026-10-10T04:50:01.4632009Z   duration_ms: 32.9556
2026-10-10T04:50:01.4632312Z   type: 'test'
2026-10-10T04:50:01.4632890Z   ...
2026-10-10T04:50:01.4633624Z # Subtest: DeepSeek Settings enrollment uses the footer model chooser and saved response metrics
2026-10-10T04:50:01.4634845Z ok 161 - DeepSeek Settings enrollment uses the footer model chooser and saved response metrics
2026-10-10T04:50:01.4635548Z   ---
2026-10-10T04:50:01.4635810Z   duration_ms: 69.4478
2026-10-10T04:50:01.4636124Z   type: 'test'
2026-10-10T04:50:01.4636388Z   ...
2026-10-10T04:50:01.4640814Z # Subtest: context control stays beside the bottom composer, shows actual counters and submits only the displayed session/model/head
2026-10-10T04:50:01.4648222Z ok 162 - context control stays beside the bottom composer, shows actual counters and submits only the displayed session/model/head
2026-10-10T04:50:01.4649237Z   ---
2026-10-10T04:50:01.4650005Z   duration_ms: 32.7178
2026-10-10T04:50:01.4654240Z   type: 'test'
2026-10-10T04:50:01.4655088Z   ...
2026-10-10T04:50:01.4656659Z # Subtest: graph resume is exposed only from backend eligibility and removed selection cannot act on the old closed owner
2026-10-10T04:50:01.4658631Z ok 163 - graph resume is exposed only from backend eligibility and removed selection cannot act on the old closed owner
2026-10-10T04:50:01.4659861Z   ---
2026-10-10T04:50:01.4660412Z   duration_ms: 38.5593
2026-10-10T04:50:01.4661022Z   type: 'test'
2026-10-10T04:50:01.4666800Z   ...
2026-10-10T04:50:01.4668021Z # Subtest: Agent plan renders actual dependencies/correlations/held response metrics safely inside the existing sidebar
2026-10-10T04:50:01.4714478Z ok 164 - Agent plan renders actual dependencies/correlations/held response metrics safely inside the existing sidebar
2026-10-10T04:50:01.4715557Z   ---
2026-10-10T04:50:01.4716433Z   duration_ms: 60.6416
2026-10-10T04:50:01.4717302Z   type: 'test'
2026-10-10T04:50:01.4717892Z   ...
2026-10-10T04:50:01.4719755Z # Subtest: human answer keeps raw numeric lexemes and draft across observations, binds current identities/CAS and rejects detached form sends
2026-10-10T04:50:01.4721564Z ok 165 - human answer keeps raw numeric lexemes and draft across observations, binds current identities/CAS and rejects detached form sends
2026-10-10T04:50:01.4782443Z   ---
2026-10-10T04:50:01.4783179Z   duration_ms: 51.3345
2026-10-10T04:50:01.4783550Z   type: 'test'
2026-10-10T04:50:01.4783850Z   ...
2026-10-10T04:50:01.4785004Z # Subtest: dynamic human questions use written answers by default and safely encode actual characters without granting operation approval
2026-10-10T04:50:01.4786927Z ok 166 - dynamic human questions use written answers by default and safely encode actual characters without granting operation approval
2026-10-10T04:50:01.4787932Z   ---
2026-10-10T04:50:01.4788232Z   duration_ms: 46.8527
2026-10-10T04:50:01.4788583Z   type: 'test'
2026-10-10T04:50:01.4788889Z   ...
2026-10-10T04:50:01.4804663Z # Subtest: human-only completed frontier exposes explicit resume only for an enabled ready paused owner and preserves unanswered controls separately
2026-10-10T04:50:01.4807410Z ok 167 - human-only completed frontier exposes explicit resume only for an enabled ready paused owner and preserves unanswered controls separately
2026-10-10T04:50:01.4808564Z   ---
2026-10-10T04:50:01.4808843Z   duration_ms: 44.0427
2026-10-10T04:50:01.4809159Z   type: 'test'
2026-10-10T04:50:01.4809428Z   ...
2026-10-10T04:50:01.4810416Z # Subtest: Agent investigations retain independent metrics and terminal replay does not synthesize a graph or another answer
2026-10-10T04:50:01.4812033Z ok 168 - Agent investigations retain independent metrics and terminal replay does not synthesize a graph or another answer
2026-10-10T04:50:01.4812928Z   ---
2026-10-10T04:50:01.4813190Z   duration_ms: 41.623
2026-10-10T04:50:01.4813505Z   type: 'test'
2026-10-10T04:50:01.4813772Z   ...
2026-10-10T04:50:01.4814558Z # Subtest: run inspector uses selected historical provider context independently of the current model
2026-10-10T04:50:01.4815822Z ok 169 - run inspector uses selected historical provider context independently of the current model
2026-10-10T04:50:01.4816556Z   ---
2026-10-10T04:50:01.4816818Z   duration_ms: 37.8759
2026-10-10T04:50:01.4817140Z   type: 'test'
2026-10-10T04:50:01.4817776Z   ...
2026-10-10T04:50:01.4818408Z # Subtest: run inspector suppresses malformed or secret-bearing provider metadata
2026-10-10T04:50:01.4819403Z ok 170 - run inspector suppresses malformed or secret-bearing provider metadata
2026-10-10T04:50:01.4820024Z   ---
2026-10-10T04:50:01.4820290Z   duration_ms: 24.1343
2026-10-10T04:50:01.4820595Z   type: 'test'
2026-10-10T04:50:01.4820861Z   ...
2026-10-10T04:50:01.4821609Z # Subtest: profile Settings offers saved and new providers and keeps discovered models in the footer
2026-10-10T04:50:01.4822841Z ok 171 - profile Settings offers saved and new providers and keeps discovered models in the footer
2026-10-10T04:50:01.4823793Z   ---
2026-10-10T04:50:01.4824056Z   duration_ms: 30.3899
2026-10-10T04:50:01.4824368Z   type: 'test'
2026-10-10T04:50:01.4824627Z   ...
2026-10-10T04:50:01.4825420Z # Subtest: closing Settings keeps the saved discovered footer list and sends no model or profile mutation
2026-10-10T04:50:01.4826724Z ok 172 - closing Settings keeps the saved discovered footer list and sends no model or profile mutation
2026-10-10T04:50:01.4827738Z   ---
2026-10-10T04:50:01.4828018Z   duration_ms: 36.5513
2026-10-10T04:50:01.4828327Z   type: 'test'
2026-10-10T04:50:01.4828591Z   ...
2026-10-10T04:50:01.4829318Z # Subtest: GenerateContent labels depend on advertised routes and keep model choice in the footer
2026-10-10T04:50:01.4830505Z ok 173 - GenerateContent labels depend on advertised routes and keep model choice in the footer
2026-10-10T04:50:01.4831205Z   ---
2026-10-10T04:50:01.4831457Z   duration_ms: 32.4383
2026-10-10T04:50:01.4831759Z   type: 'test'
2026-10-10T04:50:01.4832024Z   ...
2026-10-10T04:50:01.4833135Z # Subtest: advertised Gemini Settings clears the draft key and uses the footer for full discovered model resources
2026-10-10T04:50:01.4834542Z ok 174 - advertised Gemini Settings clears the draft key and uses the footer for full discovered model resources
2026-10-10T04:50:01.4835340Z   ---
2026-10-10T04:50:01.4835596Z   duration_ms: 35.0481
2026-10-10T04:50:01.4835894Z   type: 'test'
2026-10-10T04:50:01.4836156Z   ...
2026-10-10T04:50:01.4836986Z # Subtest: recorded GenerateContent response and run context retain their native identity and supplied metrics
2026-10-10T04:50:01.4838372Z ok 175 - recorded GenerateContent response and run context retain their native identity and supplied metrics
2026-10-10T04:50:01.4839154Z   ---
2026-10-10T04:50:01.4839415Z   duration_ms: 49.4248
2026-10-10T04:50:01.4839724Z   type: 'test'
2026-10-10T04:50:01.4839995Z   ...
2026-10-10T04:50:01.4840855Z # Subtest: conversation rename keeps expected title and draft through conflicts, and cancels when selection changes
2026-10-10T04:50:01.4842292Z ok 176 - conversation rename keeps expected title and draft through conflicts, and cancels when selection changes
2026-10-10T04:50:01.4843091Z   ---
2026-10-10T04:50:01.4843350Z   duration_ms: 35.7778
2026-10-10T04:50:01.4843829Z   type: 'test'
2026-10-10T04:50:01.4844106Z   ...
2026-10-10T04:50:01.4844697Z # Subtest: footer displays only a recognized backend-reported provider wire
2026-10-10T04:50:01.4845598Z ok 177 - footer displays only a recognized backend-reported provider wire
2026-10-10T04:50:01.4846167Z   ---
2026-10-10T04:50:01.4846422Z   duration_ms: 27.7242
2026-10-10T04:50:01.4846726Z   type: 'test'
2026-10-10T04:50:01.4846992Z   ...
2026-10-10T04:50:01.4847778Z # Subtest: model protocol failure shows only recognized diagnostics and preserves conversation context
2026-10-10T04:50:01.4849046Z ok 178 - model protocol failure shows only recognized diagnostics and preserves conversation context
2026-10-10T04:50:01.4849778Z   ---
2026-10-10T04:50:01.4850033Z   duration_ms: 57.3526
2026-10-10T04:50:01.4850340Z   type: 'test'
2026-10-10T04:50:01.4850604Z   ...
2026-10-10T04:50:01.4851402Z # Subtest: provider failures remain visible through transcript refresh without invented replies or metrics
2026-10-10T04:50:01.4852722Z ok 179 - provider failures remain visible through transcript refresh without invented replies or metrics
2026-10-10T04:50:01.4853769Z   ---
2026-10-10T04:50:01.4854035Z   duration_ms: 45.994
2026-10-10T04:50:01.4854338Z   type: 'test'
2026-10-10T04:50:01.4854607Z   ...
2026-10-10T04:50:01.4855488Z # Subtest: incompatible provider history and unavailable saved context explain recovery without fabricating a reply
2026-10-10T04:50:01.4856960Z ok 180 - incompatible provider history and unavailable saved context explain recovery without fabricating a reply
2026-10-10T04:50:01.4857853Z   ---
2026-10-10T04:50:01.4858106Z   duration_ms: 23.4475
2026-10-10T04:50:01.4858410Z   type: 'test'
2026-10-10T04:50:01.4858852Z   ...
2026-10-10T04:50:01.4859577Z # Subtest: unknown failure reasons remain safe and DOM callback exceptions invalidate the fixture
2026-10-10T04:50:01.4860748Z ok 181 - unknown failure reasons remain safe and DOM callback exceptions invalidate the fixture
2026-10-10T04:50:01.4861451Z   ---
2026-10-10T04:50:01.4861702Z   duration_ms: 38.9862
2026-10-10T04:50:01.4862008Z   type: 'test'
2026-10-10T04:50:01.4862267Z   ...
2026-10-10T04:50:01.4862969Z # Subtest: recorded provider identifiers render without raw error messages or unknown fields
2026-10-10T04:50:01.4864083Z ok 182 - recorded provider identifiers render without raw error messages or unknown fields
2026-10-10T04:50:01.4865755Z   ---
2026-10-10T04:50:01.4870577Z   duration_ms: 22.3953
2026-10-10T04:50:01.4871279Z   type: 'test'
2026-10-10T04:50:01.4871858Z   ...
2026-10-10T04:50:01.4873091Z # Subtest: durable command output renders independent channels without executing markup or controls
2026-10-10T04:50:01.4874824Z ok 183 - durable command output renders independent channels without executing markup or controls
2026-10-10T04:50:01.4876183Z   ---
2026-10-10T04:50:01.4876504Z   duration_ms: 23.9318
2026-10-10T04:50:01.4879892Z   type: 'test'
2026-10-10T04:50:01.4880219Z   ...
2026-10-10T04:50:01.4881019Z # Subtest: output replay preserves fragmented Unicode and ignores only exact duplicate bytes
2026-10-10T04:50:01.4882366Z ok 184 - output replay preserves fragmented Unicode and ignores only exact duplicate bytes
2026-10-10T04:50:01.4883116Z   ---
2026-10-10T04:50:01.4883415Z   duration_ms: 22.7991
2026-10-10T04:50:01.4883757Z   type: 'test'
2026-10-10T04:50:01.4884048Z   ...
2026-10-10T04:50:01.4884666Z # Subtest: gaps, malformed bytes and capture overflow never invent output
2026-10-10T04:50:01.4885609Z ok 185 - gaps, malformed bytes and capture overflow never invent output
2026-10-10T04:50:01.4886220Z   ---
2026-10-10T04:50:01.4886518Z   duration_ms: 157.7214
2026-10-10T04:50:01.4886882Z   type: 'test'
2026-10-10T04:50:01.4887172Z   ...
2026-10-10T04:50:01.4887961Z # Subtest: recorded output survives transcript refresh and clears on run or conversation change
2026-10-10T04:50:01.4889239Z ok 186 - recorded output survives transcript refresh and clears on run or conversation change
2026-10-10T04:50:01.4890246Z   ---
2026-10-10T04:50:01.4890909Z   duration_ms: 35.3814
2026-10-10T04:50:01.4891249Z   type: 'test'
2026-10-10T04:50:01.4891548Z   ...
2026-10-10T04:50:01.4892306Z # Subtest: the sidebar bounds command stream cards and leaves excess output in recorded activity
2026-10-10T04:50:01.4893588Z ok 187 - the sidebar bounds command stream cards and leaves excess output in recorded activity
2026-10-10T04:50:01.4894343Z   ---
2026-10-10T04:50:01.4894633Z   duration_ms: 63.956
2026-10-10T04:50:01.4894963Z   type: 'test'
2026-10-10T04:50:01.4895258Z   ...
2026-10-10T04:50:01.4895967Z # Subtest: command approval reviews literal arguments before sending only a decision ID
2026-10-10T04:50:01.4897110Z ok 188 - command approval reviews literal arguments before sending only a decision ID
2026-10-10T04:50:01.4897814Z   ---
2026-10-10T04:50:01.4898105Z   duration_ms: 28.2962
2026-10-10T04:50:01.4898442Z   type: 'test'
2026-10-10T04:50:01.4898736Z   ...
2026-10-10T04:50:01.4899459Z # Subtest: approval displays bound guidance hashes and rejects malformed source metadata
2026-10-10T04:50:01.4900615Z ok 189 - approval displays bound guidance hashes and rejects malformed source metadata
2026-10-10T04:50:01.4901335Z   ---
2026-10-10T04:50:01.4901625Z   duration_ms: 48.8923
2026-10-10T04:50:01.4902808Z   type: 'test'
2026-10-10T04:50:01.4903152Z   ...
2026-10-10T04:50:01.4904054Z # Subtest: file, command and MCP approvals render active skill bindings and fail closed for malformed snapshots
2026-10-10T04:50:01.4906965Z ok 190 - file, command and MCP approvals render active skill bindings and fail closed for malformed snapshots
2026-10-10T04:50:01.4907841Z   ---
2026-10-10T04:50:01.4908384Z   duration_ms: 87.774
2026-10-10T04:50:01.4908719Z   type: 'test'
2026-10-10T04:50:01.4909014Z   ...
2026-10-10T04:50:01.4910052Z # Subtest: approval polling preserves inspected nodes, focus and pending decisions while changed bindings replace the card
2026-10-10T04:50:01.4912089Z ok 191 - approval polling preserves inspected nodes, focus and pending decisions while changed bindings replace the card
2026-10-10T04:50:01.4913065Z   ---
2026-10-10T04:50:01.4913354Z   duration_ms: 65.2075
2026-10-10T04:50:01.4913686Z   type: 'test'
2026-10-10T04:50:01.4913983Z   ...
2026-10-10T04:50:01.4914555Z # Subtest: malformed or expired command proposals cannot be allowed
2026-10-10T04:50:01.4917337Z ok 192 - malformed or expired command proposals cannot be allowed
2026-10-10T04:50:01.4918034Z   ---
2026-10-10T04:50:01.4918364Z   duration_ms: 31.2534
2026-10-10T04:50:01.4919268Z   type: 'test'
2026-10-10T04:50:01.4919603Z   ...
2026-10-10T04:50:01.4920336Z # Subtest: command results preserve separate escaped output, hex bytes and actual exit metrics
2026-10-10T04:50:01.4921706Z ok 193 - command results preserve separate escaped output, hex bytes and actual exit metrics
2026-10-10T04:50:01.4922520Z   ---
2026-10-10T04:50:01.4922836Z   duration_ms: 26.6756
2026-10-10T04:50:01.4923500Z   type: 'test'
2026-10-10T04:50:01.4923850Z   ...
2026-10-10T04:50:01.4924612Z # Subtest: uncertain commands remain blocked and malformed outcomes retain raw evidence
2026-10-10T04:50:01.4926333Z ok 194 - uncertain commands remain blocked and malformed outcomes retain raw evidence
2026-10-10T04:50:01.4927362Z   ---
2026-10-10T04:50:01.4927687Z   duration_ms: 31.825
2026-10-10T04:50:01.4928055Z   type: 'test'
2026-10-10T04:50:01.4928382Z   ...
2026-10-10T04:50:01.4929663Z # Subtest: command output metrics require exact encoded retained bytes and safe drained counts
2026-10-10T04:50:01.4931009Z ok 195 - command output metrics require exact encoded retained bytes and safe drained counts
2026-10-10T04:50:01.4932297Z   ---
2026-10-10T04:50:01.4933139Z   duration_ms: 32.3794
2026-10-10T04:50:01.4933529Z   type: 'test'
2026-10-10T04:50:01.4933856Z   ...
2026-10-10T04:50:01.4935070Z # Subtest: pending approval remains reachable without streamed activity moving review or granting permission
2026-10-10T04:50:01.4937535Z ok 196 - pending approval remains reachable without streamed activity moving review or granting permission
2026-10-10T04:50:01.4938456Z   ---
2026-10-10T04:50:01.4938768Z   duration_ms: 28.4629
2026-10-10T04:50:01.4939149Z   type: 'test'
2026-10-10T04:50:01.4939466Z   ...
2026-10-10T04:50:01.4941153Z # Subtest: approval notice follows current unexpired backend proposals and retires on run or workspace changes
2026-10-10T04:50:01.4943201Z ok 197 - approval notice follows current unexpired backend proposals and retires on run or workspace changes
2026-10-10T04:50:01.4944131Z   ---
2026-10-10T04:50:01.4944713Z   duration_ms: 31.7412
2026-10-10T04:50:01.4945116Z   type: 'test'
2026-10-10T04:50:01.4945692Z   ...
2026-10-10T04:50:01.4947044Z # Subtest: new-file review distinguishes absence, previews exact content and never retries uncertainty
2026-10-10T04:50:01.4948949Z ok 198 - new-file review distinguishes absence, previews exact content and never retries uncertainty
2026-10-10T04:50:01.4950084Z   ---
2026-10-10T04:50:01.4950433Z   duration_ms: 29.9396
2026-10-10T04:50:01.4951071Z   type: 'test'
2026-10-10T04:50:01.4951611Z   ...
2026-10-10T04:50:01.4952659Z # Subtest: external MCP approval names the server and tool and uncertainty never offers replay
2026-10-10T04:50:01.4954722Z ok 199 - external MCP approval names the server and tool and uncertainty never offers replay
2026-10-10T04:50:01.4955800Z   ---
2026-10-10T04:50:01.4956130Z   duration_ms: 27.8229
2026-10-10T04:50:01.4956980Z   type: 'test'
2026-10-10T04:50:01.4957305Z   ...
2026-10-10T04:50:01.4958184Z # Subtest: run detail selector preserves conversation history and blocks submission while another run is active
2026-10-10T04:50:01.4959860Z ok 200 - run detail selector preserves conversation history and blocks submission while another run is active
2026-10-10T04:50:01.4960695Z   ---
2026-10-10T04:50:01.4960966Z   duration_ms: 32.4275
2026-10-10T04:50:01.4961271Z   type: 'test'
2026-10-10T04:50:01.4963389Z   ...
2026-10-10T04:50:01.4964274Z # Subtest: uncertain edit inspection renders escaped observations and never offers an effect approval
2026-10-10T04:50:01.4965458Z ok 201 - uncertain edit inspection renders escaped observations and never offers an effect approval
2026-10-10T04:50:01.4966201Z   ---
2026-10-10T04:50:01.4966497Z   duration_ms: 28.2995
2026-10-10T04:50:01.4966838Z   type: 'test'
2026-10-10T04:50:01.4967902Z   ...
2026-10-10T04:50:01.4968664Z # Subtest: durable response profile badges use recorded identities and reject malformed metadata
2026-10-10T04:50:01.4969872Z ok 202 - durable response profile badges use recorded identities and reject malformed metadata
2026-10-10T04:50:01.4970599Z   ---
2026-10-10T04:50:01.4970890Z   duration_ms: 30.6829
2026-10-10T04:50:01.4971243Z   type: 'test'
2026-10-10T04:50:01.4971549Z   ...
2026-10-10T04:50:01.4972223Z # Subtest: history renders Markdown/code, copies plain code and shows exact provider usage
2026-10-10T04:50:01.4973787Z ok 203 - history renders Markdown/code, copies plain code and shows exact provider usage
2026-10-10T04:50:01.4974582Z   ---
2026-10-10T04:50:01.4975186Z   duration_ms: 45.0504
2026-10-10T04:50:01.4975577Z   type: 'test'
2026-10-10T04:50:01.4976144Z   ...
2026-10-10T04:50:01.4977382Z # Subtest: unknown historical usage stays unavailable and malicious Markdown is sanitized
2026-10-10T04:50:01.4979072Z ok 204 - unknown historical usage stays unavailable and malicious Markdown is sanitized
2026-10-10T04:50:01.4979799Z   ---
2026-10-10T04:50:01.4980081Z   duration_ms: 27.0898
2026-10-10T04:50:01.4980423Z   type: 'test'
2026-10-10T04:50:01.4980704Z   ...
2026-10-10T04:50:01.4981484Z # Subtest: editor context appends to an existing question as plain draft text without submitting
2026-10-10T04:50:01.4982806Z ok 205 - editor context appends to an existing question as plain draft text without submitting
2026-10-10T04:50:01.4983533Z   ---
2026-10-10T04:50:01.4983808Z   duration_ms: 27.2051
2026-10-10T04:50:01.4984107Z   type: 'test'
2026-10-10T04:50:01.4984610Z   ...
2026-10-10T04:50:01.4985369Z # Subtest: foreign workspace, cleared root, invalid and oversized editor context cannot replace the draft
2026-10-10T04:50:01.4986759Z ok 206 - foreign workspace, cleared root, invalid and oversized editor context cannot replace the draft
2026-10-10T04:50:01.4987564Z   ---
2026-10-10T04:50:01.4987862Z   duration_ms: 25.8861
2026-10-10T04:50:01.4988180Z   type: 'test'
2026-10-10T04:50:01.4988474Z   ...
2026-10-10T04:50:01.4989205Z # Subtest: file creation approval discloses parent directory effects as escaped paths
2026-10-10T04:50:01.4990315Z ok 207 - file creation approval discloses parent directory effects as escaped paths
2026-10-10T04:50:01.4991255Z   ---
2026-10-10T04:50:01.4991511Z   duration_ms: 24.3689
2026-10-10T04:50:01.4991710Z   type: 'test'
2026-10-10T04:50:01.4991879Z   ...
2026-10-10T04:50:01.4992306Z # Subtest: provider failure codes render actionable messages and exact failed-response usage
2026-10-10T04:50:01.4992986Z ok 208 - provider failure codes render actionable messages and exact failed-response usage
2026-10-10T04:50:01.4993394Z   ---
2026-10-10T04:50:01.4993560Z   duration_ms: 33.5771
2026-10-10T04:50:01.4993754Z   type: 'test'
2026-10-10T04:50:01.4993918Z   ...
2026-10-10T04:50:01.4994350Z # Subtest: live token badges use model usage events and reset when the persisted transcript arrives
2026-10-10T04:50:01.4995032Z ok 209 - live token badges use model usage events and reset when the persisted transcript arrives
2026-10-10T04:50:01.4995469Z   ---
2026-10-10T04:50:01.4995628Z   duration_ms: 39.3663
2026-10-10T04:50:01.4995822Z   type: 'test'
2026-10-10T04:50:01.4995991Z   ...
2026-10-10T04:50:01.4996481Z # Subtest: tool-turn checkpoint starts a new live response and history refresh preserves its received prefix
2026-10-10T04:50:01.4997448Z ok 210 - tool-turn checkpoint starts a new live response and history refresh preserves its received prefix
2026-10-10T04:50:01.4997900Z   ---
2026-10-10T04:50:01.4998067Z   duration_ms: 23.6109
2026-10-10T04:50:01.4998257Z   type: 'test'
2026-10-10T04:50:01.4998415Z   ...
2026-10-10T04:50:01.4998833Z # Subtest: bottom model selector exposes only backend-advertised IDs and sends the selected ID
2026-10-10T04:50:01.4999498Z ok 211 - bottom model selector exposes only backend-advertised IDs and sends the selected ID
2026-10-10T04:50:01.4999907Z   ---
2026-10-10T04:50:01.5000064Z   duration_ms: 22.5395
2026-10-10T04:50:01.5000251Z   type: 'test'
2026-10-10T04:50:01.5000410Z   ...
2026-10-10T04:50:01.5000870Z # Subtest: provider cache/reasoning counts and backend first-token time render without derived estimates
2026-10-10T04:50:01.5001617Z ok 212 - provider cache/reasoning counts and backend first-token time render without derived estimates
2026-10-10T04:50:01.5002057Z   ---
2026-10-10T04:50:01.5002213Z   duration_ms: 26.2564
2026-10-10T04:50:01.5002395Z   type: 'test'
2026-10-10T04:50:01.5002556Z   ...
2026-10-10T04:50:01.5003020Z # Subtest: Claude usage events and persisted metadata keep uncached input, cache writes and reads distinct
2026-10-10T04:50:01.5003776Z ok 213 - Claude usage events and persisted metadata keep uncached input, cache writes and reads distinct
2026-10-10T04:50:01.5004216Z   ---
2026-10-10T04:50:01.5004374Z   duration_ms: 28.91
2026-10-10T04:50:01.5004561Z   type: 'test'
2026-10-10T04:50:01.5004724Z   ...
2026-10-10T04:50:01.5005130Z # Subtest: zero Claude counters remain visible while absent input and output stay unavailable
2026-10-10T04:50:01.5005789Z ok 214 - zero Claude counters remain visible while absent input and output stay unavailable
2026-10-10T04:50:01.5006187Z   ---
2026-10-10T04:50:01.5006346Z   duration_ms: 30.6171
2026-10-10T04:50:01.5006537Z   type: 'test'
2026-10-10T04:50:01.5006698Z   ...
2026-10-10T04:50:01.5007054Z # Subtest: cache-write badges require supplied safe nonnegative integer counts
2026-10-10T04:50:01.5007610Z ok 215 - cache-write badges require supplied safe nonnegative integer counts
2026-10-10T04:50:01.5008053Z   ---
2026-10-10T04:50:01.5008219Z   duration_ms: 53.3787
2026-10-10T04:50:01.5008404Z   type: 'test'
2026-10-10T04:50:01.5008562Z   ...
2026-10-10T04:50:01.5009007Z # Subtest: common provider metrics keep their original label unless native usage marks uncached input
2026-10-10T04:50:01.5009967Z ok 216 - common provider metrics keep their original label unless native usage marks uncached input
2026-10-10T04:50:01.5010396Z   ---
2026-10-10T04:50:01.5010558Z   duration_ms: 26.7015
2026-10-10T04:50:01.5010751Z   type: 'test'
2026-10-10T04:50:01.5011099Z   ...
2026-10-10T04:50:01.5011527Z # Subtest: pending file comparison sends only an operation ID and remains separate from approval
2026-10-10T04:50:01.5012211Z ok 217 - pending file comparison sends only an operation ID and remains separate from approval
2026-10-10T04:50:01.5012615Z   ---
2026-10-10T04:50:01.5012772Z   duration_ms: 19.3995
2026-10-10T04:50:01.5012957Z   type: 'test'
2026-10-10T04:50:01.5013116Z   ...
2026-10-10T04:50:01.5013529Z # Subtest: top-right settings dialog clears key input and leaves model selection in the footer
2026-10-10T04:50:01.5014666Z ok 218 - top-right settings dialog clears key input and leaves model selection in the footer
2026-10-10T04:50:01.5015418Z   ---
2026-10-10T04:50:01.5015714Z   duration_ms: 26.4047
2026-10-10T04:50:01.5016048Z   type: 'test'
2026-10-10T04:50:01.5016337Z   ...
2026-10-10T04:50:01.5017262Z # Subtest: graph human form preserves a draft across checkpoints and sends raw input with the displayed revision
2026-10-10T04:50:01.5018798Z ok 219 - graph human form preserves a draft across checkpoints and sends raw input with the displayed revision
2026-10-10T04:50:01.5019918Z   ---
2026-10-10T04:50:01.5020233Z   duration_ms: 26.307
2026-10-10T04:50:01.5024899Z   type: 'test'
2026-10-10T04:50:01.5025209Z   ...
2026-10-10T04:50:01.5026162Z # Subtest: graph child responses retain actual supplied per-response metrics independently of the root transcript
2026-10-10T04:50:01.5028113Z ok 220 - graph child responses retain actual supplied per-response metrics independently of the root transcript
2026-10-10T04:50:01.5029020Z   ---
2026-10-10T04:50:01.5029319Z   duration_ms: 31.3114
2026-10-10T04:50:01.5029687Z   type: 'test'
2026-10-10T04:50:01.5029976Z   ...
2026-10-10T04:50:01.5030783Z # Subtest: footer workflow chooser enables a real advertised tool graph on a model-free backend
2026-10-10T04:50:01.5032334Z ok 221 - footer workflow chooser enables a real advertised tool graph on a model-free backend
2026-10-10T04:50:01.5033085Z   ---
2026-10-10T04:50:01.5033383Z   duration_ms: 31.9468
2026-10-10T04:50:01.5033672Z   type: 'test'
2026-10-10T04:50:01.5033851Z   ...
2026-10-10T04:50:01.5034353Z # Subtest: graph join summary keeps full observed outputs expandable without fabricated aggregate metrics
2026-10-10T04:50:01.5035140Z ok 222 - graph join summary keeps full observed outputs expandable without fabricated aggregate metrics
2026-10-10T04:50:01.5035594Z   ---
2026-10-10T04:50:01.5035768Z   duration_ms: 24.3878
2026-10-10T04:50:01.5035960Z   type: 'test'
2026-10-10T04:50:01.5036125Z   ...
2026-10-10T04:50:01.5036660Z # Subtest: patch review shows actual action, absent snapshots, move destination and non-atomic batch before any decision
2026-10-10T04:50:01.5037762Z ok 223 - patch review shows actual action, absent snapshots, move destination and non-atomic batch before any decision
2026-10-10T04:50:01.5038258Z   ---
2026-10-10T04:50:01.5038422Z   duration_ms: 30.0615
2026-10-10T04:50:01.5038609Z   type: 'test'
2026-10-10T04:50:01.5038769Z   ...
2026-10-10T04:50:01.5039397Z # Subtest: malformed patch identity, missing batch manifest, absence, hashes and destinations disable Allow and comparison but preserve Deny
2026-10-10T04:50:01.5040417Z ok 224 - malformed patch identity, missing batch manifest, absence, hashes and destinations disable Allow and comparison but preserve Deny
2026-10-10T04:50:01.5040969Z   ---
2026-10-10T04:50:01.5041124Z   duration_ms: 27.6639
2026-10-10T04:50:01.5041508Z   type: 'test'
2026-10-10T04:50:01.5041684Z   ...
2026-10-10T04:50:01.5042115Z # Subtest: patch move review discloses both guidance scopes and rejects unbound scope metadata
2026-10-10T04:50:01.5042788Z ok 225 - patch move review discloses both guidance scopes and rejects unbound scope metadata
2026-10-10T04:50:01.5043191Z   ---
2026-10-10T04:50:01.5043353Z   duration_ms: 24.9409
2026-10-10T04:50:01.5043541Z   type: 'test'
2026-10-10T04:50:01.5043705Z   ...
2026-10-10T04:50:01.5459553Z # Subtest: host launches only native view without a backend token, database path or pipes
2026-10-10T04:50:01.5461100Z ok 226 - host launches only native view without a backend token, database path or pipes
2026-10-10T04:50:01.5461962Z   ---
2026-10-10T04:50:01.5462239Z   duration_ms: 18.8422
2026-10-10T04:50:01.5462561Z   type: 'test'
2026-10-10T04:50:01.5462834Z   ...
2026-10-10T04:50:01.5463537Z # Subtest: reload replaces only the view; profile and native backend identity remain stable
2026-10-10T04:50:01.5464662Z ok 227 - reload replaces only the view; profile and native backend identity remain stable
2026-10-10T04:50:01.5465324Z   ---
2026-10-10T04:50:01.5465753Z   duration_ms: 2.8121
2026-10-10T04:50:01.5466621Z   type: 'test'
2026-10-10T04:50:01.5466966Z   ...
2026-10-10T04:50:01.5468072Z # Subtest: read-only, trust, remote and pure-source boundaries apply before launch
2026-10-10T04:50:01.5469364Z ok 228 - read-only, trust, remote and pure-source boundaries apply before launch
2026-10-10T04:50:01.5470005Z   ---
2026-10-10T04:50:01.5470278Z   duration_ms: 3.2846
2026-10-10T04:50:01.5470603Z   type: 'test'
2026-10-10T04:50:01.5470866Z   ...
2026-10-10T04:50:01.5471755Z # Subtest: multi-root explicitly uses the opened root and host cwd
2026-10-10T04:50:01.5472556Z ok 229 - multi-root explicitly uses the opened root and host cwd
2026-10-10T04:50:01.5473078Z   ---
2026-10-10T04:50:01.5473335Z   duration_ms: 1.3123
2026-10-10T04:50:01.5473640Z   type: 'test'
2026-10-10T04:50:01.5473913Z   ...
2026-10-10T04:50:01.5474619Z # Subtest: private rendezvous fallback and aliases cannot expose storage to workspace tools
2026-10-10T04:50:01.5475785Z ok 230 - private rendezvous fallback and aliases cannot expose storage to workspace tools
2026-10-10T04:50:01.5476471Z   ---
2026-10-10T04:50:01.5476732Z   duration_ms: 1.5649
2026-10-10T04:50:01.5477041Z   type: 'test'
2026-10-10T04:50:01.5477305Z   ...
2026-10-10T04:50:01.5477978Z # Subtest: wrong roots, process metadata and profile overlap fail and close only the view
2026-10-10T04:50:01.5479069Z ok 231 - wrong roots, process metadata and profile overlap fail and close only the view
2026-10-10T04:50:01.5479724Z   ---
2026-10-10T04:50:01.5479987Z   duration_ms: 4.1221
2026-10-10T04:50:01.5480301Z   type: 'test'
2026-10-10T04:50:01.5480566Z   ...
2026-10-10T04:50:01.5481184Z # Subtest: expanded folder set cannot expose a retained profile or rendezvous
2026-10-10T04:50:01.5482606Z ok 232 - expanded folder set cannot expose a retained profile or rendezvous
2026-10-10T04:50:01.5483201Z   ---
2026-10-10T04:50:01.5483459Z   duration_ms: 1.6082
2026-10-10T04:50:01.5483760Z   type: 'test'
2026-10-10T04:50:01.5484015Z   ...
2026-10-10T04:50:01.5484789Z # Subtest: workspace mutation during readiness closes the adapter without claiming backend termination
2026-10-10T04:50:01.5486079Z ok 233 - workspace mutation during readiness closes the adapter without claiming backend termination
2026-10-10T04:50:01.5487076Z   ---
2026-10-10T04:50:01.5487356Z   duration_ms: 0.7397
2026-10-10T04:50:01.5487664Z   type: 'test'
2026-10-10T04:50:01.5487918Z   ...
2026-10-10T04:50:01.5488640Z # Subtest: admission carries verified workspace authority and rejects late selection mutation
2026-10-10T04:50:01.5489795Z ok 234 - admission carries verified workspace authority and rejects late selection mutation
2026-10-10T04:50:01.5490488Z   ---
2026-10-10T04:50:01.5490750Z   duration_ms: 2.6232
2026-10-10T04:50:01.5491047Z   type: 'test'
2026-10-10T04:50:01.5491523Z   ...
2026-10-10T04:50:01.5492166Z # Subtest: authority drift rejects admission before a replacement run can be created
2026-10-10T04:50:01.5493190Z ok 235 - authority drift rejects admission before a replacement run can be created
2026-10-10T04:50:01.5493821Z   ---
2026-10-10T04:50:01.5494075Z   duration_ms: 1.4209
2026-10-10T04:50:01.5494373Z   type: 'test'
2026-10-10T04:50:01.5494633Z   ...
2026-10-10T04:50:01.5495265Z # Subtest: readiness timeout does not retry spawning or create a JavaScript database
2026-10-10T04:50:01.5496283Z ok 236 - readiness timeout does not retry spawning or create a JavaScript database
2026-10-10T04:50:01.5496898Z   ---
2026-10-10T04:50:01.5497159Z   duration_ms: 63.3319
2026-10-10T04:50:01.5497457Z   type: 'test'
2026-10-10T04:50:01.5497718Z   ...
2026-10-10T04:50:01.5498278Z # Subtest: external attachment still verifies the actual opened workspace
2026-10-10T04:50:01.5499165Z ok 237 - external attachment still verifies the actual opened workspace
2026-10-10T04:50:01.5499746Z   ---
2026-10-10T04:50:01.5500007Z   duration_ms: 0.6702
2026-10-10T04:50:01.5500308Z   type: 'test'
2026-10-10T04:50:01.5500562Z   ...
2026-10-10T04:50:01.5501212Z # Subtest: private native startup errors are accepted only for the spawned adapter PID
2026-10-10T04:50:01.5502260Z ok 238 - private native startup errors are accepted only for the spawned adapter PID
2026-10-10T04:50:01.5502897Z   ---
2026-10-10T04:50:01.5503156Z   duration_ms: 1.8294
2026-10-10T04:50:01.5503446Z   type: 'test'
2026-10-10T04:50:01.5503706Z   ...
2026-10-10T04:50:01.5504459Z # Subtest: a folder switch during preparation connects the latest folder after stale startup cleanup
2026-10-10T04:50:01.5505860Z ok 239 - a folder switch during preparation connects the latest folder after stale startup cleanup
2026-10-10T04:50:01.5506582Z   ---
2026-10-10T04:50:01.5507112Z   duration_ms: 1.4245
2026-10-10T04:50:01.5507410Z   type: 'test'
2026-10-10T04:50:01.5507672Z   ...
2026-10-10T04:50:01.5508470Z # Subtest: trust revocation during preparation prevents native startup without cancelling existing work
2026-10-10T04:50:01.5509796Z ok 240 - trust revocation during preparation prevents native startup without cancelling existing work
2026-10-10T04:50:01.5510567Z   ---
2026-10-10T04:50:01.5510828Z   duration_ms: 0.7953
2026-10-10T04:50:01.5511129Z   type: 'test'
2026-10-10T04:50:01.5511392Z   ...
2026-10-10T04:50:01.5512057Z # Subtest: attachment refuses trust or remote-host changes during workspace verification
2026-10-10T04:50:01.5513160Z ok 241 - attachment refuses trust or remote-host changes during workspace verification
2026-10-10T04:50:01.5513815Z   ---
2026-10-10T04:50:01.5514064Z   duration_ms: 1.3318
2026-10-10T04:50:01.5514364Z   type: 'test'
2026-10-10T04:50:01.5514615Z   ...
2026-10-10T04:50:01.5515321Z # Subtest: native creates the rendezvous directory ownership; the host only chooses a fresh name
2026-10-10T04:50:01.5516507Z ok 242 - native creates the rendezvous directory ownership; the host only chooses a fresh name
2026-10-10T04:50:01.5517214Z   ---
2026-10-10T04:50:01.5517460Z   duration_ms: 1.4284
2026-10-10T04:50:01.5517751Z   type: 'test'
2026-10-10T04:50:01.5518010Z   ...
2026-10-10T04:50:01.5518661Z # Subtest: a chosen rendezvous collision is preserved and cannot start a native adapter
2026-10-10T04:50:01.5519707Z ok 243 - a chosen rendezvous collision is preserved and cannot start a native adapter
2026-10-10T04:50:01.5520350Z   ---
2026-10-10T04:50:01.5520599Z   duration_ms: 0.931
2026-10-10T04:50:01.5520895Z   type: 'test'
2026-10-10T04:50:01.5521149Z   ...
2026-10-10T04:50:01.5521765Z # Subtest: a published rendezvous directory alias is refused before authentication
2026-10-10T04:50:01.5522774Z ok 244 - a published rendezvous directory alias is refused before authentication
2026-10-10T04:50:01.5523387Z   ---
2026-10-10T04:50:01.5523644Z   duration_ms: 1.418
2026-10-10T04:50:01.5523932Z   type: 'test'
2026-10-10T04:50:01.5524183Z   ...
2026-10-10T04:50:01.5524595Z 1..244
2026-10-10T04:50:01.5524853Z # tests 244
2026-10-10T04:50:01.5525102Z # suites 0
2026-10-10T04:50:01.5525351Z # pass 244
2026-10-10T04:50:01.5525602Z # fail 0
2026-10-10T04:50:01.5525848Z # cancelled 0
2026-10-10T04:50:01.5526118Z # skipped 0
2026-10-10T04:50:01.5526369Z # todo 0
2026-10-10T04:50:01.5526645Z # duration_ms 5541.1354
2026-10-10T04:50:01.6313282Z ##[group]Run node views/browser/build.mjs build/browser-assets
2026-10-10T04:50:01.6314093Z [36;1mnode views/browser/build.mjs build/browser-assets[0m
2026-10-10T04:50:01.6314734Z [36;1mif ($LASTEXITCODE -ne 0) { exit $LASTEXITCODE }[0m
2026-10-10T04:50:01.6315381Z [36;1m$env:XMIND_BROWSER_TEST_ASSETS='build/browser-assets'[0m
2026-10-10T04:50:01.6316256Z [36;1mnode --test views/browser/tests/*.cjs > build/ci-evidence/browser-controller.log[0m
2026-10-10T04:50:01.6317090Z [36;1mif ($LASTEXITCODE -ne 0) { exit $LASTEXITCODE }[0m
2026-10-10T04:50:01.6318592Z [36;1mnode views/browser/tests/native-contract.mjs build/native/Release/xmind.exe ../xlang3/build/Release/modules ../stdlib-source/Lib build/browser-assets > build/ci-evidence/browser-native.log[0m
2026-10-10T04:50:01.6320017Z [36;1mexit $LASTEXITCODE[0m
2026-10-10T04:50:01.6396591Z shell: C:\Program Files\PowerShell\7\pwsh.EXE -command ". '{0}'"
2026-10-10T04:50:01.6396945Z ##[endgroup]
2026-10-10T04:50:02.0483487Z Browser view assets built at D:\a\xMind\xMind\xmind\build\browser-assets
2026-10-10T04:50:06.6435529Z ##[group]Run node Tools/ci-stage-runtime.mjs
2026-10-10T04:50:06.6435948Z [36;1mnode Tools/ci-stage-runtime.mjs[0m
2026-10-10T04:50:06.6508888Z shell: C:\Program Files\PowerShell\7\pwsh.EXE -command ". '{0}'"
2026-10-10T04:50:06.6510463Z ##[endgroup]
2026-10-10T04:50:13.1523685Z {"sourceRevision":"70070107444a17e3012e0c897a4ae6baa0d934d6","sdkRevision":"7b8b32ae3a0e6a99fac7babd97362736099448fb","stdlibRevision":"ebf955df7a89ed0c7968f79faec1de49f61ed7cb","contracts":110,"sourceFiles":29,"sourceManifestSha256":"b1c667c904e7af80bf93cff5e335585b10da1908e433abfdf7307a642b116fa9","output":"D:\\a\\xMind\\xMind\\xmind\\extensions\\vscode\\native-runtime","manifestSha256":"f358428b34846fb2c45e019a6069fc0477d98df72c362ff520930bba68310d87","nativeFiles":5,"pureSourceFiles":1830,"files":1860,"nativeExecuted":false,"configAccessed":false,"installed":false,"scope":"File staging from the complete successful native gate; VSIX verification follows separately"}
2026-10-10T04:50:13.3060323Z ##[group]Run npm run package -- --out ../../build/ci-evidence/xmind.vsix > ../../build/ci-evidence/browser-package.log
2026-10-10T04:50:13.3061192Z [36;1mnpm run package -- --out ../../build/ci-evidence/xmind.vsix > ../../build/ci-evidence/browser-package.log[0m
2026-10-10T04:50:13.3061769Z [36;1mif ($LASTEXITCODE -ne 0) { exit $LASTEXITCODE }[0m
2026-10-10T04:50:13.3062417Z [36;1m../../Tools/verify-browser-vsix.ps1 -Path ../../build/ci-evidence/xmind.vsix > ../../build/ci-evidence/browser-package-verification.log[0m
2026-10-10T04:50:13.3132948Z shell: C:\Program Files\PowerShell\7\pwsh.EXE -command ". '{0}'"
2026-10-10T04:50:13.3133298Z ##[endgroup]
2026-10-10T04:50:41.3462369Z ##[group]Run actions/upload-artifact@b7c566a772e6b6bfb58ed0dc250532a479d7789f
2026-10-10T04:50:41.3462844Z with:
2026-10-10T04:50:41.3463160Z   name: native-windows-evidence-70070107444a17e3012e0c897a4ae6baa0d934d6
2026-10-10T04:50:41.3463616Z   path: xmind/build/ci-evidence/
xmind/build/native/Testing/

2026-10-10T04:50:41.3463950Z   retention-days: 14
2026-10-10T04:50:41.3464151Z   if-no-files-found: warn
2026-10-10T04:50:41.3464357Z   compression-level: 6
2026-10-10T04:50:41.3464555Z   overwrite: false
2026-10-10T04:50:41.3464744Z   include-hidden-files: false
2026-10-10T04:50:41.3464971Z ##[endgroup]
2026-10-10T04:50:41.5954893Z Multiple search paths detected. Calculating the least common ancestor of all paths
2026-10-10T04:50:41.5957254Z The least common ancestor is D:\a\xMind\xMind\xmind\build. This will be the root directory of the artifact
2026-10-10T04:50:41.5958381Z With the provided path, there will be 24 files uploaded
2026-10-10T04:50:41.5959867Z Artifact name is valid!
2026-10-10T04:50:41.5961757Z Root directory input is valid!
2026-10-10T04:50:41.7989043Z Beginning upload of artifact content to blob storage
2026-10-10T04:50:42.5044895Z Uploaded bytes 8388608
2026-10-10T04:50:42.8164506Z Uploaded bytes 16777216
2026-10-10T04:50:42.9333914Z Uploaded bytes 17765398
2026-10-10T04:50:42.9502407Z Finished uploading artifact content to blob storage!
2026-10-10T04:50:42.9504711Z SHA256 digest of uploaded artifact zip is 53101ead44a0690fc9f4872c34a09e8b07c9309e79e9a4728669f8a0b717aff8
2026-10-10T04:50:42.9513642Z Finalizing artifact upload
2026-10-10T04:50:43.1601603Z Artifact native-windows-evidence-70070107444a17e3012e0c897a4ae6baa0d934d6.zip successfully finalized. Artifact ID 11659993986
2026-10-10T04:50:43.1604248Z Artifact native-windows-evidence-70070107444a17e3012e0c897a4ae6baa0d934d6 has been successfully uploaded! Final size is 17765398 bytes. Artifact ID is 11659993986
2026-10-10T04:50:43.1611783Z Artifact download URL: https://github.com/xlang-foundation/xMind/actions/runs/38023402355/artifacts/11659993986
2026-10-10T04:50:43.2006436Z ##[group]Run actions/upload-artifact@b7c566a772e6b6bfb58ed0dc250532a479d7789f
2026-10-10T04:50:43.2007176Z with:
2026-10-10T04:50:43.2008046Z   name: native-windows-runtime-70070107444a17e3012e0c897a4ae6baa0d934d6
2026-10-10T04:50:43.2008776Z   path: xmind/build/native-distribution/
2026-10-10T04:50:43.2009244Z   if-no-files-found: error
2026-10-10T04:50:43.2009623Z   retention-days: 14
2026-10-10T04:50:43.2009967Z   compression-level: 6
2026-10-10T04:50:43.2010306Z   overwrite: false
2026-10-10T04:50:43.2010927Z   include-hidden-files: false
2026-10-10T04:50:43.2011324Z ##[endgroup]
2026-10-10T04:50:43.4631045Z With the provided path, there will be 29 files uploaded
2026-10-10T04:50:43.4637868Z Artifact name is valid!
2026-10-10T04:50:43.4639514Z Root directory input is valid!
2026-10-10T04:50:43.6855548Z Beginning upload of artifact content to blob storage
2026-10-10T04:50:44.8320568Z Uploaded bytes 8388608
2026-10-10T04:50:44.8673660Z Uploaded bytes 9806306
2026-10-10T04:50:44.8828972Z Finished uploading artifact content to blob storage!
2026-10-10T04:50:44.8830886Z SHA256 digest of uploaded artifact zip is 9cf9a06edb7156c152b22cd23c284065a7cdc24bfcd8ddac5c4cdf90a237ce97
2026-10-10T04:50:44.8833783Z Finalizing artifact upload
2026-10-10T04:50:45.0818940Z Artifact native-windows-runtime-70070107444a17e3012e0c897a4ae6baa0d934d6.zip successfully finalized. Artifact ID 11659993993
2026-10-10T04:50:45.0821860Z Artifact native-windows-runtime-70070107444a17e3012e0c897a4ae6baa0d934d6 has been successfully uploaded! Final size is 9806306 bytes. Artifact ID is 11659993993
2026-10-10T04:50:45.0830178Z Artifact download URL: https://github.com/xlang-foundation/xMind/actions/runs/38023402355/artifacts/11659993993
2026-10-10T04:50:45.1260646Z Post job cleanup.
2026-10-10T04:50:45.3532611Z Post job cleanup.
2026-10-10T04:50:45.5788508Z [command]"C:\Program Files\Git\bin\git.exe" version
2026-10-10T04:50:45.6101814Z git version 2.55.0.windows.5
2026-10-10T04:50:45.6181890Z Temporarily overriding HOME='D:\a\_temp\84c4a3e4-251d-4f9d-afbf-4d7eff8d3775' before making global git config changes
2026-10-10T04:50:45.6183283Z Adding repository directory to the temporary git global config as a safe directory
2026-10-10T04:50:45.6203885Z [command]"C:\Program Files\Git\bin\git.exe" config --global --add safe.directory D:\a\xMind\xMind\stdlib-source
2026-10-10T04:50:45.6532662Z Removing SSH command configuration
2026-10-10T04:50:45.6542975Z [command]"C:\Program Files\Git\bin\git.exe" config --local --name-only --get-regexp core\.sshCommand
2026-10-10T04:50:45.6880660Z [command]"C:\Program Files\Git\bin\git.exe" submodule foreach --recursive "sh -c \"git config --local --name-only --get-regexp 'core\.sshCommand' && git config --local --unset-all 'core.sshCommand' || :\""
2026-10-10T04:50:46.3261345Z Removing HTTP extra header
2026-10-10T04:50:46.3271821Z [command]"C:\Program Files\Git\bin\git.exe" config --local --name-only --get-regexp http\.https\:\/\/github\.com\/\.extraheader
2026-10-10T04:50:46.3635190Z [command]"C:\Program Files\Git\bin\git.exe" submodule foreach --recursive "sh -c \"git config --local --name-only --get-regexp 'http\.https\:\/\/github\.com\/\.extraheader' && git config --local --unset-all 'http.https://github.com/.extraheader' || :\""
2026-10-10T04:50:46.9605728Z Removing includeIf entries pointing to credentials config files
2026-10-10T04:50:46.9618415Z [command]"C:\Program Files\Git\bin\git.exe" config --local --name-only --get-regexp ^includeIf\.gitdir:
2026-10-10T04:50:46.9925623Z includeif.gitdir:D:/a/xMind/xMind/stdlib-source/.git.path
2026-10-10T04:50:46.9926460Z includeif.gitdir:D:/a/xMind/xMind/stdlib-source/.git/worktrees/*.path
2026-10-10T04:50:46.9964524Z [command]"C:\Program Files\Git\bin\git.exe" config --local --get-all includeif.gitdir:D:/a/xMind/xMind/stdlib-source/.git.path
2026-10-10T04:50:47.0281543Z D:\a\_temp\git-credentials-34bf778d-2e26-43bb-87b2-900afe17c4cb.config
2026-10-10T04:50:47.0322168Z [command]"C:\Program Files\Git\bin\git.exe" config --local --unset includeif.gitdir:D:/a/xMind/xMind/stdlib-source/.git.path D:\a\_temp\git-credentials-34bf778d-2e26-43bb-87b2-900afe17c4cb.config
2026-10-10T04:50:47.0675846Z [command]"C:\Program Files\Git\bin\git.exe" config --local --get-all includeif.gitdir:D:/a/xMind/xMind/stdlib-source/.git/worktrees/*.path
2026-10-10T04:50:47.0970684Z D:\a\_temp\git-credentials-34bf778d-2e26-43bb-87b2-900afe17c4cb.config
2026-10-10T04:50:47.1027324Z [command]"C:\Program Files\Git\bin\git.exe" config --local --unset includeif.gitdir:D:/a/xMind/xMind/stdlib-source/.git/worktrees/*.path D:\a\_temp\git-credentials-34bf778d-2e26-43bb-87b2-900afe17c4cb.config
2026-10-10T04:50:47.1355700Z [command]"C:\Program Files\Git\bin\git.exe" submodule foreach --recursive "git config --local --show-origin --name-only --get-regexp remote.origin.url"
2026-10-10T04:50:47.7277180Z Removing credentials config 'D:\a\_temp\git-credentials-34bf778d-2e26-43bb-87b2-900afe17c4cb.config'
2026-10-10T04:50:47.7678396Z Post job cleanup.
2026-10-10T04:50:48.0050262Z [command]"C:\Program Files\Git\bin\git.exe" version
2026-10-10T04:50:48.0338262Z git version 2.55.0.windows.5
2026-10-10T04:50:48.0413162Z Temporarily overriding HOME='D:\a\_temp\31a5402a-e9f5-44b5-9d85-089e29213c5f' before making global git config changes
2026-10-10T04:50:48.0414013Z Adding repository directory to the temporary git global config as a safe directory
2026-10-10T04:50:48.0424141Z [command]"C:\Program Files\Git\bin\git.exe" config --global --add safe.directory D:\a\xMind\xMind\xlang3
2026-10-10T04:50:48.0756750Z Removing SSH command configuration
2026-10-10T04:50:48.0757731Z [command]"C:\Program Files\Git\bin\git.exe" config --local --name-only --get-regexp core\.sshCommand
2026-10-10T04:50:48.1113733Z [command]"C:\Program Files\Git\bin\git.exe" submodule foreach --recursive "sh -c \"git config --local --name-only --get-regexp 'core\.sshCommand' && git config --local --unset-all 'core.sshCommand' || :\""
2026-10-10T04:50:48.9422068Z Removing HTTP extra header
2026-10-10T04:50:48.9432446Z [command]"C:\Program Files\Git\bin\git.exe" config --local --name-only --get-regexp http\.https\:\/\/github\.com\/\.extraheader
2026-10-10T04:50:48.9730608Z [command]"C:\Program Files\Git\bin\git.exe" submodule foreach --recursive "sh -c \"git config --local --name-only --get-regexp 'http\.https\:\/\/github\.com\/\.extraheader' && git config --local --unset-all 'http.https://github.com/.extraheader' || :\""
2026-10-10T04:50:49.5441712Z Removing includeIf entries pointing to credentials config files
2026-10-10T04:50:49.5454521Z [command]"C:\Program Files\Git\bin\git.exe" config --local --name-only --get-regexp ^includeIf\.gitdir:
2026-10-10T04:50:49.5805362Z includeif.gitdir:D:/a/xMind/xMind/xlang3/.git.path
2026-10-10T04:50:49.5806224Z includeif.gitdir:D:/a/xMind/xMind/xlang3/.git/worktrees/*.path
2026-10-10T04:50:49.5860299Z [command]"C:\Program Files\Git\bin\git.exe" config --local --get-all includeif.gitdir:D:/a/xMind/xMind/xlang3/.git.path
2026-10-10T04:50:49.6139574Z D:\a\_temp\git-credentials-3b594dfd-f4c7-4ed5-ac6c-49a43c4dba6e.config
2026-10-10T04:50:49.6191155Z [command]"C:\Program Files\Git\bin\git.exe" config --local --unset includeif.gitdir:D:/a/xMind/xMind/xlang3/.git.path D:\a\_temp\git-credentials-3b594dfd-f4c7-4ed5-ac6c-49a43c4dba6e.config
2026-10-10T04:50:49.6540528Z [command]"C:\Program Files\Git\bin\git.exe" config --local --get-all includeif.gitdir:D:/a/xMind/xMind/xlang3/.git/worktrees/*.path
2026-10-10T04:50:49.6852212Z D:\a\_temp\git-credentials-3b594dfd-f4c7-4ed5-ac6c-49a43c4dba6e.config
2026-10-10T04:50:49.6908470Z [command]"C:\Program Files\Git\bin\git.exe" config --local --unset includeif.gitdir:D:/a/xMind/xMind/xlang3/.git/worktrees/*.path D:\a\_temp\git-credentials-3b594dfd-f4c7-4ed5-ac6c-49a43c4dba6e.config
2026-10-10T04:50:49.7265148Z [command]"C:\Program Files\Git\bin\git.exe" submodule foreach --recursive "git config --local --show-origin --name-only --get-regexp remote.origin.url"
2026-10-10T04:50:50.3217947Z Removing credentials config 'D:\a\_temp\git-credentials-3b594dfd-f4c7-4ed5-ac6c-49a43c4dba6e.config'
2026-10-10T04:50:50.3643941Z Post job cleanup.
2026-10-10T04:50:50.6121979Z [command]"C:\Program Files\Git\bin\git.exe" version
2026-10-10T04:50:50.6445086Z git version 2.55.0.windows.5
2026-10-10T04:50:50.6525643Z Temporarily overriding HOME='D:\a\_temp\3f904070-3efa-47d2-a72f-9460c0a9acce' before making global git config changes
2026-10-10T04:50:50.6527251Z Adding repository directory to the temporary git global config as a safe directory
2026-10-10T04:50:50.6538316Z [command]"C:\Program Files\Git\bin\git.exe" config --global --add safe.directory D:\a\xMind\xMind\xmind
2026-10-10T04:50:50.6915171Z Removing SSH command configuration
2026-10-10T04:50:50.6929336Z [command]"C:\Program Files\Git\bin\git.exe" config --local --name-only --get-regexp core\.sshCommand
2026-10-10T04:50:50.7371448Z [command]"C:\Program Files\Git\bin\git.exe" submodule foreach --recursive "sh -c \"git config --local --name-only --get-regexp 'core\.sshCommand' && git config --local --unset-all 'core.sshCommand' || :\""
2026-10-10T04:50:51.3746251Z Removing HTTP extra header
2026-10-10T04:50:51.3770345Z [command]"C:\Program Files\Git\bin\git.exe" config --local --name-only --get-regexp http\.https\:\/\/github\.com\/\.extraheader
2026-10-10T04:50:51.4125261Z [command]"C:\Program Files\Git\bin\git.exe" submodule foreach --recursive "sh -c \"git config --local --name-only --get-regexp 'http\.https\:\/\/github\.com\/\.extraheader' && git config --local --unset-all 'http.https://github.com/.extraheader' || :\""
2026-10-10T04:50:52.0563092Z Removing includeIf entries pointing to credentials config files
2026-10-10T04:50:52.0595691Z [command]"C:\Program Files\Git\bin\git.exe" config --local --name-only --get-regexp ^includeIf\.gitdir:
2026-10-10T04:50:52.0896523Z includeif.gitdir:D:/a/xMind/xMind/xmind/.git.path
2026-10-10T04:50:52.0897084Z includeif.gitdir:D:/a/xMind/xMind/xmind/.git/worktrees/*.path
2026-10-10T04:50:52.0961552Z [command]"C:\Program Files\Git\bin\git.exe" config --local --get-all includeif.gitdir:D:/a/xMind/xMind/xmind/.git.path
2026-10-10T04:50:52.1278335Z D:\a\_temp\git-credentials-4afc31c9-0b11-4589-8222-ee511eaafea9.config
2026-10-10T04:50:52.1320894Z [command]"C:\Program Files\Git\bin\git.exe" config --local --unset includeif.gitdir:D:/a/xMind/xMind/xmind/.git.path D:\a\_temp\git-credentials-4afc31c9-0b11-4589-8222-ee511eaafea9.config
2026-10-10T04:50:52.1687846Z [command]"C:\Program Files\Git\bin\git.exe" config --local --get-all includeif.gitdir:D:/a/xMind/xMind/xmind/.git/worktrees/*.path
2026-10-10T04:50:52.1950527Z D:\a\_temp\git-credentials-4afc31c9-0b11-4589-8222-ee511eaafea9.config
2026-10-10T04:50:52.1988766Z [command]"C:\Program Files\Git\bin\git.exe" config --local --unset includeif.gitdir:D:/a/xMind/xMind/xmind/.git/worktrees/*.path D:\a\_temp\git-credentials-4afc31c9-0b11-4589-8222-ee511eaafea9.config
2026-10-10T04:50:52.2363576Z [command]"C:\Program Files\Git\bin\git.exe" submodule foreach --recursive "git config --local --show-origin --name-only --get-regexp remote.origin.url"
2026-10-10T04:50:52.8697103Z Removing credentials config 'D:\a\_temp\git-credentials-4afc31c9-0b11-4589-8222-ee511eaafea9.config'
2026-10-10T04:50:52.8996658Z Cleaning up orphan processes
2026-10-10T04:50:52.9231325Z Terminate orphan process: pid (9064) (vctip)
2026-10-10T04:50:52.9345736Z Terminate orphan process: pid (2868) (MSBuild)
2026-10-10T04:50:52.9422702Z Terminate orphan process: pid (7552) (MSBuild)
2026-10-10T04:50:52.9537093Z Terminate orphan process: pid (7028) (MSBuild)
