2026-10-10T04:50:57.2345881Z Current runner version: '2.337.0'
2026-10-10T04:50:57.2361940Z ##[group]Runner Image Provisioner
2026-10-10T04:50:57.2362410Z Hosted Compute Agent
2026-10-10T04:50:57.2362710Z Version: 20260901.588
2026-10-10T04:50:57.2363048Z Commit: f88ec8081b781fac6c440065ac7ff9e710ce3d0b
2026-10-10T04:50:57.2363496Z Build Date: 2026-09-01T19:56:44Z
2026-10-10T04:50:57.2363884Z Worker ID: {6f89be7e-b11f-409e-9d37-794d637d3dc4}
2026-10-10T04:50:57.2364254Z Azure Region: westus2
2026-10-10T04:50:57.2364536Z ##[endgroup]
2026-10-10T04:50:57.2365219Z ##[group]Operating System
2026-10-10T04:50:57.2365556Z Microsoft Windows Server 2025
2026-10-10T04:50:57.2365862Z 10.0.26100
2026-10-10T04:50:57.2366136Z Datacenter
2026-10-10T04:50:57.2366405Z ##[endgroup]
2026-10-10T04:50:57.2366683Z ##[group]Runner Image
2026-10-10T04:50:57.2367003Z Image: windows-2025-vs2026
2026-10-10T04:50:57.2367331Z Version: 20260925.250.1
2026-10-10T04:50:57.2368212Z Included Software: https://github.com/actions/runner-images/blob/win25-vs2026/20260925.250/images/windows/Windows2025-VS2026-Readme.md
2026-10-10T04:50:57.2369422Z Image Release: https://github.com/actions/runner-images/releases/tag/win25-vs2026%2F20260925.250
2026-10-10T04:50:57.2369923Z ##[endgroup]
2026-10-10T04:50:57.2370476Z ##[group]GITHUB_TOKEN Permissions
2026-10-10T04:50:57.2371717Z Contents: read
2026-10-10T04:50:57.2372013Z Metadata: read
2026-10-10T04:50:57.2372299Z ##[endgroup]
2026-10-10T04:50:57.2373509Z Secret source: Actions
2026-10-10T04:50:57.2373985Z Cache mode: write
2026-10-10T04:50:57.2374443Z Prepare workflow directory
2026-10-10T04:50:57.2613107Z Prepare all required actions
2026-10-10T04:50:57.2643223Z Getting action download info
2026-10-10T04:50:57.6134995Z Download action repository 'actions/checkout@d23441a48e516b6c34aea4fa41551a30e30af803' (SHA:d23441a48e516b6c34aea4fa41551a30e30af803)
2026-10-10T04:50:57.6894918Z Download action repository 'actions/setup-node@249970729cb0ef3589644e2896645e5dc5ba9c38' (SHA:249970729cb0ef3589644e2896645e5dc5ba9c38)
2026-10-10T04:50:57.8242025Z Download action repository 'actions/upload-artifact@b7c566a772e6b6bfb58ed0dc250532a479d7789f' (SHA:b7c566a772e6b6bfb58ed0dc250532a479d7789f)
2026-10-10T04:50:58.0755273Z Complete job name: contracts
2026-10-10T04:50:58.1800239Z ##[group]Run actions/checkout@d23441a48e516b6c34aea4fa41551a30e30af803
2026-10-10T04:50:58.1801016Z with:
2026-10-10T04:50:58.1801228Z   path: xmind
2026-10-10T04:50:58.1801453Z   persist-credentials: false
2026-10-10T04:50:58.1801722Z   repository: xlang-foundation/xMind
2026-10-10T04:50:58.1803886Z   token: ***
2026-10-10T04:50:58.1804094Z   ssh-strict: true
2026-10-10T04:50:58.1804309Z   ssh-user: git
2026-10-10T04:50:58.1804520Z   clean: true
2026-10-10T04:50:58.1804744Z   sparse-checkout-cone-mode: true
2026-10-10T04:50:58.1805010Z   fetch-depth: 1
2026-10-10T04:50:58.1805229Z   fetch-tags: false
2026-10-10T04:50:58.1805457Z   show-progress: true
2026-10-10T04:50:58.1805681Z   lfs: false
2026-10-10T04:50:58.1805883Z   submodules: false
2026-10-10T04:50:58.1806127Z   set-safe-directory: true
2026-10-10T04:50:58.1806381Z   allow-unsafe-pr-checkout: false
2026-10-10T04:50:58.1806742Z ##[endgroup]
2026-10-10T04:50:58.2801340Z Syncing repository: xlang-foundation/xMind
2026-10-10T04:50:58.2802372Z ##[group]Getting Git version info
2026-10-10T04:50:58.2802691Z Working directory is 'D:\a\xMind\xMind\xmind'
2026-10-10T04:50:58.3261631Z [command]"C:\Program Files\Git\bin\git.exe" version
2026-10-10T04:50:58.6525483Z git version 2.55.0.windows.5
2026-10-10T04:50:58.6559108Z ##[endgroup]
2026-10-10T04:50:58.6572105Z Temporarily overriding HOME='D:\a\_temp\9f8e329f-0116-4670-8e30-32a1f308d55d' before making global git config changes
2026-10-10T04:50:58.6579014Z Adding repository directory to the temporary git global config as a safe directory
2026-10-10T04:50:58.6579682Z [command]"C:\Program Files\Git\bin\git.exe" config --global --add safe.directory D:\a\xMind\xMind\xmind
2026-10-10T04:50:58.7109024Z ##[group]Determining repository object format
2026-10-10T04:50:58.7111247Z ##[endgroup]
2026-10-10T04:50:58.7111837Z ##[group]Initializing the repository
2026-10-10T04:50:58.7118173Z [command]"C:\Program Files\Git\bin\git.exe" init D:\a\xMind\xMind\xmind
2026-10-10T04:50:58.7925982Z Initialized empty Git repository in D:/a/xMind/xMind/xmind/.git/
2026-10-10T04:50:58.7954860Z [command]"C:\Program Files\Git\bin\git.exe" remote add origin https://github.com/xlang-foundation/xMind
2026-10-10T04:50:58.8459193Z ##[endgroup]
2026-10-10T04:50:58.8459597Z ##[group]Disabling automatic garbage collection
2026-10-10T04:50:58.8464892Z [command]"C:\Program Files\Git\bin\git.exe" config --local gc.auto 0
2026-10-10T04:50:58.8644021Z ##[endgroup]
2026-10-10T04:50:58.8644396Z ##[group]Setting up auth
2026-10-10T04:50:58.8645180Z Removing SSH command configuration
2026-10-10T04:50:58.8653340Z [command]"C:\Program Files\Git\bin\git.exe" config --local --name-only --get-regexp core\.sshCommand
2026-10-10T04:50:58.8842785Z [command]"C:\Program Files\Git\bin\git.exe" submodule foreach --recursive "sh -c \"git config --local --name-only --get-regexp 'core\.sshCommand' && git config --local --unset-all 'core.sshCommand' || :\""
2026-10-10T04:51:00.0790918Z Removing HTTP extra header
2026-10-10T04:51:00.0798175Z [command]"C:\Program Files\Git\bin\git.exe" config --local --name-only --get-regexp http\.https\:\/\/github\.com\/\.extraheader
2026-10-10T04:51:00.0986125Z [command]"C:\Program Files\Git\bin\git.exe" submodule foreach --recursive "sh -c \"git config --local --name-only --get-regexp 'http\.https\:\/\/github\.com\/\.extraheader' && git config --local --unset-all 'http.https://github.com/.extraheader' || :\""
2026-10-10T04:51:00.4601321Z Removing includeIf entries pointing to credentials config files
2026-10-10T04:51:00.4609829Z [command]"C:\Program Files\Git\bin\git.exe" config --local --name-only --get-regexp ^includeIf\.gitdir:
2026-10-10T04:51:00.4799908Z [command]"C:\Program Files\Git\bin\git.exe" submodule foreach --recursive "git config --local --show-origin --name-only --get-regexp remote.origin.url"
2026-10-10T04:51:00.8416510Z [command]"C:\Program Files\Git\bin\git.exe" config --file D:\a\_temp\git-credentials-eb86dc3a-ec86-4342-9e0d-6b89864a9b18.config http.https://github.com/.extraheader "AUTHORIZATION: basic ***"
2026-10-10T04:51:00.8613645Z [command]"C:\Program Files\Git\bin\git.exe" config --local includeIf.gitdir:D:/a/xMind/xMind/xmind/.git.path D:\a\_temp\git-credentials-eb86dc3a-ec86-4342-9e0d-6b89864a9b18.config
2026-10-10T04:51:00.8795030Z [command]"C:\Program Files\Git\bin\git.exe" config --local includeIf.gitdir:D:/a/xMind/xMind/xmind/.git/worktrees/*.path D:\a\_temp\git-credentials-eb86dc3a-ec86-4342-9e0d-6b89864a9b18.config
2026-10-10T04:51:00.9020523Z [command]"C:\Program Files\Git\bin\git.exe" config --local includeIf.gitdir:/github/workspace/xmind/.git.path /github/runner_temp/git-credentials-eb86dc3a-ec86-4342-9e0d-6b89864a9b18.config
2026-10-10T04:51:00.9200059Z [command]"C:\Program Files\Git\bin\git.exe" config --local includeIf.gitdir:/github/workspace/xmind/.git/worktrees/*.path /github/runner_temp/git-credentials-eb86dc3a-ec86-4342-9e0d-6b89864a9b18.config
2026-10-10T04:51:00.9375199Z ##[endgroup]
2026-10-10T04:51:00.9375545Z ##[group]Fetching the repository
2026-10-10T04:51:00.9383043Z [command]"C:\Program Files\Git\bin\git.exe" -c protocol.version=2 fetch --no-tags --prune --no-recurse-submodules --depth=1 origin +dd08604d54a293bbcf93ae140db0626850320a3f:refs/remotes/origin/checkpoint/native-persistence-m1
2026-10-10T04:51:02.7412402Z From https://github.com/xlang-foundation/xMind
2026-10-10T04:51:02.7412950Z  * [new ref]         dd08604d54a293bbcf93ae140db0626850320a3f -> origin/checkpoint/native-persistence-m1
2026-10-10T04:51:02.7448331Z [command]"C:\Program Files\Git\bin\git.exe" branch --list --remote origin/checkpoint/native-persistence-m1
2026-10-10T04:51:02.7711659Z   origin/checkpoint/native-persistence-m1
2026-10-10T04:51:02.7738085Z [command]"C:\Program Files\Git\bin\git.exe" rev-parse refs/remotes/origin/checkpoint/native-persistence-m1
2026-10-10T04:51:02.7901719Z dd08604d54a293bbcf93ae140db0626850320a3f
2026-10-10T04:51:02.7921574Z ##[endgroup]
2026-10-10T04:51:02.7921876Z ##[group]Determining the checkout info
2026-10-10T04:51:02.7922460Z ##[endgroup]
2026-10-10T04:51:02.7927951Z [command]"C:\Program Files\Git\bin\git.exe" sparse-checkout disable
2026-10-10T04:51:02.8222187Z [command]"C:\Program Files\Git\bin\git.exe" config --local --unset-all extensions.worktreeConfig
2026-10-10T04:51:02.8397367Z ##[group]Checking out the ref
2026-10-10T04:51:02.8402611Z [command]"C:\Program Files\Git\bin\git.exe" checkout --progress --force -B checkpoint/native-persistence-m1 refs/remotes/origin/checkpoint/native-persistence-m1
2026-10-10T04:51:03.4228435Z Switched to a new branch 'checkpoint/native-persistence-m1'
2026-10-10T04:51:03.4282289Z branch 'checkpoint/native-persistence-m1' set up to track 'origin/checkpoint/native-persistence-m1'.
2026-10-10T04:51:03.4337274Z ##[endgroup]
2026-10-10T04:51:03.4787324Z [command]"C:\Program Files\Git\bin\git.exe" log -1 --format=%H
2026-10-10T04:51:03.4966439Z dd08604d54a293bbcf93ae140db0626850320a3f
2026-10-10T04:51:03.4994114Z ##[group]Removing auth
2026-10-10T04:51:03.4994879Z Removing SSH command configuration
2026-10-10T04:51:03.4999919Z [command]"C:\Program Files\Git\bin\git.exe" config --local --name-only --get-regexp core\.sshCommand
2026-10-10T04:51:03.5202246Z [command]"C:\Program Files\Git\bin\git.exe" submodule foreach --recursive "sh -c \"git config --local --name-only --get-regexp 'core\.sshCommand' && git config --local --unset-all 'core.sshCommand' || :\""
2026-10-10T04:51:03.9065724Z Removing HTTP extra header
2026-10-10T04:51:03.9071710Z [command]"C:\Program Files\Git\bin\git.exe" config --local --name-only --get-regexp http\.https\:\/\/github\.com\/\.extraheader
2026-10-10T04:51:03.9262485Z [command]"C:\Program Files\Git\bin\git.exe" submodule foreach --recursive "sh -c \"git config --local --name-only --get-regexp 'http\.https\:\/\/github\.com\/\.extraheader' && git config --local --unset-all 'http.https://github.com/.extraheader' || :\""
2026-10-10T04:51:04.2762146Z Removing includeIf entries pointing to credentials config files
2026-10-10T04:51:04.2769350Z [command]"C:\Program Files\Git\bin\git.exe" config --local --name-only --get-regexp ^includeIf\.gitdir:
2026-10-10T04:51:04.2927271Z includeif.gitdir:D:/a/xMind/xMind/xmind/.git.path
2026-10-10T04:51:04.2927639Z includeif.gitdir:D:/a/xMind/xMind/xmind/.git/worktrees/*.path
2026-10-10T04:51:04.2927851Z includeif.gitdir:/github/workspace/xmind/.git.path
2026-10-10T04:51:04.2928065Z includeif.gitdir:/github/workspace/xmind/.git/worktrees/*.path
2026-10-10T04:51:04.2953635Z [command]"C:\Program Files\Git\bin\git.exe" config --local --get-all includeif.gitdir:D:/a/xMind/xMind/xmind/.git.path
2026-10-10T04:51:04.3106260Z D:\a\_temp\git-credentials-eb86dc3a-ec86-4342-9e0d-6b89864a9b18.config
2026-10-10T04:51:04.3132163Z [command]"C:\Program Files\Git\bin\git.exe" config --local --unset includeif.gitdir:D:/a/xMind/xMind/xmind/.git.path D:\a\_temp\git-credentials-eb86dc3a-ec86-4342-9e0d-6b89864a9b18.config
2026-10-10T04:51:04.3308275Z [command]"C:\Program Files\Git\bin\git.exe" config --local --get-all includeif.gitdir:D:/a/xMind/xMind/xmind/.git/worktrees/*.path
2026-10-10T04:51:04.3461399Z D:\a\_temp\git-credentials-eb86dc3a-ec86-4342-9e0d-6b89864a9b18.config
2026-10-10T04:51:04.3485958Z [command]"C:\Program Files\Git\bin\git.exe" config --local --unset includeif.gitdir:D:/a/xMind/xMind/xmind/.git/worktrees/*.path D:\a\_temp\git-credentials-eb86dc3a-ec86-4342-9e0d-6b89864a9b18.config
2026-10-10T04:51:04.3663093Z [command]"C:\Program Files\Git\bin\git.exe" config --local --get-all includeif.gitdir:/github/workspace/xmind/.git.path
2026-10-10T04:51:04.3825463Z /github/runner_temp/git-credentials-eb86dc3a-ec86-4342-9e0d-6b89864a9b18.config
2026-10-10T04:51:04.3875176Z [command]"C:\Program Files\Git\bin\git.exe" config --local --unset includeif.gitdir:/github/workspace/xmind/.git.path /github/runner_temp/git-credentials-eb86dc3a-ec86-4342-9e0d-6b89864a9b18.config
2026-10-10T04:51:04.4059343Z [command]"C:\Program Files\Git\bin\git.exe" config --local --get-all includeif.gitdir:/github/workspace/xmind/.git/worktrees/*.path
2026-10-10T04:51:04.4246917Z /github/runner_temp/git-credentials-eb86dc3a-ec86-4342-9e0d-6b89864a9b18.config
2026-10-10T04:51:04.4272163Z [command]"C:\Program Files\Git\bin\git.exe" config --local --unset includeif.gitdir:/github/workspace/xmind/.git/worktrees/*.path /github/runner_temp/git-credentials-eb86dc3a-ec86-4342-9e0d-6b89864a9b18.config
2026-10-10T04:51:04.4456298Z [command]"C:\Program Files\Git\bin\git.exe" submodule foreach --recursive "git config --local --show-origin --name-only --get-regexp remote.origin.url"
2026-10-10T04:51:04.8375825Z Removing credentials config 'D:\a\_temp\git-credentials-eb86dc3a-ec86-4342-9e0d-6b89864a9b18.config'
2026-10-10T04:51:04.8385431Z ##[endgroup]
2026-10-10T04:51:04.8671302Z ##[group]Run actions/checkout@d23441a48e516b6c34aea4fa41551a30e30af803
2026-10-10T04:51:04.8671559Z with:
2026-10-10T04:51:04.8671821Z   repository: CantorAI/xlang3
2026-10-10T04:51:04.8671968Z   ref: 7b8b32ae3a0e6a99fac7babd97362736099448fb
2026-10-10T04:51:04.8672114Z   path: xlang3
2026-10-10T04:51:04.8672221Z   persist-credentials: false
2026-10-10T04:51:04.8673621Z   token: ***
2026-10-10T04:51:04.8673716Z   ssh-strict: true
2026-10-10T04:51:04.8673813Z   ssh-user: git
2026-10-10T04:51:04.8673907Z   clean: true
2026-10-10T04:51:04.8674018Z   sparse-checkout-cone-mode: true
2026-10-10T04:51:04.8674147Z   fetch-depth: 1
2026-10-10T04:51:04.8674244Z   fetch-tags: false
2026-10-10T04:51:04.8674345Z   show-progress: true
2026-10-10T04:51:04.8674452Z   lfs: false
2026-10-10T04:51:04.8674548Z   submodules: false
2026-10-10T04:51:04.8674655Z   set-safe-directory: true
2026-10-10T04:51:04.8674781Z   allow-unsafe-pr-checkout: false
2026-10-10T04:51:04.8674967Z ##[endgroup]
2026-10-10T04:51:04.9328485Z Syncing repository: CantorAI/xlang3
2026-10-10T04:51:04.9331563Z ##[group]Getting Git version info
2026-10-10T04:51:04.9331778Z Working directory is 'D:\a\xMind\xMind\xlang3'
2026-10-10T04:51:04.9643738Z [command]"C:\Program Files\Git\bin\git.exe" version
2026-10-10T04:51:04.9818942Z git version 2.55.0.windows.5
2026-10-10T04:51:04.9849358Z ##[endgroup]
2026-10-10T04:51:04.9858985Z Temporarily overriding HOME='D:\a\_temp\4b1cbfe8-e2b4-40ce-b59c-02bc80704856' before making global git config changes
2026-10-10T04:51:04.9859356Z Adding repository directory to the temporary git global config as a safe directory
2026-10-10T04:51:04.9864964Z [command]"C:\Program Files\Git\bin\git.exe" config --global --add safe.directory D:\a\xMind\xMind\xlang3
2026-10-10T04:51:05.0041250Z ##[group]Determining repository object format
2026-10-10T04:51:05.0043148Z ##[endgroup]
2026-10-10T04:51:05.0043392Z ##[group]Initializing the repository
2026-10-10T04:51:05.0048520Z [command]"C:\Program Files\Git\bin\git.exe" init D:\a\xMind\xMind\xlang3
2026-10-10T04:51:05.0248187Z Initialized empty Git repository in D:/a/xMind/xMind/xlang3/.git/
2026-10-10T04:51:05.0273700Z [command]"C:\Program Files\Git\bin\git.exe" remote add origin https://github.com/CantorAI/xlang3
2026-10-10T04:51:05.0454651Z ##[endgroup]
2026-10-10T04:51:05.0454877Z ##[group]Disabling automatic garbage collection
2026-10-10T04:51:05.0459998Z [command]"C:\Program Files\Git\bin\git.exe" config --local gc.auto 0
2026-10-10T04:51:05.0634759Z ##[endgroup]
2026-10-10T04:51:05.0634959Z ##[group]Setting up auth
2026-10-10T04:51:05.0635995Z Removing SSH command configuration
2026-10-10T04:51:05.0642722Z [command]"C:\Program Files\Git\bin\git.exe" config --local --name-only --get-regexp core\.sshCommand
2026-10-10T04:51:05.0823411Z [command]"C:\Program Files\Git\bin\git.exe" submodule foreach --recursive "sh -c \"git config --local --name-only --get-regexp 'core\.sshCommand' && git config --local --unset-all 'core.sshCommand' || :\""
2026-10-10T04:51:05.4387036Z Removing HTTP extra header
2026-10-10T04:51:05.4394171Z [command]"C:\Program Files\Git\bin\git.exe" config --local --name-only --get-regexp http\.https\:\/\/github\.com\/\.extraheader
2026-10-10T04:51:05.4576952Z [command]"C:\Program Files\Git\bin\git.exe" submodule foreach --recursive "sh -c \"git config --local --name-only --get-regexp 'http\.https\:\/\/github\.com\/\.extraheader' && git config --local --unset-all 'http.https://github.com/.extraheader' || :\""
2026-10-10T04:51:05.7926964Z Removing includeIf entries pointing to credentials config files
2026-10-10T04:51:05.7936168Z [command]"C:\Program Files\Git\bin\git.exe" config --local --name-only --get-regexp ^includeIf\.gitdir:
2026-10-10T04:51:05.8122748Z [command]"C:\Program Files\Git\bin\git.exe" submodule foreach --recursive "git config --local --show-origin --name-only --get-regexp remote.origin.url"
2026-10-10T04:51:06.1988281Z [command]"C:\Program Files\Git\bin\git.exe" config --file D:\a\_temp\git-credentials-3403985c-d51d-4ab4-8c5c-aab1a0108484.config http.https://github.com/.extraheader "AUTHORIZATION: basic ***"
2026-10-10T04:51:06.2184275Z [command]"C:\Program Files\Git\bin\git.exe" config --local includeIf.gitdir:D:/a/xMind/xMind/xlang3/.git.path D:\a\_temp\git-credentials-3403985c-d51d-4ab4-8c5c-aab1a0108484.config
2026-10-10T04:51:06.2378204Z [command]"C:\Program Files\Git\bin\git.exe" config --local includeIf.gitdir:D:/a/xMind/xMind/xlang3/.git/worktrees/*.path D:\a\_temp\git-credentials-3403985c-d51d-4ab4-8c5c-aab1a0108484.config
2026-10-10T04:51:06.2562324Z [command]"C:\Program Files\Git\bin\git.exe" config --local includeIf.gitdir:/github/workspace/xlang3/.git.path /github/runner_temp/git-credentials-3403985c-d51d-4ab4-8c5c-aab1a0108484.config
2026-10-10T04:51:06.2743745Z [command]"C:\Program Files\Git\bin\git.exe" config --local includeIf.gitdir:/github/workspace/xlang3/.git/worktrees/*.path /github/runner_temp/git-credentials-3403985c-d51d-4ab4-8c5c-aab1a0108484.config
2026-10-10T04:51:06.2923036Z ##[endgroup]
2026-10-10T04:51:06.2923259Z ##[group]Fetching the repository
2026-10-10T04:51:06.2931730Z [command]"C:\Program Files\Git\bin\git.exe" -c protocol.version=2 fetch --no-tags --prune --no-recurse-submodules --depth=1 origin 7b8b32ae3a0e6a99fac7babd97362736099448fb
2026-10-10T04:51:08.9986477Z From https://github.com/CantorAI/xlang3
2026-10-10T04:51:08.9986917Z  * branch            7b8b32ae3a0e6a99fac7babd97362736099448fb -> FETCH_HEAD
2026-10-10T04:51:09.0024372Z [command]"C:\Program Files\Git\bin\git.exe" rev-parse --verify --quiet 7b8b32ae3a0e6a99fac7babd97362736099448fb^{object}
2026-10-10T04:51:09.0189561Z 7b8b32ae3a0e6a99fac7babd97362736099448fb
2026-10-10T04:51:09.0209637Z ##[endgroup]
2026-10-10T04:51:09.0209860Z ##[group]Determining the checkout info
2026-10-10T04:51:09.0210864Z ##[endgroup]
2026-10-10T04:51:09.0216296Z [command]"C:\Program Files\Git\bin\git.exe" sparse-checkout disable
2026-10-10T04:51:09.0417184Z [command]"C:\Program Files\Git\bin\git.exe" config --local --unset-all extensions.worktreeConfig
2026-10-10T04:51:09.0590317Z ##[group]Checking out the ref
2026-10-10T04:51:09.0595965Z [command]"C:\Program Files\Git\bin\git.exe" checkout --progress --force 7b8b32ae3a0e6a99fac7babd97362736099448fb
2026-10-10T04:51:10.1748248Z Updating files:  51% (3046/5862)
2026-10-10T04:51:10.1903671Z Updating files:  52% (3049/5862)
2026-10-10T04:51:10.1994995Z Updating files:  53% (3107/5862)
2026-10-10T04:51:10.2098832Z Updating files:  54% (3166/5862)
2026-10-10T04:51:10.2180870Z Updating files:  55% (3225/5862)
2026-10-10T04:51:10.2308599Z Updating files:  56% (3283/5862)
2026-10-10T04:51:10.2810017Z Updating files:  57% (3342/5862)
2026-10-10T04:51:10.2886804Z Updating files:  58% (3400/5862)
2026-10-10T04:51:10.2938099Z Updating files:  59% (3459/5862)
2026-10-10T04:51:10.2994859Z Updating files:  60% (3518/5862)
2026-10-10T04:51:10.3043618Z Updating files:  61% (3576/5862)
2026-10-10T04:51:10.3089355Z Updating files:  62% (3635/5862)
2026-10-10T04:51:10.3136021Z Updating files:  63% (3694/5862)
2026-10-10T04:51:10.3183417Z Updating files:  64% (3752/5862)
2026-10-10T04:51:10.3235210Z Updating files:  65% (3811/5862)
2026-10-10T04:51:10.3285251Z Updating files:  66% (3869/5862)
2026-10-10T04:51:10.3330872Z Updating files:  67% (3928/5862)
2026-10-10T04:51:10.3381797Z Updating files:  68% (3987/5862)
2026-10-10T04:51:10.3445846Z Updating files:  69% (4045/5862)
2026-10-10T04:51:10.3499341Z Updating files:  70% (4104/5862)
2026-10-10T04:51:10.3546415Z Updating files:  71% (4163/5862)
2026-10-10T04:51:10.3595123Z Updating files:  72% (4221/5862)
2026-10-10T04:51:10.3644888Z Updating files:  73% (4280/5862)
2026-10-10T04:51:10.3692846Z Updating files:  74% (4338/5862)
2026-10-10T04:51:10.3744847Z Updating files:  75% (4397/5862)
2026-10-10T04:51:10.3793232Z Updating files:  76% (4456/5862)
2026-10-10T04:51:10.3843151Z Updating files:  77% (4514/5862)
2026-10-10T04:51:10.3891852Z Updating files:  78% (4573/5862)
2026-10-10T04:51:10.3936741Z Updating files:  79% (4631/5862)
2026-10-10T04:51:10.3981531Z Updating files:  80% (4690/5862)
2026-10-10T04:51:10.4021735Z Updating files:  81% (4749/5862)
2026-10-10T04:51:10.4066565Z Updating files:  82% (4807/5862)
2026-10-10T04:51:10.4106819Z Updating files:  83% (4866/5862)
2026-10-10T04:51:10.4147248Z Updating files:  84% (4925/5862)
2026-10-10T04:51:10.4186318Z Updating files:  85% (4983/5862)
2026-10-10T04:51:10.4230274Z Updating files:  86% (5042/5862)
2026-10-10T04:51:10.4278223Z Updating files:  87% (5100/5862)
2026-10-10T04:51:10.4334943Z Updating files:  88% (5159/5862)
2026-10-10T04:51:10.4427629Z Updating files:  89% (5218/5862)
2026-10-10T04:51:10.4508441Z Updating files:  90% (5276/5862)
2026-10-10T04:51:10.5042112Z Updating files:  91% (5335/5862)
2026-10-10T04:51:10.5114225Z Updating files:  92% (5394/5862)
2026-10-10T04:51:10.5180543Z Updating files:  93% (5452/5862)
2026-10-10T04:51:10.5255114Z Updating files:  94% (5511/5862)
2026-10-10T04:51:10.5323789Z Updating files:  95% (5569/5862)
2026-10-10T04:51:10.5476403Z Updating files:  96% (5628/5862)
2026-10-10T04:51:10.5560266Z Updating files:  97% (5687/5862)
2026-10-10T04:51:10.5669593Z Updating files:  98% (5745/5862)
2026-10-10T04:51:10.5792216Z Updating files:  99% (5804/5862)
2026-10-10T04:51:10.5792454Z Updating files: 100% (5862/5862)
2026-10-10T04:51:10.5792670Z Updating files: 100% (5862/5862), done.
2026-10-10T04:51:10.5900384Z Note: switching to '7b8b32ae3a0e6a99fac7babd97362736099448fb'.
2026-10-10T04:51:10.5900647Z 
2026-10-10T04:51:10.5900863Z You are in 'detached HEAD' state. You can look around, make experimental
2026-10-10T04:51:10.5901273Z changes and commit them, and you can discard any commits you make in this
2026-10-10T04:51:10.5901671Z state without impacting any branches by switching back to a branch.
2026-10-10T04:51:10.5901912Z 
2026-10-10T04:51:10.5902063Z If you want to create a new branch to retain commits you create, you may
2026-10-10T04:51:10.5902482Z do so (now or later) by using -c with the switch command. Example:
2026-10-10T04:51:10.5902695Z 
2026-10-10T04:51:10.5902834Z   git switch -c <new-branch-name>
2026-10-10T04:51:10.5902981Z 
2026-10-10T04:51:10.5903065Z Or undo this operation with:
2026-10-10T04:51:10.5903195Z 
2026-10-10T04:51:10.5903266Z   git switch -
2026-10-10T04:51:10.5903369Z 
2026-10-10T04:51:10.5903548Z Turn off this advice by setting config variable advice.detachedHead to false
2026-10-10T04:51:10.5903813Z 
2026-10-10T04:51:10.5904012Z HEAD is now at 7b8b32a Preserve UTF-8 working-directory and system path metadata
2026-10-10T04:51:10.6066539Z ##[endgroup]
2026-10-10T04:51:10.6303624Z [command]"C:\Program Files\Git\bin\git.exe" log -1 --format=%H
2026-10-10T04:51:10.6482535Z 7b8b32ae3a0e6a99fac7babd97362736099448fb
2026-10-10T04:51:10.6505751Z ##[group]Removing auth
2026-10-10T04:51:10.6505958Z Removing SSH command configuration
2026-10-10T04:51:10.6511738Z [command]"C:\Program Files\Git\bin\git.exe" config --local --name-only --get-regexp core\.sshCommand
2026-10-10T04:51:10.6707769Z [command]"C:\Program Files\Git\bin\git.exe" submodule foreach --recursive "sh -c \"git config --local --name-only --get-regexp 'core\.sshCommand' && git config --local --unset-all 'core.sshCommand' || :\""
2026-10-10T04:51:11.0085629Z Removing HTTP extra header
2026-10-10T04:51:11.0092898Z [command]"C:\Program Files\Git\bin\git.exe" config --local --name-only --get-regexp http\.https\:\/\/github\.com\/\.extraheader
2026-10-10T04:51:11.0279822Z [command]"C:\Program Files\Git\bin\git.exe" submodule foreach --recursive "sh -c \"git config --local --name-only --get-regexp 'http\.https\:\/\/github\.com\/\.extraheader' && git config --local --unset-all 'http.https://github.com/.extraheader' || :\""
2026-10-10T04:51:11.3866780Z Removing includeIf entries pointing to credentials config files
2026-10-10T04:51:11.3872741Z [command]"C:\Program Files\Git\bin\git.exe" config --local --name-only --get-regexp ^includeIf\.gitdir:
2026-10-10T04:51:11.4034534Z includeif.gitdir:D:/a/xMind/xMind/xlang3/.git.path
2026-10-10T04:51:11.4034784Z includeif.gitdir:D:/a/xMind/xMind/xlang3/.git/worktrees/*.path
2026-10-10T04:51:11.4035018Z includeif.gitdir:/github/workspace/xlang3/.git.path
2026-10-10T04:51:11.4035221Z includeif.gitdir:/github/workspace/xlang3/.git/worktrees/*.path
2026-10-10T04:51:11.4062012Z [command]"C:\Program Files\Git\bin\git.exe" config --local --get-all includeif.gitdir:D:/a/xMind/xMind/xlang3/.git.path
2026-10-10T04:51:11.4219320Z D:\a\_temp\git-credentials-3403985c-d51d-4ab4-8c5c-aab1a0108484.config
2026-10-10T04:51:11.4244470Z [command]"C:\Program Files\Git\bin\git.exe" config --local --unset includeif.gitdir:D:/a/xMind/xMind/xlang3/.git.path D:\a\_temp\git-credentials-3403985c-d51d-4ab4-8c5c-aab1a0108484.config
2026-10-10T04:51:11.4425923Z [command]"C:\Program Files\Git\bin\git.exe" config --local --get-all includeif.gitdir:D:/a/xMind/xMind/xlang3/.git/worktrees/*.path
2026-10-10T04:51:11.4626571Z D:\a\_temp\git-credentials-3403985c-d51d-4ab4-8c5c-aab1a0108484.config
2026-10-10T04:51:11.4661524Z [command]"C:\Program Files\Git\bin\git.exe" config --local --unset includeif.gitdir:D:/a/xMind/xMind/xlang3/.git/worktrees/*.path D:\a\_temp\git-credentials-3403985c-d51d-4ab4-8c5c-aab1a0108484.config
2026-10-10T04:51:11.4855577Z [command]"C:\Program Files\Git\bin\git.exe" config --local --get-all includeif.gitdir:/github/workspace/xlang3/.git.path
2026-10-10T04:51:11.5026058Z /github/runner_temp/git-credentials-3403985c-d51d-4ab4-8c5c-aab1a0108484.config
2026-10-10T04:51:11.5055817Z [command]"C:\Program Files\Git\bin\git.exe" config --local --unset includeif.gitdir:/github/workspace/xlang3/.git.path /github/runner_temp/git-credentials-3403985c-d51d-4ab4-8c5c-aab1a0108484.config
2026-10-10T04:51:11.5256545Z [command]"C:\Program Files\Git\bin\git.exe" config --local --get-all includeif.gitdir:/github/workspace/xlang3/.git/worktrees/*.path
2026-10-10T04:51:11.5417756Z /github/runner_temp/git-credentials-3403985c-d51d-4ab4-8c5c-aab1a0108484.config
2026-10-10T04:51:11.5444219Z [command]"C:\Program Files\Git\bin\git.exe" config --local --unset includeif.gitdir:/github/workspace/xlang3/.git/worktrees/*.path /github/runner_temp/git-credentials-3403985c-d51d-4ab4-8c5c-aab1a0108484.config
2026-10-10T04:51:11.5628583Z [command]"C:\Program Files\Git\bin\git.exe" submodule foreach --recursive "git config --local --show-origin --name-only --get-regexp remote.origin.url"
2026-10-10T04:51:11.9293655Z Removing credentials config 'D:\a\_temp\git-credentials-3403985c-d51d-4ab4-8c5c-aab1a0108484.config'
2026-10-10T04:51:11.9302586Z ##[endgroup]
2026-10-10T04:51:11.9563219Z ##[group]Run actions/checkout@d23441a48e516b6c34aea4fa41551a30e30af803
2026-10-10T04:51:11.9563446Z with:
2026-10-10T04:51:11.9563570Z   repository: python/cpython
2026-10-10T04:51:11.9563713Z   ref: ebf955df7a89ed0c7968f79faec1de49f61ed7cb
2026-10-10T04:51:11.9563867Z   path: stdlib-source
2026-10-10T04:51:11.9563985Z   sparse-checkout: Lib

2026-10-10T04:51:11.9564103Z   persist-credentials: false
2026-10-10T04:51:11.9565517Z   token: ***
2026-10-10T04:51:11.9565617Z   ssh-strict: true
2026-10-10T04:51:11.9565863Z   ssh-user: git
2026-10-10T04:51:11.9565958Z   clean: true
2026-10-10T04:51:11.9566131Z   sparse-checkout-cone-mode: true
2026-10-10T04:51:11.9566338Z   fetch-depth: 1
2026-10-10T04:51:11.9566440Z   fetch-tags: false
2026-10-10T04:51:11.9566546Z   show-progress: true
2026-10-10T04:51:11.9566648Z   lfs: false
2026-10-10T04:51:11.9566744Z   submodules: false
2026-10-10T04:51:11.9566850Z   set-safe-directory: true
2026-10-10T04:51:11.9566997Z   allow-unsafe-pr-checkout: false
2026-10-10T04:51:11.9567133Z ##[endgroup]
2026-10-10T04:51:12.0259518Z Syncing repository: python/cpython
2026-10-10T04:51:12.0263858Z ##[group]Getting Git version info
2026-10-10T04:51:12.0264117Z Working directory is 'D:\a\xMind\xMind\stdlib-source'
2026-10-10T04:51:12.0593878Z [command]"C:\Program Files\Git\bin\git.exe" version
2026-10-10T04:51:12.0779341Z git version 2.55.0.windows.5
2026-10-10T04:51:12.0809046Z ##[endgroup]
2026-10-10T04:51:12.0818947Z Temporarily overriding HOME='D:\a\_temp\2e113623-389e-4cf3-9172-4019e1658e93' before making global git config changes
2026-10-10T04:51:12.0819339Z Adding repository directory to the temporary git global config as a safe directory
2026-10-10T04:51:12.0825085Z [command]"C:\Program Files\Git\bin\git.exe" config --global --add safe.directory D:\a\xMind\xMind\stdlib-source
2026-10-10T04:51:12.1010430Z ##[group]Determining repository object format
2026-10-10T04:51:12.1012280Z ##[endgroup]
2026-10-10T04:51:12.1012637Z ##[group]Initializing the repository
2026-10-10T04:51:12.1017824Z [command]"C:\Program Files\Git\bin\git.exe" init D:\a\xMind\xMind\stdlib-source
2026-10-10T04:51:12.1218317Z Initialized empty Git repository in D:/a/xMind/xMind/stdlib-source/.git/
2026-10-10T04:51:12.1244823Z [command]"C:\Program Files\Git\bin\git.exe" remote add origin https://github.com/python/cpython
2026-10-10T04:51:12.1426632Z ##[endgroup]
2026-10-10T04:51:12.1426838Z ##[group]Disabling automatic garbage collection
2026-10-10T04:51:12.1431982Z [command]"C:\Program Files\Git\bin\git.exe" config --local gc.auto 0
2026-10-10T04:51:12.1604526Z ##[endgroup]
2026-10-10T04:51:12.1604719Z ##[group]Setting up auth
2026-10-10T04:51:12.1605607Z Removing SSH command configuration
2026-10-10T04:51:12.1611798Z [command]"C:\Program Files\Git\bin\git.exe" config --local --name-only --get-regexp core\.sshCommand
2026-10-10T04:51:12.1786130Z [command]"C:\Program Files\Git\bin\git.exe" submodule foreach --recursive "sh -c \"git config --local --name-only --get-regexp 'core\.sshCommand' && git config --local --unset-all 'core.sshCommand' || :\""
2026-10-10T04:51:12.5598958Z Removing HTTP extra header
2026-10-10T04:51:12.5609060Z [command]"C:\Program Files\Git\bin\git.exe" config --local --name-only --get-regexp http\.https\:\/\/github\.com\/\.extraheader
2026-10-10T04:51:12.5860838Z [command]"C:\Program Files\Git\bin\git.exe" submodule foreach --recursive "sh -c \"git config --local --name-only --get-regexp 'http\.https\:\/\/github\.com\/\.extraheader' && git config --local --unset-all 'http.https://github.com/.extraheader' || :\""
2026-10-10T04:51:12.9823922Z Removing includeIf entries pointing to credentials config files
2026-10-10T04:51:12.9832329Z [command]"C:\Program Files\Git\bin\git.exe" config --local --name-only --get-regexp ^includeIf\.gitdir:
2026-10-10T04:51:13.0019402Z [command]"C:\Program Files\Git\bin\git.exe" submodule foreach --recursive "git config --local --show-origin --name-only --get-regexp remote.origin.url"
2026-10-10T04:51:13.3308723Z [command]"C:\Program Files\Git\bin\git.exe" config --file D:\a\_temp\git-credentials-d51588a4-5eea-4770-a89f-a86e40a8853c.config http.https://github.com/.extraheader "AUTHORIZATION: basic ***"
2026-10-10T04:51:13.3502892Z [command]"C:\Program Files\Git\bin\git.exe" config --local includeIf.gitdir:D:/a/xMind/xMind/stdlib-source/.git.path D:\a\_temp\git-credentials-d51588a4-5eea-4770-a89f-a86e40a8853c.config
2026-10-10T04:51:13.3716134Z [command]"C:\Program Files\Git\bin\git.exe" config --local includeIf.gitdir:D:/a/xMind/xMind/stdlib-source/.git/worktrees/*.path D:\a\_temp\git-credentials-d51588a4-5eea-4770-a89f-a86e40a8853c.config
2026-10-10T04:51:13.3911734Z [command]"C:\Program Files\Git\bin\git.exe" config --local includeIf.gitdir:/github/workspace/stdlib-source/.git.path /github/runner_temp/git-credentials-d51588a4-5eea-4770-a89f-a86e40a8853c.config
2026-10-10T04:51:13.4097965Z [command]"C:\Program Files\Git\bin\git.exe" config --local includeIf.gitdir:/github/workspace/stdlib-source/.git/worktrees/*.path /github/runner_temp/git-credentials-d51588a4-5eea-4770-a89f-a86e40a8853c.config
2026-10-10T04:51:13.4281512Z ##[endgroup]
2026-10-10T04:51:13.4281725Z ##[group]Fetching the repository
2026-10-10T04:51:13.4290462Z [command]"C:\Program Files\Git\bin\git.exe" -c protocol.version=2 fetch --no-tags --prune --no-recurse-submodules --filter=blob:none --depth=1 origin ebf955df7a89ed0c7968f79faec1de49f61ed7cb
2026-10-10T04:51:13.7933988Z From https://github.com/python/cpython
2026-10-10T04:51:13.7934560Z  * branch            ebf955df7a89ed0c7968f79faec1de49f61ed7cb -> FETCH_HEAD
2026-10-10T04:51:13.7971396Z [command]"C:\Program Files\Git\bin\git.exe" rev-parse --verify --quiet ebf955df7a89ed0c7968f79faec1de49f61ed7cb^{object}
2026-10-10T04:51:13.8139758Z ebf955df7a89ed0c7968f79faec1de49f61ed7cb
2026-10-10T04:51:13.8161775Z ##[endgroup]
2026-10-10T04:51:13.8161994Z ##[group]Determining the checkout info
2026-10-10T04:51:13.8162833Z ##[endgroup]
2026-10-10T04:51:13.8163108Z ##[group]Setting up sparse checkout
2026-10-10T04:51:13.8168570Z [command]"C:\Program Files\Git\bin\git.exe" sparse-checkout set Lib
2026-10-10T04:51:13.8369305Z ##[endgroup]
2026-10-10T04:51:13.8369582Z ##[group]Checking out the ref
2026-10-10T04:51:13.8374676Z [command]"C:\Program Files\Git\bin\git.exe" checkout --progress --force ebf955df7a89ed0c7968f79faec1de49f61ed7cb
2026-10-10T04:51:18.2131339Z Updating files:   0% (1/2406)
2026-10-10T04:51:18.2182076Z Updating files:   1% (25/2406)
2026-10-10T04:51:18.2223146Z Updating files:   2% (49/2406)
2026-10-10T04:51:18.2258832Z Updating files:   3% (73/2406)
2026-10-10T04:51:18.2299504Z Updating files:   4% (97/2406)
2026-10-10T04:51:18.2336383Z Updating files:   5% (121/2406)
2026-10-10T04:51:18.2380228Z Updating files:   6% (145/2406)
2026-10-10T04:51:18.2419496Z Updating files:   7% (169/2406)
2026-10-10T04:51:18.2451928Z Updating files:   8% (193/2406)
2026-10-10T04:51:18.2489397Z Updating files:   9% (217/2406)
2026-10-10T04:51:18.2514148Z Updating files:  10% (241/2406)
2026-10-10T04:51:18.2547738Z Updating files:  11% (265/2406)
2026-10-10T04:51:18.2577992Z Updating files:  12% (289/2406)
2026-10-10T04:51:18.2666447Z Updating files:  13% (313/2406)
2026-10-10T04:51:18.2723198Z Updating files:  14% (337/2406)
2026-10-10T04:51:18.2755574Z Updating files:  15% (361/2406)
2026-10-10T04:51:18.2797997Z Updating files:  16% (385/2406)
2026-10-10T04:51:18.2829779Z Updating files:  17% (410/2406)
2026-10-10T04:51:18.2858581Z Updating files:  18% (434/2406)
2026-10-10T04:51:18.2890246Z Updating files:  19% (458/2406)
2026-10-10T04:51:18.2925283Z Updating files:  20% (482/2406)
2026-10-10T04:51:18.2963315Z Updating files:  21% (506/2406)
2026-10-10T04:51:18.3018318Z Updating files:  22% (530/2406)
2026-10-10T04:51:18.3055622Z Updating files:  23% (554/2406)
2026-10-10T04:51:18.3119835Z Updating files:  24% (578/2406)
2026-10-10T04:51:18.3183782Z Updating files:  25% (602/2406)
2026-10-10T04:51:18.3232877Z Updating files:  26% (626/2406)
2026-10-10T04:51:18.3278130Z Updating files:  27% (650/2406)
2026-10-10T04:51:18.3307844Z Updating files:  28% (674/2406)
2026-10-10T04:51:18.3332389Z Updating files:  29% (698/2406)
2026-10-10T04:51:18.3355132Z Updating files:  30% (722/2406)
2026-10-10T04:51:18.3408794Z Updating files:  31% (746/2406)
2026-10-10T04:51:18.3458283Z Updating files:  32% (770/2406)
2026-10-10T04:51:18.3510870Z Updating files:  33% (794/2406)
2026-10-10T04:51:18.3546047Z Updating files:  34% (819/2406)
2026-10-10T04:51:18.3575196Z Updating files:  35% (843/2406)
2026-10-10T04:51:18.3627401Z Updating files:  36% (867/2406)
2026-10-10T04:51:18.3673278Z Updating files:  37% (891/2406)
2026-10-10T04:51:18.3717532Z Updating files:  38% (915/2406)
2026-10-10T04:51:18.3759878Z Updating files:  39% (939/2406)
2026-10-10T04:51:18.3803324Z Updating files:  40% (963/2406)
2026-10-10T04:51:18.3841236Z Updating files:  41% (987/2406)
2026-10-10T04:51:18.3877722Z Updating files:  42% (1011/2406)
2026-10-10T04:51:18.3934157Z Updating files:  43% (1035/2406)
2026-10-10T04:51:18.3990992Z Updating files:  44% (1059/2406)
2026-10-10T04:51:18.4047173Z Updating files:  45% (1083/2406)
2026-10-10T04:51:18.4081349Z Updating files:  46% (1107/2406)
2026-10-10T04:51:18.4129135Z Updating files:  47% (1131/2406)
2026-10-10T04:51:18.4174715Z Updating files:  48% (1155/2406)
2026-10-10T04:51:18.4214441Z Updating files:  49% (1179/2406)
2026-10-10T04:51:18.4246925Z Updating files:  50% (1203/2406)
2026-10-10T04:51:18.4275339Z Updating files:  51% (1228/2406)
2026-10-10T04:51:18.4312721Z Updating files:  52% (1252/2406)
2026-10-10T04:51:18.4366282Z Updating files:  53% (1276/2406)
2026-10-10T04:51:18.4398998Z Updating files:  54% (1300/2406)
2026-10-10T04:51:18.4421262Z Updating files:  55% (1324/2406)
2026-10-10T04:51:18.4443540Z Updating files:  56% (1348/2406)
2026-10-10T04:51:18.4490498Z Updating files:  57% (1372/2406)
2026-10-10T04:51:18.4549336Z Updating files:  58% (1396/2406)
2026-10-10T04:51:18.4583650Z Updating files:  59% (1420/2406)
2026-10-10T04:51:18.4619792Z Updating files:  60% (1444/2406)
2026-10-10T04:51:18.4664294Z Updating files:  61% (1468/2406)
2026-10-10T04:51:18.4708247Z Updating files:  62% (1492/2406)
2026-10-10T04:51:18.4733115Z Updating files:  63% (1516/2406)
2026-10-10T04:51:18.4764282Z Updating files:  64% (1540/2406)
2026-10-10T04:51:18.4794525Z Updating files:  65% (1564/2406)
2026-10-10T04:51:18.5371098Z Updating files:  66% (1588/2406)
2026-10-10T04:51:18.5403969Z Updating files:  67% (1613/2406)
2026-10-10T04:51:18.5462206Z Updating files:  68% (1637/2406)
2026-10-10T04:51:18.5490355Z Updating files:  69% (1661/2406)
2026-10-10T04:51:18.5553265Z Updating files:  70% (1685/2406)
2026-10-10T04:51:18.5582109Z Updating files:  71% (1709/2406)
2026-10-10T04:51:18.5640690Z Updating files:  72% (1733/2406)
2026-10-10T04:51:18.5687286Z Updating files:  73% (1757/2406)
2026-10-10T04:51:18.5723687Z Updating files:  74% (1781/2406)
2026-10-10T04:51:18.5774083Z Updating files:  75% (1805/2406)
2026-10-10T04:51:18.5830491Z Updating files:  76% (1829/2406)
2026-10-10T04:51:18.5884535Z Updating files:  77% (1853/2406)
2026-10-10T04:51:18.5948720Z Updating files:  78% (1877/2406)
2026-10-10T04:51:18.5986625Z Updating files:  79% (1901/2406)
2026-10-10T04:51:18.6008190Z Updating files:  80% (1925/2406)
2026-10-10T04:51:18.6028742Z Updating files:  81% (1949/2406)
2026-10-10T04:51:18.6048699Z Updating files:  82% (1973/2406)
2026-10-10T04:51:18.6076552Z Updating files:  83% (1997/2406)
2026-10-10T04:51:18.6119759Z Updating files:  84% (2022/2406)
2026-10-10T04:51:18.6169275Z Updating files:  85% (2046/2406)
2026-10-10T04:51:18.6213638Z Updating files:  86% (2070/2406)
2026-10-10T04:51:18.6256820Z Updating files:  87% (2094/2406)
2026-10-10T04:51:18.6300949Z Updating files:  88% (2118/2406)
2026-10-10T04:51:18.6343557Z Updating files:  89% (2142/2406)
2026-10-10T04:51:18.6367125Z Updating files:  90% (2166/2406)
2026-10-10T04:51:18.6429988Z Updating files:  91% (2190/2406)
2026-10-10T04:51:18.6452118Z Updating files:  92% (2214/2406)
2026-10-10T04:51:18.6472433Z Updating files:  93% (2238/2406)
2026-10-10T04:51:18.6510725Z Updating files:  94% (2262/2406)
2026-10-10T04:51:18.6550503Z Updating files:  95% (2286/2406)
2026-10-10T04:51:18.6589107Z Updating files:  96% (2310/2406)
2026-10-10T04:51:18.6628527Z Updating files:  97% (2334/2406)
2026-10-10T04:51:18.6667069Z Updating files:  98% (2358/2406)
2026-10-10T04:51:18.6777717Z Updating files:  99% (2382/2406)
2026-10-10T04:51:18.6777958Z Updating files: 100% (2406/2406)
2026-10-10T04:51:18.6778631Z Updating files: 100% (2406/2406), done.
2026-10-10T04:51:18.6873345Z Note: switching to 'ebf955df7a89ed0c7968f79faec1de49f61ed7cb'.
2026-10-10T04:51:18.6873894Z 
2026-10-10T04:51:18.6874122Z You are in 'detached HEAD' state. You can look around, make experimental
2026-10-10T04:51:18.6874411Z changes and commit them, and you can discard any commits you make in this
2026-10-10T04:51:18.6874678Z state without impacting any branches by switching back to a branch.
2026-10-10T04:51:18.6874827Z 
2026-10-10T04:51:18.6874922Z If you want to create a new branch to retain commits you create, you may
2026-10-10T04:51:18.6875160Z do so (now or later) by using -c with the switch command. Example:
2026-10-10T04:51:18.6875294Z 
2026-10-10T04:51:18.6875356Z   git switch -c <new-branch-name>
2026-10-10T04:51:18.6875444Z 
2026-10-10T04:51:18.6875499Z Or undo this operation with:
2026-10-10T04:51:18.6875580Z 
2026-10-10T04:51:18.6875626Z   git switch -
2026-10-10T04:51:18.6875695Z 
2026-10-10T04:51:18.6875807Z Turn off this advice by setting config variable advice.detachedHead to false
2026-10-10T04:51:18.6875969Z 
2026-10-10T04:51:18.6876021Z HEAD is now at ebf955d Python 3.14.0
2026-10-10T04:51:18.6936483Z ##[endgroup]
2026-10-10T04:51:18.7150773Z [command]"C:\Program Files\Git\bin\git.exe" log -1 --format=%H
2026-10-10T04:51:18.7314460Z ebf955df7a89ed0c7968f79faec1de49f61ed7cb
2026-10-10T04:51:18.7340593Z ##[group]Removing auth
2026-10-10T04:51:18.7340766Z Removing SSH command configuration
2026-10-10T04:51:18.7345957Z [command]"C:\Program Files\Git\bin\git.exe" config --local --name-only --get-regexp core\.sshCommand
2026-10-10T04:51:18.7535579Z [command]"C:\Program Files\Git\bin\git.exe" submodule foreach --recursive "sh -c \"git config --local --name-only --get-regexp 'core\.sshCommand' && git config --local --unset-all 'core.sshCommand' || :\""
2026-10-10T04:51:19.1385608Z Removing HTTP extra header
2026-10-10T04:51:19.1392103Z [command]"C:\Program Files\Git\bin\git.exe" config --local --name-only --get-regexp http\.https\:\/\/github\.com\/\.extraheader
2026-10-10T04:51:19.1582610Z [command]"C:\Program Files\Git\bin\git.exe" submodule foreach --recursive "sh -c \"git config --local --name-only --get-regexp 'http\.https\:\/\/github\.com\/\.extraheader' && git config --local --unset-all 'http.https://github.com/.extraheader' || :\""
2026-10-10T04:51:19.5104915Z Removing includeIf entries pointing to credentials config files
2026-10-10T04:51:19.5111465Z [command]"C:\Program Files\Git\bin\git.exe" config --local --name-only --get-regexp ^includeIf\.gitdir:
2026-10-10T04:51:19.5274291Z includeif.gitdir:D:/a/xMind/xMind/stdlib-source/.git.path
2026-10-10T04:51:19.5274550Z includeif.gitdir:D:/a/xMind/xMind/stdlib-source/.git/worktrees/*.path
2026-10-10T04:51:19.5274788Z includeif.gitdir:/github/workspace/stdlib-source/.git.path
2026-10-10T04:51:19.5275017Z includeif.gitdir:/github/workspace/stdlib-source/.git/worktrees/*.path
2026-10-10T04:51:19.5305003Z [command]"C:\Program Files\Git\bin\git.exe" config --local --get-all includeif.gitdir:D:/a/xMind/xMind/stdlib-source/.git.path
2026-10-10T04:51:19.5466905Z D:\a\_temp\git-credentials-d51588a4-5eea-4770-a89f-a86e40a8853c.config
2026-10-10T04:51:19.5492888Z [command]"C:\Program Files\Git\bin\git.exe" config --local --unset includeif.gitdir:D:/a/xMind/xMind/stdlib-source/.git.path D:\a\_temp\git-credentials-d51588a4-5eea-4770-a89f-a86e40a8853c.config
2026-10-10T04:51:19.5674626Z [command]"C:\Program Files\Git\bin\git.exe" config --local --get-all includeif.gitdir:D:/a/xMind/xMind/stdlib-source/.git/worktrees/*.path
2026-10-10T04:51:19.5828798Z D:\a\_temp\git-credentials-d51588a4-5eea-4770-a89f-a86e40a8853c.config
2026-10-10T04:51:19.5852802Z [command]"C:\Program Files\Git\bin\git.exe" config --local --unset includeif.gitdir:D:/a/xMind/xMind/stdlib-source/.git/worktrees/*.path D:\a\_temp\git-credentials-d51588a4-5eea-4770-a89f-a86e40a8853c.config
2026-10-10T04:51:19.6056236Z [command]"C:\Program Files\Git\bin\git.exe" config --local --get-all includeif.gitdir:/github/workspace/stdlib-source/.git.path
2026-10-10T04:51:19.6224653Z /github/runner_temp/git-credentials-d51588a4-5eea-4770-a89f-a86e40a8853c.config
2026-10-10T04:51:19.6248319Z [command]"C:\Program Files\Git\bin\git.exe" config --local --unset includeif.gitdir:/github/workspace/stdlib-source/.git.path /github/runner_temp/git-credentials-d51588a4-5eea-4770-a89f-a86e40a8853c.config
2026-10-10T04:51:19.6429567Z [command]"C:\Program Files\Git\bin\git.exe" config --local --get-all includeif.gitdir:/github/workspace/stdlib-source/.git/worktrees/*.path
2026-10-10T04:51:19.6584762Z /github/runner_temp/git-credentials-d51588a4-5eea-4770-a89f-a86e40a8853c.config
2026-10-10T04:51:19.6621335Z [command]"C:\Program Files\Git\bin\git.exe" config --local --unset includeif.gitdir:/github/workspace/stdlib-source/.git/worktrees/*.path /github/runner_temp/git-credentials-d51588a4-5eea-4770-a89f-a86e40a8853c.config
2026-10-10T04:51:19.6828923Z [command]"C:\Program Files\Git\bin\git.exe" submodule foreach --recursive "git config --local --show-origin --name-only --get-regexp remote.origin.url"
2026-10-10T04:51:20.0627822Z Removing credentials config 'D:\a\_temp\git-credentials-d51588a4-5eea-4770-a89f-a86e40a8853c.config'
2026-10-10T04:51:20.0636847Z ##[endgroup]
2026-10-10T04:51:20.0876814Z ##[group]Run actions/setup-node@249970729cb0ef3589644e2896645e5dc5ba9c38
2026-10-10T04:51:20.0877044Z with:
2026-10-10T04:51:20.0877203Z   node-version: 22
2026-10-10T04:51:20.0877376Z   check-latest: false
2026-10-10T04:51:20.0878983Z   token: ***
2026-10-10T04:51:20.0879099Z   package-manager-cache: true
2026-10-10T04:51:20.0879227Z ##[endgroup]
2026-10-10T04:51:20.2003809Z Found in cache @ C:\hostedtoolcache\windows\node\22.23.3\x64
2026-10-10T04:51:20.2007981Z ##[group]Environment details
2026-10-10T04:51:24.3533710Z node: v22.23.3
2026-10-10T04:51:24.3533950Z npm: 10.9.9
2026-10-10T04:51:24.3534053Z yarn: 1.22.22
2026-10-10T04:51:24.3534420Z ##[endgroup]
2026-10-10T04:51:24.3767459Z ##[group]Run ./xmind/Tools/ci-native.ps1 -RuntimeSource ./xlang3 -StdlibSource ./stdlib-source/Lib
2026-10-10T04:51:24.3767908Z [36;1m./xmind/Tools/ci-native.ps1 -RuntimeSource ./xlang3 -StdlibSource ./stdlib-source/Lib[0m
2026-10-10T04:51:24.4413547Z shell: C:\Program Files\PowerShell\7\pwsh.EXE -command ". '{0}'"
2026-10-10T04:51:24.4413750Z ##[endgroup]
2026-10-10T04:51:38.4949242Z -- The C compiler identification is MSVC 19.51.36260.0
2026-10-10T04:51:39.5562060Z -- The CXX compiler identification is MSVC 19.51.36260.0
2026-10-10T04:51:39.6692989Z -- Detecting C compiler ABI info
2026-10-10T04:51:40.4649744Z -- Detecting C compiler ABI info - done
2026-10-10T04:51:40.5034693Z -- Check for working C compiler: C:/Program Files/Microsoft Visual Studio/18/Enterprise/VC/Tools/MSVC/14.51.36231/bin/Hostx64/x64/cl.exe - skipped
2026-10-10T04:51:40.5048133Z -- Detecting C compile features
2026-10-10T04:51:40.5245519Z -- Detecting C compile features - done
2026-10-10T04:51:40.5969576Z -- Detecting CXX compiler ABI info
2026-10-10T04:51:41.0576484Z -- Detecting CXX compiler ABI info - done
2026-10-10T04:51:41.0703424Z -- Check for working CXX compiler: C:/Program Files/Microsoft Visual Studio/18/Enterprise/VC/Tools/MSVC/14.51.36231/bin/Hostx64/x64/cl.exe - skipped
2026-10-10T04:51:41.0705617Z -- Detecting CXX compile features
2026-10-10T04:51:41.0714501Z -- Detecting CXX compile features - done
2026-10-10T04:51:41.2518719Z -- Looking for sys/types.h
2026-10-10T04:51:41.8767854Z -- Looking for sys/types.h - found
2026-10-10T04:51:41.8773973Z -- Looking for stdint.h
2026-10-10T04:51:42.3083714Z -- Looking for stdint.h - found
2026-10-10T04:51:42.3084151Z -- Looking for stddef.h
2026-10-10T04:51:42.7358249Z -- Looking for stddef.h - found
2026-10-10T04:51:42.7365536Z -- Check size of off64_t
2026-10-10T04:51:43.4496678Z -- Check size of off64_t - failed
2026-10-10T04:51:43.4497582Z -- Looking for fseeko
2026-10-10T04:51:43.9145768Z -- Looking for fseeko - not found
2026-10-10T04:51:43.9146696Z -- Looking for stdarg.h
2026-10-10T04:51:44.3362455Z -- Looking for stdarg.h - found
2026-10-10T04:51:44.3363139Z -- Looking for unistd.h
2026-10-10T04:51:44.8823730Z -- Looking for unistd.h - not found
2026-10-10T04:51:44.8824162Z -- Performing Test HAVE___ATTR__VIS_HIDDEN
2026-10-10T04:51:45.2390028Z -- Performing Test HAVE___ATTR__VIS_HIDDEN - Failed
2026-10-10T04:51:45.3886550Z -- The ASM_MASM compiler identification is MSVC
2026-10-10T04:51:45.3917198Z -- Found assembler: C:/Program Files/Microsoft Visual Studio/18/Enterprise/VC/Tools/MSVC/14.51.36231/bin/Hostx64/x64/ml64.exe
2026-10-10T04:51:45.4365973Z -- Performing Test CMAKE_HAVE_LIBC_PTHREAD
2026-10-10T04:51:45.7454074Z -- Performing Test CMAKE_HAVE_LIBC_PTHREAD - Failed
2026-10-10T04:51:45.7454537Z -- Looking for pthread_create in pthreads
2026-10-10T04:51:46.1327762Z -- Looking for pthread_create in pthreads - not found
2026-10-10T04:51:46.1330811Z -- Looking for pthread_create in pthread
2026-10-10T04:51:46.5058276Z -- Looking for pthread_create in pthread - not found
2026-10-10T04:51:46.5153241Z -- Found Threads: TRUE
2026-10-10T04:51:46.5214947Z -- Configuring done (19.7s)
2026-10-10T04:51:46.9895136Z -- Generating done (0.5s)
2026-10-10T04:51:46.9902776Z -- Build files have been written to: D:/a/xMind/xMind/xlang3/build
2026-10-10T04:51:47.1081334Z MSBuild version 18.10.1-1.26427.6+3cd27c13e for .NET Framework
2026-10-10T04:51:47.1340757Z 
2026-10-10T04:51:47.2643664Z   Checking File Globs
2026-10-10T04:51:47.3616211Z   1>Checking Build System
2026-10-10T04:51:47.6106532Z   Building Custom Rule D:/a/xMind/xMind/xlang3/CMakeLists.txt
2026-10-10T04:51:47.7773073Z   blocksort.c
2026-10-10T04:51:47.8048747Z   Building Custom Rule D:/a/xMind/xMind/xlang3/CMakeLists.txt
2026-10-10T04:51:47.8463223Z   Building Custom Rule D:/a/xMind/xMind/xlang3/modules/ctypes/CMakeLists.txt
2026-10-10T04:51:47.8944018Z   Building Custom Rule D:/a/xMind/xMind/xlang3/CMakeLists.txt
2026-10-10T04:51:47.9153504Z   Assembling D:\a\xMind\xMind\xlang3\modules\cffi\libffi\win64.asm...
2026-10-10T04:51:47.9203043Z   runtime_lock.cpp
2026-10-10T04:51:47.9203866Z   thread_module.cpp
2026-10-10T04:51:47.9231354Z   thread_objects.cpp
2026-10-10T04:51:47.9345228Z   Building Custom Rule D:/a/xMind/xMind/xlang3/third_party/zlib/CMakeLists.txt
2026-10-10T04:51:48.7255967Z   adler32.c
2026-10-10T04:51:48.7338112Z   task_module.cpp
2026-10-10T04:51:48.7338384Z   task_objects.cpp
2026-10-10T04:51:48.7374863Z   compress.c
2026-10-10T04:51:48.7455548Z   crc32.c
2026-10-10T04:51:48.7569806Z   deflate.c
2026-10-10T04:51:48.7714407Z   gzclose.c
2026-10-10T04:51:48.9018639Z   gzlib.c
2026-10-10T04:51:48.9185815Z   gzread.c
2026-10-10T04:51:48.9345129Z   gzwrite.c
2026-10-10T04:51:48.9498117Z   inflate.c
2026-10-10T04:51:48.9625022Z   infback.c
2026-10-10T04:51:48.9743181Z   inftrees.c
2026-10-10T04:51:48.9862124Z   inffast.c
2026-10-10T04:51:48.9974130Z   trees.c
2026-10-10T04:51:49.0115057Z   uncompr.c
2026-10-10T04:51:49.0186704Z   zutil.c
2026-10-10T04:51:49.0339192Z   Generating Code...
2026-10-10T04:51:50.5979085Z   zlibstatic.vcxproj -> D:\a\xMind\xMind\xlang3\build\third_party\zlib\Release\zs.lib
2026-10-10T04:51:51.8585030Z   ctypes_ffi.cpp
2026-10-10T04:51:52.3490807Z   huffman.c
2026-10-10T04:51:52.5457879Z   crctable.c
2026-10-10T04:51:52.6700836Z   xlang3_task_runtime.vcxproj -> D:\a\xMind\xMind\xlang3\build\Release\xlang3_task_runtime.lib
2026-10-10T04:51:52.7252517Z   randtable.c
2026-10-10T04:51:52.8681275Z   xlang3_thread_runtime.vcxproj -> D:\a\xMind\xMind\xlang3\build\Release\xlang3_thread_runtime.lib
2026-10-10T04:51:52.8739635Z   compress.c
2026-10-10T04:51:52.9939921Z   decompress.c
2026-10-10T04:51:53.2711347Z   bzlib.c
2026-10-10T04:51:53.4279083Z   Generating Code...
2026-10-10T04:51:54.0883697Z   ffi.c
2026-10-10T04:51:54.1018755Z   prep_cif.c
2026-10-10T04:51:54.1124326Z   types.c
2026-10-10T04:51:54.1222350Z   Generating Code...
2026-10-10T04:51:54.2196255Z   xlang3_ctypes_ffi.vcxproj -> D:\a\xMind\xMind\xlang3\build\modules\ctypes\Release\xlang3_ctypes_ffi.lib
2026-10-10T04:51:54.9578498Z   bzip2static.vcxproj -> D:\a\xMind\xMind\xlang3\build\Release\bzip2static.lib
2026-10-10T04:51:54.9888587Z   Building Custom Rule D:/a/xMind/xMind/xlang3/CMakeLists.txt
2026-10-10T04:51:55.0717394Z   abc_module.cpp
2026-10-10T04:51:55.0717659Z   ast_module.cpp
2026-10-10T04:51:55.0720540Z   atexit_module.cpp
2026-10-10T04:51:55.0720996Z   binascii_module.cpp
2026-10-10T04:51:56.0992461Z   bisect_module.cpp
2026-10-10T04:51:56.1276305Z   bz2_module.cpp
2026-10-10T04:51:56.1372809Z   cmath_module.cpp
2026-10-10T04:51:56.4931403Z   decimal_module.cpp
2026-10-10T04:51:57.0445462Z   codecs_module.cpp
2026-10-10T04:51:57.2577670Z   locale_module.cpp
2026-10-10T04:51:57.5222856Z   multibytecodec_module.cpp
2026-10-10T04:51:57.6056708Z   collections_module.cpp
2026-10-10T04:51:58.2721273Z   contextvars_module.cpp
2026-10-10T04:51:58.5978486Z   asyncio_module.cpp
2026-10-10T04:51:58.8243273Z   asyncio_future.cpp
2026-10-10T04:51:58.8335505Z   asyncio_task.cpp
2026-10-10T04:51:59.3645960Z   csv_module.cpp
2026-10-10T04:51:59.7275381Z   ctypes_module.cpp
2026-10-10T04:51:59.9382637Z   errno_module.cpp
2026-10-10T04:51:59.9440622Z   faulthandler_module.cpp
2026-10-10T04:52:00.4823802Z   functools_module.cpp
2026-10-10T04:52:00.8951165Z   gc_module.cpp
2026-10-10T04:52:00.9312972Z   lsprof_module.cpp
2026-10-10T04:52:01.1699544Z   array_module.cpp
2026-10-10T04:52:01.4848787Z   imp_module.cpp
2026-10-10T04:52:01.9095968Z   importlib_module.cpp
2026-10-10T04:52:02.0252320Z   interpreters_module.cpp
2026-10-10T04:52:02.1564585Z   itertools_module.cpp
2026-10-10T04:52:02.4440623Z   io_module.cpp
2026-10-10T04:52:03.1358286Z   json_module.cpp
2026-10-10T04:52:03.1612629Z   marshal_module.cpp
2026-10-10T04:52:03.3971983Z   msvcrt_module.cpp
2026-10-10T04:52:03.6640310Z   multiprocessing_module.cpp
2026-10-10T04:52:04.3762520Z   opcode_module.cpp
2026-10-10T04:52:04.4391613Z   operator_module.cpp
2026-10-10T04:52:04.8058336Z   os_module.cpp
2026-10-10T04:52:04.8060980Z   overlapped_module.cpp
2026-10-10T04:52:05.3776646Z   pickle_module.cpp
2026-10-10T04:52:05.4432483Z   pyexpat_module.cpp
2026-10-10T04:52:06.2407189Z   queue_module.cpp
2026-10-10T04:52:06.4463668Z   random_module.cpp
2026-10-10T04:52:06.4784348Z   signal_module.cpp
2026-10-10T04:52:06.6312972Z   sha2_module.cpp
2026-10-10T04:52:07.2840224Z   socket_select_module.cpp
2026-10-10T04:52:07.5096638Z   sre_module.cpp
2026-10-10T04:52:07.6488756Z   source_encoding.cpp
2026-10-10T04:52:07.9013056Z   stat_module.cpp
2026-10-10T04:52:08.2593823Z   string_module.cpp
2026-10-10T04:52:08.7897747Z   struct_module.cpp
2026-10-10T04:52:08.8231487Z   sysconfig_native_module.cpp
2026-10-10T04:52:09.2217817Z   sys_module.cpp
2026-10-10T04:52:09.3481790Z   time_module.cpp
2026-10-10T04:52:09.7924280Z   tokenize_module.cpp
2026-10-10T04:52:09.8807006Z   typing_module.cpp
2026-10-10T04:52:10.8714671Z   unicodedata_module.cpp
2026-10-10T04:52:10.8889144Z   weakref_module.cpp
2026-10-10T04:52:10.9511196Z   warnings_module.cpp
2026-10-10T04:52:11.0901343Z   winapi_module.cpp
2026-10-10T04:52:11.8890078Z   posix_process_module.cpp
2026-10-10T04:52:11.8998030Z   winreg_module.cpp
2026-10-10T04:52:12.4933287Z   zlib_module.cpp
2026-10-10T04:52:12.5613612Z   zip_archive.cpp
2026-10-10T04:52:12.8898214Z   zipimport_module.cpp
2026-10-10T04:52:15.7320559Z   xlang3_system_runtime.vcxproj -> D:\a\xMind\xMind\xlang3\build\Release\xlang3_system_runtime.lib
2026-10-10T04:52:15.7678140Z   Building Custom Rule D:/a/xMind/xMind/xlang3/CMakeLists.txt
2026-10-10T04:52:15.8757015Z   builtins.cpp
2026-10-10T04:52:15.8757934Z   builtin_modules.cpp
2026-10-10T04:52:15.8758188Z   exception_builtins.cpp
2026-10-10T04:52:15.8758677Z   functional_builtins.cpp
2026-10-10T04:52:16.8630721Z   io_builtins.cpp
2026-10-10T04:52:16.9353018Z   math_module.cpp
2026-10-10T04:52:19.4496874Z   object_type_builtins.cpp
2026-10-10T04:52:20.2771878Z   raw_block_builtins.cpp
2026-10-10T04:52:21.5088692Z   sequence_builtins.cpp
2026-10-10T04:52:22.0800265Z   ipc_runtime.cpp
2026-10-10T04:52:25.1835197Z   shared_memory_block_stream.cpp
2026-10-10T04:52:26.7362837Z   shared_memory_transport.cpp
2026-10-10T04:52:28.2747139Z   block_stream.cpp
2026-10-10T04:52:28.5894917Z   ipc_value_marshal.cpp
2026-10-10T04:52:28.7143332Z   xlang_stream.cpp
2026-10-10T04:52:29.0680754Z   c_api_bridge.cpp
2026-10-10T04:52:29.4612939Z   exceptions.cpp
2026-10-10T04:52:29.6080137Z   expression.cpp
2026-10-10T04:52:30.0193475Z   functional_iterators.cpp
2026-10-10T04:52:30.9661999Z   generator.cpp
2026-10-10T04:52:31.2195250Z   attribute.cpp
2026-10-10T04:52:33.1316648Z   list_methods.cpp
2026-10-10T04:52:33.4484068Z   dict_methods.cpp
2026-10-10T04:52:33.6054497Z   file_methods.cpp
2026-10-10T04:52:33.9768646Z   int_methods.cpp
2026-10-10T04:52:35.5196032Z   set_methods.cpp
2026-10-10T04:52:36.3777872Z   string_methods.cpp
2026-10-10T04:52:36.9434756Z   tuple_methods.cpp
2026-10-10T04:52:37.9844572Z   bytes_methods.cpp
2026-10-10T04:52:38.2816467Z   iterator_methods.cpp
2026-10-10T04:52:38.9675943Z   property_methods.cpp
2026-10-10T04:52:41.2829432Z   x3_bucket_allocator.cpp
2026-10-10T04:52:42.4841287Z   x3_memory.cpp
2026-10-10T04:52:42.7677017Z   x3_object_pool.cpp
2026-10-10T04:52:42.8238077Z   x3_page_allocator.cpp
2026-10-10T04:52:42.9317257Z   x3_runtime_memory.cpp
2026-10-10T04:52:42.9693677Z   x3_temp_arena.cpp
2026-10-10T04:52:43.3167358Z   perf_counters.cpp
2026-10-10T04:52:43.4086135Z   interpreter_events.cpp
2026-10-10T04:52:43.4477288Z   bigint.cpp
2026-10-10T04:52:43.4674675Z   value.cpp
2026-10-10T04:52:43.5131294Z   value_hash.cpp
2026-10-10T04:52:44.6005317Z   object_model.cpp
2026-10-10T04:52:44.6533585Z   sequence.cpp
2026-10-10T04:52:45.3008002Z   mapping.cpp
2026-10-10T04:52:50.4657268Z   set_object.cpp
2026-10-10T04:52:50.6273198Z   module_object.cpp
2026-10-10T04:52:50.6939742Z   module_slots.cpp
2026-10-10T04:52:52.5038345Z   runtime.cpp
2026-10-10T04:52:53.4826476Z   unicode_data.cpp
2026-10-10T04:52:54.7321562Z   unicode_names.cpp
2026-10-10T04:52:55.6738202Z   vfs.cpp
2026-10-10T04:52:59.6586849Z   source_cursor.cpp
2026-10-10T04:52:59.8128644Z   lexer.cpp
2026-10-10T04:53:00.1579960Z   parser.cpp
2026-10-10T04:53:02.0382899Z   scope_analysis.cpp
2026-10-10T04:53:04.1653979Z   xlang_module_globals.cpp
2026-10-10T04:53:04.8620241Z   lower.cpp
2026-10-10T04:53:05.1243044Z   codec.cpp
2026-10-10T04:53:07.4659317Z   xlang_interpreter.cpp
2026-10-10T04:53:07.5019250Z   xlang_vm_attr.cpp
2026-10-10T04:53:08.0649774Z   xlang_vm_loop.cpp
2026-10-10T04:53:10.3982412Z   object_table.cpp
2026-10-10T04:53:11.9214532Z   memory_file_store.cpp
2026-10-10T04:53:13.7278062Z   shared_memory_transport_win32.cpp
2026-10-10T04:53:16.4683680Z   debug_session.cpp
2026-10-10T04:53:17.2272910Z   dap_session.cpp
2026-10-10T04:53:19.8024214Z   dump.cpp
2026-10-10T04:53:21.4216503Z   c_api.cpp
2026-10-10T04:53:21.8646781Z   buffer_api.cpp
2026-10-10T04:53:24.7994120Z   tensor_storage.cpp
2026-10-10T04:53:26.8033738Z   tensor_serialization.cpp
2026-10-10T04:53:28.4082435Z   tensor_graph.cpp
2026-10-10T04:53:28.5197952Z   tensor_cpu.cpp
2026-10-10T04:53:29.2615895Z   tensor_module.cpp
2026-10-10T04:53:31.4882776Z   tensor_api.cpp
2026-10-10T04:53:31.7468229Z   protocol_api.cpp
2026-10-10T04:53:33.2725570Z   stream_api.cpp
2026-10-10T04:53:33.3969979Z   native_serialization_api.cpp
2026-10-10T04:53:33.4198562Z   ipc_api.cpp
2026-10-10T04:53:34.2931271Z   value_graph_writer.cpp
2026-10-10T04:53:34.5012148Z   value_graph_reader.cpp
2026-10-10T04:53:34.5218963Z   value_graph_lifetime.cpp
2026-10-10T04:53:36.5684171Z   import_loader.cpp
2026-10-10T04:53:37.8782241Z   native_package_loader.cpp
2026-10-10T04:53:40.9509080Z   Auto build dll exports
2026-10-10T04:53:41.2019759Z   xlang3_thread_runtime.lib(thread_module.obj) : MSIL .netmodule or module compiled with /GL found; restarting link with /LTCG; add /LTCG to the link command line to improve linker performance
2026-10-10T04:53:42.4964545Z      Creating library D:/a/xMind/xMind/xlang3/build/Release/xlang3_runtime.lib and object D:/a/xMind/xMind/xlang3/build/Release/xlang3_runtime.exp
2026-10-10T04:53:42.8122067Z   Generating code
2026-10-10T04:54:22.8858566Z   Finished generating code
2026-10-10T04:54:23.5828117Z   xlang3_runtime.vcxproj -> D:\a\xMind\xMind\xlang3\build\Release\xlang3_runtime.dll
2026-10-10T04:54:23.6208296Z   Building Custom Rule D:/a/xMind/xMind/xlang3/CMakeLists.txt
2026-10-10T04:54:23.6703613Z   xlang3.cpp
2026-10-10T04:54:26.4668966Z   xlang3.vcxproj -> D:\a\xMind\xMind\xlang3\build\Release\xlang3.exe
2026-10-10T04:54:26.5691033Z MSBuild version 18.10.1-1.26427.6+3cd27c13e for .NET Framework
2026-10-10T04:54:26.5914034Z 
2026-10-10T04:54:26.6972331Z   Checking File Globs
2026-10-10T04:54:26.8207178Z   Building Custom Rule D:/a/xMind/xMind/xlang3/modules/json/CMakeLists.txt
2026-10-10T04:54:26.9113090Z   main.cpp
2026-10-10T04:54:27.2327134Z   json_package.cpp
2026-10-10T04:54:28.3242722Z   json_convert.cpp
2026-10-10T04:54:29.2876875Z   Generating Code...
2026-10-10T04:54:31.1696221Z      Creating library D:/a/xMind/xMind/xlang3/build/Release/modules/xlang_json.x3pkg.lib and object D:/a/xMind/xMind/xlang3/build/Release/modules/xlang_json.x3pkg.exp
2026-10-10T04:54:31.2218644Z   xlang_json_native_package.vcxproj -> D:\a\xMind\xMind\xlang3\build\Release\modules\xlang_json.x3pkg.dll
2026-10-10T04:54:31.3106428Z MSBuild version 18.10.1-1.26427.6+3cd27c13e for .NET Framework
2026-10-10T04:54:31.3337115Z 
2026-10-10T04:54:31.4366545Z   Checking File Globs
2026-10-10T04:54:31.5525040Z   Building Custom Rule D:/a/xMind/xMind/xlang3/modules/sqlite/CMakeLists.txt
2026-10-10T04:54:31.6344890Z   main.cpp
2026-10-10T04:54:31.9506912Z   sqlite_package.cpp
2026-10-10T04:54:32.5461774Z   sqlite_values.cpp
2026-10-10T04:54:32.8652241Z   sqlite_handles.cpp
2026-10-10T04:54:33.1844243Z   Generating Code...
2026-10-10T04:54:33.7005672Z   sqlite3.c
2026-10-10T04:54:44.9631268Z      Creating library D:/a/xMind/xMind/xlang3/build/Release/modules/xlang_sqlite3.x3pkg.lib and object D:/a/xMind/xMind/xlang3/build/Release/modules/xlang_sqlite3.x3pkg.exp
2026-10-10T04:54:45.0293443Z   xlang_sqlite3_native_package.vcxproj -> D:\a\xMind\xMind\xlang3\build\Release\modules\xlang_sqlite3.x3pkg.dll
2026-10-10T04:54:45.1316777Z Pinned jsoncons native source and license hashes verified: 176 files
2026-10-10T04:54:45.1848748Z Pinned yaml-cpp native source and license verified: 101 exact upstream files
2026-10-10T04:54:45.2418391Z Pinned re2 native source and license verified: 131 exact upstream files
2026-10-10T04:54:45.3257940Z Pinned abseil-cpp native source and license verified: 1602 exact upstream files
2026-10-10T04:54:49.1345169Z 
2026-10-10T04:54:49.1346244Z added 97 packages in 4s
2026-10-10T04:54:52.0940370Z [31;1mnpm warn deprecated whatwg-encoding@3.1.1: Use @exodus/bytes instead for a more spec-conformant and faster implementation[0m
2026-10-10T04:54:52.9888187Z [31;1mnpm warn deprecated prebuild-install@7.1.3: No longer maintained. Please contact the author of the relevant native addon; alternatives are available.[0m
2026-10-10T04:54:57.3786148Z 
2026-10-10T04:54:57.3791610Z added 325 packages in 7s
2026-10-10T04:54:58.0849404Z -- The C compiler identification is MSVC 19.51.36260.0
2026-10-10T04:54:58.5243156Z -- The CXX compiler identification is MSVC 19.51.36260.0
2026-10-10T04:54:58.5385654Z -- Detecting C compiler ABI info
2026-10-10T04:54:58.9705387Z -- Detecting C compiler ABI info - done
2026-10-10T04:54:58.9836033Z -- Check for working C compiler: C:/Program Files/Microsoft Visual Studio/18/Enterprise/VC/Tools/MSVC/14.51.36231/bin/Hostx64/x64/cl.exe - skipped
2026-10-10T04:54:58.9838292Z -- Detecting C compile features
2026-10-10T04:54:58.9843288Z -- Detecting C compile features - done
2026-10-10T04:54:58.9908520Z -- Detecting CXX compiler ABI info
2026-10-10T04:54:59.4162558Z -- Detecting CXX compiler ABI info - done
2026-10-10T04:54:59.4291018Z -- Check for working CXX compiler: C:/Program Files/Microsoft Visual Studio/18/Enterprise/VC/Tools/MSVC/14.51.36231/bin/Hostx64/x64/cl.exe - skipped
2026-10-10T04:54:59.4293556Z -- Detecting CXX compile features
2026-10-10T04:54:59.4301197Z -- Detecting CXX compile features - done
2026-10-10T04:54:59.4907068Z -- Performing Test CMAKE_HAVE_LIBC_PTHREAD
2026-10-10T04:54:59.7972462Z -- Performing Test CMAKE_HAVE_LIBC_PTHREAD - Failed
2026-10-10T04:54:59.7973220Z -- Looking for pthread_create in pthreads
2026-10-10T04:55:00.1538659Z -- Looking for pthread_create in pthreads - not found
2026-10-10T04:55:00.1539145Z -- Looking for pthread_create in pthread
2026-10-10T04:55:00.5088120Z -- Looking for pthread_create in pthread - not found
2026-10-10T04:55:00.5096839Z -- Found Threads: TRUE
2026-10-10T04:55:01.3729435Z -- Configuring done (4.0s)
2026-10-10T04:55:03.3482872Z -- Generating done (2.0s)
2026-10-10T04:55:03.3492531Z -- Build files have been written to: D:/a/xMind/xMind/xmind/build/native
2026-10-10T04:55:03.4807970Z MSBuild version 18.10.1-1.26427.6+3cd27c13e for .NET Framework
2026-10-10T04:55:03.5031802Z 
2026-10-10T04:55:03.6252156Z   Checking File Globs
2026-10-10T04:55:03.7234814Z   1>Checking Build System
2026-10-10T04:55:03.9399233Z   Building Custom Rule D:/a/xMind/xMind/xmind/Native/third_party/abseil-cpp/absl/base/CMakeLists.txt
2026-10-10T04:55:03.9400783Z   Building Custom Rule D:/a/xMind/xMind/xmind/Native/third_party/abseil-cpp/absl/time/CMakeLists.txt
2026-10-10T04:55:03.9626369Z   Building Custom Rule D:/a/xMind/xMind/xmind/Native/third_party/abseil-cpp/absl/base/CMakeLists.txt
2026-10-10T04:55:04.0439715Z   Building Custom Rule D:/a/xMind/xMind/xmind/Native/third_party/abseil-cpp/absl/debugging/CMakeLists.txt
2026-10-10T04:55:04.0651778Z   Building Custom Rule D:/a/xMind/xMind/xmind/Native/third_party/abseil-cpp/absl/base/CMakeLists.txt
2026-10-10T04:55:04.1647958Z   Building Custom Rule D:/a/xMind/xMind/xmind/Native/third_party/abseil-cpp/absl/types/CMakeLists.txt
2026-10-10T04:55:04.2083822Z   hardening.cc
2026-10-10T04:55:04.2085791Z   utf8_for_code_point.cc
2026-10-10T04:55:04.2214055Z   spinlock_wait.cc
2026-10-10T04:55:04.3467272Z   source_location.cc
2026-10-10T04:55:04.3470276Z   civil_time_detail.cc
2026-10-10T04:55:04.4638093Z   absl_utf8_for_code_point.vcxproj -> D:\a\xMind\xMind\xmind\build\native\third_party\abseil-cpp\absl\debugging\Release\absl_utf8_for_code_point.lib
2026-10-10T04:55:04.5203284Z   absl_source_location.vcxproj -> D:\a\xMind\xMind\xmind\build\native\third_party\abseil-cpp\absl\types\Release\absl_source_location.lib
2026-10-10T04:55:04.5687215Z   absl_hardening.vcxproj -> D:\a\xMind\xMind\xmind\build\native\third_party\abseil-cpp\absl\base\Release\absl_hardening.lib
2026-10-10T04:55:04.6105103Z   log_severity.cc
2026-10-10T04:55:04.6754792Z   Building Custom Rule D:/a/xMind/xMind/xmind/Native/third_party/abseil-cpp/absl/time/CMakeLists.txt
2026-10-10T04:55:04.6757377Z   absl_spinlock_wait.vcxproj -> D:\a\xMind\xMind\xmind\build\native\third_party\abseil-cpp\absl\base\Release\absl_spinlock_wait.lib
2026-10-10T04:55:04.8232744Z   time_zone_fixed.cc
2026-10-10T04:55:04.8993941Z   Building Custom Rule D:/a/xMind/xMind/xmind/Native/third_party/abseil-cpp/absl/profiling/CMakeLists.txt
2026-10-10T04:55:05.0680394Z   exponential_biased.cc
2026-10-10T04:55:05.1917140Z   Building Custom Rule D:/a/xMind/xMind/xmind/Native/third_party/abseil-cpp/absl/flags/CMakeLists.txt
2026-10-10T04:55:05.5843021Z   absl_civil_time.vcxproj -> D:\a\xMind\xMind\xmind\build\native\third_party\abseil-cpp\absl\time\Release\absl_civil_time.lib
2026-10-10T04:55:05.6256613Z   absl_exponential_biased.vcxproj -> D:\a\xMind\xMind\xmind\build\native\third_party\abseil-cpp\absl\profiling\Release\absl_exponential_biased.lib
2026-10-10T04:55:05.6786263Z   commandlineflag.cc
2026-10-10T04:55:05.7064060Z   Building Custom Rule D:/a/xMind/xMind/xmind/Native/third_party/abseil-cpp/absl/debugging/CMakeLists.txt
2026-10-10T04:55:05.8189341Z   leak_check.cc
2026-10-10T04:55:05.9363819Z   absl_leak_check.vcxproj -> D:\a\xMind\xMind\xmind\build\native\third_party\abseil-cpp\absl\debugging\Release\absl_leak_check.lib
2026-10-10T04:55:06.1434005Z   Building Custom Rule D:/a/xMind/xMind/xmind/Native/third_party/abseil-cpp/absl/base/CMakeLists.txt
2026-10-10T04:55:06.1666983Z   absl_flags_commandlineflag_internal.vcxproj -> D:\a\xMind\xMind\xmind\build\native\third_party\abseil-cpp\absl\flags\Release\absl_flags_commandlineflag_internal.lib
2026-10-10T04:55:06.2045672Z   Building Custom Rule D:/a/xMind/xMind/xmind/Native/third_party/abseil-cpp/absl/log/CMakeLists.txt
2026-10-10T04:55:06.2820315Z   strerror.cc
2026-10-10T04:55:06.2893835Z   nullguard.cc
2026-10-10T04:55:06.3042912Z   Building Custom Rule D:/a/xMind/xMind/xmind/Native/CMakeLists.txt
2026-10-10T04:55:06.4874921Z   Building Custom Rule D:/a/xMind/xMind/xmind/Native/CMakeLists.txt
2026-10-10T04:55:06.5187528Z   time_zone_format.cc
2026-10-10T04:55:06.5189505Z   mcp_wire.cpp
2026-10-10T04:55:06.6893552Z   Building Custom Rule D:/a/xMind/xMind/xmind/Native/CMakeLists.txt
2026-10-10T04:55:06.7642561Z   absl_log_internal_nullguard.vcxproj -> D:\a\xMind\xMind\xmind\build\native\third_party\abseil-cpp\absl\log\Release\absl_log_internal_nullguard.lib
2026-10-10T04:55:06.8166645Z   model_stream.cpp
2026-10-10T04:55:06.9325126Z   absl_strerror.vcxproj -> D:\a\xMind\xMind\xmind\build\native\third_party\abseil-cpp\absl\base\Release\absl_strerror.lib
2026-10-10T04:55:06.9580839Z   file_patch.cpp
2026-10-10T04:55:07.0423047Z   Building Custom Rule D:/a/xMind/xMind/xmind/Native/CMakeLists.txt
2026-10-10T04:55:08.1440567Z   secret_protection.cpp
2026-10-10T04:55:08.3015179Z   time_zone_if.cc
2026-10-10T04:55:08.4267516Z   agentflow_secrets.vcxproj -> D:\a\xMind\xMind\xmind\build\native\Release\agentflow_secrets.lib
2026-10-10T04:55:09.1465885Z   absl_log_severity.vcxproj -> D:\a\xMind\xMind\xmind\build\native\third_party\abseil-cpp\absl\base\Release\absl_log_severity.lib
2026-10-10T04:55:13.5248711Z   Building Custom Rule D:/a/xMind/xMind/xmind/Native/CMakeLists.txt
2026-10-10T04:55:13.7729711Z   time_zone_impl.cc
2026-10-10T04:55:13.9345388Z   mcp_requests.cpp
2026-10-10T04:55:14.0448034Z   model_request.cpp
2026-10-10T04:55:14.1121195Z   time_zone_info.cc
2026-10-10T04:55:14.1607991Z   mcp_handshake.cpp
2026-10-10T04:55:14.1764325Z   windows_process.cpp
2026-10-10T04:55:14.1827517Z   time_zone_libc.cc
2026-10-10T04:55:14.1830135Z   responses_stream.cpp
2026-10-10T04:55:14.3463950Z   agentflow_process.vcxproj -> D:\a\xMind\xMind\xmind\build\native\Release\agentflow_process.lib
2026-10-10T04:55:14.3675887Z   Building Custom Rule D:/a/xMind/xMind/xmind/Native/third_party/yaml-cpp/CMakeLists.txt
2026-10-10T04:55:14.4792591Z   agentflow_file_patch.vcxproj -> D:\a\xMind\xMind\xmind\build\native\Release\agentflow_file_patch.lib
2026-10-10T04:55:14.8952859Z   Scanning sources for module dependencies...
2026-10-10T04:55:14.8953635Z   time_zone_lookup.cc
2026-10-10T04:55:14.8954373Z   Building Custom Rule D:/a/xMind/xMind/xmind/Native/third_party/abseil-cpp/absl/base/CMakeLists.txt
2026-10-10T04:55:16.1533902Z   mcp_http_metadata.cpp
2026-10-10T04:55:16.1534458Z   binary.cpp
2026-10-10T04:55:16.1534881Z   time_zone_posix.cc
2026-10-10T04:55:16.1535267Z   raw_logging.cc
2026-10-10T04:55:16.1581707Z   convert.cpp
2026-10-10T04:55:16.3039904Z   depthguard.cpp
2026-10-10T04:55:16.3041459Z   absl_raw_logging_internal.vcxproj -> D:\a\xMind\xMind\xmind\build\native\third_party\abseil-cpp\absl\base\Release\absl_raw_logging_internal.lib
2026-10-10T04:55:16.4096148Z   directives.cpp
2026-10-10T04:55:16.9590695Z   zone_info_source.cc
2026-10-10T04:55:16.9594019Z   responses_request.cpp
2026-10-10T04:55:16.9596499Z   emitter.cpp
2026-10-10T04:55:17.2112125Z   emitfromevents.cpp
2026-10-10T04:55:17.2117613Z   emit.cpp
2026-10-10T04:55:17.2118524Z   time_zone_name_win.cc
2026-10-10T04:55:17.6807591Z   emitterstate.cpp
2026-10-10T04:55:17.9797533Z   Building Custom Rule D:/a/xMind/xMind/xmind/Native/third_party/abseil-cpp/absl/strings/CMakeLists.txt
2026-10-10T04:55:17.9800198Z   Generating Code...
2026-10-10T04:55:17.9801572Z   Building Custom Rule D:/a/xMind/xMind/xmind/Native/third_party/abseil-cpp/absl/debugging/CMakeLists.txt
2026-10-10T04:55:17.9802933Z   emitterutils.cpp
2026-10-10T04:55:17.9803917Z   exp.cpp
2026-10-10T04:55:17.9804573Z   exceptions.cpp
2026-10-10T04:55:18.8781960Z   Building Custom Rule D:/a/xMind/xMind/xmind/Native/third_party/abseil-cpp/absl/base/CMakeLists.txt
2026-10-10T04:55:20.4831838Z   mcp_http_stream.cpp
2026-10-10T04:55:20.4837200Z   fptostring.cpp
2026-10-10T04:55:20.4838247Z   responses_context.cpp
2026-10-10T04:55:20.4838943Z   throw_delegate.cc
2026-10-10T04:55:20.6663390Z   cordz_functions.cc
2026-10-10T04:55:20.6771286Z   memory.cpp
2026-10-10T04:55:21.0475846Z   node.cpp
2026-10-10T04:55:21.0508827Z   node_data.cpp
2026-10-10T04:55:21.6017055Z   nodeevents.cpp
2026-10-10T04:55:21.6129777Z   absl_time_zone.vcxproj -> D:\a\xMind\xMind\xmind\build\native\third_party\abseil-cpp\absl\time\Release\absl_time_zone.lib
2026-10-10T04:55:21.8427959Z   Building Custom Rule D:/a/xMind/xMind/xmind/Native/third_party/abseil-cpp/absl/base/CMakeLists.txt
2026-10-10T04:55:21.9372512Z   nodebuilder.cpp
2026-10-10T04:55:21.9394600Z   absl_cordz_functions.vcxproj -> D:\a\xMind\xMind\xmind\build\native\third_party\abseil-cpp\absl\strings\Release\absl_cordz_functions.lib
2026-10-10T04:55:22.2403357Z   ostream_wrapper.cpp
2026-10-10T04:55:22.4651089Z   null.cpp
2026-10-10T04:55:22.4669219Z   address_is_readable.cc
2026-10-10T04:55:22.4672462Z   mcp_tool_codec.cpp
2026-10-10T04:55:22.4675197Z   elf_mem_image.cc
2026-10-10T04:55:22.4698587Z   vdso_support.cc
2026-10-10T04:55:22.4700086Z   Generating Code...
2026-10-10T04:55:22.4702113Z   parse.cpp
2026-10-10T04:55:22.4703373Z   parser.cpp
2026-10-10T04:55:22.4704750Z   absl_throw_delegate.vcxproj -> D:\a\xMind\xMind\xmind\build\native\third_party\abseil-cpp\absl\base\Release\absl_throw_delegate.lib
2026-10-10T04:55:22.4705645Z   regex_yaml.cpp
2026-10-10T04:55:22.4706262Z   absl_debugging_internal.vcxproj -> D:\a\xMind\xMind\xmind\build\native\third_party\abseil-cpp\absl\debugging\Release\absl_debugging_internal.lib
2026-10-10T04:55:22.4706842Z   scantag.cpp
2026-10-10T04:55:22.4707060Z   scanner.cpp
2026-10-10T04:55:22.4707273Z   scanscalar.cpp
2026-10-10T04:55:22.5376174Z   scantoken.cpp
2026-10-10T04:55:22.9111044Z   simplekey.cpp
2026-10-10T04:55:22.9123786Z   tag.cpp
2026-10-10T04:55:22.9259160Z   stream.cpp
2026-10-10T04:55:22.9259691Z   singledocparser.cpp
2026-10-10T04:55:22.9783294Z   casts.cc
2026-10-10T04:55:24.4421864Z   anthropic_request.cpp
2026-10-10T04:55:24.5268419Z   Compiling...
2026-10-10T04:55:24.7882286Z   convert.cpp
2026-10-10T04:55:24.7944564Z   binary.cpp
2026-10-10T04:55:26.4815133Z   depthguard.cpp
2026-10-10T04:55:26.4824787Z   directives.cpp
2026-10-10T04:55:26.6340539Z   Generating Code...
2026-10-10T04:55:29.6128299Z   emit.cpp
2026-10-10T04:55:29.6167921Z   anthropic_stream.cpp
2026-10-10T04:55:33.7981582Z   emitfromevents.cpp
2026-10-10T04:55:33.7986572Z   emitterutils.cpp
2026-10-10T04:55:33.7990705Z   emitter.cpp
2026-10-10T04:55:33.7992397Z   anthropic_history.cpp
2026-10-10T04:55:33.7996648Z   emitterstate.cpp
2026-10-10T04:55:33.8024836Z   exceptions.cpp
2026-10-10T04:55:33.8704967Z   exp.cpp
2026-10-10T04:55:33.8705488Z   fptostring.cpp
2026-10-10T04:55:37.2438674Z D:\a\xMind\xMind\xmind\Native\third_party\yaml-cpp\src\fptostring.cpp(234,47): warning C4267: 'argument': conversion from 'size_t' to 'int', possible loss of data [D:\a\xMind\xMind\xmind\build\native\third_party\yaml-cpp\yaml-cpp.vcxproj]
2026-10-10T04:55:37.2488632Z D:\a\xMind\xMind\xmind\Native\third_party\yaml-cpp\src\fptostring.cpp(238,47): warning C4267: 'argument': conversion from 'size_t' to 'int', possible loss of data [D:\a\xMind\xMind\xmind\build\native\third_party\yaml-cpp\yaml-cpp.vcxproj]
2026-10-10T04:55:37.2494727Z D:\a\xMind\xMind\xmind\Native\third_party\yaml-cpp\src\fptostring.cpp(195,36): warning C4267: 'initializing': conversion from 'size_t' to 'int', possible loss of data [D:\a\xMind\xMind\xmind\build\native\third_party\yaml-cpp\yaml-cpp.vcxproj]
2026-10-10T04:55:37.2505222Z       D:\a\xMind\xMind\xmind\Native\third_party\yaml-cpp\src\fptostring.cpp(195,36):
2026-10-10T04:55:37.2507886Z       the template instantiation context (the oldest one first) is
2026-10-10T04:55:37.2509275Z           D:\a\xMind\xMind\xmind\Native\third_party\yaml-cpp\src\fptostring.cpp(234,33):
2026-10-10T04:55:37.2510477Z           see reference to function template instantiation 'std::string YAML::detail::fp_formatting::FpToString<float>(T,int)' being compiled
2026-10-10T04:55:37.2511118Z           with
2026-10-10T04:55:37.2511408Z           [
2026-10-10T04:55:37.2511702Z               T=float
2026-10-10T04:55:37.2512028Z           ]
2026-10-10T04:55:37.2512369Z   
2026-10-10T04:55:37.2513438Z D:\a\xMind\xMind\xmind\Native\third_party\yaml-cpp\src\fptostring.cpp(195,36): warning C4267: 'initializing': conversion from 'size_t' to 'const int', possible loss of data [D:\a\xMind\xMind\xmind\build\native\third_party\yaml-cpp\yaml-cpp.vcxproj]
2026-10-10T04:55:37.2515166Z D:\a\xMind\xMind\xmind\Native\third_party\yaml-cpp\src\contrib\dragonbox.h(3008,29): warning C4267: '+=': conversion from 'size_t' to 'DecimalExponentType', possible loss of data [D:\a\xMind\xMind\xmind\build\native\third_party\yaml-cpp\yaml-cpp.vcxproj]
2026-10-10T04:55:37.2516623Z D:\a\xMind\xMind\xmind\Native\third_party\yaml-cpp\src\contrib\dragonbox.h(3008,29): warning C4267:         with [D:\a\xMind\xMind\xmind\build\native\third_party\yaml-cpp\yaml-cpp.vcxproj]
2026-10-10T04:55:37.2517814Z D:\a\xMind\xMind\xmind\Native\third_party\yaml-cpp\src\contrib\dragonbox.h(3008,29): warning C4267:         [ [D:\a\xMind\xMind\xmind\build\native\third_party\yaml-cpp\yaml-cpp.vcxproj]
2026-10-10T04:55:37.2520171Z D:\a\xMind\xMind\xmind\Native\third_party\yaml-cpp\src\contrib\dragonbox.h(3008,29): warning C4267:             DecimalExponentType=YAML::jkj::dragonbox::detail::impl<YAML::jkj::dragonbox::ieee754_binary_traits<YAML::jkj::dragonbox::ieee754_binary64,uint_least64_t,int>>::compute_nearest::decimal_exponent_type_ [D:\a\xMind\xMind\xmind\build\native\third_party\yaml-cpp\yaml-cpp.vcxproj]
2026-10-10T04:55:37.2522118Z D:\a\xMind\xMind\xmind\Native\third_party\yaml-cpp\src\contrib\dragonbox.h(3008,29): warning C4267:         ] [D:\a\xMind\xMind\xmind\build\native\third_party\yaml-cpp\yaml-cpp.vcxproj]
2026-10-10T04:55:37.2522983Z   (compiling source file '../../../../Native/third_party/yaml-cpp/src/fptostring.cpp')
2026-10-10T04:55:37.2523599Z       D:\a\xMind\xMind\xmind\Native\third_party\yaml-cpp\src\contrib\dragonbox.h(3008,29):
2026-10-10T04:55:37.2524229Z       the template instantiation context (the oldest one first) is
2026-10-10T04:55:37.2524833Z           D:\a\xMind\xMind\xmind\Native\third_party\yaml-cpp\src\fptostring.cpp(238,33):
2026-10-10T04:55:37.2525711Z           see reference to function template instantiation 'std::string YAML::detail::fp_formatting::FpToString<double>(T,int)' being compiled
2026-10-10T04:55:37.2526369Z           with
2026-10-10T04:55:37.2526692Z           [
2026-10-10T04:55:37.2527004Z               T=double
2026-10-10T04:55:37.2527313Z           ]
2026-10-10T04:55:37.2527739Z           D:\a\xMind\xMind\xmind\Native\third_party\yaml-cpp\src\fptostring.cpp(93,28):
2026-10-10T04:55:37.2529317Z           see reference to function template instantiation 'YAML::jkj::dragonbox::decimal_fp<unsigned __int64,int,true,false> YAML::jkj::dragonbox::to_decimal<T,YAML::jkj::dragonbox::default_float_bit_carrier_conversion_traits<Float>,YAML::jkj::dragonbox::ieee754_binary_traits<YAML::jkj::dragonbox::ieee754_binary64,uint_least64_t,int>,>(Float) noexcept' being compiled
2026-10-10T04:55:37.2530543Z           with
2026-10-10T04:55:37.2530855Z           [
2026-10-10T04:55:37.2531144Z               T=double,
2026-10-10T04:55:37.2531502Z               Float=double
2026-10-10T04:55:37.2531833Z           ]
2026-10-10T04:55:37.2532485Z           D:\a\xMind\xMind\xmind\Native\third_party\yaml-cpp\src\contrib\dragonbox.h(4163,20):
2026-10-10T04:55:37.2533778Z           see reference to function template instantiation 'YAML::jkj::dragonbox::decimal_fp<unsigned __int64,int,true,false> YAML::jkj::dragonbox::to_decimal_ex<FormatTraits,int,>(YAML::jkj::dragonbox::signed_significand_bits<FormatTraits>,ExponentBits) noexcept' being compiled
2026-10-10T04:55:37.2534836Z           with
2026-10-10T04:55:37.2535123Z           [
2026-10-10T04:55:37.2535722Z               FormatTraits=YAML::jkj::dragonbox::ieee754_binary_traits<YAML::jkj::dragonbox::ieee754_binary64,uint_least64_t,int>,
2026-10-10T04:55:37.2536353Z               ExponentBits=int
2026-10-10T04:55:37.2536711Z           ]
2026-10-10T04:55:37.2537154Z           D:\a\xMind\xMind\xmind\Native\third_party\yaml-cpp\src\contrib\dragonbox.h(4146,35):
2026-10-10T04:55:37.2540822Z           see reference to function template instantiation 'YAML::jkj::dragonbox::decimal_fp<unsigned __int64,int,true,false> YAML::jkj::dragonbox::policy::decimal_to_binary_rounding::nearest_to_even_t::delegate<YAML::jkj::dragonbox::signed_significand_bits<FormatTraits>,YAML::jkj::dragonbox::detail::to_decimal_dispatcher<FormatTraits,YAML::jkj::dragonbox::to_decimal_ex::policy_holder>,YAML::jkj::dragonbox::signed_significand_bits<FormatTraits>,ExponentBits>(SignedSignificandBits,Func,YAML::jkj::dragonbox::signed_significand_bits<FormatTraits>,ExponentBits) noexcept' being compiled
2026-10-10T04:55:37.2551494Z           with
2026-10-10T04:55:37.2551847Z           [
2026-10-10T04:55:37.2552474Z               FormatTraits=YAML::jkj::dragonbox::ieee754_binary_traits<YAML::jkj::dragonbox::ieee754_binary64,uint_least64_t,int>,
2026-10-10T04:55:37.2553091Z               ExponentBits=int,
2026-10-10T04:55:37.2554619Z               SignedSignificandBits=YAML::jkj::dragonbox::signed_significand_bits<YAML::jkj::dragonbox::ieee754_binary_traits<YAML::jkj::dragonbox::ieee754_binary64,uint_least64_t,int>>,
2026-10-10T04:55:37.2556042Z               Func=YAML::jkj::dragonbox::detail::to_decimal_dispatcher<YAML::jkj::dragonbox::ieee754_binary_traits<YAML::jkj::dragonbox::ieee754_binary64,uint_least64_t,int>,YAML::jkj::dragonbox::to_decimal_ex::policy_holder>
2026-10-10T04:55:37.2557492Z           ]
2026-10-10T04:55:37.2557989Z           D:\a\xMind\xMind\xmind\Native\third_party\yaml-cpp\src\contrib\dragonbox.h(2483,32):
2026-10-10T04:55:37.2958610Z           see reference to function template instantiation 'YAML::jkj::dragonbox::decimal_fp<unsigned __int64,int,true,false> YAML::jkj::dragonbox::detail::to_decimal_dispatcher<FormatTraits,YAML::jkj::dragonbox::to_decimal_ex::policy_holder>::operator ()<_Ty>(IntervalTypeProvider,YAML::jkj::dragonbox::signed_significand_bits<FormatTraits>,int) noexcept' being compiled
2026-10-10T04:55:37.5493857Z           with
2026-10-10T04:55:38.4076611Z           [
2026-10-10T04:55:38.4112425Z               FormatTraits=YAML::jkj::dragonbox::ieee754_binary_traits<YAML::jkj::dragonbox::ieee754_binary64,uint_least64_t,int>,
2026-10-10T04:55:39.0479032Z               _Ty=YAML::jkj::dragonbox::policy::decimal_to_binary_rounding::nearest_to_even_t,
2026-10-10T04:55:39.0588166Z               IntervalTypeProvider=YAML::jkj::dragonbox::policy::decimal_to_binary_rounding::nearest_to_even_t
2026-10-10T04:55:39.0590791Z           ]
2026-10-10T04:55:39.0591618Z           D:\a\xMind\xMind\xmind\Native\third_party\yaml-cpp\src\contrib\dragonbox.h(4108,61):
2026-10-10T04:55:39.0594716Z           see reference to function template instantiation 'YAML::jkj::dragonbox::decimal_fp<unsigned __int64,int,true,false> YAML::jkj::dragonbox::detail::impl<YAML::jkj::dragonbox::ieee754_binary_traits<YAML::jkj::dragonbox::ieee754_binary64,uint_least64_t,int>>::compute_nearest<YAML::jkj::dragonbox::policy::sign::return_sign_t,YAML::jkj::dragonbox::policy::trailing_zero::remove_t,_Ty,YAML::jkj::dragonbox::policy::binary_to_decimal_rounding::to_even_t,YAML::jkj::dragonbox::policy::cache::full_t,YAML::jkj::dragonbox::policy::preferred_integer_types::match_t>(YAML::jkj::dragonbox::signed_significand_bits<FormatTraits>,int) noexcept' being compiled
2026-10-10T04:55:39.0597727Z           with
2026-10-10T04:55:39.0598260Z           [
2026-10-10T04:55:39.0598954Z               _Ty=YAML::jkj::dragonbox::policy::decimal_to_binary_rounding::nearest_to_even_t,
2026-10-10T04:55:39.0599965Z               FormatTraits=YAML::jkj::dragonbox::ieee754_binary_traits<YAML::jkj::dragonbox::ieee754_binary64,uint_least64_t,int>
2026-10-10T04:55:39.0602328Z           ]
2026-10-10T04:55:39.0603095Z           D:\a\xMind\xMind\xmind\Native\third_party\yaml-cpp\src\contrib\dragonbox.h(3353,69):
2026-10-10T04:55:39.0605862Z           see reference to function template instantiation 'YAML::jkj::dragonbox::decimal_fp<unsigned __int64,YAML::jkj::dragonbox::detail::impl<YAML::jkj::dragonbox::ieee754_binary_traits<YAML::jkj::dragonbox::ieee754_binary64,uint_least64_t,int>>::compute_nearest::decimal_exponent_type_,false,false> YAML::jkj::dragonbox::policy::trailing_zero::remove_t::on_trailing_zeros<YAML::jkj::dragonbox::ieee754_binary64,unsigned __int64,YAML::jkj::dragonbox::detail::impl<YAML::jkj::dragonbox::ieee754_binary_traits<YAML::jkj::dragonbox::ieee754_binary64,uint_least64_t,int>>::compute_nearest::decimal_exponent_type_>(DecimalSignificand,DecimalExponentType) noexcept' being compiled
2026-10-10T04:55:39.0608292Z           with
2026-10-10T04:55:39.0608822Z           [
2026-10-10T04:55:39.0609394Z               DecimalSignificand=unsigned __int64,
2026-10-10T04:55:39.0610530Z               DecimalExponentType=YAML::jkj::dragonbox::detail::impl<YAML::jkj::dragonbox::ieee754_binary_traits<YAML::jkj::dragonbox::ieee754_binary64,uint_least64_t,int>>::compute_nearest::decimal_exponent_type_
2026-10-10T04:55:39.0611581Z           ]
2026-10-10T04:55:39.0614656Z           D:\a\xMind\xMind\xmind\Native\third_party\yaml-cpp\src\contrib\dragonbox.h(2379,51):
2026-10-10T04:55:39.0629100Z           see reference to class template instantiation 'YAML::jkj::dragonbox::remove_trailing_zeros_traits<YAML::jkj::dragonbox::policy::trailing_zero::remove_t,YAML::jkj::dragonbox::ieee754_binary64,unsigned __int64,YAML::jkj::dragonbox::detail::impl<YAML::jkj::dragonbox::ieee754_binary_traits<YAML::jkj::dragonbox::ieee754_binary64,uint_least64_t,int>>::compute_nearest::decimal_exponent_type_>' being compiled
2026-10-10T04:55:39.0631039Z           D:\a\xMind\xMind\xmind\Native\third_party\yaml-cpp\src\contrib\dragonbox.h(2978,13):
2026-10-10T04:55:39.0633141Z           while compiling class template member function 'void YAML::jkj::dragonbox::remove_trailing_zeros_traits<YAML::jkj::dragonbox::policy::trailing_zero::remove_t,YAML::jkj::dragonbox::ieee754_binary64,unsigned __int64,YAML::jkj::dragonbox::detail::impl<YAML::jkj::dragonbox::ieee754_binary_traits<YAML::jkj::dragonbox::ieee754_binary64,uint_least64_t,int>>::compute_nearest::decimal_exponent_type_>::remove_trailing_zeros(uint_least64_t &,DecimalExponentType &) noexcept'
2026-10-10T04:55:39.1855873Z           with
2026-10-10T04:55:39.1862984Z           [
2026-10-10T04:55:39.1864609Z               DecimalExponentType=YAML::jkj::dragonbox::detail::impl<YAML::jkj::dragonbox::ieee754_binary_traits<YAML::jkj::dragonbox::ieee754_binary64,uint_least64_t,int>>::compute_nearest::decimal_exponent_type_
2026-10-10T04:55:39.1874129Z           ]
2026-10-10T04:55:39.1875063Z               D:\a\xMind\xMind\xmind\Native\third_party\yaml-cpp\src\contrib\dragonbox.h(2379,72):
2026-10-10T04:55:39.1877291Z               see the first reference to 'YAML::jkj::dragonbox::remove_trailing_zeros_traits<YAML::jkj::dragonbox::policy::trailing_zero::remove_t,YAML::jkj::dragonbox::ieee754_binary64,unsigned __int64,YAML::jkj::dragonbox::detail::impl<YAML::jkj::dragonbox::ieee754_binary_traits<YAML::jkj::dragonbox::ieee754_binary64,uint_least64_t,int>>::compute_nearest::decimal_exponent_type_>::remove_trailing_zeros' in 'YAML::jkj::dragonbox::policy::trailing_zero::remove_t::on_trailing_zeros'
2026-10-10T04:55:39.1879333Z               D:\a\xMind\xMind\xmind\Native\third_party\yaml-cpp\src\contrib\dragonbox.h(3353,69):
2026-10-10T04:55:39.1881154Z               see the first reference to 'YAML::jkj::dragonbox::policy::trailing_zero::remove_t::on_trailing_zeros' in 'YAML::jkj::dragonbox::detail::impl<YAML::jkj::dragonbox::ieee754_binary_traits<YAML::jkj::dragonbox::ieee754_binary64,uint_least64_t,int>>::compute_nearest'
2026-10-10T04:55:39.1882547Z               D:\a\xMind\xMind\xmind\Native\third_party\yaml-cpp\src\contrib\dragonbox.h(4108,25):
2026-10-10T04:55:39.1893449Z               see the first reference to 'YAML::jkj::dragonbox::detail::impl<YAML::jkj::dragonbox::ieee754_binary_traits<YAML::jkj::dragonbox::ieee754_binary64,uint_least64_t,int>>::compute_nearest' in 'YAML::jkj::dragonbox::detail::to_decimal_dispatcher<FormatTraits,YAML::jkj::dragonbox::to_decimal_ex::policy_holder>::operator ()'
2026-10-10T04:55:39.1894896Z           with
2026-10-10T04:55:39.1895293Z           [
2026-10-10T04:55:39.1895943Z               FormatTraits=YAML::jkj::dragonbox::ieee754_binary_traits<YAML::jkj::dragonbox::ieee754_binary64,uint_least64_t,int>
2026-10-10T04:55:39.1896577Z           ]
2026-10-10T04:55:39.1897129Z               D:\a\xMind\xMind\xmind\Native\third_party\yaml-cpp\src\contrib\dragonbox.h(2483,25):
2026-10-10T04:55:39.1898393Z               see the first reference to 'YAML::jkj::dragonbox::detail::to_decimal_dispatcher<FormatTraits,YAML::jkj::dragonbox::to_decimal_ex::policy_holder>::operator ()' in 'YAML::jkj::dragonbox::policy::decimal_to_binary_rounding::nearest_to_even_t::delegate'
2026-10-10T04:55:39.1899429Z           with
2026-10-10T04:55:39.1899771Z           [
2026-10-10T04:55:39.1900419Z               FormatTraits=YAML::jkj::dragonbox::ieee754_binary_traits<YAML::jkj::dragonbox::ieee754_binary64,uint_least64_t,int>
2026-10-10T04:55:39.1901054Z           ]
2026-10-10T04:55:39.1901566Z               D:\a\xMind\xMind\xmind\Native\third_party\yaml-cpp\src\contrib\dragonbox.h(4146,35):
2026-10-10T04:55:39.1902827Z               see the first reference to 'YAML::jkj::dragonbox::policy::decimal_to_binary_rounding::nearest_to_even_t::delegate' in 'YAML::jkj::dragonbox::to_decimal_ex'
2026-10-10T04:55:39.1903849Z               D:\a\xMind\xMind\xmind\Native\third_party\yaml-cpp\src\contrib\dragonbox.h(4163,20):
2026-10-10T04:55:39.1904750Z               see the first reference to 'YAML::jkj::dragonbox::to_decimal_ex' in 'YAML::jkj::dragonbox::to_decimal'
2026-10-10T04:55:39.1905317Z               D:\a\xMind\xMind\xmind\Native\third_party\yaml-cpp\src\fptostring.cpp(93,28):
2026-10-10T04:55:41.8735290Z               see the first reference to 'YAML::jkj::dragonbox::to_decimal' in 'YAML::detail::fp_formatting::FpToString'
2026-10-10T04:55:41.8813212Z   
2026-10-10T04:55:41.9037738Z D:\a\xMind\xMind\xmind\Native\third_party\yaml-cpp\src\contrib\dragonbox.h(2970,29): warning C4267: '+=': conversion from 'size_t' to 'DecimalExponentType', possible loss of data [D:\a\xMind\xMind\xmind\build\native\third_party\yaml-cpp\yaml-cpp.vcxproj]
2026-10-10T04:55:41.9231554Z D:\a\xMind\xMind\xmind\Native\third_party\yaml-cpp\src\contrib\dragonbox.h(2970,29): warning C4267:         with [D:\a\xMind\xMind\xmind\build\native\third_party\yaml-cpp\yaml-cpp.vcxproj]
2026-10-10T04:55:42.0417227Z D:\a\xMind\xMind\xmind\Native\third_party\yaml-cpp\src\contrib\dragonbox.h(2970,29): warning C4267:         [ [D:\a\xMind\xMind\xmind\build\native\third_party\yaml-cpp\yaml-cpp.vcxproj]
2026-10-10T04:55:42.1418007Z D:\a\xMind\xMind\xmind\Native\third_party\yaml-cpp\src\contrib\dragonbox.h(2970,29): warning C4267:             DecimalExponentType=YAML::jkj::dragonbox::detail::impl<YAML::jkj::dragonbox::ieee754_binary_traits<YAML::jkj::dragonbox::ieee754_binary32,uint_least32_t,int>>::compute_nearest::decimal_exponent_type_ [D:\a\xMind\xMind\xmind\build\native\third_party\yaml-cpp\yaml-cpp.vcxproj]
2026-10-10T04:55:42.2051794Z D:\a\xMind\xMind\xmind\Native\third_party\yaml-cpp\src\contrib\dragonbox.h(2970,29): warning C4267:         ] [D:\a\xMind\xMind\xmind\build\native\third_party\yaml-cpp\yaml-cpp.vcxproj]
2026-10-10T04:55:42.2136417Z   (compiling source file '../../../../Native/third_party/yaml-cpp/src/fptostring.cpp')
2026-10-10T04:55:42.2470436Z       D:\a\xMind\xMind\xmind\Native\third_party\yaml-cpp\src\contrib\dragonbox.h(2970,29):
2026-10-10T04:55:42.2703166Z       the template instantiation context (the oldest one first) is
2026-10-10T04:55:42.2934210Z           D:\a\xMind\xMind\xmind\Native\third_party\yaml-cpp\src\fptostring.cpp(234,33):
2026-10-10T04:55:42.3040504Z           see reference to function template instantiation 'std::string YAML::detail::fp_formatting::FpToString<float>(T,int)' being compiled
2026-10-10T04:55:42.3045606Z           with
2026-10-10T04:55:42.3046626Z           [
2026-10-10T04:55:42.3047560Z               T=float
2026-10-10T04:55:42.3048140Z           ]
2026-10-10T04:55:42.3049347Z           D:\a\xMind\xMind\xmind\Native\third_party\yaml-cpp\src\fptostring.cpp(93,28):
2026-10-10T04:55:42.3051210Z           see reference to function template instantiation 'YAML::jkj::dragonbox::decimal_fp<unsigned int,int,true,false> YAML::jkj::dragonbox::to_decimal<T,YAML::jkj::dragonbox::default_float_bit_carrier_conversion_traits<Float>,YAML::jkj::dragonbox::ieee754_binary_traits<YAML::jkj::dragonbox::ieee754_binary32,uint_least32_t,int>,>(Float) noexcept' being compiled
2026-10-10T04:55:42.3063807Z           with
2026-10-10T04:55:42.3064635Z           [
2026-10-10T04:55:42.3065041Z               T=float,
2026-10-10T04:55:42.3065457Z               Float=float
2026-10-10T04:55:42.3065844Z           ]
2026-10-10T04:55:42.3066385Z           D:\a\xMind\xMind\xmind\Native\third_party\yaml-cpp\src\contrib\dragonbox.h(4163,20):
2026-10-10T04:55:42.3068044Z           see reference to function template instantiation 'YAML::jkj::dragonbox::decimal_fp<unsigned int,int,true,false> YAML::jkj::dragonbox::to_decimal_ex<FormatTraits,int,>(YAML::jkj::dragonbox::signed_significand_bits<FormatTraits>,ExponentBits) noexcept' being compiled
2026-10-10T04:55:42.3069159Z           with
2026-10-10T04:55:42.3069456Z           [
2026-10-10T04:55:42.3070050Z               FormatTraits=YAML::jkj::dragonbox::ieee754_binary_traits<YAML::jkj::dragonbox::ieee754_binary32,uint_least32_t,int>,
2026-10-10T04:55:42.3070666Z               ExponentBits=int
2026-10-10T04:55:42.3070997Z           ]
2026-10-10T04:55:42.3071455Z           D:\a\xMind\xMind\xmind\Native\third_party\yaml-cpp\src\contrib\dragonbox.h(4146,35):
2026-10-10T04:55:42.3073776Z           see reference to function template instantiation 'YAML::jkj::dragonbox::decimal_fp<unsigned int,int,true,false> YAML::jkj::dragonbox::policy::decimal_to_binary_rounding::nearest_to_even_t::delegate<YAML::jkj::dragonbox::signed_significand_bits<FormatTraits>,YAML::jkj::dragonbox::detail::to_decimal_dispatcher<FormatTraits,YAML::jkj::dragonbox::to_decimal_ex::policy_holder>,YAML::jkj::dragonbox::signed_significand_bits<FormatTraits>,ExponentBits>(SignedSignificandBits,Func,YAML::jkj::dragonbox::signed_significand_bits<FormatTraits>,ExponentBits) noexcept' being compiled
2026-10-10T04:55:42.3075827Z           with
2026-10-10T04:55:42.3076137Z           [
2026-10-10T04:55:42.3076718Z               FormatTraits=YAML::jkj::dragonbox::ieee754_binary_traits<YAML::jkj::dragonbox::ieee754_binary32,uint_least32_t,int>,
2026-10-10T04:55:42.3077355Z               ExponentBits=int,
2026-10-10T04:55:42.3078164Z               SignedSignificandBits=YAML::jkj::dragonbox::signed_significand_bits<YAML::jkj::dragonbox::ieee754_binary_traits<YAML::jkj::dragonbox::ieee754_binary32,uint_least32_t,int>>,
2026-10-10T04:55:42.3100974Z               Func=YAML::jkj::dragonbox::detail::to_decimal_dispatcher<YAML::jkj::dragonbox::ieee754_binary_traits<YAML::jkj::dragonbox::ieee754_binary32,uint_least32_t,int>,YAML::jkj::dragonbox::to_decimal_ex::policy_holder>
2026-10-10T04:55:42.3128293Z           ]
2026-10-10T04:55:42.3128902Z           D:\a\xMind\xMind\xmind\Native\third_party\yaml-cpp\src\contrib\dragonbox.h(2483,32):
2026-10-10T04:55:42.3130726Z           see reference to function template instantiation 'YAML::jkj::dragonbox::decimal_fp<unsigned int,int,true,false> YAML::jkj::dragonbox::detail::to_decimal_dispatcher<FormatTraits,YAML::jkj::dragonbox::to_decimal_ex::policy_holder>::operator ()<_Ty>(IntervalTypeProvider,YAML::jkj::dragonbox::signed_significand_bits<FormatTraits>,int) noexcept' being compiled
2026-10-10T04:55:42.3132077Z           with
2026-10-10T04:55:42.3132375Z           [
2026-10-10T04:55:42.3132937Z               FormatTraits=YAML::jkj::dragonbox::ieee754_binary_traits<YAML::jkj::dragonbox::ieee754_binary32,uint_least32_t,int>,
2026-10-10T04:55:42.3133686Z               _Ty=YAML::jkj::dragonbox::policy::decimal_to_binary_rounding::nearest_to_even_t,
2026-10-10T04:55:42.3134395Z               IntervalTypeProvider=YAML::jkj::dragonbox::policy::decimal_to_binary_rounding::nearest_to_even_t
2026-10-10T04:55:42.3134936Z           ]
2026-10-10T04:55:42.3135455Z           D:\a\xMind\xMind\xmind\Native\third_party\yaml-cpp\src\contrib\dragonbox.h(4108,61):
2026-10-10T04:55:42.3137841Z           see reference to function template instantiation 'YAML::jkj::dragonbox::decimal_fp<unsigned int,int,true,false> YAML::jkj::dragonbox::detail::impl<YAML::jkj::dragonbox::ieee754_binary_traits<YAML::jkj::dragonbox::ieee754_binary32,uint_least32_t,int>>::compute_nearest<YAML::jkj::dragonbox::policy::sign::return_sign_t,YAML::jkj::dragonbox::policy::trailing_zero::remove_t,_Ty,YAML::jkj::dragonbox::policy::binary_to_decimal_rounding::to_even_t,YAML::jkj::dragonbox::policy::cache::full_t,YAML::jkj::dragonbox::policy::preferred_integer_types::match_t>(YAML::jkj::dragonbox::signed_significand_bits<FormatTraits>,int) noexcept' being compiled
2026-10-10T04:55:42.3140119Z           with
2026-10-10T04:55:42.3140420Z           [
2026-10-10T04:55:42.3140873Z               _Ty=YAML::jkj::dragonbox::policy::decimal_to_binary_rounding::nearest_to_even_t,
2026-10-10T04:55:42.3141888Z               FormatTraits=YAML::jkj::dragonbox::ieee754_binary_traits<YAML::jkj::dragonbox::ieee754_binary32,uint_least32_t,int>
2026-10-10T04:55:42.3142471Z           ]
2026-10-10T04:55:42.3142906Z           D:\a\xMind\xMind\xmind\Native\third_party\yaml-cpp\src\contrib\dragonbox.h(3353,69):
2026-10-10T04:55:42.3145387Z           see reference to function template instantiation 'YAML::jkj::dragonbox::decimal_fp<unsigned int,YAML::jkj::dragonbox::detail::impl<YAML::jkj::dragonbox::ieee754_binary_traits<YAML::jkj::dragonbox::ieee754_binary32,uint_least32_t,int>>::compute_nearest::decimal_exponent_type_,false,false> YAML::jkj::dragonbox::policy::trailing_zero::remove_t::on_trailing_zeros<YAML::jkj::dragonbox::ieee754_binary32,unsigned int,YAML::jkj::dragonbox::detail::impl<YAML::jkj::dragonbox::ieee754_binary_traits<YAML::jkj::dragonbox::ieee754_binary32,uint_least32_t,int>>::compute_nearest::decimal_exponent_type_>(DecimalSignificand,DecimalExponentType) noexcept' being compiled
2026-10-10T04:55:42.3388506Z           with
2026-10-10T04:55:42.3391569Z           [
2026-10-10T04:55:42.3400687Z               DecimalSignificand=unsigned int,
2026-10-10T04:55:42.3482030Z               DecimalExponentType=YAML::jkj::dragonbox::detail::impl<YAML::jkj::dragonbox::ieee754_binary_traits<YAML::jkj::dragonbox::ieee754_binary32,uint_least32_t,int>>::compute_nearest::decimal_exponent_type_
2026-10-10T04:55:42.3495397Z           ]
2026-10-10T04:55:42.3505297Z           D:\a\xMind\xMind\xmind\Native\third_party\yaml-cpp\src\contrib\dragonbox.h(2379,51):
2026-10-10T04:55:42.3508880Z           see reference to class template instantiation 'YAML::jkj::dragonbox::remove_trailing_zeros_traits<YAML::jkj::dragonbox::policy::trailing_zero::remove_t,YAML::jkj::dragonbox::ieee754_binary32,unsigned int,YAML::jkj::dragonbox::detail::impl<YAML::jkj::dragonbox::ieee754_binary_traits<YAML::jkj::dragonbox::ieee754_binary32,uint_least32_t,int>>::compute_nearest::decimal_exponent_type_>' being compiled
2026-10-10T04:55:42.3510539Z           D:\a\xMind\xMind\xmind\Native\third_party\yaml-cpp\src\contrib\dragonbox.h(2946,13):
2026-10-10T04:55:42.3512718Z           while compiling class template member function 'void YAML::jkj::dragonbox::remove_trailing_zeros_traits<YAML::jkj::dragonbox::policy::trailing_zero::remove_t,YAML::jkj::dragonbox::ieee754_binary32,unsigned int,YAML::jkj::dragonbox::detail::impl<YAML::jkj::dragonbox::ieee754_binary_traits<YAML::jkj::dragonbox::ieee754_binary32,uint_least32_t,int>>::compute_nearest::decimal_exponent_type_>::remove_trailing_zeros(uint_least32_t &,DecimalExponentType &) noexcept'
2026-10-10T04:55:42.3515024Z           with
2026-10-10T04:55:42.3515388Z           [
2026-10-10T04:55:42.3521216Z               DecimalExponentType=YAML::jkj::dragonbox::detail::impl<YAML::jkj::dragonbox::ieee754_binary_traits<YAML::jkj::dragonbox::ieee754_binary32,uint_least32_t,int>>::compute_nearest::decimal_exponent_type_
2026-10-10T04:55:42.3698764Z           ]
2026-10-10T04:55:42.3943473Z               D:\a\xMind\xMind\xmind\Native\third_party\yaml-cpp\src\contrib\dragonbox.h(2379,72):
2026-10-10T04:55:42.3970015Z               see the first reference to 'YAML::jkj::dragonbox::remove_trailing_zeros_traits<YAML::jkj::dragonbox::policy::trailing_zero::remove_t,YAML::jkj::dragonbox::ieee754_binary32,unsigned int,YAML::jkj::dragonbox::detail::impl<YAML::jkj::dragonbox::ieee754_binary_traits<YAML::jkj::dragonbox::ieee754_binary32,uint_least32_t,int>>::compute_nearest::decimal_exponent_type_>::remove_trailing_zeros' in 'YAML::jkj::dragonbox::policy::trailing_zero::remove_t::on_trailing_zeros'
2026-10-10T04:55:42.4072372Z               D:\a\xMind\xMind\xmind\Native\third_party\yaml-cpp\src\contrib\dragonbox.h(3353,69):
2026-10-10T04:55:42.4249565Z               see the first reference to 'YAML::jkj::dragonbox::policy::trailing_zero::remove_t::on_trailing_zeros' in 'YAML::jkj::dragonbox::detail::impl<YAML::jkj::dragonbox::ieee754_binary_traits<YAML::jkj::dragonbox::ieee754_binary32,uint_least32_t,int>>::compute_nearest'
2026-10-10T04:55:42.4269928Z               D:\a\xMind\xMind\xmind\Native\third_party\yaml-cpp\src\contrib\dragonbox.h(4108,25):
2026-10-10T04:55:42.4291535Z               see the first reference to 'YAML::jkj::dragonbox::detail::impl<YAML::jkj::dragonbox::ieee754_binary_traits<YAML::jkj::dragonbox::ieee754_binary32,uint_least32_t,int>>::compute_nearest' in 'YAML::jkj::dragonbox::detail::to_decimal_dispatcher<FormatTraits,YAML::jkj::dragonbox::to_decimal_ex::policy_holder>::operator ()'
2026-10-10T04:55:42.4342762Z           with
2026-10-10T04:55:42.4343530Z           [
2026-10-10T04:55:42.4344177Z               FormatTraits=YAML::jkj::dragonbox::ieee754_binary_traits<YAML::jkj::dragonbox::ieee754_binary32,uint_least32_t,int>
2026-10-10T04:55:42.4344789Z           ]
2026-10-10T04:55:42.4345260Z               D:\a\xMind\xMind\xmind\Native\third_party\yaml-cpp\src\contrib\dragonbox.h(2483,25):
2026-10-10T04:55:42.4346516Z               see the first reference to 'YAML::jkj::dragonbox::detail::to_decimal_dispatcher<FormatTraits,YAML::jkj::dragonbox::to_decimal_ex::policy_holder>::operator ()' in 'YAML::jkj::dragonbox::policy::decimal_to_binary_rounding::nearest_to_even_t::delegate'
2026-10-10T04:55:42.4347558Z           with
2026-10-10T04:55:42.4347826Z           [
2026-10-10T04:55:42.4348390Z               FormatTraits=YAML::jkj::dragonbox::ieee754_binary_traits<YAML::jkj::dragonbox::ieee754_binary32,uint_least32_t,int>
2026-10-10T04:55:42.4348974Z           ]
2026-10-10T04:55:42.4473724Z               D:\a\xMind\xMind\xmind\Native\third_party\yaml-cpp\src\contrib\dragonbox.h(4146,35):
2026-10-10T04:55:42.4474996Z               see the first reference to 'YAML::jkj::dragonbox::policy::decimal_to_binary_rounding::nearest_to_even_t::delegate' in 'YAML::jkj::dragonbox::to_decimal_ex'
2026-10-10T04:55:42.4475948Z               D:\a\xMind\xMind\xmind\Native\third_party\yaml-cpp\src\contrib\dragonbox.h(4163,20):
2026-10-10T04:55:42.4476852Z               see the first reference to 'YAML::jkj::dragonbox::to_decimal_ex' in 'YAML::jkj::dragonbox::to_decimal'
2026-10-10T04:55:42.4689240Z               D:\a\xMind\xMind\xmind\Native\third_party\yaml-cpp\src\fptostring.cpp(93,28):
2026-10-10T04:55:42.5036720Z               see the first reference to 'YAML::jkj::dragonbox::to_decimal' in 'YAML::detail::fp_formatting::FpToString'
2026-10-10T04:55:42.5048250Z   
2026-10-10T04:55:42.5170306Z   memory.cpp
2026-10-10T04:55:42.5338087Z   node.cpp
2026-10-10T04:55:42.5340588Z   nodebuilder.cpp
2026-10-10T04:55:42.5341034Z   node_data.cpp
2026-10-10T04:55:42.5341331Z   nodeevents.cpp
2026-10-10T04:55:42.5341667Z   ostream_wrapper.cpp
2026-10-10T04:55:42.5341983Z   gemini_request.cpp
2026-10-10T04:55:42.5342276Z   null.cpp
2026-10-10T04:55:42.5342783Z   agentflow_mcp_wire.vcxproj -> D:\a\xMind\xMind\xmind\build\native\Release\agentflow_mcp_wire.lib
2026-10-10T04:55:42.5343366Z   parse.cpp
2026-10-10T04:55:42.5343641Z   parser.cpp
2026-10-10T04:55:42.5343915Z   regex_yaml.cpp
2026-10-10T04:55:42.5353007Z   scanner.cpp
2026-10-10T04:55:42.5391422Z   gemini_stream.cpp
2026-10-10T04:55:42.5391808Z   scanscalar.cpp
2026-10-10T04:55:42.5392113Z   simplekey.cpp
2026-10-10T04:55:42.5392402Z   scantag.cpp
2026-10-10T04:55:42.5392687Z   scantoken.cpp
2026-10-10T04:55:42.5393074Z   cycleclock.cc
2026-10-10T04:55:44.2735763Z   singledocparser.cpp
2026-10-10T04:55:44.2736776Z   stream.cpp
2026-10-10T04:55:44.2737188Z   tag.cpp
2026-10-10T04:55:44.4739581Z   yaml-cpp.vcxproj -> D:\a\xMind\xMind\xmind\build\native\third_party\yaml-cpp\Release\yaml-cpp.lib
2026-10-10T04:55:44.7952383Z   gemini_history.cpp
2026-10-10T04:55:45.2546138Z   spinlock.cc
2026-10-10T04:55:46.0666593Z   sysinfo.cc
2026-10-10T04:55:47.0065687Z   thread_identity.cc
2026-10-10T04:55:47.4412677Z   gemini_model_policy.cpp
2026-10-10T04:55:47.7450910Z   unscaledcycleclock.cc
2026-10-10T04:55:47.8502505Z   Generating Code...
2026-10-10T04:55:48.0862864Z   absl_base.vcxproj -> D:\a\xMind\xMind\xmind\build\native\third_party\abseil-cpp\absl\base\Release\absl_base.lib
2026-10-10T04:55:48.1382389Z   Building Custom Rule D:/a/xMind/xMind/xmind/Native/third_party/abseil-cpp/absl/log/CMakeLists.txt
2026-10-10T04:55:48.1433323Z   Building Custom Rule D:/a/xMind/xMind/xmind/Native/third_party/abseil-cpp/absl/base/CMakeLists.txt
2026-10-10T04:55:48.1497798Z   Building Custom Rule D:/a/xMind/xMind/xmind/Native/third_party/abseil-cpp/absl/base/CMakeLists.txt
2026-10-10T04:55:48.3661471Z   Building Custom Rule D:/a/xMind/xMind/xmind/Native/third_party/abseil-cpp/absl/base/CMakeLists.txt
2026-10-10T04:55:48.9318038Z   low_level_alloc.cc
2026-10-10T04:55:48.9329398Z   cpu_detect.cc
2026-10-10T04:55:48.9336475Z   tracing.cc
2026-10-10T04:55:48.9337704Z   deepseek_request.cpp
2026-10-10T04:55:48.9344901Z   absl_base_cpu_detect.vcxproj -> D:\a\xMind\xMind\xmind\build\native\third_party\abseil-cpp\absl\base\Release\absl_base_cpu_detect.lib
2026-10-10T04:55:48.9384473Z   conditions.cc
2026-10-10T04:55:49.0181640Z   absl_tracing_internal.vcxproj -> D:\a\xMind\xMind\xmind\build\native\third_party\abseil-cpp\absl\base\Release\absl_tracing_internal.lib
2026-10-10T04:55:49.0274503Z   Building Custom Rule D:/a/xMind/xMind/xmind/Native/third_party/abseil-cpp/absl/crc/CMakeLists.txt
2026-10-10T04:55:49.1311575Z   absl_log_internal_conditions.vcxproj -> D:\a\xMind\xMind\xmind\build\native\third_party\abseil-cpp\absl\log\Release\absl_log_internal_conditions.lib
2026-10-10T04:55:49.1514561Z   crc.cc
2026-10-10T04:55:49.2931641Z   Building Custom Rule D:/a/xMind/xMind/xmind/Native/third_party/abseil-cpp/absl/hash/CMakeLists.txt
2026-10-10T04:55:49.5390009Z   city.cc
2026-10-10T04:55:49.6765160Z   Building Custom Rule D:/a/xMind/xMind/xmind/Native/third_party/abseil-cpp/absl/debugging/CMakeLists.txt
2026-10-10T04:55:49.7031819Z   Building Custom Rule D:/a/xMind/xMind/xmind/Native/third_party/abseil-cpp/absl/numeric/CMakeLists.txt
2026-10-10T04:55:50.6894917Z   crc_x86_arm_combined.cc
2026-10-10T04:55:50.6896162Z   decode_rust_punycode.cc
2026-10-10T04:55:50.7407299Z   int128.cc
2026-10-10T04:55:50.7951346Z   absl_city.vcxproj -> D:\a\xMind\xMind\xmind\build\native\third_party\abseil-cpp\absl\hash\Release\absl_city.lib
2026-10-10T04:55:51.0519948Z   Generating Code...
2026-10-10T04:55:51.1246341Z   absl_decode_rust_punycode.vcxproj -> D:\a\xMind\xMind\xmind\build\native\third_party\abseil-cpp\absl\debugging\Release\absl_decode_rust_punycode.lib
2026-10-10T04:55:51.2367929Z   Building Custom Rule D:/a/xMind/xMind/xmind/Native/third_party/abseil-cpp/absl/strings/CMakeLists.txt
2026-10-10T04:55:51.2657251Z   absl_crc_internal.vcxproj -> D:\a\xMind\xMind\xmind\build\native\third_party\abseil-cpp\absl\crc\Release\absl_crc_internal.lib
2026-10-10T04:55:51.3465589Z   ostringstream.cc
2026-10-10T04:55:51.8596122Z   absl_malloc_internal.vcxproj -> D:\a\xMind\xMind\xmind\build\native\third_party\abseil-cpp\absl\base\Release\absl_malloc_internal.lib
2026-10-10T04:55:51.9799890Z   absl_int128.vcxproj -> D:\a\xMind\xMind\xmind\build\native\third_party\abseil-cpp\absl\numeric\Release\absl_int128.lib
2026-10-10T04:55:52.0277595Z   deepseek_model_policy.cpp
2026-10-10T04:55:52.0407770Z   utf8.cc
2026-10-10T04:55:52.1128400Z   Building Custom Rule D:/a/xMind/xMind/xmind/Native/third_party/abseil-cpp/absl/debugging/CMakeLists.txt
2026-10-10T04:55:52.1698892Z   escaping.cc
2026-10-10T04:55:52.2612856Z   Building Custom Rule D:/a/xMind/xMind/xmind/Native/third_party/abseil-cpp/absl/debugging/CMakeLists.txt
2026-10-10T04:55:52.3040078Z   Building Custom Rule D:/a/xMind/xMind/xmind/Native/third_party/abseil-cpp/absl/synchronization/CMakeLists.txt
2026-10-10T04:55:53.5572057Z   demangle_rust.cc
2026-10-10T04:55:53.5586619Z   Generating Code...
2026-10-10T04:55:53.5588169Z   absl_strings_internal.vcxproj -> D:\a\xMind\xMind\xmind\build\native\third_party\abseil-cpp\absl\strings\Release\absl_strings_internal.lib
2026-10-10T04:55:53.5589437Z   graphcycles.cc
2026-10-10T04:55:53.5590020Z   stacktrace.cc
2026-10-10T04:55:53.6441244Z   absl_demangle_rust.vcxproj -> D:\a\xMind\xMind\xmind\build\native\third_party\abseil-cpp\absl\debugging\Release\absl_demangle_rust.lib
2026-10-10T04:55:53.7148459Z   provider_model_policy.cpp
2026-10-10T04:55:53.7404102Z   Building Custom Rule D:/a/xMind/xMind/xmind/Native/third_party/abseil-cpp/absl/strings/CMakeLists.txt
2026-10-10T04:55:53.7405174Z   absl_stacktrace.vcxproj -> D:\a\xMind\xMind\xmind\build\native\third_party\abseil-cpp\absl\debugging\Release\absl_stacktrace.lib
2026-10-10T04:55:53.9024982Z   Building Custom Rule D:/a/xMind/xMind/xmind/Native/third_party/abseil-cpp/absl/debugging/CMakeLists.txt
2026-10-10T04:55:53.9166983Z   ascii.cc
2026-10-10T04:55:54.5150403Z   demangle.cc
2026-10-10T04:55:54.6371711Z   absl_graphcycles_internal.vcxproj -> D:\a\xMind\xMind\xmind\build\native\third_party\abseil-cpp\absl\synchronization\Release\absl_graphcycles_internal.lib
2026-10-10T04:55:54.6506691Z   charconv.cc
2026-10-10T04:55:55.5487100Z   Generating Code...
2026-10-10T04:55:55.5578513Z   absl_demangle_internal.vcxproj -> D:\a\xMind\xMind\xmind\build\native\third_party\abseil-cpp\absl\debugging\Release\absl_demangle_internal.lib
2026-10-10T04:55:55.9278419Z   escaping.cc
2026-10-10T04:55:57.6158918Z   charconv_bigint.cc
2026-10-10T04:56:00.0547650Z   charconv_parse.cc
2026-10-10T04:56:00.0571140Z   damerau_levenshtein_distance.cc
2026-10-10T04:56:00.1843651Z   memutil.cc
2026-10-10T04:56:00.6808110Z   stringify_sink.cc
2026-10-10T04:56:02.8542330Z   match.cc
2026-10-10T04:56:02.8544059Z   numbers.cc
2026-10-10T04:56:04.3518845Z   str_cat.cc
2026-10-10T04:56:06.1419383Z   str_replace.cc
2026-10-10T04:56:06.1423260Z   str_split.cc
2026-10-10T04:56:08.2296569Z   substitute.cc
2026-10-10T04:56:08.5381503Z   Generating Code...
2026-10-10T04:56:10.7399078Z   absl_strings.vcxproj -> D:\a\xMind\xMind\xmind\build\native\third_party\abseil-cpp\absl\strings\Release\absl_strings.lib
2026-10-10T04:56:10.8653918Z   Building Custom Rule D:/a/xMind/xMind/xmind/Native/third_party/abseil-cpp/absl/log/CMakeLists.txt
2026-10-10T04:56:10.8691279Z   Building Custom Rule D:/a/xMind/xMind/xmind/Native/third_party/abseil-cpp/absl/debugging/CMakeLists.txt
2026-10-10T04:56:10.8886513Z   Building Custom Rule D:/a/xMind/xMind/xmind/Native/third_party/abseil-cpp/absl/time/CMakeLists.txt
2026-10-10T04:56:10.9404431Z   Building Custom Rule D:/a/xMind/xMind/xmind/Native/third_party/abseil-cpp/absl/strings/CMakeLists.txt
2026-10-10T04:56:10.9637004Z   Building Custom Rule D:/a/xMind/xMind/xmind/Native/third_party/abseil-cpp/absl/flags/CMakeLists.txt
2026-10-10T04:56:11.0427759Z   proto.cc
2026-10-10T04:56:11.0429117Z   arg.cc
2026-10-10T04:56:13.3411287Z   symbolize.cc
2026-10-10T04:56:13.3505346Z   bind.cc
2026-10-10T04:56:13.3570321Z   absl_symbolize.vcxproj -> D:\a\xMind\xMind\xmind\build\native\third_party\abseil-cpp\absl\debugging\Release\absl_symbolize.lib
2026-10-10T04:56:13.3687986Z   Building Custom Rule D:/a/xMind/xMind/xmind/Native/third_party/abseil-cpp/absl/hash/CMakeLists.txt
2026-10-10T04:56:13.6428694Z   civil_time.cc
2026-10-10T04:56:13.6944019Z   absl_log_internal_proto.vcxproj -> D:\a\xMind\xMind\xmind\build\native\third_party\abseil-cpp\absl\log\Release\absl_log_internal_proto.lib
2026-10-10T04:56:13.8517172Z   hash.cc
2026-10-10T04:56:16.2283571Z   Building Custom Rule D:/a/xMind/xMind/xmind/Native/third_party/abseil-cpp/absl/log/CMakeLists.txt
2026-10-10T04:56:18.4594458Z   extension.cc
2026-10-10T04:56:18.6939142Z   float_conversion.cc
2026-10-10T04:56:18.7783025Z   structured_proto.cc
2026-10-10T04:56:18.7848823Z   output.cc
2026-10-10T04:56:18.7853389Z   absl_hash.vcxproj -> D:\a\xMind\xMind\xmind\build\native\third_party\abseil-cpp\absl\hash\Release\absl_hash.lib
2026-10-10T04:56:18.7902315Z   parser.cc
2026-10-10T04:56:18.7916137Z   Building Custom Rule D:/a/xMind/xMind/xmind/Native/third_party/abseil-cpp/absl/log/CMakeLists.txt
2026-10-10T04:56:18.7966031Z   absl_log_internal_structured_proto.vcxproj -> D:\a\xMind\xMind\xmind\build\native\third_party\abseil-cpp\absl\log\Release\absl_log_internal_structured_proto.lib
2026-10-10T04:56:18.9912517Z   fnmatch.cc
2026-10-10T04:56:21.3038596Z   commandlineflag.cc
2026-10-10T04:56:21.3206701Z   Building Custom Rule D:/a/xMind/xMind/xmind/Native/third_party/abseil-cpp/absl/debugging/CMakeLists.txt
2026-10-10T04:56:21.3717040Z   examine_stack.cc
2026-10-10T04:56:21.3777988Z   Generating Code...
2026-10-10T04:56:21.5425848Z   absl_str_format_internal.vcxproj -> D:\a\xMind\xMind\xmind\build\native\third_party\abseil-cpp\absl\strings\Release\absl_str_format_internal.lib
2026-10-10T04:56:21.5957735Z   absl_examine_stack.vcxproj -> D:\a\xMind\xMind\xmind\build\native\third_party\abseil-cpp\absl\debugging\Release\absl_examine_stack.lib
2026-10-10T04:56:21.6550241Z   Building Custom Rule D:/a/xMind/xMind/xmind/Native/third_party/abseil-cpp/absl/crc/CMakeLists.txt
2026-10-10T04:56:23.1211752Z   Building Custom Rule D:/a/xMind/xMind/xmind/Native/third_party/abseil-cpp/absl/flags/CMakeLists.txt
2026-10-10T04:56:23.5121635Z   marshalling.cc
2026-10-10T04:56:23.8335453Z   absl_log_internal_fnmatch.vcxproj -> D:\a\xMind\xMind\xmind\build\native\third_party\abseil-cpp\absl\log\Release\absl_log_internal_fnmatch.lib
2026-10-10T04:56:23.9341606Z   crc32c.cc
2026-10-10T04:56:24.1600227Z   absl_flags_commandlineflag.vcxproj -> D:\a\xMind\xMind\xmind\build\native\third_party\abseil-cpp\absl\flags\Release\absl_flags_commandlineflag.lib
2026-10-10T04:56:24.3624886Z   agentflow_models.vcxproj -> D:\a\xMind\xMind\xmind\build\native\Release\agentflow_models.lib
2026-10-10T04:56:24.4011037Z   clock.cc
2026-10-10T04:56:24.5431644Z   Building Custom Rule D:/a/xMind/xMind/xmind/Native/third_party/abseil-cpp/absl/flags/CMakeLists.txt
2026-10-10T04:56:24.5548088Z   Building Custom Rule D:/a/xMind/xMind/xmind/Native/CMakeLists.txt
2026-10-10T04:56:24.6957798Z   private_handle_accessor.cc
2026-10-10T04:56:25.2278051Z   backend_lease.cpp
2026-10-10T04:56:25.4248933Z   absl_flags_marshalling.vcxproj -> D:\a\xMind\xMind\xmind\build\native\third_party\abseil-cpp\absl\flags\Release\absl_flags_marshalling.lib
2026-10-10T04:56:25.6987212Z   crc_memcpy_fallback.cc
2026-10-10T04:56:25.7173002Z   absl_flags_private_handle_accessor.vcxproj -> D:\a\xMind\xMind\xmind\build\native\third_party\abseil-cpp\absl\flags\Release\absl_flags_private_handle_accessor.lib
2026-10-10T04:56:26.3542899Z D:\a\xMind\xMind\xmind\Native\src\backend_lease.cpp(21,72): warning C4996: 'std::filesystem::u8path': warning STL4021: The std::filesystem::u8path() overloads are deprecated in C++20. The constructors of std::filesystem::path provide equivalent functionality via construction from u8string, u8string_view, or iterators with value_type char8_t. You can define _SILENCE_CXX20_U8PATH_DEPRECATION_WARNING or _SILENCE_ALL_CXX20_DEPRECATION_WARNINGS to suppress this warning. [D:\a\xMind\xMind\xmind\build\native\agentflow_core.vcxproj]
2026-10-10T04:56:26.6189455Z   duration.cc
2026-10-10T04:56:26.7958163Z   crc_memcpy_x86_arm_combined.cc
2026-10-10T04:56:26.8340308Z   xlang_sqlite.cpp
2026-10-10T04:56:27.5397178Z C:\Program Files\Microsoft Visual Studio\18\Enterprise\VC\Tools\MSVC\14.51.36231\include\memory(3997,10): warning C4996: 'std::atomic_store_explicit': warning STL4029: std::atomic_*() overloads for shared_ptr are deprecated in C++20. The shared_ptr specialization of std::atomic provides superior functionality. You can define _SILENCE_CXX20_OLD_SHARED_PTR_ATOMIC_SUPPORT_DEPRECATION_WARNING or _SILENCE_ALL_CXX20_DEPRECATION_WARNINGS to suppress this warning. [D:\a\xMind\xMind\xmind\build\native\agentflow_core.vcxproj]
2026-10-10T04:56:27.5453825Z   (compiling source file '../../../../../../Native/src/xlang_sqlite.cpp')
2026-10-10T04:56:27.5454724Z       C:\Program Files\Microsoft Visual Studio\18\Enterprise\VC\Tools\MSVC\14.51.36231\include\memory(3997,10):
2026-10-10T04:56:27.5455466Z       the template instantiation context (the oldest one first) is
2026-10-10T04:56:27.5456014Z           D:\a\xMind\xMind\xlang3\sdk\xlang3\cpp\package.h(49,23):
2026-10-10T04:56:27.5457325Z           see reference to function template instantiation 'void std::atomic_store<X::detail::InstanceEvents>(std::shared_ptr<X::detail::InstanceEvents> *,std::shared_ptr<X::detail::InstanceEvents>)' being compiled
2026-10-10T04:56:27.5458243Z   
2026-10-10T04:56:27.7204792Z   repository.cpp
2026-10-10T04:56:27.7970993Z   crc_non_temporal_memcpy.cc
2026-10-10T04:56:28.3464297Z   format.cc
2026-10-10T04:56:28.7921161Z   Generating Code...
2026-10-10T04:56:28.9192493Z   absl_crc32c.vcxproj -> D:\a\xMind\xMind\xmind\build\native\third_party\abseil-cpp\absl\crc\Release\absl_crc32c.lib
2026-10-10T04:56:29.0233710Z   Building Custom Rule D:/a/xMind/xMind/xmind/Native/third_party/abseil-cpp/absl/crc/CMakeLists.txt
2026-10-10T04:56:29.1422583Z   crc_cord_state.cc
2026-10-10T04:56:29.7115470Z   time.cc
2026-10-10T04:56:30.4612452Z   absl_crc_cord_state.vcxproj -> D:\a\xMind\xMind\xmind\build\native\third_party\abseil-cpp\absl\crc\Release\absl_crc_cord_state.lib
2026-10-10T04:56:30.6504253Z   Building Custom Rule D:/a/xMind/xMind/xmind/Native/third_party/abseil-cpp/absl/strings/CMakeLists.txt
2026-10-10T04:56:30.8211545Z D:\a\xMind\xMind\xmind\Native\src\repository.cpp(2038,176): warning C4457: declaration of 'owner' hides function parameter [D:\a\xMind\xMind\xmind\build\native\agentflow_core.vcxproj]
2026-10-10T04:56:30.8241553Z       D:\a\xMind\xMind\xmind\Native\src\repository.cpp(2025,65):
2026-10-10T04:56:30.8242129Z       see declaration of 'owner'
2026-10-10T04:56:30.8242564Z   
2026-10-10T04:56:30.8320780Z   cord_internal.cc
2026-10-10T04:56:31.0744256Z   Generating Code...
2026-10-10T04:56:32.2948244Z   absl_time.vcxproj -> D:\a\xMind\xMind\xmind\build\native\third_party\abseil-cpp\absl\time\Release\absl_time.lib
2026-10-10T04:56:32.3730793Z   Building Custom Rule D:/a/xMind/xMind/xmind/Native/third_party/abseil-cpp/absl/log/CMakeLists.txt
2026-10-10T04:56:32.3972638Z   Building Custom Rule D:/a/xMind/xMind/xmind/Native/third_party/abseil-cpp/absl/synchronization/CMakeLists.txt
2026-10-10T04:56:32.4722256Z   globals.cc
2026-10-10T04:56:34.1032584Z   kernel_timeout.cc
2026-10-10T04:56:34.1130403Z   cord_rep_btree.cc
2026-10-10T04:56:34.1292858Z   legacy_owner.cpp
2026-10-10T04:56:34.1444921Z   Building Custom Rule D:/a/xMind/xMind/xmind/Native/third_party/abseil-cpp/absl/log/CMakeLists.txt
2026-10-10T04:56:34.2487822Z   absl_log_internal_globals.vcxproj -> D:\a\xMind\xMind\xmind\build\native\third_party\abseil-cpp\absl\log\Release\absl_log_internal_globals.lib
2026-10-10T04:56:34.3425933Z   log_entry.cc
2026-10-10T04:56:34.4812165Z   absl_kernel_timeout_internal.vcxproj -> D:\a\xMind\xMind\xmind\build\native\third_party\abseil-cpp\absl\synchronization\Release\absl_kernel_timeout_internal.lib
2026-10-10T04:56:34.4814384Z   Building Custom Rule D:/a/xMind/xMind/xmind/Native/third_party/abseil-cpp/absl/log/CMakeLists.txt
2026-10-10T04:56:34.7590375Z   log_format.cc
2026-10-10T04:56:35.2664179Z   cord_rep_btree_navigator.cc
2026-10-10T04:56:35.4578931Z   Building Custom Rule D:/a/xMind/xMind/xmind/Native/third_party/abseil-cpp/absl/synchronization/CMakeLists.txt
2026-10-10T04:56:36.3979481Z   persistence_service.cpp
2026-10-10T04:56:36.5011047Z   barrier.cc
2026-10-10T04:56:36.5356533Z   absl_log_entry.vcxproj -> D:\a\xMind\xMind\xmind\build\native\third_party\abseil-cpp\absl\log\Release\absl_log_entry.lib
2026-10-10T04:56:37.0341202Z   Building Custom Rule D:/a/xMind/xMind/xmind/Native/third_party/abseil-cpp/absl/log/CMakeLists.txt
2026-10-10T04:56:37.2052347Z   cord_rep_btree_reader.cc
2026-10-10T04:56:37.3836349Z   log_sink.cc
2026-10-10T04:56:38.1439990Z   absl_log_internal_format.vcxproj -> D:\a\xMind\xMind\xmind\build\native\third_party\abseil-cpp\absl\log\Release\absl_log_internal_format.lib
2026-10-10T04:56:38.4378627Z   blocking_counter.cc
2026-10-10T04:56:39.1349324Z   absl_log_sink.vcxproj -> D:\a\xMind\xMind\xmind\build\native\third_party\abseil-cpp\absl\log\Release\absl_log_sink.lib
2026-10-10T04:56:39.1585633Z   cord_rep_crc.cc
2026-10-10T04:56:39.9710962Z   create_thread_identity.cc
2026-10-10T04:56:40.9713761Z   graph.cpp
2026-10-10T04:56:41.0625185Z   cord_rep_consume.cc
2026-10-10T04:56:41.3358758Z   futex_waiter.cc
2026-10-10T04:56:42.5554245Z   per_thread_sem.cc
2026-10-10T04:56:42.9028423Z   Generating Code...
2026-10-10T04:56:43.5025726Z   absl_cord_internal.vcxproj -> D:\a\xMind\xMind\xmind\build\native\third_party\abseil-cpp\absl\strings\Release\absl_cord_internal.lib
2026-10-10T04:56:44.0200441Z   dynamic_plan.cpp
2026-10-10T04:56:44.1361464Z   pthread_waiter.cc
2026-10-10T04:56:44.1401539Z   sem_waiter.cc
2026-10-10T04:56:44.1492286Z   stdcpp_waiter.cc
2026-10-10T04:56:45.2419710Z   waiter_base.cc
2026-10-10T04:56:46.3303119Z   win32_waiter.cc
2026-10-10T04:56:46.5325736Z   context_digest.cpp
2026-10-10T04:56:46.9566384Z   context_selection.cpp
2026-10-10T04:56:47.5042100Z   notification.cc
2026-10-10T04:56:47.5058662Z   Generating Code...
2026-10-10T04:56:59.3772356Z   mutex.cc
2026-10-10T04:57:10.6539918Z   Generating Code...
2026-10-10T04:57:11.6218539Z   agentflow_core.vcxproj -> D:\a\xMind\xMind\xmind\build\native\Release\agentflow_core.lib
2026-10-10T04:57:11.6656416Z   Building Custom Rule D:/a/xMind/xMind/xmind/Native/CMakeLists.txt
2026-10-10T04:57:11.6684987Z   absl_synchronization.vcxproj -> D:\a\xMind\xMind\xmind\build\native\third_party\abseil-cpp\absl\synchronization\Release\absl_synchronization.lib
2026-10-10T04:57:11.7184456Z   Building Custom Rule D:/a/xMind/xMind/xmind/Native/third_party/abseil-cpp/absl/log/CMakeLists.txt
2026-10-10T04:57:11.7245889Z   Building Custom Rule D:/a/xMind/xMind/xmind/Native/third_party/abseil-cpp/absl/strings/CMakeLists.txt
2026-10-10T04:57:11.7947300Z   vlog_config.cc
2026-10-10T04:57:11.7947952Z   cordz_handle.cc
2026-10-10T04:57:11.8003686Z   Building Custom Rule D:/a/xMind/xMind/xmind/Native/third_party/abseil-cpp/absl/container/CMakeLists.txt
2026-10-10T04:57:11.8958848Z   hashtablez_sampler.cc
2026-10-10T04:57:11.9969192Z   Building Custom Rule D:/a/xMind/xMind/xmind/Native/third_party/abseil-cpp/absl/flags/CMakeLists.txt
2026-10-10T04:57:12.2868563Z   program_name.cc
2026-10-10T04:57:13.7227096Z   permission_waiter.cpp
2026-10-10T04:57:13.7696465Z   hashtablez_sampler_force_weak_definition.cc
2026-10-10T04:57:13.8418270Z   absl_cordz_handle.vcxproj -> D:\a\xMind\xMind\xmind\build\native\third_party\abseil-cpp\absl\strings\Release\absl_cordz_handle.lib
2026-10-10T04:57:14.1068557Z   Building Custom Rule D:/a/xMind/xMind/xmind/Native/third_party/abseil-cpp/absl/strings/CMakeLists.txt
2026-10-10T04:57:14.5038792Z   absl_flags_program_name.vcxproj -> D:\a\xMind\xMind\xmind\build\native\third_party\abseil-cpp\absl\flags\Release\absl_flags_program_name.lib
2026-10-10T04:57:14.9995274Z   cordz_info.cc
2026-10-10T04:57:14.9996717Z   Building Custom Rule D:/a/xMind/xMind/xmind/Native/third_party/abseil-cpp/absl/flags/CMakeLists.txt
2026-10-10T04:57:15.0257401Z   agentflow_policy.vcxproj -> D:\a\xMind\xMind\xmind\build\native\Release\agentflow_policy.lib
2026-10-10T04:57:15.2512305Z   usage_config.cc
2026-10-10T04:57:15.6327553Z   Generating Code...
2026-10-10T04:57:15.7163087Z   absl_hashtablez_sampler.vcxproj -> D:\a\xMind\xMind\xmind\build\native\third_party\abseil-cpp\absl\container\Release\absl_hashtablez_sampler.lib
2026-10-10T04:57:15.9029681Z   absl_vlog_config_internal.vcxproj -> D:\a\xMind\xMind\xmind\build\native\third_party\abseil-cpp\absl\log\Release\absl_vlog_config_internal.lib
2026-10-10T04:57:15.9524181Z   Building Custom Rule D:/a/xMind/xMind/xmind/Native/third_party/abseil-cpp/absl/log/CMakeLists.txt
2026-10-10T04:57:16.0229307Z   globals.cc
2026-10-10T04:57:17.1036197Z   absl_flags_config.vcxproj -> D:\a\xMind\xMind\xmind\build\native\third_party\abseil-cpp\absl\flags\Release\absl_flags_config.lib
2026-10-10T04:57:17.2915976Z   absl_cordz_info.vcxproj -> D:\a\xMind\xMind\xmind\build\native\third_party\abseil-cpp\absl\strings\Release\absl_cordz_info.lib
2026-10-10T04:57:17.3772606Z   Building Custom Rule D:/a/xMind/xMind/xmind/Native/third_party/abseil-cpp/absl/flags/CMakeLists.txt
2026-10-10T04:57:17.4562664Z   flag.cc
2026-10-10T04:57:17.4717408Z   Building Custom Rule D:/a/xMind/xMind/xmind/Native/third_party/abseil-cpp/absl/strings/CMakeLists.txt
2026-10-10T04:57:17.8827842Z   cord.cc
2026-10-10T04:57:18.0638190Z   absl_log_globals.vcxproj -> D:\a\xMind\xMind\xmind\build\native\third_party\abseil-cpp\absl\log\Release\absl_log_globals.lib
2026-10-10T04:57:18.1682119Z   Building Custom Rule D:/a/xMind/xMind/xmind/Native/third_party/abseil-cpp/absl/log/CMakeLists.txt
2026-10-10T04:57:18.2723194Z   log_sink_set.cc
2026-10-10T04:57:19.2724816Z   absl_flags_internal.vcxproj -> D:\a\xMind\xMind\xmind\build\native\third_party\abseil-cpp\absl\flags\Release\absl_flags_internal.lib
2026-10-10T04:57:19.9327475Z   cord_analysis.cc
2026-10-10T04:57:20.1339156Z   absl_log_internal_log_sink_set.vcxproj -> D:\a\xMind\xMind\xmind\build\native\third_party\abseil-cpp\absl\log\Release\absl_log_internal_log_sink_set.lib
2026-10-10T04:57:20.2240484Z   Building Custom Rule D:/a/xMind/xMind/xmind/Native/third_party/abseil-cpp/absl/log/CMakeLists.txt
2026-10-10T04:57:20.3105230Z   log_message.cc
2026-10-10T04:57:21.6047736Z   Generating Code...
2026-10-10T04:57:22.3925089Z   absl_log_internal_message.vcxproj -> D:\a\xMind\xMind\xmind\build\native\third_party\abseil-cpp\absl\log\Release\absl_log_internal_message.lib
2026-10-10T04:57:22.4429277Z   Building Custom Rule D:/a/xMind/xMind/xmind/Native/third_party/abseil-cpp/absl/log/CMakeLists.txt
2026-10-10T04:57:22.4806630Z   absl_cord.vcxproj -> D:\a\xMind\xMind\xmind\build\native\third_party\abseil-cpp\absl\strings\Release\absl_cord.lib
2026-10-10T04:57:22.5147661Z   check_op.cc
2026-10-10T04:57:22.5398801Z   Building Custom Rule D:/a/xMind/xMind/xmind/Native/third_party/abseil-cpp/absl/container/CMakeLists.txt
2026-10-10T04:57:22.6231464Z   raw_hash_set.cc
2026-10-10T04:57:24.0875034Z   absl_log_internal_check_op.vcxproj -> D:\a\xMind\xMind\xmind\build\native\third_party\abseil-cpp\absl\log\Release\absl_log_internal_check_op.lib
2026-10-10T04:57:24.7410993Z   absl_raw_hash_set.vcxproj -> D:\a\xMind\xMind\xmind\build\native\third_party\abseil-cpp\absl\container\Release\absl_raw_hash_set.lib
2026-10-10T04:57:24.8020223Z   Building Custom Rule D:/a/xMind/xMind/xmind/Native/third_party/abseil-cpp/absl/flags/CMakeLists.txt
2026-10-10T04:57:24.8756592Z   reflection.cc
2026-10-10T04:57:27.2312305Z   absl_flags_reflection.vcxproj -> D:\a\xMind\xMind\xmind\build\native\third_party\abseil-cpp\absl\flags\Release\absl_flags_reflection.lib
2026-10-10T04:57:27.2787130Z   Building Custom Rule D:/a/xMind/xMind/xmind/Native/third_party/re2/CMakeLists.txt
2026-10-10T04:57:27.3566201Z   bitmap256.cc
2026-10-10T04:57:28.6015501Z   bitstate.cc
2026-10-10T04:57:29.9491370Z   compile.cc
2026-10-10T04:57:31.7761108Z   dfa.cc
2026-10-10T04:57:33.6829102Z   filtered_re2.cc
2026-10-10T04:57:35.4066010Z   mimics_pcre.cc
2026-10-10T04:57:36.6856343Z   nfa.cc
2026-10-10T04:57:38.0699136Z   onepass.cc
2026-10-10T04:57:39.4610928Z   parse.cc
2026-10-10T04:57:40.7762039Z   perl_groups.cc
2026-10-10T04:57:40.7829868Z   prefilter.cc
2026-10-10T04:57:42.1468861Z   prefilter_tree.cc
2026-10-10T04:57:43.9337806Z   prog.cc
2026-10-10T04:57:45.3716976Z   re2.cc
2026-10-10T04:57:46.9184841Z   regexp.cc
2026-10-10T04:57:48.8232505Z   set.cc
2026-10-10T04:57:50.1693281Z   simplify.cc
2026-10-10T04:57:51.4632259Z   tostring.cc
2026-10-10T04:57:52.8652373Z   unicode_casefold.cc
2026-10-10T04:57:52.8737425Z   unicode_groups.cc
2026-10-10T04:57:52.8879387Z   Generating Code...
2026-10-10T04:57:57.6912772Z   Compiling...
2026-10-10T04:57:57.6913061Z   rune.cc
2026-10-10T04:57:57.7039932Z   strutil.cc
2026-10-10T04:57:57.9831588Z   Generating Code...
2026-10-10T04:57:58.1391576Z   re2.vcxproj -> D:\a\xMind\xMind\xmind\build\native\third_party\re2\Release\re2.lib
2026-10-10T04:57:58.1809757Z   Building Custom Rule D:/a/xMind/xMind/xmind/Native/CMakeLists.txt
2026-10-10T04:57:58.2578265Z   workspace_tools.cpp
2026-10-10T04:58:00.5409336Z   windows_workspace.cpp
2026-10-10T04:58:02.4392162Z   path_glob.cpp
2026-10-10T04:58:03.6622564Z   path_ignore.cpp
2026-10-10T04:58:04.8006359Z   search_pattern.cpp
2026-10-10T04:58:05.4137826Z   repository_instruction_context.cpp
2026-10-10T04:58:07.5327876Z   skill_context.cpp
2026-10-10T04:58:09.7683094Z   Generating Code...
2026-10-10T04:58:17.9160930Z   agentflow_workspace.vcxproj -> D:\a\xMind\xMind\xmind\build\native\Release\agentflow_workspace.lib
2026-10-10T04:58:17.9587120Z   Building Custom Rule D:/a/xMind/xMind/xmind/Native/CMakeLists.txt
2026-10-10T04:58:18.0322306Z   process_executor.cpp
2026-10-10T04:58:22.7838047Z   agentflow_process_effects.vcxproj -> D:\a\xMind\xMind\xmind\build\native\Release\agentflow_process_effects.lib
2026-10-10T04:58:22.8229816Z   Building Custom Rule D:/a/xMind/xMind/xmind/Native/CMakeLists.txt
2026-10-10T04:58:22.8941280Z   process_executor_contract.cpp
2026-10-10T04:58:28.5305935Z   agentflow_process_executor_contract.vcxproj -> D:\a\xMind\xMind\xmind\build\native\Release\agentflow_process_executor_contract.exe
2026-10-10T04:58:28.6720628Z MSBuild version 18.10.1-1.26427.6+3cd27c13e for .NET Framework
2026-10-10T04:58:28.6954061Z 
2026-10-10T04:58:28.8222527Z   Checking File Globs
2026-10-10T04:58:29.3662158Z   absl_flags_commandlineflag_internal.vcxproj -> D:\a\xMind\xMind\xmind\build\native\third_party\abseil-cpp\absl\flags\Release\absl_flags_commandlineflag_internal.lib
2026-10-10T04:58:29.3669823Z   absl_log_severity.vcxproj -> D:\a\xMind\xMind\xmind\build\native\third_party\abseil-cpp\absl\base\Release\absl_log_severity.lib
2026-10-10T04:58:29.3671221Z   absl_civil_time.vcxproj -> D:\a\xMind\xMind\xmind\build\native\third_party\abseil-cpp\absl\time\Release\absl_civil_time.lib
2026-10-10T04:58:29.3992899Z   absl_spinlock_wait.vcxproj -> D:\a\xMind\xMind\xmind\build\native\third_party\abseil-cpp\absl\base\Release\absl_spinlock_wait.lib
2026-10-10T04:58:29.4242123Z   absl_time_zone.vcxproj -> D:\a\xMind\xMind\xmind\build\native\third_party\abseil-cpp\absl\time\Release\absl_time_zone.lib
2026-10-10T04:58:29.4387292Z   absl_exponential_biased.vcxproj -> D:\a\xMind\xMind\xmind\build\native\third_party\abseil-cpp\absl\profiling\Release\absl_exponential_biased.lib
2026-10-10T04:58:29.4527337Z   absl_source_location.vcxproj -> D:\a\xMind\xMind\xmind\build\native\third_party\abseil-cpp\absl\types\Release\absl_source_location.lib
2026-10-10T04:58:29.4531176Z   absl_hardening.vcxproj -> D:\a\xMind\xMind\xmind\build\native\third_party\abseil-cpp\absl\base\Release\absl_hardening.lib
2026-10-10T04:58:29.4535712Z   absl_utf8_for_code_point.vcxproj -> D:\a\xMind\xMind\xmind\build\native\third_party\abseil-cpp\absl\debugging\Release\absl_utf8_for_code_point.lib
2026-10-10T04:58:29.5493938Z   absl_leak_check.vcxproj -> D:\a\xMind\xMind\xmind\build\native\third_party\abseil-cpp\absl\debugging\Release\absl_leak_check.lib
2026-10-10T04:58:29.6869020Z   absl_log_internal_nullguard.vcxproj -> D:\a\xMind\xMind\xmind\build\native\third_party\abseil-cpp\absl\log\Release\absl_log_internal_nullguard.lib
2026-10-10T04:58:29.7456678Z   absl_strerror.vcxproj -> D:\a\xMind\xMind\xmind\build\native\third_party\abseil-cpp\absl\base\Release\absl_strerror.lib
2026-10-10T04:58:29.8677396Z   agentflow_mcp_wire.vcxproj -> D:\a\xMind\xMind\xmind\build\native\Release\agentflow_mcp_wire.lib
2026-10-10T04:58:29.8678065Z   agentflow_models.vcxproj -> D:\a\xMind\xMind\xmind\build\native\Release\agentflow_models.lib
2026-10-10T04:58:29.8838684Z   agentflow_file_patch.vcxproj -> D:\a\xMind\xMind\xmind\build\native\Release\agentflow_file_patch.lib
2026-10-10T04:58:29.8929769Z   agentflow_secrets.vcxproj -> D:\a\xMind\xMind\xmind\build\native\Release\agentflow_secrets.lib
2026-10-10T04:58:29.9739486Z   Scanning sources for module dependencies...
2026-10-10T04:58:29.9816408Z   Building Custom Rule D:/a/xMind/xMind/xmind/Native/CMakeLists.txt
2026-10-10T04:58:30.0555429Z   yaml-cpp.vcxproj -> D:\a\xMind\xMind\xmind\build\native\third_party\yaml-cpp\Release\yaml-cpp.lib
2026-10-10T04:58:30.1219885Z   winhttp_stream_transport.cpp
2026-10-10T04:58:30.1567928Z   absl_raw_logging_internal.vcxproj -> D:\a\xMind\xMind\xmind\build\native\third_party\abseil-cpp\absl\base\Release\absl_raw_logging_internal.lib
2026-10-10T04:58:30.1659583Z   agentflow_process.vcxproj -> D:\a\xMind\xMind\xmind\build\native\Release\agentflow_process.lib
2026-10-10T04:58:30.1678628Z   Building Custom Rule D:/a/xMind/xMind/xmind/Native/CMakeLists.txt
2026-10-10T04:58:30.2494941Z   agentflow_core.vcxproj -> D:\a\xMind\xMind\xmind\build\native\Release\agentflow_core.lib
2026-10-10T04:58:30.2501799Z   windows_mcp_stdio.cpp
2026-10-10T04:58:30.4403505Z   Building Custom Rule D:/a/xMind/xMind/xmind/Native/CMakeLists.txt
2026-10-10T04:58:30.5269621Z   json_schema.cpp
2026-10-10T04:58:30.5839384Z   absl_throw_delegate.vcxproj -> D:\a\xMind\xMind\xmind\build\native\third_party\abseil-cpp\absl\base\Release\absl_throw_delegate.lib
2026-10-10T04:58:30.5998176Z   Building Custom Rule D:/a/xMind/xMind/xmind/Native/CMakeLists.txt
2026-10-10T04:58:31.7407586Z   owner_process.cpp
2026-10-10T04:58:31.8003097Z   absl_debugging_internal.vcxproj -> D:\a\xMind\xMind\xmind\build\native\third_party\abseil-cpp\absl\debugging\Release\absl_debugging_internal.lib
2026-10-10T04:58:31.9530950Z   agentflow_owner_process.vcxproj -> D:\a\xMind\xMind\xmind\build\native\Release\agentflow_owner_process.lib
2026-10-10T04:58:32.0297294Z   absl_base.vcxproj -> D:\a\xMind\xMind\xmind\build\native\third_party\abseil-cpp\absl\base\Release\absl_base.lib
2026-10-10T04:58:32.1653966Z   absl_log_internal_conditions.vcxproj -> D:\a\xMind\xMind\xmind\build\native\third_party\abseil-cpp\absl\log\Release\absl_log_internal_conditions.lib
2026-10-10T04:58:32.2443373Z   absl_city.vcxproj -> D:\a\xMind\xMind\xmind\build\native\third_party\abseil-cpp\absl\hash\Release\absl_city.lib
2026-10-10T04:58:32.2446881Z   absl_malloc_internal.vcxproj -> D:\a\xMind\xMind\xmind\build\native\third_party\abseil-cpp\absl\base\Release\absl_malloc_internal.lib
2026-10-10T04:58:32.2572606Z   absl_tracing_internal.vcxproj -> D:\a\xMind\xMind\xmind\build\native\third_party\abseil-cpp\absl\base\Release\absl_tracing_internal.lib
2026-10-10T04:58:32.3588095Z   absl_base_cpu_detect.vcxproj -> D:\a\xMind\xMind\xmind\build\native\third_party\abseil-cpp\absl\base\Release\absl_base_cpu_detect.lib
2026-10-10T04:58:32.4338885Z   absl_stacktrace.vcxproj -> D:\a\xMind\xMind\xmind\build\native\third_party\abseil-cpp\absl\debugging\Release\absl_stacktrace.lib
2026-10-10T04:58:32.6056728Z   absl_int128.vcxproj -> D:\a\xMind\xMind\xmind\build\native\third_party\abseil-cpp\absl\numeric\Release\absl_int128.lib
2026-10-10T04:58:32.6057926Z   absl_cordz_functions.vcxproj -> D:\a\xMind\xMind\xmind\build\native\third_party\abseil-cpp\absl\strings\Release\absl_cordz_functions.lib
2026-10-10T04:58:32.6228503Z   absl_decode_rust_punycode.vcxproj -> D:\a\xMind\xMind\xmind\build\native\third_party\abseil-cpp\absl\debugging\Release\absl_decode_rust_punycode.lib
2026-10-10T04:58:32.6503374Z   mcp_client.cpp
2026-10-10T04:58:32.7250830Z   absl_graphcycles_internal.vcxproj -> D:\a\xMind\xMind\xmind\build\native\third_party\abseil-cpp\absl\synchronization\Release\absl_graphcycles_internal.lib
2026-10-10T04:58:32.9231412Z   absl_demangle_rust.vcxproj -> D:\a\xMind\xMind\xmind\build\native\third_party\abseil-cpp\absl\debugging\Release\absl_demangle_rust.lib
2026-10-10T04:58:33.1871760Z   Building Custom Rule D:/a/xMind/xMind/xmind/Native/CMakeLists.txt
2026-10-10T04:58:33.2513501Z   Building Custom Rule D:/a/xMind/xMind/xmind/Native/CMakeLists.txt
2026-10-10T04:58:33.2515705Z   Building Custom Rule D:/a/xMind/xMind/xmind/Native/CMakeLists.txt
2026-10-10T04:58:33.3643918Z   Building Custom Rule D:/a/xMind/xMind/xmind/Native/CMakeLists.txt
2026-10-10T04:58:33.4247333Z   absl_crc_internal.vcxproj -> D:\a\xMind\xMind\xmind\build\native\third_party\abseil-cpp\absl\crc\Release\absl_crc_internal.lib
2026-10-10T04:58:38.1384151Z   Building Custom Rule D:/a/xMind/xMind/xmind/Native/CMakeLists.txt
2026-10-10T04:58:38.1396958Z   absl_demangle_internal.vcxproj -> D:\a\xMind\xMind\xmind\build\native\third_party\abseil-cpp\absl\debugging\Release\absl_demangle_internal.lib
2026-10-10T04:58:38.1403670Z   agentflow_provider_transport.vcxproj -> D:\a\xMind\xMind\xmind\build\native\Release\agentflow_provider_transport.lib
2026-10-10T04:58:38.1404796Z   Generating Code...
2026-10-10T04:58:38.1405646Z   graph_catalog.cpp
2026-10-10T04:58:50.7253984Z   agent_instructions.cpp
2026-10-10T04:58:50.7257367Z   agentflow_mcp_stdio.vcxproj -> D:\a\xMind\xMind\xmind\build\native\Release\agentflow_mcp_stdio.lib
2026-10-10T04:58:50.7262347Z   Building Custom Rule D:/a/xMind/xMind/xmind/Native/CMakeLists.txt
2026-10-10T04:58:50.7681278Z   agentflow_policy.vcxproj -> D:\a\xMind\xMind\xmind\build\native\Release\agentflow_policy.lib
2026-10-10T04:58:50.7916795Z   runtime_generation.cpp
2026-10-10T04:58:50.8243169Z   agentflow_instruction_configuration.vcxproj -> D:\a\xMind\xMind\xmind\build\native\Release\agentflow_instruction_configuration.lib
2026-10-10T04:58:50.8244009Z   agentflow_graph.vcxproj -> D:\a\xMind\xMind\xmind\build\native\Release\agentflow_graph.lib
2026-10-10T04:58:50.8873441Z   Building Custom Rule D:/a/xMind/xMind/xmind/Native/CMakeLists.txt
2026-10-10T04:58:50.8998985Z   a2a_task_control.cpp
2026-10-10T04:58:50.9604623Z   Building Custom Rule D:/a/xMind/xMind/xmind/Native/CMakeLists.txt
2026-10-10T04:58:50.9989942Z   chat_provider.cpp
2026-10-10T04:58:51.1417779Z   mcp_configuration.cpp
2026-10-10T04:58:51.3315570Z   Building Custom Rule D:/a/xMind/xMind/xmind/Native/CMakeLists.txt
2026-10-10T04:58:51.8565749Z   mcp_http_client.cpp
2026-10-10T04:58:51.9593929Z   legacy_owner_process.cpp
2026-10-10T04:58:54.3721517Z   gemini_provider.cpp
2026-10-10T04:58:54.7495282Z   mcp_oauth.cpp
2026-10-10T04:58:58.0727207Z   responses_context_transport.cpp
2026-10-10T04:58:58.3852337Z   mcp_oauth_authorization.cpp
2026-10-10T04:58:58.6711459Z   agentflow_mcp_configuration.vcxproj -> D:\a\xMind\xMind\xmind\build\native\Release\agentflow_mcp_configuration.lib
2026-10-10T04:58:59.6481719Z   Generating Code...
2026-10-10T04:59:02.9280219Z   Generating Code...
2026-10-10T04:59:03.0717004Z   agentflow_json_schema.vcxproj -> D:\a\xMind\xMind\xmind\build\native\Release\agentflow_json_schema.lib
2026-10-10T04:59:07.4428924Z   agentflow_mcp_http.vcxproj -> D:\a\xMind\xMind\xmind\build\native\Release\agentflow_mcp_http.lib
2026-10-10T04:59:07.5898588Z   absl_strings_internal.vcxproj -> D:\a\xMind\xMind\xmind\build\native\third_party\abseil-cpp\absl\strings\Release\absl_strings_internal.lib
2026-10-10T04:59:07.9170086Z   view_sessions.cpp
2026-10-10T04:59:08.0778000Z   agentflow_chat_provider.vcxproj -> D:\a\xMind\xMind\xmind\build\native\Release\agentflow_chat_provider.lib
2026-10-10T04:59:10.8573537Z   agentflow_runtime_generation.vcxproj -> D:\a\xMind\xMind\xmind\build\native\Release\agentflow_runtime_generation.lib
2026-10-10T04:59:11.0021566Z   Building Custom Rule D:/a/xMind/xMind/xmind/Native/CMakeLists.txt
2026-10-10T04:59:11.0194100Z   Building Custom Rule D:/a/xMind/xMind/xmind/Native/CMakeLists.txt
2026-10-10T04:59:11.0961224Z   agentflow_legacy_owner_process.vcxproj -> D:\a\xMind\xMind\xmind\build\native\Release\agentflow_legacy_owner_process.lib
2026-10-10T04:59:11.3674374Z   schema_worker_main.cpp
2026-10-10T04:59:11.4961225Z   mcp_client_factory.cpp
2026-10-10T04:59:11.7841899Z   absl_strings.vcxproj -> D:\a\xMind\xMind\xmind\build\native\third_party\abseil-cpp\absl\strings\Release\absl_strings.lib
2026-10-10T04:59:12.4839373Z   absl_log_internal_proto.vcxproj -> D:\a\xMind\xMind\xmind\build\native\third_party\abseil-cpp\absl\log\Release\absl_log_internal_proto.lib
2026-10-10T04:59:12.5197375Z   absl_str_format_internal.vcxproj -> D:\a\xMind\xMind\xmind\build\native\third_party\abseil-cpp\absl\strings\Release\absl_str_format_internal.lib
2026-10-10T04:59:12.5753416Z   absl_log_internal_fnmatch.vcxproj -> D:\a\xMind\xMind\xmind\build\native\third_party\abseil-cpp\absl\log\Release\absl_log_internal_fnmatch.lib
2026-10-10T04:59:12.5756489Z   absl_symbolize.vcxproj -> D:\a\xMind\xMind\xmind\build\native\third_party\abseil-cpp\absl\debugging\Release\absl_symbolize.lib
2026-10-10T04:59:12.7002644Z   absl_hash.vcxproj -> D:\a\xMind\xMind\xmind\build\native\third_party\abseil-cpp\absl\hash\Release\absl_hash.lib
2026-10-10T04:59:13.1789680Z   absl_flags_marshalling.vcxproj -> D:\a\xMind\xMind\xmind\build\native\third_party\abseil-cpp\absl\flags\Release\absl_flags_marshalling.lib
2026-10-10T04:59:13.3808865Z   absl_log_internal_structured_proto.vcxproj -> D:\a\xMind\xMind\xmind\build\native\third_party\abseil-cpp\absl\log\Release\absl_log_internal_structured_proto.lib
2026-10-10T04:59:13.4209657Z   absl_examine_stack.vcxproj -> D:\a\xMind\xMind\xmind\build\native\third_party\abseil-cpp\absl\debugging\Release\absl_examine_stack.lib
2026-10-10T04:59:13.8862849Z   absl_crc32c.vcxproj -> D:\a\xMind\xMind\xmind\build\native\third_party\abseil-cpp\absl\crc\Release\absl_crc32c.lib
2026-10-10T04:59:13.9200765Z   absl_time.vcxproj -> D:\a\xMind\xMind\xmind\build\native\third_party\abseil-cpp\absl\time\Release\absl_time.lib
2026-10-10T04:59:14.0695622Z   absl_log_entry.vcxproj -> D:\a\xMind\xMind\xmind\build\native\third_party\abseil-cpp\absl\log\Release\absl_log_entry.lib
2026-10-10T04:59:14.0706353Z   absl_log_internal_globals.vcxproj -> D:\a\xMind\xMind\xmind\build\native\third_party\abseil-cpp\absl\log\Release\absl_log_internal_globals.lib
2026-10-10T04:59:14.1254176Z   agentflow_mcp_client_factory.vcxproj -> D:\a\xMind\xMind\xmind\build\native\Release\agentflow_mcp_client_factory.lib
2026-10-10T04:59:14.1756251Z   absl_log_sink.vcxproj -> D:\a\xMind\xMind\xmind\build\native\third_party\abseil-cpp\absl\log\Release\absl_log_sink.lib
2026-10-10T04:59:14.1757673Z   absl_kernel_timeout_internal.vcxproj -> D:\a\xMind\xMind\xmind\build\native\third_party\abseil-cpp\absl\synchronization\Release\absl_kernel_timeout_internal.lib
2026-10-10T04:59:15.4790176Z   absl_log_internal_format.vcxproj -> D:\a\xMind\xMind\xmind\build\native\third_party\abseil-cpp\absl\log\Release\absl_log_internal_format.lib
2026-10-10T04:59:15.9736306Z   absl_crc_cord_state.vcxproj -> D:\a\xMind\xMind\xmind\build\native\third_party\abseil-cpp\absl\crc\Release\absl_crc_cord_state.lib
2026-10-10T04:59:16.0940957Z   xmind_schema_worker.vcxproj -> D:\a\xMind\xMind\xmind\build\native\Release\xmind_schema_worker.exe
2026-10-10T04:59:16.2429965Z   absl_cord_internal.vcxproj -> D:\a\xMind\xMind\xmind\build\native\third_party\abseil-cpp\absl\strings\Release\absl_cord_internal.lib
2026-10-10T04:59:16.2834633Z   absl_synchronization.vcxproj -> D:\a\xMind\xMind\xmind\build\native\third_party\abseil-cpp\absl\synchronization\Release\absl_synchronization.lib
2026-10-10T04:59:17.1435900Z   absl_flags_commandlineflag.vcxproj -> D:\a\xMind\xMind\xmind\build\native\third_party\abseil-cpp\absl\flags\Release\absl_flags_commandlineflag.lib
2026-10-10T04:59:17.4853056Z   agentflow_view_sessions.vcxproj -> D:\a\xMind\xMind\xmind\build\native\Release\agentflow_view_sessions.lib
2026-10-10T04:59:17.5659403Z   absl_flags_program_name.vcxproj -> D:\a\xMind\xMind\xmind\build\native\third_party\abseil-cpp\absl\flags\Release\absl_flags_program_name.lib
2026-10-10T04:59:17.5750416Z   absl_hashtablez_sampler.vcxproj -> D:\a\xMind\xMind\xmind\build\native\third_party\abseil-cpp\absl\container\Release\absl_hashtablez_sampler.lib
2026-10-10T04:59:17.6027686Z   absl_vlog_config_internal.vcxproj -> D:\a\xMind\xMind\xmind\build\native\third_party\abseil-cpp\absl\log\Release\absl_vlog_config_internal.lib
2026-10-10T04:59:17.6817817Z   absl_cordz_handle.vcxproj -> D:\a\xMind\xMind\xmind\build\native\third_party\abseil-cpp\absl\strings\Release\absl_cordz_handle.lib
2026-10-10T04:59:17.7851508Z   absl_log_globals.vcxproj -> D:\a\xMind\xMind\xmind\build\native\third_party\abseil-cpp\absl\log\Release\absl_log_globals.lib
2026-10-10T04:59:17.7893714Z   absl_flags_config.vcxproj -> D:\a\xMind\xMind\xmind\build\native\third_party\abseil-cpp\absl\flags\Release\absl_flags_config.lib
2026-10-10T04:59:17.8103911Z   absl_cordz_info.vcxproj -> D:\a\xMind\xMind\xmind\build\native\third_party\abseil-cpp\absl\strings\Release\absl_cordz_info.lib
2026-10-10T04:59:17.8461158Z   absl_flags_private_handle_accessor.vcxproj -> D:\a\xMind\xMind\xmind\build\native\third_party\abseil-cpp\absl\flags\Release\absl_flags_private_handle_accessor.lib
2026-10-10T04:59:17.8662676Z   absl_log_internal_log_sink_set.vcxproj -> D:\a\xMind\xMind\xmind\build\native\third_party\abseil-cpp\absl\log\Release\absl_log_internal_log_sink_set.lib
2026-10-10T04:59:17.8845599Z   Building Custom Rule D:/a/xMind/xMind/xmind/Native/CMakeLists.txt
2026-10-10T04:59:17.9679476Z   schema_worker.cpp
2026-10-10T04:59:17.9680167Z   absl_flags_internal.vcxproj -> D:\a\xMind\xMind\xmind\build\native\third_party\abseil-cpp\absl\flags\Release\absl_flags_internal.lib
2026-10-10T04:59:18.1362159Z   absl_log_internal_message.vcxproj -> D:\a\xMind\xMind\xmind\build\native\third_party\abseil-cpp\absl\log\Release\absl_log_internal_message.lib
2026-10-10T04:59:18.2361300Z   absl_cord.vcxproj -> D:\a\xMind\xMind\xmind\build\native\third_party\abseil-cpp\absl\strings\Release\absl_cord.lib
2026-10-10T04:59:18.4631421Z   absl_log_internal_check_op.vcxproj -> D:\a\xMind\xMind\xmind\build\native\third_party\abseil-cpp\absl\log\Release\absl_log_internal_check_op.lib
2026-10-10T04:59:18.9378665Z   absl_raw_hash_set.vcxproj -> D:\a\xMind\xMind\xmind\build\native\third_party\abseil-cpp\absl\container\Release\absl_raw_hash_set.lib
2026-10-10T04:59:19.4349782Z   absl_flags_reflection.vcxproj -> D:\a\xMind\xMind\xmind\build\native\third_party\abseil-cpp\absl\flags\Release\absl_flags_reflection.lib
2026-10-10T04:59:19.6539456Z   agentflow_a2a.vcxproj -> D:\a\xMind\xMind\xmind\build\native\Release\agentflow_a2a.lib
2026-10-10T04:59:19.7698798Z   re2.vcxproj -> D:\a\xMind\xMind\xmind\build\native\third_party\re2\Release\re2.lib
2026-10-10T04:59:19.9327398Z   agentflow_workspace.vcxproj -> D:\a\xMind\xMind\xmind\build\native\Release\agentflow_workspace.lib
2026-10-10T04:59:20.0630732Z   Building Custom Rule D:/a/xMind/xMind/xmind/Native/CMakeLists.txt
2026-10-10T04:59:20.0726635Z   Building Custom Rule D:/a/xMind/xMind/xmind/Native/CMakeLists.txt
2026-10-10T04:59:20.0958572Z   Building Custom Rule D:/a/xMind/xMind/xmind/Native/CMakeLists.txt
2026-10-10T04:59:20.2447841Z   agentflow_process_effects.vcxproj -> D:\a\xMind\xMind\xmind\build\native\Release\agentflow_process_effects.lib
2026-10-10T04:59:20.2471695Z   Building Custom Rule D:/a/xMind/xMind/xmind/Native/CMakeLists.txt
2026-10-10T04:59:20.2473883Z   edit_executor.cpp
2026-10-10T04:59:20.3097921Z   local_profile.cpp
2026-10-10T04:59:20.4255192Z   console_transport.cpp
2026-10-10T04:59:20.5607464Z   Building Custom Rule D:/a/xMind/xMind/xmind/Native/CMakeLists.txt
2026-10-10T04:59:23.1545865Z   process_configuration.cpp
2026-10-10T04:59:23.5907041Z   backend_owner_control.cpp
2026-10-10T04:59:24.6880503Z   create_executor.cpp
2026-10-10T04:59:26.1566001Z   agentflow_schema_worker.vcxproj -> D:\a\xMind\xMind\xmind\build\native\Release\agentflow_schema_worker.lib
2026-10-10T04:59:26.3917336Z   agentflow_backend_owner_control.vcxproj -> D:\a\xMind\xMind\xmind\build\native\Release\agentflow_backend_owner_control.lib
2026-10-10T04:59:30.6964455Z   Building Custom Rule D:/a/xMind/xMind/xmind/Native/CMakeLists.txt
2026-10-10T04:59:30.7296187Z   patch_file_executor.cpp
2026-10-10T04:59:31.1736089Z   mcp_tool_registry.cpp
2026-10-10T04:59:31.5036792Z   agentflow_console_transport.vcxproj -> D:\a\xMind\xMind\xmind\build\native\Release\agentflow_console_transport.lib
2026-10-10T04:59:31.5118826Z   Building Custom Rule D:/a/xMind/xMind/xmind/Native/CMakeLists.txt
2026-10-10T04:59:31.8948770Z   http_server.cpp
2026-10-10T04:59:33.1882949Z   patch_executor.cpp
2026-10-10T04:59:38.3216197Z   patch_tool.cpp
2026-10-10T04:59:58.5533308Z   Generating Code...
2026-10-10T04:59:58.6412624Z   agentflow_mcp_effects.vcxproj -> D:\a\xMind\xMind\xmind\build\native\Release\agentflow_mcp_effects.lib
2026-10-10T04:59:58.7778710Z   agentflow_edits.vcxproj -> D:\a\xMind\xMind\xmind\build\native\Release\agentflow_edits.lib
2026-10-10T04:59:59.3365652Z   agentflow_process_configuration.vcxproj -> D:\a\xMind\xMind\xmind\build\native\Release\agentflow_process_configuration.lib
2026-10-10T04:59:59.4243614Z   Building Custom Rule D:/a/xMind/xMind/xmind/Native/CMakeLists.txt
2026-10-10T04:59:59.6686888Z   agent_runner.cpp
2026-10-10T05:00:00.2089031Z   agentflow_http.vcxproj -> D:\a\xMind\xMind\xmind\build\native\Release\agentflow_http.lib
2026-10-10T05:00:05.3520102Z   agent_service.cpp
2026-10-10T05:00:06.7724295Z   agentflow_local_profile.vcxproj -> D:\a\xMind\xMind\xmind\build\native\Release\agentflow_local_profile.lib
2026-10-10T05:00:08.4606084Z   root_execution_budget.cpp
2026-10-10T05:00:10.1069326Z   delegation_executor.cpp
2026-10-10T05:00:12.6906831Z   agent_authority.cpp
2026-10-10T05:00:15.8045676Z   native_child_executor.cpp
2026-10-10T05:00:17.4897906Z   dynamic_plan_executor.cpp
2026-10-10T05:00:20.3027742Z   context_manager.cpp
2026-10-10T05:00:23.0008100Z   context_model_policy.cpp
2026-10-10T05:00:24.6712430Z   Generating Code...
2026-10-10T05:00:57.5183653Z   agentflow_agent.vcxproj -> D:\a\xMind\xMind\xmind\build\native\Release\agentflow_agent.lib
2026-10-10T05:00:57.5886117Z   Building Custom Rule D:/a/xMind/xMind/xmind/Native/CMakeLists.txt
2026-10-10T05:00:57.6862908Z   graph_runner.cpp
2026-10-10T05:01:00.8060762Z   graph_service.cpp
2026-10-10T05:01:03.4429144Z   Generating Code...
2026-10-10T05:01:16.7811502Z   agentflow_graph_execution.vcxproj -> D:\a\xMind\xMind\xmind\build\native\Release\agentflow_graph_execution.lib
2026-10-10T05:01:16.8367324Z   Building Custom Rule D:/a/xMind/xMind/xmind/Native/CMakeLists.txt
2026-10-10T05:01:16.9233227Z   provider_setup.cpp
2026-10-10T05:01:19.8893134Z   provider_profiles.cpp
2026-10-10T05:01:22.7221481Z   provider_profile_runtime.cpp
2026-10-10T05:01:25.8423261Z   provider_profile_legacy_setup.cpp
2026-10-10T05:01:27.7518195Z   provider_catalogue.cpp
2026-10-10T05:01:29.8335416Z   execution_platform.cpp
2026-10-10T05:01:31.6655349Z   provider_yaml_config.cpp
2026-10-10T05:01:33.4497434Z   Generating Code...
2026-10-10T05:01:42.7187835Z   agentflow_runtime.vcxproj -> D:\a\xMind\xMind\xmind\build\native\Release\agentflow_runtime.lib
2026-10-10T05:01:42.7801022Z   Building Custom Rule D:/a/xMind/xMind/xmind/Native/CMakeLists.txt
2026-10-10T05:01:42.9001125Z   xmind_main.cpp
2026-10-10T05:01:45.1879455Z   server_main.cpp
2026-10-10T05:01:47.5492275Z   cli_main.cpp
2026-10-10T05:01:52.1150324Z   schema_worker_main.cpp
2026-10-10T05:01:54.2765768Z   admin_main.cpp
2026-10-10T05:01:57.2893325Z   local_view_main.cpp
2026-10-10T05:02:01.3257717Z   Generating Code...
2026-10-10T05:02:20.2479469Z   xmind.vcxproj -> D:\a\xMind\xMind\xmind\build\native\Release\xmind.exe
2026-10-10T05:02:20.8771867Z Test project D:/a/xMind/xMind/xmind/build/native
2026-10-10T05:02:20.9043866Z     Start 91: native_local_view_contract
2026-10-10T05:02:48.4776569Z 1/1 Test #91: native_local_view_contract .......   Passed   27.57 sec
2026-10-10T05:02:48.4788977Z 
2026-10-10T05:02:48.4790197Z 100% tests passed, 0 tests failed out of 1
2026-10-10T05:02:48.4790598Z 
2026-10-10T05:02:48.4791036Z Total Test time (real) =  27.60 sec
2026-10-10T05:02:48.5986752Z MSBuild version 18.10.1-1.26427.6+3cd27c13e for .NET Framework
2026-10-10T05:02:48.6225458Z 
2026-10-10T05:02:48.7466420Z   Checking File Globs
2026-10-10T05:02:49.1486303Z   absl_hardening.vcxproj -> D:\a\xMind\xMind\xmind\build\native\third_party\abseil-cpp\absl\base\Release\absl_hardening.lib
2026-10-10T05:02:49.1787942Z   agentflow_secrets.vcxproj -> D:\a\xMind\xMind\xmind\build\native\Release\agentflow_secrets.lib
2026-10-10T05:02:49.1788877Z   absl_source_location.vcxproj -> D:\a\xMind\xMind\xmind\build\native\third_party\abseil-cpp\absl\types\Release\absl_source_location.lib
2026-10-10T05:02:49.1798808Z   agentflow_models.vcxproj -> D:\a\xMind\xMind\xmind\build\native\Release\agentflow_models.lib
2026-10-10T05:02:49.1800534Z   absl_log_severity.vcxproj -> D:\a\xMind\xMind\xmind\build\native\third_party\abseil-cpp\absl\base\Release\absl_log_severity.lib
2026-10-10T05:02:49.2049076Z   absl_spinlock_wait.vcxproj -> D:\a\xMind\xMind\xmind\build\native\third_party\abseil-cpp\absl\base\Release\absl_spinlock_wait.lib
2026-10-10T05:02:49.2231964Z   absl_civil_time.vcxproj -> D:\a\xMind\xMind\xmind\build\native\third_party\abseil-cpp\absl\time\Release\absl_civil_time.lib
2026-10-10T05:02:49.3031908Z   absl_utf8_for_code_point.vcxproj -> D:\a\xMind\xMind\xmind\build\native\third_party\abseil-cpp\absl\debugging\Release\absl_utf8_for_code_point.lib
2026-10-10T05:02:49.3628113Z   absl_time_zone.vcxproj -> D:\a\xMind\xMind\xmind\build\native\third_party\abseil-cpp\absl\time\Release\absl_time_zone.lib
2026-10-10T05:02:49.3859147Z   agentflow_mcp_wire.vcxproj -> D:\a\xMind\xMind\xmind\build\native\Release\agentflow_mcp_wire.lib
2026-10-10T05:02:49.4299958Z   absl_exponential_biased.vcxproj -> D:\a\xMind\xMind\xmind\build\native\third_party\abseil-cpp\absl\profiling\Release\absl_exponential_biased.lib
2026-10-10T05:02:49.5297346Z   absl_flags_commandlineflag_internal.vcxproj -> D:\a\xMind\xMind\xmind\build\native\third_party\abseil-cpp\absl\flags\Release\absl_flags_commandlineflag_internal.lib
2026-10-10T05:02:49.5982058Z   absl_leak_check.vcxproj -> D:\a\xMind\xMind\xmind\build\native\third_party\abseil-cpp\absl\debugging\Release\absl_leak_check.lib
2026-10-10T05:02:49.7254380Z   absl_raw_logging_internal.vcxproj -> D:\a\xMind\xMind\xmind\build\native\third_party\abseil-cpp\absl\base\Release\absl_raw_logging_internal.lib
2026-10-10T05:02:49.7968551Z   absl_log_internal_nullguard.vcxproj -> D:\a\xMind\xMind\xmind\build\native\third_party\abseil-cpp\absl\log\Release\absl_log_internal_nullguard.lib
2026-10-10T05:02:49.7987572Z   absl_debugging_internal.vcxproj -> D:\a\xMind\xMind\xmind\build\native\third_party\abseil-cpp\absl\debugging\Release\absl_debugging_internal.lib
2026-10-10T05:02:49.7995252Z   absl_throw_delegate.vcxproj -> D:\a\xMind\xMind\xmind\build\native\third_party\abseil-cpp\absl\base\Release\absl_throw_delegate.lib
2026-10-10T05:02:49.8368466Z   absl_base.vcxproj -> D:\a\xMind\xMind\xmind\build\native\third_party\abseil-cpp\absl\base\Release\absl_base.lib
2026-10-10T05:02:49.8786537Z   absl_strerror.vcxproj -> D:\a\xMind\xMind\xmind\build\native\third_party\abseil-cpp\absl\base\Release\absl_strerror.lib
2026-10-10T05:02:49.9382700Z   absl_log_internal_conditions.vcxproj -> D:\a\xMind\xMind\xmind\build\native\third_party\abseil-cpp\absl\log\Release\absl_log_internal_conditions.lib
2026-10-10T05:02:49.9386769Z   absl_int128.vcxproj -> D:\a\xMind\xMind\xmind\build\native\third_party\abseil-cpp\absl\numeric\Release\absl_int128.lib
2026-10-10T05:02:49.9399448Z   agentflow_provider_transport.vcxproj -> D:\a\xMind\xMind\xmind\build\native\Release\agentflow_provider_transport.lib
2026-10-10T05:02:49.9568988Z   absl_tracing_internal.vcxproj -> D:\a\xMind\xMind\xmind\build\native\third_party\abseil-cpp\absl\base\Release\absl_tracing_internal.lib
2026-10-10T05:02:49.9724533Z   absl_malloc_internal.vcxproj -> D:\a\xMind\xMind\xmind\build\native\third_party\abseil-cpp\absl\base\Release\absl_malloc_internal.lib
2026-10-10T05:02:49.9864974Z   absl_city.vcxproj -> D:\a\xMind\xMind\xmind\build\native\third_party\abseil-cpp\absl\hash\Release\absl_city.lib
2026-10-10T05:02:49.9867249Z   absl_base_cpu_detect.vcxproj -> D:\a\xMind\xMind\xmind\build\native\third_party\abseil-cpp\absl\base\Release\absl_base_cpu_detect.lib
2026-10-10T05:02:50.0076348Z   absl_graphcycles_internal.vcxproj -> D:\a\xMind\xMind\xmind\build\native\third_party\abseil-cpp\absl\synchronization\Release\absl_graphcycles_internal.lib
2026-10-10T05:02:50.0276236Z   absl_stacktrace.vcxproj -> D:\a\xMind\xMind\xmind\build\native\third_party\abseil-cpp\absl\debugging\Release\absl_stacktrace.lib
2026-10-10T05:02:50.0916302Z   agentflow_file_patch.vcxproj -> D:\a\xMind\xMind\xmind\build\native\Release\agentflow_file_patch.lib
2026-10-10T05:02:50.1239294Z   absl_strings_internal.vcxproj -> D:\a\xMind\xMind\xmind\build\native\third_party\abseil-cpp\absl\strings\Release\absl_strings_internal.lib
2026-10-10T05:02:50.1316682Z   absl_cordz_functions.vcxproj -> D:\a\xMind\xMind\xmind\build\native\third_party\abseil-cpp\absl\strings\Release\absl_cordz_functions.lib
2026-10-10T05:02:50.1550963Z   agentflow_core.vcxproj -> D:\a\xMind\xMind\xmind\build\native\Release\agentflow_core.lib
2026-10-10T05:02:50.1551589Z   Scanning sources for module dependencies...
2026-10-10T05:02:50.1843183Z   yaml-cpp.vcxproj -> D:\a\xMind\xMind\xmind\build\native\third_party\yaml-cpp\Release\yaml-cpp.lib
2026-10-10T05:02:50.2332830Z   agentflow_mcp_stdio.vcxproj -> D:\a\xMind\xMind\xmind\build\native\Release\agentflow_mcp_stdio.lib
2026-10-10T05:02:50.2790609Z   agentflow_process.vcxproj -> D:\a\xMind\xMind\xmind\build\native\Release\agentflow_process.lib
2026-10-10T05:02:50.3346700Z   agentflow_json_schema.vcxproj -> D:\a\xMind\xMind\xmind\build\native\Release\agentflow_json_schema.lib
2026-10-10T05:02:50.3720852Z   Building Custom Rule D:/a/xMind/xMind/xmind/Native/CMakeLists.txt
2026-10-10T05:02:50.3739835Z   Building Custom Rule D:/a/xMind/xMind/xmind/Native/CMakeLists.txt
2026-10-10T05:02:50.4025667Z   absl_decode_rust_punycode.vcxproj -> D:\a\xMind\xMind\xmind\build\native\third_party\abseil-cpp\absl\debugging\Release\absl_decode_rust_punycode.lib
2026-10-10T05:02:50.5005336Z   absl_crc_internal.vcxproj -> D:\a\xMind\xMind\xmind\build\native\third_party\abseil-cpp\absl\crc\Release\absl_crc_internal.lib
2026-10-10T05:02:50.5254315Z   anthropic_history_contract.cpp
2026-10-10T05:02:50.5962231Z   anthropic_request_contract.cpp
2026-10-10T05:02:50.6049954Z   agentflow_a2a.vcxproj -> D:\a\xMind\xMind\xmind\build\native\Release\agentflow_a2a.lib
2026-10-10T05:02:50.6071358Z   Building Custom Rule D:/a/xMind/xMind/xmind/Native/CMakeLists.txt
2026-10-10T05:02:50.6073137Z   agentflow_policy.vcxproj -> D:\a\xMind\xMind\xmind\build\native\Release\agentflow_policy.lib
2026-10-10T05:02:50.6807402Z   anthropic_stream_contract.cpp
2026-10-10T05:02:50.8112191Z   agentflow_owner_process.vcxproj -> D:\a\xMind\xMind\xmind\build\native\Release\agentflow_owner_process.lib
2026-10-10T05:02:50.8131880Z   absl_demangle_rust.vcxproj -> D:\a\xMind\xMind\xmind\build\native\third_party\abseil-cpp\absl\debugging\Release\absl_demangle_rust.lib
2026-10-10T05:02:50.9083141Z   agentflow_view_sessions.vcxproj -> D:\a\xMind\xMind\xmind\build\native\Release\agentflow_view_sessions.lib
2026-10-10T05:02:51.0436434Z   xmind_schema_worker.vcxproj -> D:\a\xMind\xMind\xmind\build\native\Release\xmind_schema_worker.exe
2026-10-10T05:02:51.0694062Z   agentflow_runtime_generation.vcxproj -> D:\a\xMind\xMind\xmind\build\native\Release\agentflow_runtime_generation.lib
2026-10-10T05:02:51.0857206Z   Building Custom Rule D:/a/xMind/xMind/xmind/Native/CMakeLists.txt
2026-10-10T05:02:51.3720004Z   backend_owner_contract.cpp
2026-10-10T05:02:53.2052153Z   Building Custom Rule D:/a/xMind/xMind/xmind/Native/CMakeLists.txt
2026-10-10T05:02:58.2825136Z   agentflow_graph.vcxproj -> D:\a\xMind\xMind\xmind\build\native\Release\agentflow_graph.lib
2026-10-10T05:02:58.3974630Z   agentflow_anthropic_request_contract.vcxproj -> D:\a\xMind\xMind\xmind\build\native\Release\agentflow_anthropic_request_contract.exe
2026-10-10T05:02:58.4223986Z   Building Custom Rule D:/a/xMind/xMind/xmind/Native/CMakeLists.txt
2026-10-10T05:02:58.4586411Z   context_repository_contract.cpp
2026-10-10T05:02:58.4726744Z   agentflow_anthropic_history_contract.vcxproj -> D:\a\xMind\xMind\xmind\build\native\Release\agentflow_anthropic_history_contract.exe
2026-10-10T05:02:59.4133813Z   context_selection_contract.cpp
2026-10-10T05:03:02.8871331Z   absl_strings.vcxproj -> D:\a\xMind\xMind\xmind\build\native\third_party\abseil-cpp\absl\strings\Release\absl_strings.lib
2026-10-10T05:03:02.9949313Z   agentflow_mcp_configuration.vcxproj -> D:\a\xMind\xMind\xmind\build\native\Release\agentflow_mcp_configuration.lib
2026-10-10T05:03:02.9964917Z   Building Custom Rule D:/a/xMind/xMind/xmind/Native/CMakeLists.txt
2026-10-10T05:03:03.0502038Z   agentflow_anthropic_stream_contract.vcxproj -> D:\a\xMind\xMind\xmind\build\native\Release\agentflow_anthropic_stream_contract.exe
2026-10-10T05:03:03.0792810Z   Building Custom Rule D:/a/xMind/xMind/xmind/Native/CMakeLists.txt
2026-10-10T05:03:03.1694111Z   absl_demangle_internal.vcxproj -> D:\a\xMind\xMind\xmind\build\native\third_party\abseil-cpp\absl\debugging\Release\absl_demangle_internal.lib
2026-10-10T05:03:03.1829793Z   credential_repository_contract.cpp
2026-10-10T05:03:03.2019428Z   agentflow_chat_provider.vcxproj -> D:\a\xMind\xMind\xmind\build\native\Release\agentflow_chat_provider.lib
2026-10-10T05:03:03.2523078Z   dynamic_plan_contract.cpp
2026-10-10T05:03:03.3441229Z   agentflow_context_selection_contract.vcxproj -> D:\a\xMind\xMind\xmind\build\native\Release\agentflow_context_selection_contract.exe
2026-10-10T05:03:03.5078203Z   Building Custom Rule D:/a/xMind/xMind/xmind/Native/CMakeLists.txt
2026-10-10T05:03:03.6042853Z   agentflow_mcp_http.vcxproj -> D:\a\xMind\xMind\xmind\build\native\Release\agentflow_mcp_http.lib
2026-10-10T05:03:03.7749418Z   agentflow_schema_worker.vcxproj -> D:\a\xMind\xMind\xmind\build\native\Release\agentflow_schema_worker.lib
2026-10-10T05:03:03.7928295Z   dynamic_plan_repository_contract.cpp
2026-10-10T05:03:04.8747635Z   agentflow_backend_owner_contract.vcxproj -> D:\a\xMind\xMind\xmind\build\native\Release\agentflow_backend_owner_contract.exe
2026-10-10T05:03:09.1129029Z   agentflow_credential_repository_contract.vcxproj -> D:\a\xMind\xMind\xmind\build\native\Release\agentflow_credential_repository_contract.exe
2026-10-10T05:03:09.2695552Z   absl_flags_commandlineflag.vcxproj -> D:\a\xMind\xMind\xmind\build\native\third_party\abseil-cpp\absl\flags\Release\absl_flags_commandlineflag.lib
2026-10-10T05:03:09.4176328Z   absl_log_internal_proto.vcxproj -> D:\a\xMind\xMind\xmind\build\native\third_party\abseil-cpp\absl\log\Release\absl_log_internal_proto.lib
2026-10-10T05:03:09.4522461Z   absl_log_internal_fnmatch.vcxproj -> D:\a\xMind\xMind\xmind\build\native\third_party\abseil-cpp\absl\log\Release\absl_log_internal_fnmatch.lib
2026-10-10T05:03:09.8957233Z   Building Custom Rule D:/a/xMind/xMind/xmind/Native/CMakeLists.txt
2026-10-10T05:03:10.0423684Z   absl_str_format_internal.vcxproj -> D:\a\xMind\xMind\xmind\build\native\third_party\abseil-cpp\absl\strings\Release\absl_str_format_internal.lib
2026-10-10T05:03:10.3498729Z   Building Custom Rule D:/a/xMind/xMind/xmind/Native/CMakeLists.txt
2026-10-10T05:03:10.3886604Z   agentflow_dynamic_plan_contract.vcxproj -> D:\a\xMind\xMind\xmind\build\native\Release\agentflow_dynamic_plan_contract.exe
2026-10-10T05:03:11.2822748Z   absl_flags_marshalling.vcxproj -> D:\a\xMind\xMind\xmind\build\native\third_party\abseil-cpp\absl\flags\Release\absl_flags_marshalling.lib
2026-10-10T05:03:11.3799278Z   absl_flags_private_handle_accessor.vcxproj -> D:\a\xMind\xMind\xmind\build\native\third_party\abseil-cpp\absl\flags\Release\absl_flags_private_handle_accessor.lib
2026-10-10T05:03:11.4038359Z   absl_crc32c.vcxproj -> D:\a\xMind\xMind\xmind\build\native\third_party\abseil-cpp\absl\crc\Release\absl_crc32c.lib
2026-10-10T05:03:11.4284704Z   Building Custom Rule D:/a/xMind/xMind/xmind/Native/CMakeLists.txt
2026-10-10T05:03:11.4751627Z   absl_log_internal_structured_proto.vcxproj -> D:\a\xMind\xMind\xmind\build\native\third_party\abseil-cpp\absl\log\Release\absl_log_internal_structured_proto.lib
2026-10-10T05:03:11.6681775Z   Building Custom Rule D:/a/xMind/xMind/xmind/Native/CMakeLists.txt
2026-10-10T05:03:11.7975007Z   Building Custom Rule D:/a/xMind/xMind/xmind/Native/CMakeLists.txt
2026-10-10T05:03:12.2111229Z   gemini_request_contract.cpp
2026-10-10T05:03:12.4101007Z   gemini_provider_contract.cpp
2026-10-10T05:03:12.8367949Z   gemini_history_contract.cpp
2026-10-10T05:03:13.0802397Z   gemini_stream_contract.cpp
2026-10-10T05:03:19.6843832Z   agentflow_gemini_request_contract.vcxproj -> D:\a\xMind\xMind\xmind\build\native\Release\agentflow_gemini_request_contract.exe
2026-10-10T05:03:19.7196209Z   agentflow_gemini_stream_contract.vcxproj -> D:\a\xMind\xMind\xmind\build\native\Release\agentflow_gemini_stream_contract.exe
2026-10-10T05:03:19.7476622Z   Building Custom Rule D:/a/xMind/xMind/xmind/Native/CMakeLists.txt
2026-10-10T05:03:20.6675340Z   Building Custom Rule D:/a/xMind/xMind/xmind/Native/CMakeLists.txt
2026-10-10T05:03:20.9200161Z   agentflow_gemini_provider_contract.vcxproj -> D:\a\xMind\xMind\xmind\build\native\Release\agentflow_gemini_provider_contract.exe
2026-10-10T05:03:20.9869792Z   anthropic_provider_contract.cpp
2026-10-10T05:03:21.0305189Z   absl_time.vcxproj -> D:\a\xMind\xMind\xmind\build\native\third_party\abseil-cpp\absl\time\Release\absl_time.lib
2026-10-10T05:03:21.0921956Z   absl_symbolize.vcxproj -> D:\a\xMind\xMind\xmind\build\native\third_party\abseil-cpp\absl\debugging\Release\absl_symbolize.lib
2026-10-10T05:03:21.1459942Z   graph_checkpoint_contract.cpp
2026-10-10T05:03:27.3366473Z   agentflow_graph_checkpoint_contract.vcxproj -> D:\a\xMind\xMind\xmind\build\native\Release\agentflow_graph_checkpoint_contract.exe
2026-10-10T05:03:31.5883809Z   Building Custom Rule D:/a/xMind/xMind/xmind/Native/CMakeLists.txt
2026-10-10T05:03:32.1003041Z   chat_provider_contract.cpp
2026-10-10T05:03:32.3602854Z   Building Custom Rule D:/a/xMind/xMind/xmind/Native/CMakeLists.txt
2026-10-10T05:03:33.0168218Z   agentflow_mcp_client_factory.vcxproj -> D:\a\xMind\xMind\xmind\build\native\Release\agentflow_mcp_client_factory.lib
2026-10-10T05:03:33.0635447Z   graph_contract.cpp
2026-10-10T05:03:33.4359997Z   agentflow_anthropic_provider_contract.vcxproj -> D:\a\xMind\xMind\xmind\build\native\Release\agentflow_anthropic_provider_contract.exe
2026-10-10T05:03:33.7255360Z   agentflow_gemini_history_contract.vcxproj -> D:\a\xMind\xMind\xmind\build\native\Release\agentflow_gemini_history_contract.exe
2026-10-10T05:03:33.7830842Z   absl_crc_cord_state.vcxproj -> D:\a\xMind\xMind\xmind\build\native\third_party\abseil-cpp\absl\crc\Release\absl_crc_cord_state.lib
2026-10-10T05:03:33.8554757Z   Building Custom Rule D:/a/xMind/xMind/xmind/Native/CMakeLists.txt
2026-10-10T05:03:33.9854259Z   http_stream_transport_contract.cpp
2026-10-10T05:03:34.1116825Z   Building Custom Rule D:/a/xMind/xMind/xmind/Native/CMakeLists.txt
2026-10-10T05:03:34.5387933Z   incoming_repository_contract.cpp
2026-10-10T05:03:34.6470410Z   absl_log_internal_globals.vcxproj -> D:\a\xMind\xMind\xmind\build\native\third_party\abseil-cpp\absl\log\Release\absl_log_internal_globals.lib
2026-10-10T05:03:34.8676486Z   absl_log_entry.vcxproj -> D:\a\xMind\xMind\xmind\build\native\third_party\abseil-cpp\absl\log\Release\absl_log_entry.lib
2026-10-10T05:03:35.1964146Z   absl_kernel_timeout_internal.vcxproj -> D:\a\xMind\xMind\xmind\build\native\third_party\abseil-cpp\absl\synchronization\Release\absl_kernel_timeout_internal.lib
2026-10-10T05:03:35.2501285Z   agentflow_context_repository_contract.vcxproj -> D:\a\xMind\xMind\xmind\build\native\Release\agentflow_context_repository_contract.exe
2026-10-10T05:03:35.2684011Z   agentflow_instruction_configuration.vcxproj -> D:\a\xMind\xMind\xmind\build\native\Release\agentflow_instruction_configuration.lib
2026-10-10T05:03:35.8013332Z   agentflow_chat_provider_contract.vcxproj -> D:\a\xMind\xMind\xmind\build\native\Release\agentflow_chat_provider_contract.exe
2026-10-10T05:03:39.1670490Z   Building Custom Rule D:/a/xMind/xMind/xmind/Native/CMakeLists.txt
2026-10-10T05:03:39.2185383Z   Building Custom Rule D:/a/xMind/xMind/xmind/Native/CMakeLists.txt
2026-10-10T05:03:39.2529259Z   json_schema_contract.cpp
2026-10-10T05:03:39.3726771Z   agentflow_dynamic_plan_repository_contract.vcxproj -> D:\a\xMind\xMind\xmind\build\native\Release\agentflow_dynamic_plan_repository_contract.exe
2026-10-10T05:03:39.3891495Z   agentflow_incoming_repository_contract.vcxproj -> D:\a\xMind\xMind\xmind\build\native\Release\agentflow_incoming_repository_contract.exe
2026-10-10T05:03:39.4114703Z   legacy_owner_contract.cpp
2026-10-10T05:03:39.6157864Z   absl_hash.vcxproj -> D:\a\xMind\xMind\xmind\build\native\third_party\abseil-cpp\absl\hash\Release\absl_hash.lib
2026-10-10T05:03:40.0959422Z   agentflow_legacy_owner_process.vcxproj -> D:\a\xMind\xMind\xmind\build\native\Release\agentflow_legacy_owner_process.lib
2026-10-10T05:03:40.2328769Z   file_patch_contract.cpp
2026-10-10T05:03:40.2613978Z   Building Custom Rule D:/a/xMind/xMind/xmind/Native/CMakeLists.txt
2026-10-10T05:03:40.2645683Z   absl_examine_stack.vcxproj -> D:\a\xMind\xMind\xmind\build\native\third_party\abseil-cpp\absl\debugging\Release\absl_examine_stack.lib
2026-10-10T05:03:40.2670282Z   Building Custom Rule D:/a/xMind/xMind/xmind/Native/CMakeLists.txt
2026-10-10T05:03:40.4204299Z   mcp_client_contract.cpp
2026-10-10T05:03:40.5444424Z   agentflow_http_stream_transport_contract.vcxproj -> D:\a\xMind\xMind\xmind\build\native\Release\agentflow_http_stream_transport_contract.exe
2026-10-10T05:03:40.6212452Z   instruction_configuration_contract.cpp
2026-10-10T05:03:40.6298471Z   Building Custom Rule D:/a/xMind/xMind/xmind/Native/CMakeLists.txt
2026-10-10T05:03:41.5083976Z   agentflow_graph_contract.vcxproj -> D:\a\xMind\xMind\xmind\build\native\Release\agentflow_graph_contract.exe
2026-10-10T05:03:41.8196635Z   mcp_handshake_contract.cpp
2026-10-10T05:03:41.8994598Z   agentflow_json_schema_contract.vcxproj -> D:\a\xMind\xMind\xmind\build\native\Release\agentflow_json_schema_contract.exe
2026-10-10T05:03:43.0656101Z   agentflow_file_patch_contract.vcxproj -> D:\a\xMind\xMind\xmind\build\native\Release\agentflow_file_patch_contract.exe
2026-10-10T05:03:43.1928565Z   Building Custom Rule D:/a/xMind/xMind/xmind/Native/CMakeLists.txt
2026-10-10T05:03:43.5380904Z   absl_synchronization.vcxproj -> D:\a\xMind\xMind\xmind\build\native\third_party\abseil-cpp\absl\synchronization\Release\absl_synchronization.lib
2026-10-10T05:03:43.8185391Z   mcp_stdio_contract.cpp
2026-10-10T05:03:45.6696823Z   Building Custom Rule D:/a/xMind/xMind/xmind/Native/CMakeLists.txt
2026-10-10T05:03:45.7369554Z   agentflow_legacy_owner_contract.vcxproj -> D:\a\xMind\xMind\xmind\build\native\Release\agentflow_legacy_owner_contract.exe
2026-10-10T05:03:45.8379202Z   mcp_wire_contract.cpp
2026-10-10T05:03:46.0984186Z   absl_log_sink.vcxproj -> D:\a\xMind\xMind\xmind\build\native\third_party\abseil-cpp\absl\log\Release\absl_log_sink.lib
2026-10-10T05:03:46.1265480Z   Building Custom Rule D:/a/xMind/xMind/xmind/Native/CMakeLists.txt
2026-10-10T05:03:46.1476750Z   agentflow_mcp_handshake_contract.vcxproj -> D:\a\xMind\xMind\xmind\build\native\Release\agentflow_mcp_handshake_contract.exe
2026-10-10T05:03:46.6125578Z   agentflow_instruction_configuration_contract.vcxproj -> D:\a\xMind\xMind\xmind\build\native\Release\agentflow_instruction_configuration_contract.exe
2026-10-10T05:03:50.4960874Z   absl_log_internal_format.vcxproj -> D:\a\xMind\xMind\xmind\build\native\third_party\abseil-cpp\absl\log\Release\absl_log_internal_format.lib
2026-10-10T05:03:50.5774408Z   Building Custom Rule D:/a/xMind/xMind/xmind/Native/CMakeLists.txt
2026-10-10T05:03:50.5775227Z   model_request_contract.cpp
2026-10-10T05:03:50.6631386Z   model_stream_contract.cpp
2026-10-10T05:03:50.9493080Z   agentflow_mcp_client_contract.vcxproj -> D:\a\xMind\xMind\xmind\build\native\Release\agentflow_mcp_client_contract.exe
2026-10-10T05:03:51.1933815Z   agentflow_mcp_wire_contract.vcxproj -> D:\a\xMind\xMind\xmind\build\native\Release\agentflow_mcp_wire_contract.exe
2026-10-10T05:03:51.6132250Z   Building Custom Rule D:/a/xMind/xMind/xmind/Native/CMakeLists.txt
2026-10-10T05:03:51.6559194Z   Building Custom Rule D:/a/xMind/xMind/xmind/Native/CMakeLists.txt
2026-10-10T05:03:52.3938898Z   mcp_configuration_contract.cpp
2026-10-10T05:03:52.5814856Z   owner_process_contract.cpp
2026-10-10T05:03:53.2926542Z   agentflow_owner_process_contract.vcxproj -> D:\a\xMind\xMind\xmind\build\native\Release\agentflow_owner_process_contract.exe
2026-10-10T05:03:55.0772296Z   Building Custom Rule D:/a/xMind/xMind/xmind/Native/CMakeLists.txt
2026-10-10T05:03:55.3664734Z   absl_flags_program_name.vcxproj -> D:\a\xMind\xMind\xmind\build\native\third_party\abseil-cpp\absl\flags\Release\absl_flags_program_name.lib
2026-10-10T05:03:55.4987604Z   operation_repository_contract.cpp
2026-10-10T05:03:56.5075755Z   agentflow_model_stream_contract.vcxproj -> D:\a\xMind\xMind\xmind\build\native\Release\agentflow_model_stream_contract.exe
2026-10-10T05:03:56.8047682Z   absl_hashtablez_sampler.vcxproj -> D:\a\xMind\xMind\xmind\build\native\third_party\abseil-cpp\absl\container\Release\absl_hashtablez_sampler.lib
2026-10-10T05:03:56.8172328Z   absl_cordz_handle.vcxproj -> D:\a\xMind\xMind\xmind\build\native\third_party\abseil-cpp\absl\strings\Release\absl_cordz_handle.lib
2026-10-10T05:03:57.1043254Z   agentflow_mcp_stdio_contract.vcxproj -> D:\a\xMind\xMind\xmind\build\native\Release\agentflow_mcp_stdio_contract.exe
2026-10-10T05:03:57.2236821Z   absl_cord_internal.vcxproj -> D:\a\xMind\xMind\xmind\build\native\third_party\abseil-cpp\absl\strings\Release\absl_cord_internal.lib
2026-10-10T05:03:57.3759465Z   absl_flags_config.vcxproj -> D:\a\xMind\xMind\xmind\build\native\third_party\abseil-cpp\absl\flags\Release\absl_flags_config.lib
2026-10-10T05:03:57.5055557Z   Building Custom Rule D:/a/xMind/xMind/xmind/Native/CMakeLists.txt
2026-10-10T05:03:57.5069726Z   absl_vlog_config_internal.vcxproj -> D:\a\xMind\xMind\xmind\build\native\third_party\abseil-cpp\absl\log\Release\absl_vlog_config_internal.lib
2026-10-10T05:03:57.5074052Z   Building Custom Rule D:/a/xMind/xMind/xmind/Native/CMakeLists.txt
2026-10-10T05:03:57.5714506Z   persistence_service_contract.cpp
2026-10-10T05:03:57.8968197Z   Building Custom Rule D:/a/xMind/xMind/xmind/Native/CMakeLists.txt
2026-10-10T05:03:58.0892696Z   process_contract.cpp
2026-10-10T05:03:58.1359732Z   agentflow_mcp_configuration_contract.vcxproj -> D:\a\xMind\xMind\xmind\build\native\Release\agentflow_mcp_configuration_contract.exe
2026-10-10T05:03:58.6299006Z   absl_cordz_info.vcxproj -> D:\a\xMind\xMind\xmind\build\native\third_party\abseil-cpp\absl\strings\Release\absl_cordz_info.lib
2026-10-10T05:03:58.8029784Z   absl_log_globals.vcxproj -> D:\a\xMind\xMind\xmind\build\native\third_party\abseil-cpp\absl\log\Release\absl_log_globals.lib
2026-10-10T05:03:59.0414286Z   absl_flags_internal.vcxproj -> D:\a\xMind\xMind\xmind\build\native\third_party\abseil-cpp\absl\flags\Release\absl_flags_internal.lib
2026-10-10T05:03:59.6329645Z   Building Custom Rule D:/a/xMind/xMind/xmind/Native/CMakeLists.txt
2026-10-10T05:03:59.8579683Z   permission_waiter_contract.cpp
2026-10-10T05:04:00.0442512Z   repository_contract.cpp
2026-10-10T05:04:05.9651419Z   agentflow_process_contract.vcxproj -> D:\a\xMind\xMind\xmind\build\native\Release\agentflow_process_contract.exe
2026-10-10T05:04:06.0512628Z   agentflow_model_request_contract.vcxproj -> D:\a\xMind\xMind\xmind\build\native\Release\agentflow_model_request_contract.exe
2026-10-10T05:04:06.1297584Z   Building Custom Rule D:/a/xMind/xMind/xmind/Native/CMakeLists.txt
2026-10-10T05:04:06.2023385Z   agentflow_persistence_service_contract.vcxproj -> D:\a\xMind\xMind\xmind\build\native\Release\agentflow_persistence_service_contract.exe
2026-10-10T05:04:06.2086451Z   responses_context_contract.cpp
2026-10-10T05:04:06.2478394Z   Building Custom Rule D:/a/xMind/xMind/xmind/Native/CMakeLists.txt
2026-10-10T05:04:06.3076080Z   Building Custom Rule D:/a/xMind/xMind/xmind/Native/CMakeLists.txt
2026-10-10T05:04:06.4201472Z   schema_budget_fixture.cpp
2026-10-10T05:04:06.7731289Z   responses_contract.cpp
2026-10-10T05:04:06.7767769Z   agentflow_repository_contract.vcxproj -> D:\a\xMind\xMind\xmind\build\native\Release\agentflow_repository_contract.exe
2026-10-10T05:04:12.3598487Z   agentflow_schema_budget_fixture.vcxproj -> D:\a\xMind\xMind\xmind\build\native\Release\agentflow_schema_budget_fixture.exe
2026-10-10T05:04:12.4088828Z   Building Custom Rule D:/a/xMind/xMind/xmind/Native/CMakeLists.txt
2026-10-10T05:04:12.4707638Z   absl_cord.vcxproj -> D:\a\xMind\xMind\xmind\build\native\third_party\abseil-cpp\absl\strings\Release\absl_cord.lib
2026-10-10T05:04:12.6056564Z   runtime_generation_contract.cpp
2026-10-10T05:04:13.2103845Z   agentflow_operation_repository_contract.vcxproj -> D:\a\xMind\xMind\xmind\build\native\Release\agentflow_operation_repository_contract.exe
2026-10-10T05:04:13.3162414Z   absl_raw_hash_set.vcxproj -> D:\a\xMind\xMind\xmind\build\native\third_party\abseil-cpp\absl\container\Release\absl_raw_hash_set.lib
2026-10-10T05:04:13.3167786Z   Building Custom Rule D:/a/xMind/xMind/xmind/Native/CMakeLists.txt
2026-10-10T05:04:13.4662289Z   secret_protection_contract.cpp
2026-10-10T05:04:14.0161648Z   Building Custom Rule D:/a/xMind/xMind/xmind/Native/CMakeLists.txt
2026-10-10T05:04:14.1774966Z   Building Custom Rule D:/a/xMind/xMind/xmind/Native/CMakeLists.txt
2026-10-10T05:04:14.4573913Z   skill_state_contract.cpp
2026-10-10T05:04:14.5137975Z   agentflow_responses_context_contract.vcxproj -> D:\a\xMind\xMind\xmind\build\native\Release\agentflow_responses_context_contract.exe
2026-10-10T05:04:14.6939225Z   Building Custom Rule D:/a/xMind/xMind/xmind/Native/CMakeLists.txt
2026-10-10T05:04:14.8265090Z   agentflow_secret_contract.vcxproj -> D:\a\xMind\xMind\xmind\build\native\Release\agentflow_secret_contract.exe
2026-10-10T05:04:14.9051138Z   task_list_repository_contract.cpp
2026-10-10T05:04:14.9399575Z   agentflow_permission_waiter_contract.vcxproj -> D:\a\xMind\xMind\xmind\build\native\Release\agentflow_permission_waiter_contract.exe
2026-10-10T05:04:16.9633412Z   schema_worker_contract.cpp
2026-10-10T05:04:17.1039062Z   Building Custom Rule D:/a/xMind/xMind/xmind/Native/CMakeLists.txt
2026-10-10T05:04:17.1725700Z   agentflow_runtime_generation_contract.vcxproj -> D:\a\xMind\xMind\xmind\build\native\Release\agentflow_runtime_generation_contract.exe
2026-10-10T05:04:21.7685718Z   agentflow_task_list_repository_contract.vcxproj -> D:\a\xMind\xMind\xmind\build\native\Release\agentflow_task_list_repository_contract.exe
2026-10-10T05:04:22.0724099Z   Building Custom Rule D:/a/xMind/xMind/xmind/Native/CMakeLists.txt
2026-10-10T05:04:22.1229889Z   xlang_sqlite_contract.cpp
2026-10-10T05:04:22.1732367Z   persistence_demo.cpp
2026-10-10T05:04:22.3851325Z   agentflow_skill_state_contract.vcxproj -> D:\a\xMind\xMind\xmind\build\native\Release\agentflow_skill_state_contract.exe
2026-10-10T05:04:22.6037902Z   absl_log_internal_log_sink_set.vcxproj -> D:\a\xMind\xMind\xmind\build\native\third_party\abseil-cpp\absl\log\Release\absl_log_internal_log_sink_set.lib
2026-10-10T05:04:22.8279770Z   agentflow_schema_worker_contract.vcxproj -> D:\a\xMind\xMind\xmind\build\native\Release\agentflow_schema_worker_contract.exe
2026-10-10T05:04:24.0694195Z   absl_flags_reflection.vcxproj -> D:\a\xMind\xMind\xmind\build\native\third_party\abseil-cpp\absl\flags\Release\absl_flags_reflection.lib
2026-10-10T05:04:24.4410531Z   absl_log_internal_message.vcxproj -> D:\a\xMind\xMind\xmind\build\native\third_party\abseil-cpp\absl\log\Release\absl_log_internal_message.lib
2026-10-10T05:04:24.8892561Z   absl_log_internal_check_op.vcxproj -> D:\a\xMind\xMind\xmind\build\native\third_party\abseil-cpp\absl\log\Release\absl_log_internal_check_op.lib
2026-10-10T05:04:25.2471855Z   xmind_persistence_demo.vcxproj -> D:\a\xMind\xMind\xmind\build\native\Release\xmind_persistence_demo.exe
2026-10-10T05:04:25.7044939Z   agentflow_xlang_sqlite_contract.vcxproj -> D:\a\xMind\xMind\xmind\build\native\Release\agentflow_xlang_sqlite_contract.exe
2026-10-10T05:04:26.4467665Z   re2.vcxproj -> D:\a\xMind\xMind\xmind\build\native\third_party\re2\Release\re2.lib
2026-10-10T05:04:26.6266199Z   agentflow_workspace.vcxproj -> D:\a\xMind\xMind\xmind\build\native\Release\agentflow_workspace.lib
2026-10-10T05:04:26.7917862Z   Building Custom Rule D:/a/xMind/xMind/xmind/Native/CMakeLists.txt
2026-10-10T05:04:26.8192646Z   agentflow_edits.vcxproj -> D:\a\xMind\xMind\xmind\build\native\Release\agentflow_edits.lib
2026-10-10T05:04:26.8194505Z   Building Custom Rule D:/a/xMind/xMind/xmind/Native/CMakeLists.txt
2026-10-10T05:04:26.8196953Z   agentflow_mcp_effects.vcxproj -> D:\a\xMind\xMind\xmind\build\native\Release\agentflow_mcp_effects.lib
2026-10-10T05:04:26.9304746Z   Building Custom Rule D:/a/xMind/xMind/xmind/Native/CMakeLists.txt
2026-10-10T05:04:26.9345388Z   skill_context_contract.cpp
2026-10-10T05:04:26.9357459Z   agentflow_backend_owner_control.vcxproj -> D:\a\xMind\xMind\xmind\build\native\Release\agentflow_backend_owner_control.lib
2026-10-10T05:04:26.9838375Z   agentflow_local_profile.vcxproj -> D:\a\xMind\xMind\xmind\build\native\Release\agentflow_local_profile.lib
2026-10-10T05:04:26.9923530Z   workspace_tools_contract.cpp
2026-10-10T05:04:27.0717437Z   agentflow_console_transport.vcxproj -> D:\a\xMind\xMind\xmind\build\native\Release\agentflow_console_transport.lib
2026-10-10T05:04:27.2346867Z   mcp_effect_contract.cpp
2026-10-10T05:04:27.3755037Z   agentflow_process_effects.vcxproj -> D:\a\xMind\xMind\xmind\build\native\Release\agentflow_process_effects.lib
2026-10-10T05:04:27.5605078Z   Building Custom Rule D:/a/xMind/xMind/xmind/Native/CMakeLists.txt
2026-10-10T05:04:27.5856077Z   Building Custom Rule D:/a/xMind/xMind/xmind/Native/CMakeLists.txt
2026-10-10T05:04:27.7184554Z   Building Custom Rule D:/a/xMind/xMind/xmind/Native/CMakeLists.txt
2026-10-10T05:04:27.8596282Z   agentflow_responses_contract.vcxproj -> D:\a\xMind\xMind\xmind\build\native\Release\agentflow_responses_contract.exe
2026-10-10T05:04:38.1167301Z   patch_file_executor_contract.cpp
2026-10-10T05:04:38.4498182Z   Building Custom Rule D:/a/xMind/xMind/xmind/Native/CMakeLists.txt
2026-10-10T05:04:38.6357843Z   edit_executor_contract.cpp
2026-10-10T05:04:39.1810330Z   patch_executor_contract.cpp
2026-10-10T05:04:39.3075745Z   agentflow_skill_context_contract.vcxproj -> D:\a\xMind\xMind\xmind\build\native\Release\agentflow_skill_context_contract.exe
2026-10-10T05:04:39.8470752Z   create_executor_contract.cpp
2026-10-10T05:04:39.9018277Z   agentflow_patch_file_executor_contract.vcxproj -> D:\a\xMind\xMind\xmind\build\native\Release\agentflow_patch_file_executor_contract.exe
2026-10-10T05:04:39.9223612Z   agentflow_edit_executor_contract.vcxproj -> D:\a\xMind\xMind\xmind\build\native\Release\agentflow_edit_executor_contract.exe
2026-10-10T05:04:40.0770196Z   Building Custom Rule D:/a/xMind/xMind/xmind/Native/CMakeLists.txt
2026-10-10T05:04:40.4010442Z   agentflow_mcp_effect_contract.vcxproj -> D:\a\xMind\xMind\xmind\build\native\Release\agentflow_mcp_effect_contract.exe
2026-10-10T05:04:40.4675928Z   agentflow_process_executor_contract.vcxproj -> D:\a\xMind\xMind\xmind\build\native\Release\agentflow_process_executor_contract.exe
2026-10-10T05:04:40.4908615Z   patch_tool_contract.cpp
2026-10-10T05:04:46.8212624Z   agentflow_process_configuration.vcxproj -> D:\a\xMind\xMind\xmind\build\native\Release\agentflow_process_configuration.lib
2026-10-10T05:04:47.3793427Z   agentflow_agent.vcxproj -> D:\a\xMind\xMind\xmind\build\native\Release\agentflow_agent.lib
2026-10-10T05:04:47.4279054Z   agentflow_patch_executor_contract.vcxproj -> D:\a\xMind\xMind\xmind\build\native\Release\agentflow_patch_executor_contract.exe
2026-10-10T05:04:48.6576654Z   Building Custom Rule D:/a/xMind/xMind/xmind/Native/CMakeLists.txt
2026-10-10T05:04:51.0924838Z   process_configuration_contract.cpp
2026-10-10T05:04:51.5449034Z   agentflow_http.vcxproj -> D:\a\xMind\xMind\xmind\build\native\Release\agentflow_http.lib
2026-10-10T05:04:51.9355729Z   Building Custom Rule D:/a/xMind/xMind/xmind/Native/CMakeLists.txt
2026-10-10T05:04:52.2004388Z   Building Custom Rule D:/a/xMind/xMind/xmind/Native/CMakeLists.txt
2026-10-10T05:04:52.6387848Z   Building Custom Rule D:/a/xMind/xMind/xmind/Native/CMakeLists.txt
2026-10-10T05:04:52.7759977Z   cli_main.cpp
2026-10-10T05:04:53.0799064Z   approved_edit_http_fixture.cpp
2026-10-10T05:04:53.1352839Z   planning_http_contract.cpp
2026-10-10T05:04:57.3194596Z   agentflow_create_executor_contract.vcxproj -> D:\a\xMind\xMind\xmind\build\native\Release\agentflow_create_executor_contract.exe
2026-10-10T05:04:57.4620869Z   Building Custom Rule D:/a/xMind/xMind/xmind/Native/CMakeLists.txt
2026-10-10T05:04:57.8723137Z   admin_main.cpp
2026-10-10T05:04:58.9409252Z   agentflow_approved_edit_http_fixture.vcxproj -> D:\a\xMind\xMind\xmind\build\native\Release\agentflow_approved_edit_http_fixture.exe
2026-10-10T05:05:04.5792266Z   Building Custom Rule D:/a/xMind/xMind/xmind/Native/CMakeLists.txt
2026-10-10T05:05:05.4608588Z   agentflow_workspace_tools_contract.vcxproj -> D:\a\xMind\xMind\xmind\build\native\Release\agentflow_workspace_tools_contract.exe
2026-10-10T05:05:05.4648576Z   Building Custom Rule D:/a/xMind/xMind/xmind/Native/CMakeLists.txt
2026-10-10T05:05:05.5427791Z   Building Custom Rule D:/a/xMind/xMind/xmind/Native/CMakeLists.txt
2026-10-10T05:05:05.6390518Z   Building Custom Rule D:/a/xMind/xMind/xmind/Native/CMakeLists.txt
2026-10-10T05:05:05.6395731Z   Building Custom Rule D:/a/xMind/xMind/xmind/Native/CMakeLists.txt
2026-10-10T05:05:05.8537232Z   Building Custom Rule D:/a/xMind/xMind/xmind/Native/CMakeLists.txt
2026-10-10T05:05:06.1962614Z   Building Custom Rule D:/a/xMind/xMind/xmind/Native/CMakeLists.txt
2026-10-10T05:05:06.5171905Z   xmind_admin.vcxproj -> D:\a\xMind\xMind\xmind\build\native\Release\xmind_admin.exe
2026-10-10T05:05:06.5417868Z   Building Custom Rule D:/a/xMind/xMind/xmind/Native/CMakeLists.txt
2026-10-10T05:05:07.0749378Z   anthropic_agent_contract.cpp
2026-10-10T05:05:16.6909627Z   native_child_executor_contract.cpp
2026-10-10T05:05:16.9375337Z   gemini_agent_contract.cpp
2026-10-10T05:05:17.0357098Z   agent_runner_contract.cpp
2026-10-10T05:05:17.1034883Z   agentflow_native_child_executor_contract.vcxproj -> D:\a\xMind\xMind\xmind\build\native\Release\agentflow_native_child_executor_contract.exe
2026-10-10T05:05:17.2540081Z   agentflow_patch_tool_contract.vcxproj -> D:\a\xMind\xMind\xmind\build\native\Release\agentflow_patch_tool_contract.exe
2026-10-10T05:05:17.6581778Z   agentflow_gemini_agent_contract.vcxproj -> D:\a\xMind\xMind\xmind\build\native\Release\agentflow_gemini_agent_contract.exe
2026-10-10T05:05:18.8274141Z   agent_authority_contract.cpp
2026-10-10T05:05:19.0167122Z   graph_children_contract.cpp
2026-10-10T05:05:19.0502247Z   agent_service_contract.cpp
2026-10-10T05:05:19.2550932Z   agentflow_agent_runner_contract.vcxproj -> D:\a\xMind\xMind\xmind\build\native\Release\agentflow_agent_runner_contract.exe
2026-10-10T05:05:19.3227388Z   native_delegation_contract.cpp
2026-10-10T05:05:24.3140394Z   agentflow_agent_authority_contract.vcxproj -> D:\a\xMind\xMind\xmind\build\native\Release\agentflow_agent_authority_contract.exe
2026-10-10T05:05:24.4536823Z   agentflow_agent_service_contract.vcxproj -> D:\a\xMind\xMind\xmind\build\native\Release\agentflow_agent_service_contract.exe
2026-10-10T05:05:24.5719887Z   agentflow_process_configuration_contract.vcxproj -> D:\a\xMind\xMind\xmind\build\native\Release\agentflow_process_configuration_contract.exe
2026-10-10T05:05:24.6353964Z   xmind_cli.vcxproj -> D:\a\xMind\xMind\xmind\build\native\Release\xmind_cli.exe
2026-10-10T05:05:24.7469745Z   Building Custom Rule D:/a/xMind/xMind/xmind/Native/CMakeLists.txt
2026-10-10T05:05:25.5190713Z   dynamic_plan_mcp_contract.cpp
2026-10-10T05:05:25.7196505Z   agentflow_anthropic_agent_contract.vcxproj -> D:\a\xMind\xMind\xmind\build\native\Release\agentflow_anthropic_agent_contract.exe
2026-10-10T05:05:25.7563329Z   agentflow_graph_children_contract.vcxproj -> D:\a\xMind\xMind\xmind\build\native\Release\agentflow_graph_children_contract.exe
2026-10-10T05:05:26.0091641Z   Building Custom Rule D:/a/xMind/xMind/xmind/Native/CMakeLists.txt
2026-10-10T05:05:27.2385458Z   dynamic_plan_engine_contract.cpp
2026-10-10T05:05:27.9668781Z   Building Custom Rule D:/a/xMind/xMind/xmind/Native/CMakeLists.txt
2026-10-10T05:05:29.3307352Z   deepseek_provider_contract.cpp
2026-10-10T05:05:30.3156988Z   Building Custom Rule D:/a/xMind/xMind/xmind/Native/CMakeLists.txt
2026-10-10T05:05:32.8853702Z   context_engine_contract.cpp
2026-10-10T05:05:46.3702569Z   agentflow_planning_http_contract.vcxproj -> D:\a\xMind\xMind\xmind\build\native\Release\agentflow_planning_http_contract.exe
2026-10-10T05:05:48.0118422Z   agentflow_deepseek_provider_contract.vcxproj -> D:\a\xMind\xMind\xmind\build\native\Release\agentflow_deepseek_provider_contract.exe
2026-10-10T05:05:49.0013817Z   agentflow_native_delegation_contract.vcxproj -> D:\a\xMind\xMind\xmind\build\native\Release\agentflow_native_delegation_contract.exe
2026-10-10T05:05:49.6696219Z   agentflow_context_engine_contract.vcxproj -> D:\a\xMind\xMind\xmind\build\native\Release\agentflow_context_engine_contract.exe
2026-10-10T05:05:50.3424432Z   agentflow_dynamic_plan_engine_contract.vcxproj -> D:\a\xMind\xMind\xmind\build\native\Release\agentflow_dynamic_plan_engine_contract.exe
2026-10-10T05:05:51.0206233Z   agentflow_dynamic_plan_mcp_contract.vcxproj -> D:\a\xMind\xMind\xmind\build\native\Release\agentflow_dynamic_plan_mcp_contract.exe
2026-10-10T05:05:51.1067595Z   Building Custom Rule D:/a/xMind/xMind/xmind/Native/CMakeLists.txt
2026-10-10T05:05:51.1767497Z   context_control_contract.cpp
2026-10-10T05:05:51.1911547Z   agentflow_graph_execution.vcxproj -> D:\a\xMind\xMind\xmind\build\native\Release\agentflow_graph_execution.lib
2026-10-10T05:05:51.2573471Z   Building Custom Rule D:/a/xMind/xMind/xmind/Native/CMakeLists.txt
2026-10-10T05:05:51.2601099Z   Building Custom Rule D:/a/xMind/xMind/xmind/Native/CMakeLists.txt
2026-10-10T05:05:51.2685972Z   Building Custom Rule D:/a/xMind/xMind/xmind/Native/CMakeLists.txt
2026-10-10T05:05:51.4134556Z   graph_mcp_contract.cpp
2026-10-10T05:05:51.5035105Z   agentflow_runtime.vcxproj -> D:\a\xMind\xMind\xmind\build\native\Release\agentflow_runtime.lib
2026-10-10T05:05:51.5293323Z   graph_runner_contract.cpp
2026-10-10T05:05:51.5398220Z   context_graph_engine_contract.cpp
2026-10-10T05:05:52.2925525Z   Building Custom Rule D:/a/xMind/xMind/xmind/Native/CMakeLists.txt
2026-10-10T05:05:52.5384637Z   Building Custom Rule D:/a/xMind/xMind/xmind/Native/CMakeLists.txt
2026-10-10T05:05:52.9868190Z   Building Custom Rule D:/a/xMind/xMind/xmind/Native/CMakeLists.txt
2026-10-10T05:05:53.1369956Z   Building Custom Rule D:/a/xMind/xMind/xmind/Native/CMakeLists.txt
2026-10-10T05:05:53.2670990Z   Building Custom Rule D:/a/xMind/xMind/xmind/Native/CMakeLists.txt
2026-10-10T05:05:53.9227669Z   Building Custom Rule D:/a/xMind/xMind/xmind/Native/CMakeLists.txt
2026-10-10T05:05:54.6875399Z   Building Custom Rule D:/a/xMind/xMind/xmind/Native/CMakeLists.txt
2026-10-10T05:05:54.7274052Z   Building Custom Rule D:/a/xMind/xMind/xmind/Native/CMakeLists.txt
2026-10-10T05:05:54.7911523Z   Building Custom Rule D:/a/xMind/xMind/xmind/Native/CMakeLists.txt
2026-10-10T05:06:01.2939049Z   provider_profile_runtime_contract.cpp
2026-10-10T05:06:01.4416065Z   provider_setup_contract.cpp
2026-10-10T05:06:02.7840999Z   provider_model_policy_runtime_contract.cpp
2026-10-10T05:06:11.0053065Z   provider_yaml_config_contract.cpp
2026-10-10T05:06:11.4347653Z   deepseek_profile_runtime_contract.cpp
2026-10-10T05:06:19.8128550Z   agentflow_provider_yaml_config_contract.vcxproj -> D:\a\xMind\xMind\xmind\build\native\Release\agentflow_provider_yaml_config_contract.exe
2026-10-10T05:06:29.8702878Z   agentflow_graph_runner_contract.vcxproj -> D:\a\xMind\xMind\xmind\build\native\Release\agentflow_graph_runner_contract.exe
2026-10-10T05:06:30.1055579Z   provider_profiles_contract.cpp
2026-10-10T05:06:30.2007370Z   Building Custom Rule D:/a/xMind/xMind/xmind/Native/CMakeLists.txt
2026-10-10T05:06:33.5135612Z   agentflow_context_control_contract.vcxproj -> D:\a\xMind\xMind\xmind\build\native\Release\agentflow_context_control_contract.exe
2026-10-10T05:06:37.5946378Z   agentflow_provider_profiles_contract.vcxproj -> D:\a\xMind\xMind\xmind\build\native\Release\agentflow_provider_profiles_contract.exe
2026-10-10T05:06:41.3529642Z   agentflow_context_graph_engine_contract.vcxproj -> D:\a\xMind\xMind\xmind\build\native\Release\agentflow_context_graph_engine_contract.exe
2026-10-10T05:06:42.0702656Z   provider_profile_cli_contract.cpp
2026-10-10T05:06:42.3196599Z   backend_owner_http_contract.cpp
2026-10-10T05:06:42.8121654Z   gemini_profile_runtime_contract.cpp
2026-10-10T05:06:50.0584689Z   agentflow_backend_owner_http_contract.vcxproj -> D:\a\xMind\xMind\xmind\build\native\Release\agentflow_backend_owner_http_contract.exe
2026-10-10T05:06:54.9400839Z   agentflow_provider_setup_contract.vcxproj -> D:\a\xMind\xMind\xmind\build\native\Release\agentflow_provider_setup_contract.exe
2026-10-10T05:06:54.9636595Z   agentflow_provider_profile_cli_contract.vcxproj -> D:\a\xMind\xMind\xmind\build\native\Release\agentflow_provider_profile_cli_contract.exe
2026-10-10T05:06:55.3928866Z   gemini_catalogue_contract.cpp
2026-10-10T05:06:55.9241128Z   agentflow_provider_model_policy_runtime_contract.vcxproj -> D:\a\xMind\xMind\xmind\build\native\Release\agentflow_provider_model_policy_runtime_contract.exe
2026-10-10T05:06:56.4196706Z   agentflow_graph_mcp_contract.vcxproj -> D:\a\xMind\xMind\xmind\build\native\Release\agentflow_graph_mcp_contract.exe
2026-10-10T05:06:57.4493783Z   agentflow_gemini_catalogue_contract.vcxproj -> D:\a\xMind\xMind\xmind\build\native\Release\agentflow_gemini_catalogue_contract.exe
2026-10-10T05:06:57.6219547Z   agentflow_deepseek_profile_runtime_contract.vcxproj -> D:\a\xMind\xMind\xmind\build\native\Release\agentflow_deepseek_profile_runtime_contract.exe
2026-10-10T05:06:58.0579509Z   agentflow_gemini_profile_runtime_contract.vcxproj -> D:\a\xMind\xMind\xmind\build\native\Release\agentflow_gemini_profile_runtime_contract.exe
2026-10-10T05:06:58.6264373Z   agentflow_provider_profile_runtime_contract.vcxproj -> D:\a\xMind\xMind\xmind\build\native\Release\agentflow_provider_profile_runtime_contract.exe
2026-10-10T05:06:58.7218647Z   Building Custom Rule D:/a/xMind/xMind/xmind/Native/CMakeLists.txt
2026-10-10T05:06:58.7832065Z   xmind.vcxproj -> D:\a\xMind\xMind\xmind\build\native\Release\xmind.exe
2026-10-10T05:06:58.8281555Z   server_main.cpp
2026-10-10T05:07:04.0450184Z   xmind_server.vcxproj -> D:\a\xMind\xMind\xmind\build\native\Release\xmind_server.exe
2026-10-10T05:07:04.1959688Z   Building Custom Rule D:/a/xMind/xMind/xmind/Native/CMakeLists.txt
2026-10-10T05:07:04.4328439Z Test project D:/a/xMind/xMind/xmind/build/native
2026-10-10T05:07:04.4417394Z         Start   1: native_json_schema_contract
2026-10-10T05:07:04.4536525Z   1/110 Test   #1: native_json_schema_contract .....................   Passed    0.01 sec
2026-10-10T05:07:04.4539787Z         Start   2: native_mcp_wire_contract
2026-10-10T05:07:04.4711432Z   2/110 Test   #2: native_mcp_wire_contract ........................   Passed    0.02 sec
2026-10-10T05:07:04.4714369Z         Start   3: model_stream_protocol_contract
2026-10-10T05:07:04.5213112Z   3/110 Test   #3: model_stream_protocol_contract ..................   Passed    0.05 sec
2026-10-10T05:07:04.5215996Z         Start   4: model_request_contract
2026-10-10T05:07:04.5316639Z   4/110 Test   #4: model_request_contract ..........................   Passed    0.01 sec
2026-10-10T05:07:04.5319495Z         Start   5: native_context_selection_contract
2026-10-10T05:07:04.5399026Z   5/110 Test   #5: native_context_selection_contract ...............   Passed    0.01 sec
2026-10-10T05:07:04.5400371Z         Start   6: native_gemini_request_contract
2026-10-10T05:07:04.6503111Z   6/110 Test   #6: native_gemini_request_contract ..................   Passed    0.11 sec
2026-10-10T05:07:04.6504919Z         Start   7: native_gemini_stream_contract
2026-10-10T05:07:04.6674361Z   7/110 Test   #7: native_gemini_stream_contract ...................   Passed    0.02 sec
2026-10-10T05:07:04.6677051Z         Start   8: native_gemini_history_contract
2026-10-10T05:07:04.7490778Z   8/110 Test   #8: native_gemini_history_contract ..................   Passed    0.08 sec
2026-10-10T05:07:04.7507921Z         Start   9: native_anthropic_request_contract
2026-10-10T05:07:04.7587539Z   9/110 Test   #9: native_anthropic_request_contract ...............   Passed    0.01 sec
2026-10-10T05:07:04.7590985Z         Start  10: native_anthropic_stream_contract
2026-10-10T05:07:04.8403866Z  10/110 Test  #10: native_anthropic_stream_contract ................   Passed    0.08 sec
2026-10-10T05:07:04.8423127Z         Start  11: native_anthropic_history_contract
2026-10-10T05:07:05.1088201Z  11/110 Test  #11: native_anthropic_history_contract ...............   Passed    0.27 sec
2026-10-10T05:07:05.1090505Z         Start  12: native_responses_protocol_contract
2026-10-10T05:07:05.2031337Z  12/110 Test  #12: native_responses_protocol_contract ..............   Passed    0.09 sec
2026-10-10T05:07:05.2033674Z         Start  13: native_dynamic_plan_contract
2026-10-10T05:07:05.2244198Z  13/110 Test  #13: native_dynamic_plan_contract ....................   Passed    0.02 sec
2026-10-10T05:07:05.2247068Z         Start  14: native_agent_authority_contract
2026-10-10T05:07:05.2349860Z  14/110 Test  #14: native_agent_authority_contract .................   Passed    0.01 sec
2026-10-10T05:07:05.2352951Z         Start  15: native_dynamic_plan_repository_contract
2026-10-10T05:07:09.7851813Z  15/110 Test  #15: native_dynamic_plan_repository_contract .........   Passed    4.55 sec
2026-10-10T05:07:09.7854000Z         Start  16: native_context_repository_contract
2026-10-10T05:07:16.2961725Z  16/110 Test  #16: native_context_repository_contract ..............   Passed    6.51 sec
2026-10-10T05:07:16.2963837Z         Start  17: native_context_control_contract
2026-10-10T05:07:20.7771984Z  17/110 Test  #17: native_context_control_contract .................   Passed    4.48 sec
2026-10-10T05:07:20.7773736Z         Start  18: native_context_cli_contract
2026-10-10T05:07:20.9570166Z  18/110 Test  #18: native_context_cli_contract .....................   Passed    0.18 sec
2026-10-10T05:07:20.9570977Z         Start  19: native_context_engine_contract
2026-10-10T05:07:26.8910054Z  19/110 Test  #19: native_context_engine_contract ..................   Passed    5.93 sec
2026-10-10T05:07:26.8911458Z         Start  20: native_context_graph_engine_contract
2026-10-10T05:07:28.8094090Z  20/110 Test  #20: native_context_graph_engine_contract ............   Passed    1.92 sec
2026-10-10T05:07:28.8095928Z         Start  21: native_provider_yaml_config_contract
2026-10-10T05:07:29.5072216Z  21/110 Test  #21: native_provider_yaml_config_contract ............   Passed    0.70 sec
2026-10-10T05:07:29.5073909Z         Start  22: native_planning_http_contract
2026-10-10T05:07:29.9711866Z  22/110 Test  #22: native_planning_http_contract ...................   Passed    0.46 sec
2026-10-10T05:07:29.9714015Z         Start  23: native_child_executor_contract
2026-10-10T05:07:30.3008179Z  23/110 Test  #23: native_child_executor_contract ..................   Passed    0.33 sec
2026-10-10T05:07:30.3010793Z         Start  24: native_dynamic_plan_engine_contract
2026-10-10T05:07:32.6328281Z  24/110 Test  #24: native_dynamic_plan_engine_contract .............   Passed    2.33 sec
2026-10-10T05:07:32.6330179Z         Start  25: native_dynamic_plan_mcp_contract
2026-10-10T05:07:36.6414657Z  25/110 Test  #25: native_dynamic_plan_mcp_contract ................   Passed    4.01 sec
2026-10-10T05:07:36.6416361Z         Start  26: native_secret_protection_contract
2026-10-10T05:07:36.6525170Z  26/110 Test  #26: native_secret_protection_contract ...............   Passed    0.01 sec
2026-10-10T05:07:36.6527780Z         Start  27: native_a2a_task_control_http_contract
2026-10-10T05:07:38.0494614Z  27/110 Test  #27: native_a2a_task_control_http_contract ...........   Passed    1.40 sec
2026-10-10T05:07:38.0497259Z         Start  28: native_a2a_message_http_contract
2026-10-10T05:07:40.5205832Z  28/110 Test  #28: native_a2a_message_http_contract ................   Passed    2.47 sec
2026-10-10T05:07:40.5207626Z         Start  29: native_a2a_stream_http_contract
2026-10-10T05:07:53.0910757Z  29/110 Test  #29: native_a2a_stream_http_contract .................   Passed   12.57 sec
2026-10-10T05:07:53.0912645Z         Start  30: native_a2a_v1_http_contract
2026-10-10T05:07:54.3397021Z  30/110 Test  #30: native_a2a_v1_http_contract .....................   Passed    1.25 sec
2026-10-10T05:07:54.3398772Z         Start  31: native_responses_agent_http_contract
2026-10-10T05:08:05.2493826Z  31/110 Test  #31: native_responses_agent_http_contract ............   Passed   10.91 sec
2026-10-10T05:08:05.2496420Z         Start  32: native_graph_service_http_contract
2026-10-10T05:08:13.0224474Z  32/110 Test  #32: native_graph_service_http_contract ..............   Passed    7.77 sec
2026-10-10T05:08:13.0225865Z         Start  33: native_provider_cli_contract
2026-10-10T05:08:14.2090298Z  33/110 Test  #33: native_provider_cli_contract ....................   Passed    1.19 sec
2026-10-10T05:08:14.2092056Z         Start  34: native_provider_setup_contract
2026-10-10T05:08:15.8307126Z  34/110 Test  #34: native_provider_setup_contract ..................   Passed    1.62 sec
2026-10-10T05:08:15.8308426Z         Start  35: native_graph_runner_contract
2026-10-10T05:08:22.3637758Z  35/110 Test  #35: native_graph_runner_contract ....................   Passed    6.53 sec
2026-10-10T05:08:22.3639305Z         Start  36: native_graph_mcp_contract
2026-10-10T05:08:31.1551624Z  36/110 Test  #36: native_graph_mcp_contract .......................   Passed    8.79 sec
2026-10-10T05:08:31.1553240Z         Start  37: native_graph_mcp_http_contract
2026-10-10T05:08:34.1216554Z  37/110 Test  #37: native_graph_mcp_http_contract ..................   Passed    2.97 sec
2026-10-10T05:08:34.1218245Z         Start  38: native_delegation_contract
2026-10-10T05:08:46.4918216Z  38/110 Test  #38: native_delegation_contract ......................   Passed   12.37 sec
2026-10-10T05:08:46.4919635Z         Start  39: native_delegation_http_contract
2026-10-10T05:08:48.2328226Z  39/110 Test  #39: native_delegation_http_contract .................   Passed    1.74 sec
2026-10-10T05:08:48.2330659Z         Start  40: native_graph_checkpoint_contract
2026-10-10T05:08:49.3086893Z  40/110 Test  #40: native_graph_checkpoint_contract ................   Passed    1.08 sec
2026-10-10T05:08:49.3088561Z         Start  41: native_graph_children_contract
2026-10-10T05:08:50.1189759Z  41/110 Test  #41: native_graph_children_contract ..................   Passed    0.81 sec
2026-10-10T05:08:50.1191531Z         Start  42: native_graph_contract
2026-10-10T05:08:50.6655838Z  42/110 Test  #42: native_graph_contract ...........................   Passed    0.55 sec
2026-10-10T05:08:50.6657675Z         Start  43: native_instruction_configuration_contract
2026-10-10T05:08:51.9206054Z  43/110 Test  #43: native_instruction_configuration_contract .......   Passed    1.25 sec
2026-10-10T05:08:51.9207562Z         Start  44: native_process_configuration_contract
2026-10-10T05:08:52.1369014Z  44/110 Test  #44: native_process_configuration_contract ...........   Passed    0.22 sec
2026-10-10T05:08:52.1370735Z         Start  45: native_process_executor_contract
2026-10-10T05:08:59.1110188Z  45/110 Test  #45: native_process_executor_contract ................   Passed    6.97 sec
2026-10-10T05:08:59.1111499Z         Start  46: native_agent_process_http_contract
2026-10-10T05:09:03.8257557Z  46/110 Test  #46: native_agent_process_http_contract ..............   Passed    4.71 sec
2026-10-10T05:09:03.8259656Z         Start  47: native_process_adapter_contract
2026-10-10T05:09:07.7964698Z  47/110 Test  #47: native_process_adapter_contract .................   Passed    3.97 sec
2026-10-10T05:09:07.7966351Z         Start  48: native_mcp_configuration_contract
2026-10-10T05:09:08.4453548Z  48/110 Test  #48: native_mcp_configuration_contract ...............   Passed    0.65 sec
2026-10-10T05:09:08.4455412Z         Start  49: native_schema_worker_contract
2026-10-10T05:09:10.7571291Z  49/110 Test  #49: native_schema_worker_contract ...................   Passed    2.31 sec
2026-10-10T05:09:10.7572714Z         Start  50: native_mcp_stdio_contract
2026-10-10T05:09:13.7078480Z  50/110 Test  #50: native_mcp_stdio_contract .......................   Passed    2.95 sec
2026-10-10T05:09:13.7080041Z         Start  51: native_mcp_handshake_contract
2026-10-10T05:09:14.3359019Z  51/110 Test  #51: native_mcp_handshake_contract ...................   Passed    0.63 sec
2026-10-10T05:09:14.3360432Z         Start  52: native_mcp_client_contract
2026-10-10T05:09:15.1477183Z  52/110 Test  #52: native_mcp_client_contract ......................   Passed    0.81 sec
2026-10-10T05:09:15.1478588Z         Start  53: native_mcp_effect_contract
2026-10-10T05:09:24.4228095Z  53/110 Test  #53: native_mcp_effect_contract ......................   Passed    9.27 sec
2026-10-10T05:09:24.4229886Z         Start  54: native_agent_service_contract
2026-10-10T05:09:25.8056067Z  54/110 Test  #54: native_agent_service_contract ...................   Passed    1.38 sec
2026-10-10T05:09:25.8057821Z         Start  55: native_agent_runner_contract
2026-10-10T05:09:33.8320464Z  55/110 Test  #55: native_agent_runner_contract ....................   Passed    8.03 sec
2026-10-10T05:09:33.8322347Z         Start  56: native_gemini_agent_contract
2026-10-10T05:09:35.2334620Z  56/110 Test  #56: native_gemini_agent_contract ....................   Passed    1.40 sec
2026-10-10T05:09:35.2336535Z         Start  57: native_anthropic_agent_contract
2026-10-10T05:09:37.9301691Z  57/110 Test  #57: native_anthropic_agent_contract .................   Passed    2.70 sec
2026-10-10T05:09:37.9303898Z         Start  58: native_file_patch_contract
2026-10-10T05:09:37.9435244Z  58/110 Test  #58: native_file_patch_contract ......................   Passed    0.01 sec
2026-10-10T05:09:37.9437916Z         Start  59: native_skill_state_contract
2026-10-10T05:09:38.8043037Z  59/110 Test  #59: native_skill_state_contract .....................   Passed    0.86 sec
2026-10-10T05:09:38.8044249Z         Start  60: native_skill_catalogue_contract
2026-10-10T05:09:41.0971287Z  60/110 Test  #60: native_skill_catalogue_contract .................   Passed    2.29 sec
2026-10-10T05:09:41.0971984Z         Start  61: native_create_executor_contract
2026-10-10T05:09:43.1426935Z  61/110 Test  #61: native_create_executor_contract .................   Passed    2.04 sec
2026-10-10T05:09:43.1429141Z         Start  62: native_edit_executor_contract
2026-10-10T05:09:44.2854242Z  62/110 Test  #62: native_edit_executor_contract ...................   Passed    1.14 sec
2026-10-10T05:09:44.2855629Z         Start  63: native_patch_file_executor_contract
2026-10-10T05:09:46.3957702Z  63/110 Test  #63: native_patch_file_executor_contract .............   Passed    2.11 sec
2026-10-10T05:09:46.3959117Z         Start  64: native_patch_executor_contract
2026-10-10T05:09:48.8244686Z  64/110 Test  #64: native_patch_executor_contract ..................   Passed    2.43 sec
2026-10-10T05:09:48.8246441Z         Start  65: native_patch_tool_contract
2026-10-10T05:09:50.0630822Z  65/110 Test  #65: native_patch_tool_contract ......................   Passed    1.24 sec
2026-10-10T05:09:50.0632293Z         Start  66: native_approved_edit_http_contract
2026-10-10T05:09:51.2552277Z  66/110 Test  #66: native_approved_edit_http_contract ..............   Passed    1.19 sec
2026-10-10T05:09:51.2553803Z         Start  67: native_workspace_tools_contract
2026-10-10T05:09:53.8225564Z  67/110 Test  #67: native_workspace_tools_contract .................   Passed    2.57 sec
2026-10-10T05:09:53.8227967Z         Start  68: native_repository_instructions_contract
2026-10-10T05:09:54.1310130Z  68/110 Test  #68: native_repository_instructions_contract .........   Passed    0.31 sec
2026-10-10T05:09:54.1310561Z         Start  69: native_skill_context_contract
2026-10-10T05:09:54.4322057Z  69/110 Test  #69: native_skill_context_contract ...................   Passed    0.30 sec
2026-10-10T05:09:54.4322947Z         Start  70: native_chat_provider_contract
2026-10-10T05:09:54.5321397Z  70/110 Test  #70: native_chat_provider_contract ...................   Passed    0.10 sec
2026-10-10T05:09:54.5323132Z         Start  71: native_gemini_provider_contract
2026-10-10T05:09:54.6470417Z  71/110 Test  #71: native_gemini_provider_contract .................   Passed    0.11 sec
2026-10-10T05:09:54.6472458Z         Start  72: native_deepseek_provider_contract
2026-10-10T05:09:56.4806599Z  72/110 Test  #72: native_deepseek_provider_contract ...............   Passed    1.83 sec
2026-10-10T05:09:56.4807957Z         Start  73: native_deepseek_profile_runtime_contract
2026-10-10T05:09:57.3958554Z  73/110 Test  #73: native_deepseek_profile_runtime_contract ........   Passed    0.91 sec
2026-10-10T05:09:57.3959658Z         Start  74: native_provider_model_policy_runtime_contract
2026-10-10T05:09:58.8914674Z  74/110 Test  #74: native_provider_model_policy_runtime_contract ...   Passed    1.49 sec
2026-10-10T05:09:58.8917163Z         Start  75: native_anthropic_provider_contract
2026-10-10T05:09:59.0117299Z  75/110 Test  #75: native_anthropic_provider_contract ..............   Passed    0.12 sec
2026-10-10T05:09:59.0118412Z         Start  76: native_responses_context_contract
2026-10-10T05:09:59.9128720Z  76/110 Test  #76: native_responses_context_contract ...............   Passed    0.90 sec
2026-10-10T05:09:59.9130562Z         Start  77: native_http_stream_transport_contract
2026-10-10T05:10:10.1628805Z  77/110 Test  #77: native_http_stream_transport_contract ...........   Passed   10.25 sec
2026-10-10T05:10:10.1631147Z         Start  78: native_agent_http_contract
2026-10-10T05:10:17.4308458Z  78/110 Test  #78: native_agent_http_contract ......................   Passed    7.27 sec
2026-10-10T05:10:17.4310544Z         Start  79: native_agent_edit_http_contract
2026-10-10T05:10:35.0068889Z  79/110 Test  #79: native_agent_edit_http_contract .................   Passed   17.58 sec
2026-10-10T05:10:35.0070890Z         Start  80: native_agent_patch_http_contract
2026-10-10T05:10:39.9109122Z  80/110 Test  #80: native_agent_patch_http_contract ................   Passed    4.90 sec
2026-10-10T05:10:39.9110685Z         Start  81: native_agent_mcp_http_contract
2026-10-10T05:10:41.9389675Z  81/110 Test  #81: native_agent_mcp_http_contract ..................   Passed    2.03 sec
2026-10-10T05:10:41.9391436Z         Start  82: native_mcp_sdk_modern_contract
2026-10-10T05:10:44.4446040Z  82/110 Test  #82: native_mcp_sdk_modern_contract ..................   Passed    2.50 sec
2026-10-10T05:10:44.4448025Z         Start  83: native_mcp_sdk_legacy_contract
2026-10-10T05:10:47.0521059Z  83/110 Test  #83: native_mcp_sdk_legacy_contract ..................   Passed    2.61 sec
2026-10-10T05:10:47.0522770Z         Start  84: native_http_cli_contract
2026-10-10T05:10:48.9981992Z  84/110 Test  #84: native_http_cli_contract ........................   Passed    1.95 sec
2026-10-10T05:10:48.9983588Z         Start  85: native_unified_program_contract
2026-10-10T05:10:50.2375906Z  85/110 Test  #85: native_unified_program_contract .................   Passed    1.24 sec
2026-10-10T05:10:50.2377995Z         Start  86: native_unified_patch_http_contract
2026-10-10T05:10:55.2333602Z  86/110 Test  #86: native_unified_patch_http_contract ..............   Passed    4.99 sec
2026-10-10T05:10:55.2334728Z         Start  87: native_unified_graph_http_contract
2026-10-10T05:11:01.8917815Z  87/110 Test  #87: native_unified_graph_http_contract ..............   Passed    6.66 sec
2026-10-10T05:11:01.8920208Z         Start  88: native_unified_mcp_http_contract
2026-10-10T05:11:04.4995925Z  88/110 Test  #88: native_unified_mcp_http_contract ................   Passed    2.61 sec
2026-10-10T05:11:04.4997442Z         Start  89: native_console_workspace_contract
2026-10-10T05:11:05.3648999Z  89/110 Test  #89: native_console_workspace_contract ...............   Passed    0.86 sec
2026-10-10T05:11:05.3665321Z         Start  90: native_local_profile_contract
2026-10-10T05:11:27.0562595Z  90/110 Test  #90: native_local_profile_contract ...................   Passed   21.69 sec
2026-10-10T05:11:27.0563972Z         Start  91: native_local_view_contract
2026-10-10T05:11:54.8869644Z  91/110 Test  #91: native_local_view_contract ......................   Passed   27.83 sec
2026-10-10T05:11:54.8870359Z         Start  92: embedded_xlang_sqlite_contract
2026-10-10T05:11:54.9098338Z  92/110 Test  #92: embedded_xlang_sqlite_contract ..................   Passed    0.02 sec
2026-10-10T05:11:54.9101520Z         Start  93: native_incoming_repository_contract
2026-10-10T05:11:55.9097197Z  93/110 Test  #93: native_incoming_repository_contract .............   Passed    1.00 sec
2026-10-10T05:11:55.9097953Z         Start  94: native_task_list_repository_contract
2026-10-10T05:11:56.8968763Z  94/110 Test  #94: native_task_list_repository_contract ............   Passed    0.99 sec
2026-10-10T05:11:56.8970395Z         Start  95: native_permission_waiter_contract
2026-10-10T05:11:57.8974292Z  95/110 Test  #95: native_permission_waiter_contract ...............   Passed    1.00 sec
2026-10-10T05:11:57.8975688Z         Start  96: native_operation_repository_contract
2026-10-10T05:12:00.5194875Z  96/110 Test  #96: native_operation_repository_contract ............   Passed    2.62 sec
2026-10-10T05:12:00.5196766Z         Start  97: xlang_repository_contract
2026-10-10T05:12:01.0594425Z  97/110 Test  #97: xlang_repository_contract .......................   Passed    0.54 sec
2026-10-10T05:12:01.0595302Z         Start  98: persistence_service_contract
2026-10-10T05:12:04.4417577Z  98/110 Test  #98: persistence_service_contract ....................   Passed    3.38 sec
2026-10-10T05:12:04.4418279Z         Start  99: native_backend_owner_contract
2026-10-10T05:12:07.4519951Z  99/110 Test  #99: native_backend_owner_contract ...................   Passed    3.01 sec
2026-10-10T05:12:07.4521413Z         Start 100: native_legacy_owner_contract
2026-10-10T05:12:08.2831466Z 100/110 Test #100: native_legacy_owner_contract ....................   Passed    0.83 sec
2026-10-10T05:12:08.2832920Z         Start 101: native_owner_process_contract
2026-10-10T05:12:08.4578442Z 101/110 Test #101: native_owner_process_contract ...................   Passed    0.17 sec
2026-10-10T05:12:08.4581169Z         Start 102: native_runtime_generation_contract
2026-10-10T05:12:10.3823817Z 102/110 Test #102: native_runtime_generation_contract ..............   Passed    1.92 sec
2026-10-10T05:12:10.3825208Z         Start 103: native_backend_owner_http_contract
2026-10-10T05:12:11.4572833Z 103/110 Test #103: native_backend_owner_http_contract ..............   Passed    1.07 sec
2026-10-10T05:12:11.4574447Z         Start 104: native_backend_handoff_contract
2026-10-10T05:12:13.9685019Z 104/110 Test #104: native_backend_handoff_contract .................   Passed    2.51 sec
2026-10-10T05:12:13.9686685Z         Start 105: native_provider_profiles_contract
2026-10-10T05:12:14.7560835Z 105/110 Test #105: native_provider_profiles_contract ...............   Passed    0.79 sec
2026-10-10T05:12:14.7562057Z         Start 106: native_provider_profile_runtime_contract
2026-10-10T05:12:19.9115264Z 106/110 Test #106: native_provider_profile_runtime_contract ........   Passed    5.15 sec
2026-10-10T05:12:19.9116620Z         Start 107: native_provider_profile_cli_contract
2026-10-10T05:12:22.3987913Z 107/110 Test #107: native_provider_profile_cli_contract ............   Passed    2.49 sec
2026-10-10T05:12:22.3989267Z         Start 108: native_gemini_catalogue_contract
2026-10-10T05:12:33.1159050Z 108/110 Test #108: native_gemini_catalogue_contract ................   Passed   10.72 sec
2026-10-10T05:12:33.1161748Z         Start 109: native_gemini_profile_runtime_contract
2026-10-10T05:12:35.3464242Z 109/110 Test #109: native_gemini_profile_runtime_contract ..........   Passed    2.23 sec
2026-10-10T05:12:35.3465601Z         Start 110: encrypted_credential_repository_contract
2026-10-10T05:12:36.4510356Z 110/110 Test #110: encrypted_credential_repository_contract ........   Passed    1.10 sec
2026-10-10T05:12:36.4519925Z 
2026-10-10T05:12:36.4520734Z 100% tests passed, 0 tests failed out of 110
2026-10-10T05:12:36.4521285Z 
2026-10-10T05:12:36.4521955Z Total Test time (real) = 332.01 sec
2026-10-10T05:12:36.6090188Z ##[group]Run npm ci --ignore-scripts
2026-10-10T05:12:36.6090529Z [36;1mnpm ci --ignore-scripts[0m
2026-10-10T05:12:36.6090757Z [36;1mif ($LASTEXITCODE -ne 0) { exit $LASTEXITCODE }[0m
2026-10-10T05:12:36.6090966Z [36;1mnpm test[0m
2026-10-10T05:12:36.6091124Z [36;1mexit $LASTEXITCODE[0m
2026-10-10T05:12:36.6145148Z shell: C:\Program Files\PowerShell\7\pwsh.EXE -command ". '{0}'"
2026-10-10T05:12:36.6145386Z ##[endgroup]
2026-10-10T05:12:39.0413748Z npm warn deprecated whatwg-encoding@3.1.1: Use @exodus/bytes instead for a more spec-conformant and faster implementation
2026-10-10T05:12:39.5803810Z npm warn deprecated prebuild-install@7.1.3: No longer maintained. Please contact the author of the relevant native addon; alternatives are available.
2026-10-10T05:12:43.1409870Z 
2026-10-10T05:12:43.1410408Z added 325 packages, and audited 326 packages in 6s
2026-10-10T05:12:43.1410636Z 
2026-10-10T05:12:43.1410759Z 93 packages are looking for funding
2026-10-10T05:12:43.1411233Z   run `npm fund` for details
2026-10-10T05:12:43.1441428Z 
2026-10-10T05:12:43.1441837Z 6 high severity vulnerabilities
2026-10-10T05:12:43.1442219Z 
2026-10-10T05:12:43.1442560Z To address all issues (including breaking changes), run:
2026-10-10T05:12:43.1443027Z   npm audit fix --force
2026-10-10T05:12:43.1443292Z 
2026-10-10T05:12:43.1443743Z Run `npm audit` for details.
2026-10-10T05:12:43.3876980Z 
2026-10-10T05:12:43.3877511Z > agentflow@0.1.5 test
2026-10-10T05:12:43.3877815Z > node --test tests/*.test.js
2026-10-10T05:12:43.3878118Z 
2026-10-10T05:12:43.4634549Z TAP version 13
2026-10-10T05:12:43.5112231Z # Subtest: browser view reuses the selected backend without exposing credentials in navigation
2026-10-10T05:12:43.5114234Z ok 1 - browser view reuses the selected backend without exposing credentials in navigation
2026-10-10T05:12:43.5114768Z   ---
2026-10-10T05:12:43.5115085Z   duration_ms: 3.3757
2026-10-10T05:12:43.5115383Z   type: 'test'
2026-10-10T05:12:43.5115685Z   ...
2026-10-10T05:12:43.5116165Z # Subtest: changing servers retires only the old view and disposal prevents reopening
2026-10-10T05:12:43.5117172Z ok 2 - changing servers retires only the old view and disposal prevents reopening
2026-10-10T05:12:43.5117829Z   ---
2026-10-10T05:12:43.5118094Z   duration_ms: 0.7356
2026-10-10T05:12:43.5118381Z   type: 'test'
2026-10-10T05:12:43.5118639Z   ...
2026-10-10T05:12:43.5119079Z # Subtest: invalid origins and tokens do not create access views or copy credentials
2026-10-10T05:12:43.5119717Z ok 3 - invalid origins and tokens do not create access views or copy credentials
2026-10-10T05:12:43.5120147Z   ---
2026-10-10T05:12:43.5120404Z   duration_ms: 0.3529
2026-10-10T05:12:43.5120674Z   type: 'test'
2026-10-10T05:12:43.5120923Z   ...
2026-10-10T05:12:43.5365662Z # Subtest: context routes preserve actual supplied metrics, model/query and idempotent request/profile preconditions
2026-10-10T05:12:43.5367765Z ok 4 - context routes preserve actual supplied metrics, model/query and idempotent request/profile preconditions
2026-10-10T05:12:43.5372401Z   ---
2026-10-10T05:12:43.5372786Z   duration_ms: 3.9637
2026-10-10T05:12:43.5373113Z   type: 'test'
2026-10-10T05:12:43.5373379Z   ...
2026-10-10T05:12:43.5373912Z # Subtest: public context metadata rejects foreign identities and private/provider-window fields
2026-10-10T05:12:43.5374649Z ok 5 - public context metadata rejects foreign identities and private/provider-window fields
2026-10-10T05:12:43.5375137Z   ---
2026-10-10T05:12:43.5375461Z   duration_ms: 0.5369
2026-10-10T05:12:43.5375787Z   type: 'test'
2026-10-10T05:12:43.5376062Z   ...
2026-10-10T05:12:43.5376700Z # Subtest: shared context controller rechecks the displayed head and makes one genuine mutation with fresh profile binding
2026-10-10T05:12:43.5377683Z ok 6 - shared context controller rechecks the displayed head and makes one genuine mutation with fresh profile binding
2026-10-10T05:12:43.5378252Z   ---
2026-10-10T05:12:43.5380566Z   duration_ms: 0.6935
2026-10-10T05:12:43.5380948Z   type: 'test'
2026-10-10T05:12:43.5381211Z   ...
2026-10-10T05:12:43.5381767Z # Subtest: stale head, disabled capability, outstanding actual request and detached generation never mutate context
2026-10-10T05:12:43.5383843Z ok 7 - stale head, disabled capability, outstanding actual request and detached generation never mutate context
2026-10-10T05:12:43.5385903Z   ---
2026-10-10T05:12:43.5386232Z   duration_ms: 0.5363
2026-10-10T05:12:43.5386513Z   type: 'test'
2026-10-10T05:12:43.5386776Z   ...
2026-10-10T05:12:43.5387271Z # Subtest: context observation conflict clears actions and mutation failure never retries automatically
2026-10-10T05:12:43.5388074Z ok 8 - context observation conflict clears actions and mutation failure never retries automatically
2026-10-10T05:12:43.5388565Z   ---
2026-10-10T05:12:43.5388818Z   duration_ms: 0.4946
2026-10-10T05:12:43.5389100Z   type: 'test'
2026-10-10T05:12:43.5389357Z   ...
2026-10-10T05:12:43.5389936Z # Subtest: older overlapping same-generation context success/error cannot replace or clear a newer observation
2026-10-10T05:12:43.5390756Z ok 9 - older overlapping same-generation context success/error cannot replace or clear a newer observation
2026-10-10T05:12:43.5391228Z   ---
2026-10-10T05:12:43.5391781Z   duration_ms: 0.381
2026-10-10T05:12:43.5392064Z   type: 'test'
2026-10-10T05:12:43.5392294Z   ...
2026-10-10T05:12:43.5392775Z # Subtest: terminal tracked request cannot hide a different actual newly admitted manual request
2026-10-10T05:12:43.5393482Z ok 10 - terminal tracked request cannot hide a different actual newly admitted manual request
2026-10-10T05:12:43.5393907Z   ---
2026-10-10T05:12:43.5394117Z   duration_ms: 1.5686
2026-10-10T05:12:43.5394353Z   type: 'test'
2026-10-10T05:12:43.5394563Z   ...
2026-10-10T05:12:43.5443828Z # Subtest: planning capabilities are truthful and do not invent presets or limits
2026-10-10T05:12:43.5446865Z ok 11 - planning capabilities are truthful and do not invent presets or limits
2026-10-10T05:12:43.5449051Z   ---
2026-10-10T05:12:43.5449364Z   duration_ms: 2.635
2026-10-10T05:12:43.5450502Z   type: 'test'
2026-10-10T05:12:43.5450927Z   ...
2026-10-10T05:12:43.5452090Z # Subtest: client preserves the displayed head and exact raw input at its authenticated loopback origin
2026-10-10T05:12:43.5473288Z ok 12 - client preserves the displayed head and exact raw input at its authenticated loopback origin
2026-10-10T05:12:43.5474597Z   ---
2026-10-10T05:12:43.5475619Z   duration_ms: 3.2901
2026-10-10T05:12:43.5476168Z   type: 'test'
2026-10-10T05:12:43.5476467Z   ...
2026-10-10T05:12:43.5476938Z # Subtest: invalid input identities, types and preconditions never reach the backend
2026-10-10T05:12:43.5477654Z ok 13 - invalid input identities, types and preconditions never reach the backend
2026-10-10T05:12:43.5478097Z   ---
2026-10-10T05:12:43.5478395Z   duration_ms: 0.6556
2026-10-10T05:12:43.5478680Z   type: 'test'
2026-10-10T05:12:43.5478981Z   ...
2026-10-10T05:12:43.5479513Z # Subtest: human input validates decoded duplicate keys, Unicode and nested JSON without reserializing
2026-10-10T05:12:43.5480300Z ok 14 - human input validates decoded duplicate keys, Unicode and nested JSON without reserializing
2026-10-10T05:12:43.5481017Z   ---
2026-10-10T05:12:43.5481269Z   duration_ms: 0.5247
2026-10-10T05:12:43.5481528Z   type: 'test'
2026-10-10T05:12:43.5481739Z   ...
2026-10-10T05:12:43.5482270Z # Subtest: strict public planning DTOs reject foreign ownership, stale claims and private projection fields
2026-10-10T05:12:43.5484235Z ok 15 - strict public planning DTOs reject foreign ownership, stale claims and private projection fields
2026-10-10T05:12:43.5484699Z   ---
2026-10-10T05:12:43.5484913Z   duration_ms: 5.7425
2026-10-10T05:12:43.5485146Z   type: 'test'
2026-10-10T05:12:43.5485345Z   ...
2026-10-10T05:12:43.5485815Z # Subtest: provider call correlation retains the exact native 256-byte dotted/colon identity domain
2026-10-10T05:12:43.5487316Z ok 16 - provider call correlation retains the exact native 256-byte dotted/colon identity domain
2026-10-10T05:12:43.5487765Z   ---
2026-10-10T05:12:43.5487979Z   duration_ms: 0.5708
2026-10-10T05:12:43.5488209Z   type: 'test'
2026-10-10T05:12:43.5488421Z   ...
2026-10-10T05:12:43.5488900Z # Subtest: coding children are observed through actual dynamic ownership without a read-only label
2026-10-10T05:12:43.5489585Z ok 17 - coding children are observed through actual dynamic ownership without a read-only label
2026-10-10T05:12:43.5490014Z   ---
2026-10-10T05:12:43.5490219Z   duration_ms: 1.6544
2026-10-10T05:12:43.5490452Z   type: 'test'
2026-10-10T05:12:43.5490661Z   ...
2026-10-10T05:12:43.6106058Z # Subtest: session skill client posts only exact revision, ids and workspace authority
2026-10-10T05:12:43.6127435Z ok 18 - session skill client posts only exact revision, ids and workspace authority
2026-10-10T05:12:43.6128005Z   ---
2026-10-10T05:12:43.6128332Z   duration_ms: 4.5842
2026-10-10T05:12:43.6128651Z   type: 'test'
2026-10-10T05:12:43.6128930Z   ...
2026-10-10T05:12:43.6129497Z # Subtest: skill controller publishes acknowledged manual attachment and removal without model prompts
2026-10-10T05:12:43.6130304Z ok 19 - skill controller publishes acknowledged manual attachment and removal without model prompts
2026-10-10T05:12:43.6130808Z   ---
2026-10-10T05:12:43.6131064Z   duration_ms: 0.8793
2026-10-10T05:12:43.6131378Z   type: 'test'
2026-10-10T05:12:43.6131637Z   ...
2026-10-10T05:12:43.6132086Z # Subtest: skill reads discard responses from a previous conversation generation
2026-10-10T05:12:43.6132729Z ok 20 - skill reads discard responses from a previous conversation generation
2026-10-10T05:12:43.6133160Z   ---
2026-10-10T05:12:43.6133446Z   duration_ms: 0.2065
2026-10-10T05:12:43.6133732Z   type: 'test'
2026-10-10T05:12:43.6133993Z   ...
2026-10-10T05:12:43.6134460Z # Subtest: skill acknowledgements cannot publish into a newly selected conversation
2026-10-10T05:12:43.6135108Z ok 21 - skill acknowledgements cannot publish into a newly selected conversation
2026-10-10T05:12:43.6135927Z   ---
2026-10-10T05:12:43.6136209Z   duration_ms: 0.3606
2026-10-10T05:12:43.6136488Z   type: 'test'
2026-10-10T05:12:43.6136739Z   ...
2026-10-10T05:12:43.6137498Z # Subtest: malformed catalogue metadata cannot enter a skill chooser, while source conflicts allow only clearing
2026-10-10T05:12:43.6138314Z ok 22 - malformed catalogue metadata cannot enter a skill chooser, while source conflicts allow only clearing
2026-10-10T05:12:43.6138843Z   ---
2026-10-10T05:12:43.6139101Z   duration_ms: 0.4622
2026-10-10T05:12:43.6139535Z   type: 'test'
2026-10-10T05:12:43.6139802Z   ...
2026-10-10T05:12:43.6140286Z # Subtest: provider enrollment accepts only matching approved OpenAI wire and endpoint pairs
2026-10-10T05:12:43.6141014Z ok 23 - provider enrollment accepts only matching approved OpenAI wire and endpoint pairs
2026-10-10T05:12:43.6144134Z   ---
2026-10-10T05:12:43.6145092Z   duration_ms: 0.3246
2026-10-10T05:12:43.6145405Z   type: 'test'
2026-10-10T05:12:43.6145667Z   ...
2026-10-10T05:12:43.6146207Z # Subtest: subscription rotates using its delivered cursor without duplicating a matching watch
2026-10-10T05:12:43.6146912Z ok 24 - subscription rotates using its delivered cursor without duplicating a matching watch
2026-10-10T05:12:43.6147397Z   ---
2026-10-10T05:12:43.6147654Z   duration_ms: 9.9103
2026-10-10T05:12:43.6147933Z   type: 'test'
2026-10-10T05:12:43.6148206Z   ...
2026-10-10T05:12:43.6148757Z # Subtest: subscription replacement aborts stale observation and cannot deliver its event or terminal outcome
2026-10-10T05:12:43.6149576Z ok 25 - subscription replacement aborts stale observation and cannot deliver its event or terminal outcome
2026-10-10T05:12:43.6150091Z   ---
2026-10-10T05:12:43.6150347Z   duration_ms: 1.0481
2026-10-10T05:12:43.6150650Z   type: 'test'
2026-10-10T05:12:43.6150906Z   ...
2026-10-10T05:12:43.6152346Z # Subtest: subscription retirement, origin change and disposal prevent delayed retries
2026-10-10T05:12:43.6182045Z ok 26 - subscription retirement, origin change and disposal prevent delayed retries
2026-10-10T05:12:43.6200914Z   ---
2026-10-10T05:12:43.6208274Z   duration_ms: 1.2496
2026-10-10T05:12:43.6208875Z   type: 'test'
2026-10-10T05:12:43.6240352Z   ...
2026-10-10T05:12:43.6274776Z # Subtest: subscription bounds busy retries and never retries authentication or malformed acknowledgements
2026-10-10T05:12:43.6280821Z ok 27 - subscription bounds busy retries and never retries authentication or malformed acknowledgements
2026-10-10T05:12:43.6281464Z   ---
2026-10-10T05:12:43.6281734Z   duration_ms: 2.1504
2026-10-10T05:12:43.6282030Z   type: 'test'
2026-10-10T05:12:43.6282295Z   ...
2026-10-10T05:12:43.6607388Z # Subtest: a consumer TypeError stops the subscription without acknowledging or retrying its event
2026-10-10T05:12:43.6676750Z ok 28 - a consumer TypeError stops the subscription without acknowledging or retrying its event
2026-10-10T05:12:43.6677255Z   ---
2026-10-10T05:12:43.6677479Z   duration_ms: 0.6706
2026-10-10T05:12:43.6677744Z   type: 'test'
2026-10-10T05:12:43.6677967Z   ...
2026-10-10T05:12:43.6678428Z # Subtest: subscription refuses invalid bindings before opening or scheduling a connection
2026-10-10T05:12:43.6679091Z ok 29 - subscription refuses invalid bindings before opening or scheduling a connection
2026-10-10T05:12:43.6679536Z   ---
2026-10-10T05:12:43.6679754Z   duration_ms: 0.3132
2026-10-10T05:12:43.6679984Z   type: 'test'
2026-10-10T05:12:43.6680196Z   ...
2026-10-10T05:12:43.6680687Z # Subtest: committed stream reader handles split UTF-8 and CRLF using one authenticated read-only request
2026-10-10T05:12:43.6681450Z ok 30 - committed stream reader handles split UTF-8 and CRLF using one authenticated read-only request
2026-10-10T05:12:43.6681895Z   ---
2026-10-10T05:12:43.6682112Z   duration_ms: 30.5241
2026-10-10T05:12:43.6682344Z   type: 'test'
2026-10-10T05:12:43.6682575Z   ...
2026-10-10T05:12:43.6682984Z # Subtest: graph stream validates owned child conversation before delivering its event
2026-10-10T05:12:43.6683905Z ok 31 - graph stream validates owned child conversation before delivering its event
2026-10-10T05:12:43.6684310Z   ---
2026-10-10T05:12:43.6684519Z   duration_ms: 6.5289
2026-10-10T05:12:43.6684749Z   type: 'test'
2026-10-10T05:12:43.6684961Z   ...
2026-10-10T05:12:43.6685408Z # Subtest: stream rejects changed root/session/scope and events without an initial observation
2026-10-10T05:12:43.6686095Z ok 32 - stream rejects changed root/session/scope and events without an initial observation
2026-10-10T05:12:43.6686524Z   ---
2026-10-10T05:12:43.6686736Z   duration_ms: 2.5236
2026-10-10T05:12:43.6686970Z   type: 'test'
2026-10-10T05:12:43.6687171Z   ...
2026-10-10T05:12:43.6687691Z # Subtest: stream cursor advances only after delivery and rejects duplicate IDs and conflicting end cursors
2026-10-10T05:12:43.6688444Z ok 33 - stream cursor advances only after delivery and rejects duplicate IDs and conflicting end cursors
2026-10-10T05:12:43.6688906Z   ---
2026-10-10T05:12:43.6689116Z   duration_ms: 2.0897
2026-10-10T05:12:43.6689348Z   type: 'test'
2026-10-10T05:12:43.6689569Z   ...
2026-10-10T05:12:43.6690040Z # Subtest: stream validates admission values and an abort during token lookup cannot send a request
2026-10-10T05:12:43.6690725Z ok 34 - stream validates admission values and an abort during token lookup cannot send a request
2026-10-10T05:12:43.6691120Z   ---
2026-10-10T05:12:43.6691259Z   duration_ms: 0.4942
2026-10-10T05:12:43.6691417Z   type: 'test'
2026-10-10T05:12:43.6691560Z   ...
2026-10-10T05:12:43.6691967Z # Subtest: stream detach preserves delivered cursor and a rejected callback never acknowledges its event
2026-10-10T05:12:43.6693251Z ok 35 - stream detach preserves delivered cursor and a rejected callback never acknowledges its event
2026-10-10T05:12:43.6693707Z   ---
2026-10-10T05:12:43.6694137Z   duration_ms: 1.4666
2026-10-10T05:12:43.6694323Z   type: 'test'
2026-10-10T05:12:43.6694473Z   ...
2026-10-10T05:12:43.6694885Z # Subtest: EOF, malformed JSON and unsupported frames retain the last accepted cursor
2026-10-10T05:12:43.6695453Z ok 36 - EOF, malformed JSON and unsupported frames retain the last accepted cursor
2026-10-10T05:12:43.6695789Z   ---
2026-10-10T05:12:43.6695944Z   duration_ms: 2.4559
2026-10-10T05:12:43.6696117Z   type: 'test'
2026-10-10T05:12:43.6696261Z   ...
2026-10-10T05:12:43.6696751Z # Subtest: actual reader and subscription reconnect clean EOF at the accepted cursor without replaying commands or events
2026-10-10T05:12:43.6697563Z ok 37 - actual reader and subscription reconnect clean EOF at the accepted cursor without replaying commands or events
2026-10-10T05:12:43.6698016Z   ---
2026-10-10T05:12:43.6698167Z   duration_ms: 5.4714
2026-10-10T05:12:43.6698341Z   type: 'test'
2026-10-10T05:12:43.6698491Z   ...
2026-10-10T05:12:43.7036315Z # Subtest: clean EOF retry stops after its bounded attempts while preserving the acknowledged cursor
2026-10-10T05:12:43.7076159Z ok 38 - clean EOF retry stops after its bounded attempts while preserving the acknowledged cursor
2026-10-10T05:12:43.7076682Z   ---
2026-10-10T05:12:43.7077896Z   duration_ms: 2.0761
2026-10-10T05:12:43.7078662Z   type: 'test'
2026-10-10T05:12:43.7078991Z   ...
2026-10-10T05:12:43.7079600Z # Subtest: resume uses the accepted scoped cursor and HTTP rejection does not trigger a fallback or command
2026-10-10T05:12:43.7080410Z ok 39 - resume uses the accepted scoped cursor and HTTP rejection does not trigger a fallback or command
2026-10-10T05:12:43.7080898Z   ---
2026-10-10T05:12:43.7081142Z   duration_ms: 0.8937
2026-10-10T05:12:43.7081403Z   type: 'test'
2026-10-10T05:12:43.7081664Z   ...
2026-10-10T05:12:43.7082149Z # Subtest: workspace skill inspection uses the native read-only catalogue without inventing activation
2026-10-10T05:12:43.7082918Z ok 40 - workspace skill inspection uses the native read-only catalogue without inventing activation
2026-10-10T05:12:43.7083399Z   ---
2026-10-10T05:12:43.7083630Z   duration_ms: 0.3536
2026-10-10T05:12:43.7084121Z   type: 'test'
2026-10-10T05:12:43.7084345Z   ...
2026-10-10T05:12:43.7084799Z # Subtest: owned-child client keeps parent scope and validates the committed tree cursor
2026-10-10T05:12:43.7085400Z ok 41 - owned-child client keeps parent scope and validates the committed tree cursor
2026-10-10T05:12:43.7085835Z   ---
2026-10-10T05:12:43.7086051Z   duration_ms: 0.445
2026-10-10T05:12:43.7086287Z   type: 'test'
2026-10-10T05:12:43.7086511Z   ...
2026-10-10T05:12:43.7087031Z # Subtest: owned observation covers concurrent admission and paged events without inventing aggregate usage
2026-10-10T05:12:43.7087825Z ok 42 - owned observation covers concurrent admission and paged events without inventing aggregate usage
2026-10-10T05:12:43.7088302Z   ---
2026-10-10T05:12:43.7088520Z   duration_ms: 2.698
2026-10-10T05:12:43.7088764Z   type: 'test'
2026-10-10T05:12:43.7088986Z   ...
2026-10-10T05:12:43.7089456Z # Subtest: owned observation rejects foreign children and events before requesting private child history
2026-10-10T05:12:43.7090785Z ok 43 - owned observation rejects foreign children and events before requesting private child history
2026-10-10T05:12:43.7091247Z   ---
2026-10-10T05:12:43.7091469Z   duration_ms: 0.2568
2026-10-10T05:12:43.7091714Z   type: 'test'
2026-10-10T05:12:43.7091936Z   ...
2026-10-10T05:12:43.7092495Z # Subtest: agent and graph requests preserve the observed profile binding without silently acquiring a newer revision
2026-10-10T05:12:43.7093385Z ok 44 - agent and graph requests preserve the observed profile binding without silently acquiring a newer revision
2026-10-10T05:12:43.7093914Z   ---
2026-10-10T05:12:43.7094143Z   duration_ms: 0.5297
2026-10-10T05:12:43.7094391Z   type: 'test'
2026-10-10T05:12:43.7094611Z   ...
2026-10-10T05:12:43.7096039Z # Subtest: client accepts only an advertised GenerateContent route and carries its native wire through profile admission
2026-10-10T05:12:43.7096928Z ok 45 - client accepts only an advertised GenerateContent route and carries its native wire through profile admission
2026-10-10T05:12:43.7097430Z   ---
2026-10-10T05:12:43.7097642Z   duration_ms: 1.1277
2026-10-10T05:12:43.7097885Z   type: 'test'
2026-10-10T05:12:43.7098103Z   ...
2026-10-10T05:12:43.7098689Z # Subtest: native provider profile client preserves route, key omission, activation and revision at its authenticated origin
2026-10-10T05:12:43.7099529Z ok 46 - native provider profile client preserves route, key omission, activation and revision at its authenticated origin
2026-10-10T05:12:43.7100048Z   ---
2026-10-10T05:12:43.7100261Z   duration_ms: 0.7984
2026-10-10T05:12:43.7100497Z   type: 'test'
2026-10-10T05:12:43.7100715Z   ...
2026-10-10T05:12:43.7101307Z # Subtest: advertised Gemini Settings discovery keeps full model resources and publishes a profile only after footer selection
2026-10-10T05:12:43.7102195Z ok 47 - advertised Gemini Settings discovery keeps full model resources and publishes a profile only after footer selection
2026-10-10T05:12:43.7102718Z   ---
2026-10-10T05:12:43.7102988Z   duration_ms: 2.3978
2026-10-10T05:12:43.7103226Z   type: 'test'
2026-10-10T05:12:43.7103466Z   ...
2026-10-10T05:12:43.7103934Z # Subtest: Gemini Settings cannot discover through absent, disabled or foreign advertised routes
2026-10-10T05:12:43.7104587Z ok 48 - Gemini Settings cannot discover through absent, disabled or foreign advertised routes
2026-10-10T05:12:43.7105002Z   ---
2026-10-10T05:12:43.7105212Z   duration_ms: 0.4502
2026-10-10T05:12:43.7105445Z   type: 'test'
2026-10-10T05:12:43.7105692Z   ...
2026-10-10T05:12:43.7106212Z # Subtest: profile metadata rejects secret references, duplicate identities and inconsistent backend route families
2026-10-10T05:12:43.7107015Z ok 49 - profile metadata rejects secret references, duplicate identities and inconsistent backend route families
2026-10-10T05:12:43.7107506Z   ---
2026-10-10T05:12:43.7107716Z   duration_ms: 0.408
2026-10-10T05:12:43.7108884Z   type: 'test'
2026-10-10T05:12:43.7109372Z   ...
2026-10-10T05:12:43.7109861Z # Subtest: invalid profile mutations never leave the client and discovery rejects key reflection
2026-10-10T05:12:43.7110354Z ok 50 - invalid profile mutations never leave the client and discovery rejects key reflection
2026-10-10T05:12:43.7110629Z   ---
2026-10-10T05:12:43.7110783Z   duration_ms: 0.1638
2026-10-10T05:12:43.7110950Z   type: 'test'
2026-10-10T05:12:43.7111194Z   ...
2026-10-10T05:12:43.7111591Z # Subtest: graph access adapter preserves backend identity, revision and raw human JSON
2026-10-10T05:12:43.7112193Z ok 51 - graph access adapter preserves backend identity, revision and raw human JSON
2026-10-10T05:12:43.7112586Z   ---
2026-10-10T05:12:43.7112781Z   duration_ms: 0.176
2026-10-10T05:12:43.7112999Z   type: 'test'
2026-10-10T05:12:43.7113234Z   ...
2026-10-10T05:12:43.7306774Z # Subtest: session discovery, URL encoding, error handling and origin boundaries
2026-10-10T05:12:43.7307828Z ok 52 - session discovery, URL encoding, error handling and origin boundaries
2026-10-10T05:12:43.7308231Z   ---
2026-10-10T05:12:43.7308468Z   duration_ms: 52.0704
2026-10-10T05:12:43.7308740Z   type: 'test'
2026-10-10T05:12:43.7308952Z   ...
2026-10-10T05:12:43.7309295Z # Subtest: origin-scoped authentication and native request bodies
2026-10-10T05:12:43.7309771Z ok 53 - origin-scoped authentication and native request bodies
2026-10-10T05:12:43.7310107Z   ---
2026-10-10T05:12:43.7310315Z   duration_ms: 0.5216
2026-10-10T05:12:43.7310573Z   type: 'test'
2026-10-10T05:12:43.7310782Z   ...
2026-10-10T05:12:43.7970660Z # Subtest: selection creates an exact relative data draft without claiming a filesystem snapshot
2026-10-10T05:12:43.7971526Z ok 54 - selection creates an exact relative data draft without claiming a filesystem snapshot
2026-10-10T05:12:43.7972024Z   ---
2026-10-10T05:12:43.7972584Z   duration_ms: 2.0632
2026-10-10T05:12:43.7972858Z   type: 'test'
2026-10-10T05:12:43.7973116Z   ...
2026-10-10T05:12:43.7973571Z # Subtest: unsaved Unicode buffer text is preserved and labelled without a save action
2026-10-10T05:12:43.8052934Z ok 55 - unsaved Unicode buffer text is preserved and labelled without a save action
2026-10-10T05:12:43.8053474Z   ---
2026-10-10T05:12:43.8055041Z   duration_ms: 0.3625
2026-10-10T05:12:43.8057518Z   type: 'test'
2026-10-10T05:12:43.8058459Z   ...
2026-10-10T05:12:43.8058883Z # Subtest: virtual, empty, private and linked selections are rejected before buffer reads
2026-10-10T05:12:43.8059538Z ok 56 - virtual, empty, private and linked selections are rejected before buffer reads
2026-10-10T05:12:43.8059989Z   ---
2026-10-10T05:12:43.8060223Z   duration_ms: 1.1264
2026-10-10T05:12:43.8060470Z   type: 'test'
2026-10-10T05:12:43.8060695Z   ...
2026-10-10T05:12:43.8061141Z # Subtest: sibling roots, aliases and case-sensitive canonical siblings cannot supply context
2026-10-10T05:12:43.8061824Z ok 57 - sibling roots, aliases and case-sensitive canonical siblings cannot supply context
2026-10-10T05:12:43.8062743Z   ---
2026-10-10T05:12:43.8062964Z   duration_ms: 0.6735
2026-10-10T05:12:43.8063195Z   type: 'test'
2026-10-10T05:12:43.8063436Z   ...
2026-10-10T05:12:43.8063835Z # Subtest: editor version and selection changes during filesystem observation are rejected
2026-10-10T05:12:43.8064430Z ok 58 - editor version and selection changes during filesystem observation are rejected
2026-10-10T05:12:43.8064841Z   ---
2026-10-10T05:12:43.8065051Z   duration_ms: 2.2235
2026-10-10T05:12:43.8065287Z   type: 'test'
2026-10-10T05:12:43.8065534Z   ...
2026-10-10T05:12:43.8065949Z # Subtest: oversized and malformed selected text is rejected without silent truncation
2026-10-10T05:12:43.8066574Z ok 59 - oversized and malformed selected text is rejected without silent truncation
2026-10-10T05:12:43.8066965Z   ---
2026-10-10T05:12:43.8067168Z   duration_ms: 2.2353
2026-10-10T05:12:43.8067408Z   type: 'test'
2026-10-10T05:12:43.8067645Z   ...
2026-10-10T05:12:43.8068043Z # Subtest: a retargeted editor path is rejected after reading the original buffer
2026-10-10T05:12:43.8068884Z ok 60 - a retargeted editor path is rejected after reading the original buffer
2026-10-10T05:12:43.8069272Z   ---
2026-10-10T05:12:43.8069482Z   duration_ms: 0.3142
2026-10-10T05:12:43.8069713Z   type: 'test'
2026-10-10T05:12:43.8069934Z   ...
2026-10-10T05:12:43.8070332Z # Subtest: unconfigured, replaced workspace and stale adapter observations yield no context
2026-10-10T05:12:43.8070945Z ok 61 - unconfigured, replaced workspace and stale adapter observations yield no context
2026-10-10T05:12:43.8071321Z   ---
2026-10-10T05:12:43.8071476Z   duration_ms: 0.8026
2026-10-10T05:12:43.8071660Z   type: 'test'
2026-10-10T05:12:43.8071826Z   ...
2026-10-10T05:12:43.8072272Z # Subtest: sidebar renders committed subscription events and refreshes metadata without a periodic timer
2026-10-10T05:12:43.8072990Z ok 62 - sidebar renders committed subscription events and refreshes metadata without a periodic timer
2026-10-10T05:12:43.8073416Z   ---
2026-10-10T05:12:43.8073575Z   duration_ms: 77.1191
2026-10-10T05:12:43.8073767Z   type: 'test'
2026-10-10T05:12:43.8073929Z   ...
2026-10-10T05:12:43.8074384Z # Subtest: sidebar terminal snapshot retains queued completion frames until native stream acknowledgement
2026-10-10T05:12:43.8075093Z ok 63 - sidebar terminal snapshot retains queued completion frames until native stream acknowledgement
2026-10-10T05:12:43.8075508Z   ---
2026-10-10T05:12:43.8075667Z   duration_ms: 7.4259
2026-10-10T05:12:43.8075847Z   type: 'test'
2026-10-10T05:12:43.8076017Z   ...
2026-10-10T05:12:43.8076388Z # Subtest: sidebar selection retires its feed, delayed events and queued metadata refresh
2026-10-10T05:12:43.8076912Z ok 64 - sidebar selection retires its feed, delayed events and queued metadata refresh
2026-10-10T05:12:43.8077238Z   ---
2026-10-10T05:12:43.8077584Z   duration_ms: 3.2028
2026-10-10T05:12:43.8077759Z   type: 'test'
2026-10-10T05:12:43.8077914Z   ...
2026-10-10T05:12:43.8078270Z # Subtest: sidebar graph stream refreshes child transcript after direct committed delivery
2026-10-10T05:12:43.8078817Z ok 65 - sidebar graph stream refreshes child transcript after direct committed delivery
2026-10-10T05:12:43.8079158Z   ---
2026-10-10T05:12:43.8079306Z   duration_ms: 6.1283
2026-10-10T05:12:43.8079474Z   type: 'test'
2026-10-10T05:12:43.8079627Z   ...
2026-10-10T05:12:43.8080039Z # Subtest: selection command appends a backend-bound sidebar draft without a question popup or inference
2026-10-10T05:12:43.8080681Z ok 66 - selection command appends a backend-bound sidebar draft without a question popup or inference
2026-10-10T05:12:43.8081057Z   ---
2026-10-10T05:12:43.8081207Z   duration_ms: 3.733
2026-10-10T05:12:43.8081385Z   type: 'test'
2026-10-10T05:12:43.8081532Z   ...
2026-10-10T05:12:43.8081891Z # Subtest: selection rejected by its source adapter adds no draft and submits no model request
2026-10-10T05:12:43.8086110Z ok 67 - selection rejected by its source adapter adds no draft and submits no model request
2026-10-10T05:12:43.8086477Z   ---
2026-10-10T05:12:43.8086641Z   duration_ms: 2.0746
2026-10-10T05:12:43.8086823Z   type: 'test'
2026-10-10T05:12:43.8086989Z   ...
2026-10-10T05:12:43.8087364Z # Subtest: sidebar focus can clear the active editor without discarding the captured document
2026-10-10T05:12:43.8087937Z ok 68 - sidebar focus can clear the active editor without discarding the captured document
2026-10-10T05:12:43.8092332Z   ---
2026-10-10T05:12:43.8092608Z   duration_ms: 4.2514
2026-10-10T05:12:43.8092859Z   type: 'test'
2026-10-10T05:12:43.8093070Z   ...
2026-10-10T05:12:43.8093452Z # Subtest: a workspace change while selection capture is pending discards its context
2026-10-10T05:12:43.8093964Z ok 69 - a workspace change while selection capture is pending discards its context
2026-10-10T05:12:43.8094314Z   ---
2026-10-10T05:12:43.8094471Z   duration_ms: 2.31
2026-10-10T05:12:43.8094635Z   type: 'test'
2026-10-10T05:12:43.8094788Z   ...
2026-10-10T05:12:43.8095366Z # Subtest: context queued before sidebar readiness is discarded on workspace reconnection
2026-10-10T05:12:43.8095896Z ok 70 - context queued before sidebar readiness is discarded on workspace reconnection
2026-10-10T05:12:43.8096223Z   ---
2026-10-10T05:12:43.8096372Z   duration_ms: 2.7348
2026-10-10T05:12:43.8096535Z   type: 'test'
2026-10-10T05:12:43.8096679Z   ...
2026-10-10T05:12:43.8097149Z # Subtest: sidebar reports actual native file-proposal policy and clears it when switching to a legacy backend
2026-10-10T05:12:43.8097810Z ok 71 - sidebar reports actual native file-proposal policy and clears it when switching to a legacy backend
2026-10-10T05:12:43.8098206Z   ---
2026-10-10T05:12:43.8098348Z   duration_ms: 7.6344
2026-10-10T05:12:43.8098517Z   type: 'test'
2026-10-10T05:12:43.8098666Z   ...
2026-10-10T05:12:43.8099095Z # Subtest: pending backend changes are disclosed without replacing the saved conversation or replaying its run
2026-10-10T05:12:43.8099742Z ok 72 - pending backend changes are disclosed without replacing the saved conversation or replaying its run
2026-10-10T05:12:43.8100124Z   ---
2026-10-10T05:12:43.8100271Z   duration_ms: 1.8098
2026-10-10T05:12:43.8101094Z   type: 'test'
2026-10-10T05:12:43.8101271Z   ...
2026-10-10T05:12:43.8101850Z # Subtest: VS Code conversation selection recovers discovery when native provider publication outlives its retired acknowledgement
2026-10-10T05:12:43.8102790Z ok 73 - VS Code conversation selection recovers discovery when native provider publication outlives its retired acknowledgement
2026-10-10T05:12:43.8103314Z   ---
2026-10-10T05:12:43.8103474Z   duration_ms: 3.9339
2026-10-10T05:12:43.8103657Z   type: 'test'
2026-10-10T05:12:43.8103830Z   ...
2026-10-10T05:12:43.8104605Z # Subtest: VS Code recovery discards a late catalogue after another conversation intent and reads the current profile without writes
2026-10-10T05:12:43.8105542Z ok 74 - VS Code recovery discards a late catalogue after another conversation intent and reads the current profile without writes
2026-10-10T05:12:43.8106065Z   ---
2026-10-10T05:12:43.8106225Z   duration_ms: 4.503
2026-10-10T05:12:43.8106415Z   type: 'test'
2026-10-10T05:12:43.8106590Z   ...
2026-10-10T05:12:43.8107202Z # Subtest: VS Code retains saved-profile discovery after Settings close and conversation selection, and rejects another-view stale catalogue
2026-10-10T05:12:43.8108196Z ok 75 - VS Code retains saved-profile discovery after Settings close and conversation selection, and rejects another-view stale catalogue
2026-10-10T05:12:43.8108754Z   ---
2026-10-10T05:12:43.8108913Z   duration_ms: 2.8089
2026-10-10T05:12:43.8109108Z   type: 'test'
2026-10-10T05:12:43.8109274Z   ...
2026-10-10T05:12:43.8109900Z # Subtest: opened folder changes rebind the existing sidebar to its own backend and clear the old draft/observations without cancelling execution
2026-10-10T05:12:43.8110922Z ok 76 - opened folder changes rebind the existing sidebar to its own backend and clear the old draft/observations without cancelling execution
2026-10-10T05:12:43.8111480Z   ---
2026-10-10T05:12:43.8111653Z   duration_ms: 2.1777
2026-10-10T05:12:43.8111838Z   type: 'test'
2026-10-10T05:12:43.8112004Z   ...
2026-10-10T05:12:43.8112452Z # Subtest: an accepted old-folder run survives a delayed reply without becoming the new folder observation
2026-10-10T05:12:43.8113161Z ok 77 - an accepted old-folder run survives a delayed reply without becoming the new folder observation
2026-10-10T05:12:43.8113574Z   ---
2026-10-10T05:12:43.8113733Z   duration_ms: 2.6372
2026-10-10T05:12:43.8113912Z   type: 'test'
2026-10-10T05:12:43.8114072Z   ...
2026-10-10T05:12:43.8114702Z # Subtest: VS Code footer provider command selects a saved key-only profile via native CAS, then discovers without a key and waits for explicit model choice
2026-10-10T05:12:43.8115754Z ok 78 - VS Code footer provider command selects a saved key-only profile via native CAS, then discovers without a key and waits for explicit model choice
2026-10-10T05:12:43.8116411Z   ---
2026-10-10T05:12:43.8116568Z   duration_ms: 3.2033
2026-10-10T05:12:43.8116743Z   type: 'test'
2026-10-10T05:12:43.8116899Z   ...
2026-10-10T05:12:43.8117435Z # Subtest: VS Code context control uses actual observed head and keeps the request acknowledgement separate from completed execution
2026-10-10T05:12:43.8118318Z ok 79 - VS Code context control uses actual observed head and keeps the request acknowledgement separate from completed execution
2026-10-10T05:12:43.8118816Z   ---
2026-10-10T05:12:43.8118967Z   duration_ms: 3.6979
2026-10-10T05:12:43.8119144Z   type: 'test'
2026-10-10T05:12:43.8119302Z   ...
2026-10-10T05:12:43.8119712Z # Subtest: VS Code graph Resume is bound to selected root and freshly observed checkpoint/eligibility
2026-10-10T05:12:43.8120368Z ok 80 - VS Code graph Resume is bound to selected root and freshly observed checkpoint/eligibility
2026-10-10T05:12:43.8123774Z   ---
2026-10-10T05:12:43.8123965Z   duration_ms: 4.6371
2026-10-10T05:12:43.8124173Z   type: 'test'
2026-10-10T05:12:43.8124342Z   ...
2026-10-10T05:12:43.8124824Z # Subtest: VS Code Agent observes scoped leaf histories and tree events without inventing a graph or resubmitting work
2026-10-10T05:12:43.8125577Z ok 81 - VS Code Agent observes scoped leaf histories and tree events without inventing a graph or resubmitting work
2026-10-10T05:12:43.8126019Z   ---
2026-10-10T05:12:43.8126175Z   duration_ms: 3.0123
2026-10-10T05:12:43.8126357Z   type: 'test'
2026-10-10T05:12:43.8126521Z   ...
2026-10-10T05:12:43.8126912Z # Subtest: native admission profile conflict updates the sidebar account/model without task replay
2026-10-10T05:12:43.8127538Z ok 82 - native admission profile conflict updates the sidebar account/model without task replay
2026-10-10T05:12:43.8127922Z   ---
2026-10-10T05:12:43.8130015Z   duration_ms: 2.0092
2026-10-10T05:12:43.8130288Z   type: 'test'
2026-10-10T05:12:43.8130450Z   ...
2026-10-10T05:12:43.8130877Z # Subtest: native terminal state refreshes transcript and stops polling with durable operation inspection
2026-10-10T05:12:43.8131538Z ok 83 - native terminal state refreshes transcript and stops polling with durable operation inspection
2026-10-10T05:12:43.8131941Z   ---
2026-10-10T05:12:43.8132096Z   duration_ms: 2.182
2026-10-10T05:12:43.8132270Z   type: 'test'
2026-10-10T05:12:43.8132425Z   ...
2026-10-10T05:12:43.8132795Z # Subtest: saved Responses enrollment restores discovery and reports the native wire
2026-10-10T05:12:43.8133341Z ok 84 - saved Responses enrollment restores discovery and reports the native wire
2026-10-10T05:12:43.8133654Z   ---
2026-10-10T05:12:43.8133805Z   duration_ms: 2.3556
2026-10-10T05:12:43.8133982Z   type: 'test'
2026-10-10T05:12:43.8134138Z   ...
2026-10-10T05:12:43.8134689Z # Subtest: extension answers only a displayed and freshly owned question with exact raw input/CAS, without changing approval authority
2026-10-10T05:12:43.8135586Z ok 85 - extension answers only a displayed and freshly owned question with exact raw input/CAS, without changing approval authority
2026-10-10T05:12:43.8136088Z   ---
2026-10-10T05:12:43.8136234Z   duration_ms: 6.5844
2026-10-10T05:12:43.8136416Z   type: 'test'
2026-10-10T05:12:43.8136574Z   ...
2026-10-10T05:12:43.8137058Z # Subtest: extension rejects forged question fields, duplicate input keys and stale fresh-head observations before POST
2026-10-10T05:12:43.8137819Z ok 86 - extension rejects forged question fields, duplicate input keys and stale fresh-head observations before POST
2026-10-10T05:12:43.8138250Z   ---
2026-10-10T05:12:43.8138395Z   duration_ms: 5.2335
2026-10-10T05:12:43.8138561Z   type: 'test'
2026-10-10T05:12:43.8138710Z   ...
2026-10-10T05:12:43.8139193Z # Subtest: extension final-human-only ready paused owner exposes authenticated explicit resume with the observed preconditions
2026-10-10T05:12:43.8139995Z ok 87 - extension final-human-only ready paused owner exposes authenticated explicit resume with the observed preconditions
2026-10-10T05:12:43.8140691Z   ---
2026-10-10T05:12:43.8140901Z   duration_ms: 7.0755
2026-10-10T05:12:43.8141121Z   type: 'test'
2026-10-10T05:12:43.8141323Z   ...
2026-10-10T05:12:43.8142539Z # Subtest: extension close during fresh plan revalidation cannot post an answer or publish its obsolete observation
2026-10-10T05:12:43.8143406Z ok 88 - extension close during fresh plan revalidation cannot post an answer or publish its obsolete observation
2026-10-10T05:12:43.8143893Z   ---
2026-10-10T05:12:43.8144104Z   duration_ms: 2.5762
2026-10-10T05:12:43.8144337Z   type: 'test'
2026-10-10T05:12:43.8144551Z   ...
2026-10-10T05:12:43.8145050Z # Subtest: extension plan-read conflict clears the old action projection and never retries its input mutation
2026-10-10T05:12:43.8145794Z ok 89 - extension plan-read conflict clears the old action projection and never retries its input mutation
2026-10-10T05:12:43.8146214Z   ---
2026-10-10T05:12:43.8146364Z   duration_ms: 2.5614
2026-10-10T05:12:43.8146546Z   type: 'test'
2026-10-10T05:12:43.8146702Z   ...
2026-10-10T05:12:43.8147163Z # Subtest: settings key fetches a sidebar list; only a separate model selection saves encrypted backend settings
2026-10-10T05:12:43.8147846Z ok 90 - settings key fetches a sidebar list; only a separate model selection saves encrypted backend settings
2026-10-10T05:12:43.8148236Z   ---
2026-10-10T05:12:43.8148383Z   duration_ms: 2.5515
2026-10-10T05:12:43.8148559Z   type: 'test'
2026-10-10T05:12:43.8171378Z   ...
2026-10-10T05:12:43.8171799Z # Subtest: sidebar selection rejects an ID outside the actual discovery response
2026-10-10T05:12:43.8172317Z ok 91 - sidebar selection rejects an ID outside the actual discovery response
2026-10-10T05:12:43.8172628Z   ---
2026-10-10T05:12:43.8172780Z   duration_ms: 2.2216
2026-10-10T05:12:43.8172954Z   type: 'test'
2026-10-10T05:12:43.8173308Z   ...
2026-10-10T05:12:43.8173808Z # Subtest: sidebar rename binds selected session and original title, refreshes metadata and reports conflicts without inference
2026-10-10T05:12:43.8174610Z ok 92 - sidebar rename binds selected session and original title, refreshes metadata and reports conflicts without inference
2026-10-10T05:12:43.8175058Z   ---
2026-10-10T05:12:43.8175211Z   duration_ms: 3.8092
2026-10-10T05:12:43.8175378Z   type: 'test'
2026-10-10T05:12:43.8175527Z   ...
2026-10-10T05:12:43.8175892Z # Subtest: invalid keys and unsupported provider destinations never transmit credentials
2026-10-10T05:12:43.8176458Z ok 93 - invalid keys and unsupported provider destinations never transmit credentials
2026-10-10T05:12:43.8176799Z   ---
2026-10-10T05:12:43.8176952Z   duration_ms: 15.3604
2026-10-10T05:12:43.8177116Z   type: 'test'
2026-10-10T05:12:43.8177262Z   ...
2026-10-10T05:12:43.8197037Z # Subtest: discovery errors and malformed or empty catalogs never save provider settings
2026-10-10T05:12:43.8197783Z ok 94 - discovery errors and malformed or empty catalogs never save provider settings
2026-10-10T05:12:43.8198205Z   ---
2026-10-10T05:12:43.8198420Z   duration_ms: 7.5563
2026-10-10T05:12:43.8198666Z   type: 'test'
2026-10-10T05:12:43.8198873Z   ...
2026-10-10T05:12:43.8224163Z # Subtest: closing during discovery prevents publishing a list or saving a credential
2026-10-10T05:12:43.8226158Z ok 95 - closing during discovery prevents publishing a list or saving a credential
2026-10-10T05:12:43.8226573Z   ---
2026-10-10T05:12:43.8226790Z   duration_ms: 2.4689
2026-10-10T05:12:43.8227018Z   type: 'test'
2026-10-10T05:12:43.8227219Z   ...
2026-10-10T05:12:43.8259857Z # Subtest: saved key populates the sidebar automatically and changes models without a key popup
2026-10-10T05:12:43.8260627Z ok 96 - saved key populates the sidebar automatically and changes models without a key popup
2026-10-10T05:12:43.8261718Z   ---
2026-10-10T05:12:43.8348275Z   duration_ms: 3.0508
2026-10-10T05:12:43.8372481Z   type: 'test'
2026-10-10T05:12:43.8372686Z   ...
2026-10-10T05:12:43.8379933Z # Subtest: rejected saved key shows settings guidance and replacement uses the same sidebar selection
2026-10-10T05:12:43.8403896Z ok 97 - rejected saved key shows settings guidance and replacement uses the same sidebar selection
2026-10-10T05:12:43.8404412Z   ---
2026-10-10T05:12:43.8404635Z   duration_ms: 2.8538
2026-10-10T05:12:43.8404872Z   type: 'test'
2026-10-10T05:12:43.8405077Z   ...
2026-10-10T05:12:43.8428897Z # Subtest: graph observation keeps child transcript and usage out of the root stream
2026-10-10T05:12:43.8430038Z ok 98 - graph observation keeps child transcript and usage out of the root stream
2026-10-10T05:12:43.8430763Z   ---
2026-10-10T05:12:43.8431068Z   duration_ms: 11.8274
2026-10-10T05:12:43.8431272Z   type: 'test'
2026-10-10T05:12:43.8431808Z   ...
2026-10-10T05:12:43.8473986Z # Subtest: human input binds observed root, waiting node and exact checkpoint; raw JSON reaches the backend
2026-10-10T05:12:43.8474945Z ok 99 - human input binds observed root, waiting node and exact checkpoint; raw JSON reaches the backend
2026-10-10T05:12:43.8475405Z   ---
2026-10-10T05:12:43.8475578Z   duration_ms: 7.275
2026-10-10T05:12:43.8475760Z   type: 'test'
2026-10-10T05:12:43.8475938Z   ...
2026-10-10T05:12:43.8503444Z # Subtest: selection intent invalidates queued human input before another conversation is displayed
2026-10-10T05:12:43.8504276Z ok 100 - selection intent invalidates queued human input before another conversation is displayed
2026-10-10T05:12:43.8504736Z   ---
2026-10-10T05:12:43.8504956Z   duration_ms: 2.5682
2026-10-10T05:12:43.8505210Z   type: 'test'
2026-10-10T05:12:43.8505420Z   ...
2026-10-10T05:12:43.8538499Z # Subtest: graph child approval retains exact current operation review and uses the shared decision endpoint
2026-10-10T05:12:43.8541092Z ok 101 - graph child approval retains exact current operation review and uses the shared decision endpoint
2026-10-10T05:12:43.8541886Z   ---
2026-10-10T05:12:43.8542137Z   duration_ms: 3.7879
2026-10-10T05:12:43.8542380Z   type: 'test'
2026-10-10T05:12:43.8542608Z   ...
2026-10-10T05:12:43.8567221Z # Subtest: graph catalog allows model-free tool graphs and rejects arbitrary view plans or graph IDs
2026-10-10T05:12:43.8567954Z ok 102 - graph catalog allows model-free tool graphs and rejects arbitrary view plans or graph IDs
2026-10-10T05:12:43.8568375Z   ---
2026-10-10T05:12:43.8568555Z   duration_ms: 3.2455
2026-10-10T05:12:43.8568745Z   type: 'test'
2026-10-10T05:12:43.8568904Z   ...
2026-10-10T05:12:43.8589396Z # Subtest: workflow choice persists for the same backend and restores only an advertised executable graph
2026-10-10T05:12:43.8590221Z ok 103 - workflow choice persists for the same backend and restores only an advertised executable graph
2026-10-10T05:12:43.8590651Z   ---
2026-10-10T05:12:43.8591401Z   duration_ms: 2.1826
2026-10-10T05:12:43.8591706Z   type: 'test'
2026-10-10T05:12:43.8591969Z   ...
2026-10-10T05:12:43.8644167Z # Subtest: older run inspection remains accessible and selected run persists across view reopening
2026-10-10T05:12:43.8655504Z ok 104 - older run inspection remains accessible and selected run persists across view reopening
2026-10-10T05:12:43.8672332Z   ---
2026-10-10T05:12:43.8672551Z   duration_ms: 3.0159
2026-10-10T05:12:43.8672930Z   type: 'test'
2026-10-10T05:12:43.8674767Z   ...
2026-10-10T05:12:43.8713017Z # Subtest: run selection rejects IDs outside the selected conversation before fetching their details
2026-10-10T05:12:43.8713833Z ok 105 - run selection rejects IDs outside the selected conversation before fetching their details
2026-10-10T05:12:43.8714676Z   ---
2026-10-10T05:12:43.8714818Z   duration_ms: 9.1179
2026-10-10T05:12:43.8714953Z   type: 'test'
2026-10-10T05:12:43.8715204Z   ...
2026-10-10T05:12:43.8737085Z # Subtest: older terminal run keeps observing an active conversation and rejects another submission
2026-10-10T05:12:43.8738041Z ok 106 - older terminal run keeps observing an active conversation and rejects another submission
2026-10-10T05:12:43.8738460Z   ---
2026-10-10T05:12:43.8739279Z   duration_ms: 2.7283
2026-10-10T05:12:43.8739466Z   type: 'test'
2026-10-10T05:12:43.8739623Z   ...
2026-10-10T05:12:43.8759455Z # Subtest: uncertain edit inspection uses the host-only read endpoint without deciding or accepting webview paths
2026-10-10T05:12:43.8760679Z ok 107 - uncertain edit inspection uses the host-only read endpoint without deciding or accepting webview paths
2026-10-10T05:12:43.8762705Z   ---
2026-10-10T05:12:43.8763102Z   duration_ms: 1.9699
2026-10-10T05:12:43.8763332Z   type: 'test'
2026-10-10T05:12:43.8763540Z   ...
2026-10-10T05:12:43.8792874Z # Subtest: inspection rejects a different backend operation and discards observations after selection changes
2026-10-10T05:12:43.8793907Z ok 108 - inspection rejects a different backend operation and discards observations after selection changes
2026-10-10T05:12:43.8794546Z   ---
2026-10-10T05:12:43.8794722Z   duration_ms: 3.5276
2026-10-10T05:12:43.8794904Z   type: 'test'
2026-10-10T05:12:43.8795040Z   ...
2026-10-10T05:12:43.8822459Z # Subtest: only a reviewed pending operation can be decided and payload stays backend-owned
2026-10-10T05:12:43.8824863Z ok 109 - only a reviewed pending operation can be decided and payload stays backend-owned
2026-10-10T05:12:43.8825297Z   ---
2026-10-10T05:12:43.8825720Z   duration_ms: 2.3197
2026-10-10T05:12:43.8825953Z   type: 'test'
2026-10-10T05:12:43.8826173Z   ...
2026-10-10T05:12:43.8844960Z # Subtest: closing the view during proposal revalidation cannot send an approval
2026-10-10T05:12:43.8847162Z ok 110 - closing the view during proposal revalidation cannot send an approval
2026-10-10T05:12:43.8847783Z   ---
2026-10-10T05:12:43.8847952Z   duration_ms: 1.9405
2026-10-10T05:12:43.8848133Z   type: 'test'
2026-10-10T05:12:43.8848295Z   ...
2026-10-10T05:12:43.8890356Z # Subtest: changed proposal bytes invalidate the displayed review
2026-10-10T05:12:43.8890823Z ok 111 - changed proposal bytes invalidate the displayed review
2026-10-10T05:12:43.8891123Z   ---
2026-10-10T05:12:43.8891309Z   duration_ms: 4.9278
2026-10-10T05:12:43.8891864Z   type: 'test'
2026-10-10T05:12:43.8892038Z   ...
2026-10-10T05:12:43.8909961Z # Subtest: session selection intent invalidates an in-flight approval before queued selection runs
2026-10-10T05:12:43.8910878Z ok 112 - session selection intent invalidates an in-flight approval before queued selection runs
2026-10-10T05:12:43.8911129Z   ---
2026-10-10T05:12:43.8911237Z   duration_ms: 1.8295
2026-10-10T05:12:43.8911356Z   type: 'test'
2026-10-10T05:12:43.8911456Z   ...
2026-10-10T05:12:43.8928523Z # Subtest: closing a panel during history loading cannot start a detached poller
2026-10-10T05:12:43.8929464Z ok 113 - closing a panel during history loading cannot start a detached poller
2026-10-10T05:12:43.8929916Z   ---
2026-10-10T05:12:43.8930104Z   duration_ms: 2.0084
2026-10-10T05:12:43.8930308Z   type: 'test'
2026-10-10T05:12:43.8930469Z   ...
2026-10-10T05:12:43.8943588Z # Subtest: older native servers without a catalogue keep default execution without invented model IDs
2026-10-10T05:12:43.8944436Z ok 114 - older native servers without a catalogue keep default execution without invented model IDs
2026-10-10T05:12:43.8944835Z   ---
2026-10-10T05:12:43.8945169Z   duration_ms: 1.771
2026-10-10T05:12:43.8945290Z   type: 'test'
2026-10-10T05:12:43.8968454Z   ...
2026-10-10T05:12:43.8968920Z # Subtest: edit comparison opens exact revalidated backend snapshots without granting or writing
2026-10-10T05:12:43.8969699Z ok 115 - edit comparison opens exact revalidated backend snapshots without granting or writing
2026-10-10T05:12:43.8970100Z   ---
2026-10-10T05:12:43.8970234Z   duration_ms: 2.2278
2026-10-10T05:12:43.8970354Z   type: 'test'
2026-10-10T05:12:43.8970454Z   ...
2026-10-10T05:12:43.8995525Z # Subtest: creation comparison opens absent-to-proposed snapshots without creating a file or granting
2026-10-10T05:12:43.9006717Z ok 116 - creation comparison opens absent-to-proposed snapshots without creating a file or granting
2026-10-10T05:12:43.9008026Z   ---
2026-10-10T05:12:43.9008196Z   duration_ms: 2.2992
2026-10-10T05:12:43.9008385Z   type: 'test'
2026-10-10T05:12:43.9008536Z   ...
2026-10-10T05:12:43.9029809Z # Subtest: refresh reloads backend execution capabilities and history without submitting a run
2026-10-10T05:12:43.9032352Z ok 117 - refresh reloads backend execution capabilities and history without submitting a run
2026-10-10T05:12:43.9032763Z   ---
2026-10-10T05:12:43.9033093Z   duration_ms: 3.6695
2026-10-10T05:12:43.9033276Z   type: 'test'
2026-10-10T05:12:43.9033432Z   ...
2026-10-10T05:12:43.9101944Z # Subtest: selected configured model survives view reopening and retired models fall back on refresh
2026-10-10T05:12:43.9102937Z ok 118 - selected configured model survives view reopening and retired models fall back on refresh
2026-10-10T05:12:43.9103731Z   ---
2026-10-10T05:12:43.9103939Z   duration_ms: 6.8474
2026-10-10T05:12:43.9104134Z   type: 'test'
2026-10-10T05:12:43.9104302Z   ...
2026-10-10T05:12:43.9122495Z # Subtest: normal development bootstrap completes activation before resolving the sidebar and clears private environment
2026-10-10T05:12:43.9123495Z ok 119 - normal development bootstrap completes activation before resolving the sidebar and clears private environment
2026-10-10T05:12:43.9123830Z   ---
2026-10-10T05:12:43.9123942Z   duration_ms: 2.3269
2026-10-10T05:12:43.9124062Z   type: 'test'
2026-10-10T05:12:43.9124163Z   ...
2026-10-10T05:12:43.9201525Z # Subtest: all patch action comparisons use revalidated read-only backend snapshots and never grant
2026-10-10T05:12:43.9202700Z ok 120 - all patch action comparisons use revalidated read-only backend snapshots and never grant
2026-10-10T05:12:43.9203115Z   ---
2026-10-10T05:12:43.9203288Z   duration_ms: 8.0149
2026-10-10T05:12:43.9203469Z   type: 'test'
2026-10-10T05:12:43.9203899Z   ...
2026-10-10T05:12:43.9221697Z # Subtest: a forged Allow message cannot approve malformed backend patch snapshots
2026-10-10T05:12:43.9222788Z ok 121 - a forged Allow message cannot approve malformed backend patch snapshots
2026-10-10T05:12:43.9223138Z   ---
2026-10-10T05:12:43.9224828Z   duration_ms: 2.1297
2026-10-10T05:12:43.9225178Z   type: 'test'
2026-10-10T05:12:43.9225402Z   ...
2026-10-10T05:12:43.9242440Z # Subtest: managed model choice survives an adapter-port change using native workspace/profile scope
2026-10-10T05:12:43.9244911Z ok 122 - managed model choice survives an adapter-port change using native workspace/profile scope
2026-10-10T05:12:43.9245911Z   ---
2026-10-10T05:12:43.9247082Z   duration_ms: 1.6694
2026-10-10T05:12:43.9247296Z   type: 'test'
2026-10-10T05:12:43.9247439Z   ...
2026-10-10T05:12:43.9263915Z # Subtest: a different native profile cannot restore a foreign saved model even at the same adapter URL
2026-10-10T05:12:43.9268740Z ok 123 - a different native profile cannot restore a foreign saved model even at the same adapter URL
2026-10-10T05:12:43.9269535Z   ---
2026-10-10T05:12:43.9269749Z   duration_ms: 2.6367
2026-10-10T05:12:43.9269937Z   type: 'test'
2026-10-10T05:12:43.9270095Z   ...
2026-10-10T05:12:43.9278833Z # Subtest: folder switching before the first sidebar exists reopens the latest workspace after stale startup
2026-10-10T05:12:43.9295302Z ok 124 - folder switching before the first sidebar exists reopens the latest workspace after stale startup
2026-10-10T05:12:43.9295844Z   ---
2026-10-10T05:12:43.9296062Z   duration_ms: 2.5107
2026-10-10T05:12:43.9296287Z   type: 'test'
2026-10-10T05:12:43.9296485Z   ...
2026-10-10T05:12:44.3553766Z # Subtest: staging preserves accepted native bytes and pure source while excluding interpreters and bytecode
2026-10-10T05:12:44.3554536Z ok 125 - staging preserves accepted native bytes and pure source while excluding interpreters and bytecode
2026-10-10T05:12:44.3555408Z   ---
2026-10-10T05:12:44.3558732Z   duration_ms: 186.3756
2026-10-10T05:12:44.3559232Z   type: 'test'
2026-10-10T05:12:44.3561146Z   ...
2026-10-10T05:12:44.3561803Z # Subtest: unified staging binds one product executable and rejects legacy launcher injection
2026-10-10T05:12:44.3562382Z ok 126 - unified staging binds one product executable and rejects legacy launcher injection
2026-10-10T05:12:44.3562757Z   ---
2026-10-10T05:12:44.3562925Z   duration_ms: 481.6585
2026-10-10T05:12:44.3563096Z   type: 'test'
2026-10-10T05:12:44.3563244Z   ...
2026-10-10T05:12:44.3972008Z # Subtest: unbound or changed native source manifests never publish output
2026-10-10T05:12:44.3972562Z ok 127 - unbound or changed native source manifests never publish output
2026-10-10T05:12:44.3972886Z   ---
2026-10-10T05:12:44.3973084Z   duration_ms: 41.5233
2026-10-10T05:12:44.3973273Z   type: 'test'
2026-10-10T05:12:44.3973432Z   ...
2026-10-10T05:12:44.4321487Z # Subtest: source inventory cannot include a Python executable or missing native file
2026-10-10T05:12:44.4322017Z ok 128 - source inventory cannot include a Python executable or missing native file
2026-10-10T05:12:44.4322249Z   ---
2026-10-10T05:12:44.4322360Z   duration_ms: 34.9129
2026-10-10T05:12:44.4322484Z   type: 'test'
2026-10-10T05:12:44.4322588Z   ...
2026-10-10T05:12:44.4776330Z # Subtest: missing pure source, license output collision and reused output fail before publication
2026-10-10T05:12:44.4777049Z ok 129 - missing pure source, license output collision and reused output fail before publication
2026-10-10T05:12:44.4777297Z   ---
2026-10-10T05:12:44.4777406Z   duration_ms: 45.4708
2026-10-10T05:12:44.4777530Z   type: 'test'
2026-10-10T05:12:44.4777631Z   ...
2026-10-10T05:12:44.5230320Z # Subtest: outputs cannot be nested in source trees and private paths cannot be license inputs
2026-10-10T05:12:44.5240570Z ok 130 - outputs cannot be nested in source trees and private paths cannot be license inputs
2026-10-10T05:12:44.5240970Z   ---
2026-10-10T05:12:44.5244779Z   duration_ms: 40.7436
2026-10-10T05:12:44.5245054Z   type: 'test'
2026-10-10T05:12:44.5246879Z   ...
2026-10-10T05:12:44.5506922Z # Subtest: symbolic source aliases cannot enter a native runtime package
2026-10-10T05:12:44.5508505Z ok 131 - symbolic source aliases cannot enter a native runtime package
2026-10-10T05:12:44.5508807Z   ---
2026-10-10T05:12:44.5508973Z   duration_ms: 32.0864
2026-10-10T05:12:44.5509156Z   type: 'test'
2026-10-10T05:12:44.5509317Z   ...
2026-10-10T05:12:44.5819195Z # Subtest: packaged native discovery binds every listed byte and returns paths without launching
2026-10-10T05:12:44.5819907Z ok 132 - packaged native discovery binds every listed byte and returns paths without launching
2026-10-10T05:12:44.5824496Z   ---
2026-10-10T05:12:44.5830219Z   duration_ms: 47.6875
2026-10-10T05:12:44.5830936Z   type: 'test'
2026-10-10T05:12:44.5831307Z   ...
2026-10-10T05:12:44.5831811Z # Subtest: unified package resolves fixed entry modes and retains the exact primary executable
2026-10-10T05:12:44.5832743Z ok 133 - unified package resolves fixed entry modes and retains the exact primary executable
2026-10-10T05:12:44.5833932Z   ---
2026-10-10T05:12:44.5834945Z   duration_ms: 444.0886
2026-10-10T05:12:44.5835202Z   type: 'test'
2026-10-10T05:12:44.5835880Z   ...
2026-10-10T05:12:44.5837352Z # Subtest: one format rejects missing primary executables, legacy launchers and unsupported schemas
2026-10-10T05:12:44.5837989Z ok 134 - one format rejects missing primary executables, legacy launchers and unsupported schemas
2026-10-10T05:12:44.5839145Z   ---
2026-10-10T05:12:44.5839777Z   duration_ms: 26.7004
2026-10-10T05:12:44.5840345Z   type: 'test'
2026-10-10T05:12:44.5840886Z   ...
2026-10-10T05:12:44.5842456Z # Subtest: retained generation uses verified private inventory and reuses exact bytes without overwriting
2026-10-10T05:12:44.5843209Z ok 135 - retained generation uses verified private inventory and reuses exact bytes without overwriting
2026-10-10T05:12:44.5843683Z   ---
2026-10-10T05:12:44.5843887Z   duration_ms: 105.6993
2026-10-10T05:12:44.5844117Z   type: 'test'
2026-10-10T05:12:44.5845520Z   ...
2026-10-10T05:12:44.5846319Z # Subtest: managed generation refuses unqualified pure-source override without creating runtime storage
2026-10-10T05:12:44.5847074Z ok 136 - managed generation refuses unqualified pure-source override without creating runtime storage
2026-10-10T05:12:44.5847563Z   ---
2026-10-10T05:12:44.5847759Z   duration_ms: 50.3024
2026-10-10T05:12:44.5847979Z   type: 'test'
2026-10-10T05:12:44.5848206Z   ...
2026-10-10T05:12:44.5848683Z # Subtest: explicit machine runtime and pure source paths do not search the repository or configuration
2026-10-10T05:12:44.5849383Z ok 137 - explicit machine runtime and pure source paths do not search the repository or configuration
2026-10-10T05:12:44.5849816Z   ---
2026-10-10T05:12:44.5850019Z   duration_ms: 48.5823
2026-10-10T05:12:44.5850249Z   type: 'test'
2026-10-10T05:12:44.5850450Z   ...
2026-10-10T05:12:44.5851097Z # Subtest: unsupported host or remote execution is rejected before filesystem access
2026-10-10T05:12:44.5851629Z ok 138 - unsupported host or remote execution is rejected before filesystem access
2026-10-10T05:12:44.5851934Z   ---
2026-10-10T05:12:44.5852032Z   duration_ms: 0.5441
2026-10-10T05:12:44.5852150Z   type: 'test'
2026-10-10T05:12:44.5852246Z   ...
2026-10-10T05:12:44.6077343Z # Subtest: binary tampering and missing pure-source inventory are rejected
2026-10-10T05:12:44.6078278Z ok 139 - binary tampering and missing pure-source inventory are rejected
2026-10-10T05:12:44.6078480Z   ---
2026-10-10T05:12:44.6078592Z   duration_ms: 27.6921
2026-10-10T05:12:44.6078770Z   type: 'test'
2026-10-10T05:12:44.6078923Z   ...
2026-10-10T05:12:44.6295959Z # Subtest: manifest forbids unknown executables, native Python extensions, traversal and private paths
2026-10-10T05:12:44.6297017Z ok 140 - manifest forbids unknown executables, native Python extensions, traversal and private paths
2026-10-10T05:12:44.6297453Z   ---
2026-10-10T05:12:44.6297631Z   duration_ms: 21.4107
2026-10-10T05:12:44.6297814Z   type: 'test'
2026-10-10T05:12:44.6297982Z   ...
2026-10-10T05:12:44.6654889Z # Subtest: unexpected files are rejected even when every expected hash is unchanged
2026-10-10T05:12:44.6655867Z ok 141 - unexpected files are rejected even when every expected hash is unchanged
2026-10-10T05:12:44.6656522Z   ---
2026-10-10T05:12:44.6656788Z   duration_ms: 36.4752
2026-10-10T05:12:44.6657056Z   type: 'test'
2026-10-10T05:12:44.6657271Z   ...
2026-10-10T05:12:44.7772584Z # Subtest: relative, controlled or malformed configuration paths are rejected without reading keys
2026-10-10T05:12:44.7774314Z ok 142 - relative, controlled or malformed configuration paths are rejected without reading keys
2026-10-10T05:12:44.7774817Z   ---
2026-10-10T05:12:44.7775000Z   duration_ms: 111.655
2026-10-10T05:12:44.7775393Z   type: 'test'
2026-10-10T05:12:44.7775582Z   ...
2026-10-10T05:12:44.7863007Z # Subtest: new workspace with imported keys asks for a saved provider without discovery, activation or another key
2026-10-10T05:12:44.7863719Z ok 143 - new workspace with imported keys asks for a saved provider without discovery, activation or another key
2026-10-10T05:12:44.7864167Z   ---
2026-10-10T05:12:44.7864407Z   duration_ms: 1.6953
2026-10-10T05:12:44.7864665Z   type: 'test'
2026-10-10T05:12:44.7865080Z   ...
2026-10-10T05:12:44.7865417Z # Subtest: saved-provider guidance cannot publish after its workspace attachment is retired
2026-10-10T05:12:44.7865931Z ok 144 - saved-provider guidance cannot publish after its workspace attachment is retired
2026-10-10T05:12:44.7866251Z   ---
2026-10-10T05:12:44.7866427Z   duration_ms: 0.1957
2026-10-10T05:12:44.7866905Z   type: 'test'
2026-10-10T05:12:44.7867075Z   ...
2026-10-10T05:12:44.7867645Z # Subtest: saved key-only provider selection is a native CAS followed by discovery, with model enrollment only on explicit selection
2026-10-10T05:12:44.7868488Z ok 145 - saved key-only provider selection is a native CAS followed by discovery, with model enrollment only on explicit selection
2026-10-10T05:12:44.7869009Z   ---
2026-10-10T05:12:44.7869122Z   duration_ms: 0.7099
2026-10-10T05:12:44.7869239Z   type: 'test'
2026-10-10T05:12:44.7869342Z   ...
2026-10-10T05:12:44.7869610Z # Subtest: conflicting provider selection reads fresh metadata once without replaying the native selection
2026-10-10T05:12:44.7870020Z ok 146 - conflicting provider selection reads fresh metadata once without replaying the native selection
2026-10-10T05:12:44.7870266Z   ---
2026-10-10T05:12:44.7870376Z   duration_ms: 0.3103
2026-10-10T05:12:44.7870490Z   type: 'test'
2026-10-10T05:12:44.7870596Z   ...
2026-10-10T05:12:44.7870890Z # Subtest: saved-credential discovery survives close and conversation discard, with exact native CAS and no retained key
2026-10-10T05:12:44.7871364Z ok 147 - saved-credential discovery survives close and conversation discard, with exact native CAS and no retained key
2026-10-10T05:12:44.7871639Z   ---
2026-10-10T05:12:44.7871737Z   duration_ms: 0.5099
2026-10-10T05:12:44.7871856Z   type: 'test'
2026-10-10T05:12:44.7871956Z   ...
2026-10-10T05:12:44.7872230Z # Subtest: external profile, registry, route or backend identity changes retire saved catalogue without a model write
2026-10-10T05:12:44.7872672Z ok 148 - external profile, registry, route or backend identity changes retire saved catalogue without a model write
2026-10-10T05:12:44.7872935Z   ---
2026-10-10T05:12:44.7873030Z   duration_ms: 1.1477
2026-10-10T05:12:44.7873140Z   type: 'test'
2026-10-10T05:12:44.7873237Z   ...
2026-10-10T05:12:44.7873929Z # Subtest: unsaved keys never enter retained catalogue and discard or expiry removes their selection authority
2026-10-10T05:12:44.7874515Z ok 149 - unsaved keys never enter retained catalogue and discard or expiry removes their selection authority
2026-10-10T05:12:44.7874854Z   ---
2026-10-10T05:12:44.7875225Z   duration_ms: 1.5063
2026-10-10T05:12:44.7875426Z   type: 'test'
2026-10-10T05:12:44.7875652Z   ...
2026-10-10T05:12:44.7876075Z # Subtest: older metadata reads cannot erase the newer saved-profile observation or republish its catalogue
2026-10-10T05:12:44.7876633Z ok 150 - older metadata reads cannot erase the newer saved-profile observation or republish its catalogue
2026-10-10T05:12:44.7876963Z   ---
2026-10-10T05:12:44.7877182Z   duration_ms: 0.1962
2026-10-10T05:12:44.7877423Z   type: 'test'
2026-10-10T05:12:44.7877653Z   ...
2026-10-10T05:12:44.7878066Z # Subtest: admission reconciliation refreshes changed metadata and discards pending keys without replay
2026-10-10T05:12:44.7878621Z ok 151 - admission reconciliation refreshes changed metadata and discards pending keys without replay
2026-10-10T05:12:44.7878944Z   ---
2026-10-10T05:12:44.7879157Z   duration_ms: 0.4162
2026-10-10T05:12:44.7879398Z   type: 'test'
2026-10-10T05:12:44.7879627Z   ...
2026-10-10T05:12:44.7880024Z # Subtest: retired admission reconciliation cannot publish a late metadata response
2026-10-10T05:12:44.7880496Z ok 152 - retired admission reconciliation cannot publish a late metadata response
2026-10-10T05:12:44.7880848Z   ---
2026-10-10T05:12:44.7881120Z   duration_ms: 0.3377
2026-10-10T05:12:44.7881311Z   type: 'test'
2026-10-10T05:12:44.7881486Z   ...
2026-10-10T05:12:44.7881833Z # Subtest: admission uses the profile snapshot already shown in this view and does not refresh past an external change
2026-10-10T05:12:44.7882286Z ok 153 - admission uses the profile snapshot already shown in this view and does not refresh past an external change
2026-10-10T05:12:44.7882786Z   ---
2026-10-10T05:12:44.7882889Z   duration_ms: 0.2147
2026-10-10T05:12:44.7883007Z   type: 'test'
2026-10-10T05:12:44.7883112Z   ...
2026-10-10T05:12:44.7883372Z # Subtest: profile setup discovers privately, rejects forged models and enrolls only on footer selection
2026-10-10T05:12:44.7883771Z ok 154 - profile setup discovers privately, rejects forged models and enrolls only on footer selection
2026-10-10T05:12:44.7884011Z   ---
2026-10-10T05:12:44.7884109Z   duration_ms: 0.3996
2026-10-10T05:12:44.7884300Z   type: 'test'
2026-10-10T05:12:44.7884404Z   ...
2026-10-10T05:12:44.7884647Z # Subtest: saved-key discovery stays on its owned route while native save can rebind within the family
2026-10-10T05:12:44.7885019Z ok 155 - saved-key discovery stays on its owned route while native save can rebind within the family
2026-10-10T05:12:44.7885246Z   ---
2026-10-10T05:12:44.7885341Z   duration_ms: 0.2241
2026-10-10T05:12:44.7885453Z   type: 'test'
2026-10-10T05:12:44.7885551Z   ...
2026-10-10T05:12:44.7885809Z # Subtest: disposing or changing backend cannot publish late discovery or send a pending key in enrollment
2026-10-10T05:12:44.7886204Z ok 156 - disposing or changing backend cannot publish late discovery or send a pending key in enrollment
2026-10-10T05:12:44.7886440Z   ---
2026-10-10T05:12:44.7886536Z   duration_ms: 5.2376
2026-10-10T05:12:44.7886650Z   type: 'test'
2026-10-10T05:12:44.7886752Z   ...
2026-10-10T05:12:46.1584622Z # Subtest: footer file-change mode follows native capability and never promises writes for unknown legacy policy
2026-10-10T05:12:46.1585811Z ok 157 - footer file-change mode follows native capability and never promises writes for unknown legacy policy
2026-10-10T05:12:46.1586429Z   ---
2026-10-10T05:12:46.1586725Z   duration_ms: 119.5528
2026-10-10T05:12:46.1587228Z   type: 'test'
2026-10-10T05:12:46.1587502Z   ...
2026-10-10T05:12:46.1588070Z # Subtest: skill chooser stays in the sidebar footer, retains focus, and sends revision-bound attachment intent
2026-10-10T05:12:46.1588914Z ok 158 - skill chooser stays in the sidebar footer, retains focus, and sends revision-bound attachment intent
2026-10-10T05:12:46.1589444Z   ---
2026-10-10T05:12:46.1589708Z   duration_ms: 29.678
2026-10-10T05:12:46.1589996Z   type: 'test'
2026-10-10T05:12:46.1590387Z   ...
2026-10-10T05:12:46.1597030Z # Subtest: effective backend root uses plain text and folder switch clears the old draft
2026-10-10T05:12:46.1597733Z ok 159 - effective backend root uses plain text and folder switch clears the old draft
2026-10-10T05:12:46.1598116Z   ---
2026-10-10T05:12:46.1598274Z   duration_ms: 17.9878
2026-10-10T05:12:46.1598456Z   type: 'test'
2026-10-10T05:12:46.1598618Z   ...
2026-10-10T05:12:46.1599177Z # Subtest: footer saved-provider chooser uses public profiles, preserves actual selection until acknowledgement and never opens key settings
2026-10-10T05:12:46.1600093Z ok 160 - footer saved-provider chooser uses public profiles, preserves actual selection until acknowledgement and never opens key settings
2026-10-10T05:12:46.1600626Z   ---
2026-10-10T05:12:46.1600785Z   duration_ms: 19.0807
2026-10-10T05:12:46.1600970Z   type: 'test'
2026-10-10T05:12:46.1601129Z   ...
2026-10-10T05:12:46.1601536Z # Subtest: DeepSeek Settings enrollment uses the footer model chooser and saved response metrics
2026-10-10T05:12:46.1602195Z ok 161 - DeepSeek Settings enrollment uses the footer model chooser and saved response metrics
2026-10-10T05:12:46.1602578Z   ---
2026-10-10T05:12:46.1602732Z   duration_ms: 48.7811
2026-10-10T05:12:46.1602911Z   type: 'test'
2026-10-10T05:12:46.1603068Z   ...
2026-10-10T05:12:46.1603598Z # Subtest: context control stays beside the bottom composer, shows actual counters and submits only the displayed session/model/head
2026-10-10T05:12:46.1604514Z ok 162 - context control stays beside the bottom composer, shows actual counters and submits only the displayed session/model/head
2026-10-10T05:12:46.1605006Z   ---
2026-10-10T05:12:46.1605157Z   duration_ms: 14.8333
2026-10-10T05:12:46.1605335Z   type: 'test'
2026-10-10T05:12:46.1605491Z   ...
2026-10-10T05:12:46.1605978Z # Subtest: graph resume is exposed only from backend eligibility and removed selection cannot act on the old closed owner
2026-10-10T05:12:46.1606803Z ok 163 - graph resume is exposed only from backend eligibility and removed selection cannot act on the old closed owner
2026-10-10T05:12:46.1619392Z   ---
2026-10-10T05:12:46.1619591Z   duration_ms: 15.9493
2026-10-10T05:12:46.1620057Z   type: 'test'
2026-10-10T05:12:46.1620225Z   ...
2026-10-10T05:12:46.1620752Z # Subtest: Agent plan renders actual dependencies/correlations/held response metrics safely inside the existing sidebar
2026-10-10T05:12:46.1621556Z ok 164 - Agent plan renders actual dependencies/correlations/held response metrics safely inside the existing sidebar
2026-10-10T05:12:46.1622020Z   ---
2026-10-10T05:12:46.1622182Z   duration_ms: 26.8101
2026-10-10T05:12:46.1622366Z   type: 'test'
2026-10-10T05:12:46.1622527Z   ...
2026-10-10T05:12:46.1623106Z # Subtest: human answer keeps raw numeric lexemes and draft across observations, binds current identities/CAS and rejects detached form sends
2026-10-10T05:12:46.1624044Z ok 165 - human answer keeps raw numeric lexemes and draft across observations, binds current identities/CAS and rejects detached form sends
2026-10-10T05:12:46.1624580Z   ---
2026-10-10T05:12:46.1624735Z   duration_ms: 25.4666
2026-10-10T05:12:46.1624918Z   type: 'test'
2026-10-10T05:12:46.1625080Z   ...
2026-10-10T05:12:46.1625639Z # Subtest: dynamic human questions use written answers by default and safely encode actual characters without granting operation approval
2026-10-10T05:12:46.1626550Z ok 166 - dynamic human questions use written answers by default and safely encode actual characters without granting operation approval
2026-10-10T05:12:46.1627066Z   ---
2026-10-10T05:12:46.1627222Z   duration_ms: 24.1293
2026-10-10T05:12:46.1627402Z   type: 'test'
2026-10-10T05:12:46.1627567Z   ...
2026-10-10T05:12:46.1628145Z # Subtest: human-only completed frontier exposes explicit resume only for an enabled ready paused owner and preserves unanswered controls separately
2026-10-10T05:12:46.1629153Z ok 167 - human-only completed frontier exposes explicit resume only for an enabled ready paused owner and preserves unanswered controls separately
2026-10-10T05:12:46.1629846Z   ---
2026-10-10T05:12:46.1630008Z   duration_ms: 19.9032
2026-10-10T05:12:46.1630194Z   type: 'test'
2026-10-10T05:12:46.1630354Z   ...
2026-10-10T05:12:46.1630868Z # Subtest: Agent investigations retain independent metrics and terminal replay does not synthesize a graph or another answer
2026-10-10T05:12:46.1631688Z ok 168 - Agent investigations retain independent metrics and terminal replay does not synthesize a graph or another answer
2026-10-10T05:12:46.1632173Z   ---
2026-10-10T05:12:46.1632329Z   duration_ms: 20.827
2026-10-10T05:12:46.1632516Z   type: 'test'
2026-10-10T05:12:46.1632677Z   ...
2026-10-10T05:12:46.1633107Z # Subtest: run inspector uses selected historical provider context independently of the current model
2026-10-10T05:12:46.1633782Z ok 169 - run inspector uses selected historical provider context independently of the current model
2026-10-10T05:12:46.1634811Z   ---
2026-10-10T05:12:46.1635005Z   duration_ms: 17.4464
2026-10-10T05:12:46.1635211Z   type: 'test'
2026-10-10T05:12:46.1635373Z   ...
2026-10-10T05:12:46.1635747Z # Subtest: run inspector suppresses malformed or secret-bearing provider metadata
2026-10-10T05:12:46.1636338Z ok 170 - run inspector suppresses malformed or secret-bearing provider metadata
2026-10-10T05:12:46.1636671Z   ---
2026-10-10T05:12:46.1636822Z   duration_ms: 13.679
2026-10-10T05:12:46.1637000Z   type: 'test'
2026-10-10T05:12:46.1637153Z   ...
2026-10-10T05:12:46.1637580Z # Subtest: profile Settings offers saved and new providers and keeps discovered models in the footer
2026-10-10T05:12:46.1638245Z ok 171 - profile Settings offers saved and new providers and keeps discovered models in the footer
2026-10-10T05:12:46.1638635Z   ---
2026-10-10T05:12:46.1638789Z   duration_ms: 16.0839
2026-10-10T05:12:46.1638966Z   type: 'test'
2026-10-10T05:12:46.1639119Z   ...
2026-10-10T05:12:46.1639553Z # Subtest: closing Settings keeps the saved discovered footer list and sends no model or profile mutation
2026-10-10T05:12:46.1640238Z ok 172 - closing Settings keeps the saved discovered footer list and sends no model or profile mutation
2026-10-10T05:12:46.1640865Z   ---
2026-10-10T05:12:46.1641017Z   duration_ms: 18.4485
2026-10-10T05:12:46.1641194Z   type: 'test'
2026-10-10T05:12:46.1641345Z   ...
2026-10-10T05:12:46.1641744Z # Subtest: GenerateContent labels depend on advertised routes and keep model choice in the footer
2026-10-10T05:12:46.1642387Z ok 173 - GenerateContent labels depend on advertised routes and keep model choice in the footer
2026-10-10T05:12:46.1642774Z   ---
2026-10-10T05:12:46.1642919Z   duration_ms: 18.6233
2026-10-10T05:12:46.1643092Z   type: 'test'
2026-10-10T05:12:46.1643243Z   ...
2026-10-10T05:12:46.1643706Z # Subtest: advertised Gemini Settings clears the draft key and uses the footer for full discovered model resources
2026-10-10T05:12:46.1644450Z ok 174 - advertised Gemini Settings clears the draft key and uses the footer for full discovered model resources
2026-10-10T05:12:46.1644882Z   ---
2026-10-10T05:12:46.1645529Z   duration_ms: 18.511
2026-10-10T05:12:46.1645691Z   type: 'test'
2026-10-10T05:12:46.1645835Z   ...
2026-10-10T05:12:46.1646261Z # Subtest: recorded GenerateContent response and run context retain their native identity and supplied metrics
2026-10-10T05:12:46.1646918Z ok 175 - recorded GenerateContent response and run context retain their native identity and supplied metrics
2026-10-10T05:12:46.1647284Z   ---
2026-10-10T05:12:46.1647419Z   duration_ms: 23.3161
2026-10-10T05:12:46.1647583Z   type: 'test'
2026-10-10T05:12:46.1647724Z   ...
2026-10-10T05:12:46.1648150Z # Subtest: conversation rename keeps expected title and draft through conflicts, and cancels when selection changes
2026-10-10T05:12:46.1648849Z ok 176 - conversation rename keeps expected title and draft through conflicts, and cancels when selection changes
2026-10-10T05:12:46.1649154Z   ---
2026-10-10T05:12:46.1649243Z   duration_ms: 16.0702
2026-10-10T05:12:46.1649357Z   type: 'test'
2026-10-10T05:12:46.1649669Z   ...
2026-10-10T05:12:46.1649974Z # Subtest: footer displays only a recognized backend-reported provider wire
2026-10-10T05:12:46.1650416Z ok 177 - footer displays only a recognized backend-reported provider wire
2026-10-10T05:12:46.1650713Z   ---
2026-10-10T05:12:46.1650855Z   duration_ms: 11.4853
2026-10-10T05:12:46.1651022Z   type: 'test'
2026-10-10T05:12:46.1651184Z   ...
2026-10-10T05:12:46.1651606Z # Subtest: model protocol failure shows only recognized diagnostics and preserves conversation context
2026-10-10T05:12:46.1652281Z ok 178 - model protocol failure shows only recognized diagnostics and preserves conversation context
2026-10-10T05:12:46.1652681Z   ---
2026-10-10T05:12:46.1652832Z   duration_ms: 19.6023
2026-10-10T05:12:46.1653007Z   type: 'test'
2026-10-10T05:12:46.1653165Z   ...
2026-10-10T05:12:46.1653601Z # Subtest: provider failures remain visible through transcript refresh without invented replies or metrics
2026-10-10T05:12:46.1654304Z ok 179 - provider failures remain visible through transcript refresh without invented replies or metrics
2026-10-10T05:12:46.1654715Z   ---
2026-10-10T05:12:46.1654857Z   duration_ms: 33.0969
2026-10-10T05:12:46.1655026Z   type: 'test'
2026-10-10T05:12:46.1655183Z   ...
2026-10-10T05:12:46.1655653Z # Subtest: incompatible provider history and unavailable saved context explain recovery without fabricating a reply
2026-10-10T05:12:46.1656432Z ok 180 - incompatible provider history and unavailable saved context explain recovery without fabricating a reply
2026-10-10T05:12:46.1656879Z   ---
2026-10-10T05:12:46.1657026Z   duration_ms: 12.8973
2026-10-10T05:12:46.1657202Z   type: 'test'
2026-10-10T05:12:46.1657358Z   ...
2026-10-10T05:12:46.1657754Z # Subtest: unknown failure reasons remain safe and DOM callback exceptions invalidate the fixture
2026-10-10T05:12:46.1658393Z ok 181 - unknown failure reasons remain safe and DOM callback exceptions invalidate the fixture
2026-10-10T05:12:46.1658773Z   ---
2026-10-10T05:12:46.1658922Z   duration_ms: 21.2754
2026-10-10T05:12:46.1659096Z   type: 'test'
2026-10-10T05:12:46.1659256Z   ...
2026-10-10T05:12:46.1659768Z # Subtest: recorded provider identifiers render without raw error messages or unknown fields
2026-10-10T05:12:46.1660386Z ok 182 - recorded provider identifiers render without raw error messages or unknown fields
2026-10-10T05:12:46.1660760Z   ---
2026-10-10T05:12:46.1660911Z   duration_ms: 13.5971
2026-10-10T05:12:46.1661085Z   type: 'test'
2026-10-10T05:12:46.1661243Z   ...
2026-10-10T05:12:46.1661654Z # Subtest: durable command output renders independent channels without executing markup or controls
2026-10-10T05:12:46.1662321Z ok 183 - durable command output renders independent channels without executing markup or controls
2026-10-10T05:12:46.1662719Z   ---
2026-10-10T05:12:46.1662868Z   duration_ms: 12.0559
2026-10-10T05:12:46.1663049Z   type: 'test'
2026-10-10T05:12:46.1663203Z   ...
2026-10-10T05:12:46.1663591Z # Subtest: output replay preserves fragmented Unicode and ignores only exact duplicate bytes
2026-10-10T05:12:46.1664201Z ok 184 - output replay preserves fragmented Unicode and ignores only exact duplicate bytes
2026-10-10T05:12:46.1664577Z   ---
2026-10-10T05:12:46.1664729Z   duration_ms: 12.1174
2026-10-10T05:12:46.1664906Z   type: 'test'
2026-10-10T05:12:46.1696417Z   ...
2026-10-10T05:12:46.1696833Z # Subtest: gaps, malformed bytes and capture overflow never invent output
2026-10-10T05:12:46.1697311Z ok 185 - gaps, malformed bytes and capture overflow never invent output
2026-10-10T05:12:46.1697616Z   ---
2026-10-10T05:12:46.1697774Z   duration_ms: 81.0032
2026-10-10T05:12:46.1697962Z   type: 'test'
2026-10-10T05:12:46.1698111Z   ...
2026-10-10T05:12:46.1698503Z # Subtest: recorded output survives transcript refresh and clears on run or conversation change
2026-10-10T05:12:46.1699130Z ok 186 - recorded output survives transcript refresh and clears on run or conversation change
2026-10-10T05:12:46.1699500Z   ---
2026-10-10T05:12:46.1699852Z   duration_ms: 24.1968
2026-10-10T05:12:46.1700033Z   type: 'test'
2026-10-10T05:12:46.1700180Z   ...
2026-10-10T05:12:46.1700553Z # Subtest: the sidebar bounds command stream cards and leaves excess output in recorded activity
2026-10-10T05:12:46.1701152Z ok 187 - the sidebar bounds command stream cards and leaves excess output in recorded activity
2026-10-10T05:12:46.1701494Z   ---
2026-10-10T05:12:46.1701605Z   duration_ms: 28.9199
2026-10-10T05:12:46.1701721Z   type: 'test'
2026-10-10T05:12:46.1701815Z   ...
2026-10-10T05:12:46.1702030Z # Subtest: command approval reviews literal arguments before sending only a decision ID
2026-10-10T05:12:46.1702359Z ok 188 - command approval reviews literal arguments before sending only a decision ID
2026-10-10T05:12:46.1702570Z   ---
2026-10-10T05:12:46.1702668Z   duration_ms: 14.6093
2026-10-10T05:12:46.1702791Z   type: 'test'
2026-10-10T05:12:46.1702885Z   ...
2026-10-10T05:12:46.1703095Z # Subtest: approval displays bound guidance hashes and rejects malformed source metadata
2026-10-10T05:12:46.1703422Z ok 189 - approval displays bound guidance hashes and rejects malformed source metadata
2026-10-10T05:12:46.1703629Z   ---
2026-10-10T05:12:46.1703765Z   duration_ms: 20.0474
2026-10-10T05:12:46.1703931Z   type: 'test'
2026-10-10T05:12:46.1704069Z   ...
2026-10-10T05:12:46.1704486Z # Subtest: file, command and MCP approvals render active skill bindings and fail closed for malformed snapshots
2026-10-10T05:12:46.1708435Z ok 190 - file, command and MCP approvals render active skill bindings and fail closed for malformed snapshots
2026-10-10T05:12:46.1708860Z   ---
2026-10-10T05:12:46.1709027Z   duration_ms: 41.7334
2026-10-10T05:12:46.1709210Z   type: 'test'
2026-10-10T05:12:46.1709360Z   ...
2026-10-10T05:12:46.1709841Z # Subtest: approval polling preserves inspected nodes, focus and pending decisions while changed bindings replace the card
2026-10-10T05:12:46.1710636Z ok 191 - approval polling preserves inspected nodes, focus and pending decisions while changed bindings replace the card
2026-10-10T05:12:46.1711074Z   ---
2026-10-10T05:12:46.1711424Z   duration_ms: 32.5032
2026-10-10T05:12:46.1711606Z   type: 'test'
2026-10-10T05:12:46.1711752Z   ...
2026-10-10T05:12:46.1712030Z # Subtest: malformed or expired command proposals cannot be allowed
2026-10-10T05:12:46.1712428Z ok 192 - malformed or expired command proposals cannot be allowed
2026-10-10T05:12:46.1712649Z   ---
2026-10-10T05:12:46.1712746Z   duration_ms: 14.9924
2026-10-10T05:12:46.1712858Z   type: 'test'
2026-10-10T05:12:46.1712949Z   ...
2026-10-10T05:12:46.1713214Z # Subtest: command results preserve separate escaped output, hex bytes and actual exit metrics
2026-10-10T05:12:46.1713573Z ok 193 - command results preserve separate escaped output, hex bytes and actual exit metrics
2026-10-10T05:12:46.1713790Z   ---
2026-10-10T05:12:46.1713883Z   duration_ms: 16.0559
2026-10-10T05:12:46.1713991Z   type: 'test'
2026-10-10T05:12:46.1714083Z   ...
2026-10-10T05:12:46.1724702Z # Subtest: uncertain commands remain blocked and malformed outcomes retain raw evidence
2026-10-10T05:12:46.1725099Z ok 194 - uncertain commands remain blocked and malformed outcomes retain raw evidence
2026-10-10T05:12:46.1725310Z   ---
2026-10-10T05:12:46.1725412Z   duration_ms: 16.5984
2026-10-10T05:12:46.1725697Z   type: 'test'
2026-10-10T05:12:46.1725821Z   ...
2026-10-10T05:12:46.1726049Z # Subtest: command output metrics require exact encoded retained bytes and safe drained counts
2026-10-10T05:12:46.1726403Z ok 195 - command output metrics require exact encoded retained bytes and safe drained counts
2026-10-10T05:12:46.1726619Z   ---
2026-10-10T05:12:46.1726709Z   duration_ms: 15.3688
2026-10-10T05:12:46.1726818Z   type: 'test'
2026-10-10T05:12:46.1726913Z   ...
2026-10-10T05:12:46.1727169Z # Subtest: pending approval remains reachable without streamed activity moving review or granting permission
2026-10-10T05:12:46.1727725Z ok 196 - pending approval remains reachable without streamed activity moving review or granting permission
2026-10-10T05:12:46.1727967Z   ---
2026-10-10T05:12:46.1728064Z   duration_ms: 14.9534
2026-10-10T05:12:46.1728170Z   type: 'test'
2026-10-10T05:12:46.1728262Z   ...
2026-10-10T05:12:46.1728522Z # Subtest: approval notice follows current unexpired backend proposals and retires on run or workspace changes
2026-10-10T05:12:46.1729082Z ok 197 - approval notice follows current unexpired backend proposals and retires on run or workspace changes
2026-10-10T05:12:46.1729471Z   ---
2026-10-10T05:12:46.1729611Z   duration_ms: 17.0405
2026-10-10T05:12:46.1729720Z   type: 'test'
2026-10-10T05:12:46.1729814Z   ...
2026-10-10T05:12:46.1730058Z # Subtest: new-file review distinguishes absence, previews exact content and never retries uncertainty
2026-10-10T05:12:46.1730442Z ok 198 - new-file review distinguishes absence, previews exact content and never retries uncertainty
2026-10-10T05:12:46.1730670Z   ---
2026-10-10T05:12:46.1730764Z   duration_ms: 15.6069
2026-10-10T05:12:46.1730868Z   type: 'test'
2026-10-10T05:12:46.1730960Z   ...
2026-10-10T05:12:46.1731177Z # Subtest: external MCP approval names the server and tool and uncertainty never offers replay
2026-10-10T05:12:46.1731529Z ok 199 - external MCP approval names the server and tool and uncertainty never offers replay
2026-10-10T05:12:46.1731742Z   ---
2026-10-10T05:12:46.1731833Z   duration_ms: 11.7407
2026-10-10T05:12:46.1731940Z   type: 'test'
2026-10-10T05:12:46.1732031Z   ...
2026-10-10T05:12:46.1732295Z # Subtest: run detail selector preserves conversation history and blocks submission while another run is active
2026-10-10T05:12:46.1732710Z ok 200 - run detail selector preserves conversation history and blocks submission while another run is active
2026-10-10T05:12:46.1732956Z   ---
2026-10-10T05:12:46.1733047Z   duration_ms: 16.9237
2026-10-10T05:12:46.1733151Z   type: 'test'
2026-10-10T05:12:46.1733245Z   ...
2026-10-10T05:12:46.1733490Z # Subtest: uncertain edit inspection renders escaped observations and never offers an effect approval
2026-10-10T05:12:46.1733866Z ok 201 - uncertain edit inspection renders escaped observations and never offers an effect approval
2026-10-10T05:12:46.1734178Z   ---
2026-10-10T05:12:46.1734270Z   duration_ms: 14.8466
2026-10-10T05:12:46.1734376Z   type: 'test'
2026-10-10T05:12:46.1734473Z   ...
2026-10-10T05:12:46.1734704Z # Subtest: durable response profile badges use recorded identities and reject malformed metadata
2026-10-10T05:12:46.1735061Z ok 202 - durable response profile badges use recorded identities and reject malformed metadata
2026-10-10T05:12:46.1735282Z   ---
2026-10-10T05:12:46.1735373Z   duration_ms: 16.1212
2026-10-10T05:12:46.1735481Z   type: 'test'
2026-10-10T05:12:46.1735573Z   ...
2026-10-10T05:12:46.1735788Z # Subtest: history renders Markdown/code, copies plain code and shows exact provider usage
2026-10-10T05:12:46.1736129Z ok 203 - history renders Markdown/code, copies plain code and shows exact provider usage
2026-10-10T05:12:46.1736336Z   ---
2026-10-10T05:12:46.1736426Z   duration_ms: 19.6474
2026-10-10T05:12:46.1736534Z   type: 'test'
2026-10-10T05:12:46.1736628Z   ...
2026-10-10T05:12:46.1736837Z # Subtest: unknown historical usage stays unavailable and malicious Markdown is sanitized
2026-10-10T05:12:46.1737168Z ok 204 - unknown historical usage stays unavailable and malicious Markdown is sanitized
2026-10-10T05:12:46.1737375Z   ---
2026-10-10T05:12:46.1737467Z   duration_ms: 14.4722
2026-10-10T05:12:46.1737572Z   type: 'test'
2026-10-10T05:12:46.1737667Z   ...
2026-10-10T05:12:46.1737885Z # Subtest: editor context appends to an existing question as plain draft text without submitting
2026-10-10T05:12:46.1738234Z ok 205 - editor context appends to an existing question as plain draft text without submitting
2026-10-10T05:12:46.1738448Z   ---
2026-10-10T05:12:46.1738538Z   duration_ms: 13.8236
2026-10-10T05:12:46.1738648Z   type: 'test'
2026-10-10T05:12:46.1738742Z   ...
2026-10-10T05:12:46.1739049Z # Subtest: foreign workspace, cleared root, invalid and oversized editor context cannot replace the draft
2026-10-10T05:12:46.1739442Z ok 206 - foreign workspace, cleared root, invalid and oversized editor context cannot replace the draft
2026-10-10T05:12:46.1739671Z   ---
2026-10-10T05:12:46.1739762Z   duration_ms: 12.9422
2026-10-10T05:12:46.1739867Z   type: 'test'
2026-10-10T05:12:46.1739960Z   ...
2026-10-10T05:12:46.1740163Z # Subtest: file creation approval discloses parent directory effects as escaped paths
2026-10-10T05:12:46.1740487Z ok 207 - file creation approval discloses parent directory effects as escaped paths
2026-10-10T05:12:46.1740689Z   ---
2026-10-10T05:12:46.1740781Z   duration_ms: 10.2023
2026-10-10T05:12:46.1740887Z   type: 'test'
2026-10-10T05:12:46.1740979Z   ...
2026-10-10T05:12:46.1741196Z # Subtest: provider failure codes render actionable messages and exact failed-response usage
2026-10-10T05:12:46.1741547Z ok 208 - provider failure codes render actionable messages and exact failed-response usage
2026-10-10T05:12:46.1741760Z   ---
2026-10-10T05:12:46.1741851Z   duration_ms: 18.5756
2026-10-10T05:12:46.1741959Z   type: 'test'
2026-10-10T05:12:46.1742055Z   ...
2026-10-10T05:12:46.1742280Z # Subtest: live token badges use model usage events and reset when the persisted transcript arrives
2026-10-10T05:12:46.1742641Z ok 209 - live token badges use model usage events and reset when the persisted transcript arrives
2026-10-10T05:12:46.1742858Z   ---
2026-10-10T05:12:46.1742949Z   duration_ms: 17.6053
2026-10-10T05:12:46.1743056Z   type: 'test'
2026-10-10T05:12:46.1743149Z   ...
2026-10-10T05:12:46.1743400Z # Subtest: tool-turn checkpoint starts a new live response and history refresh preserves its received prefix
2026-10-10T05:12:46.1743802Z ok 210 - tool-turn checkpoint starts a new live response and history refresh preserves its received prefix
2026-10-10T05:12:46.1744040Z   ---
2026-10-10T05:12:46.1744130Z   duration_ms: 13.2267
2026-10-10T05:12:46.1744236Z   type: 'test'
2026-10-10T05:12:46.1744328Z   ...
2026-10-10T05:12:46.1744553Z # Subtest: bottom model selector exposes only backend-advertised IDs and sends the selected ID
2026-10-10T05:12:46.1744957Z ok 211 - bottom model selector exposes only backend-advertised IDs and sends the selected ID
2026-10-10T05:12:46.1745173Z   ---
2026-10-10T05:12:46.1745264Z   duration_ms: 13.0922
2026-10-10T05:12:46.1745371Z   type: 'test'
2026-10-10T05:12:46.1745468Z   ...
2026-10-10T05:12:46.1745911Z # Subtest: provider cache/reasoning counts and backend first-token time render without derived estimates
2026-10-10T05:12:46.1746303Z ok 212 - provider cache/reasoning counts and backend first-token time render without derived estimates
2026-10-10T05:12:46.1746533Z   ---
2026-10-10T05:12:46.1746624Z   duration_ms: 14.6143
2026-10-10T05:12:46.1746731Z   type: 'test'
2026-10-10T05:12:46.1746827Z   ...
2026-10-10T05:12:46.1747078Z # Subtest: Claude usage events and persisted metadata keep uncached input, cache writes and reads distinct
2026-10-10T05:12:46.1747472Z ok 213 - Claude usage events and persisted metadata keep uncached input, cache writes and reads distinct
2026-10-10T05:12:46.1747709Z   ---
2026-10-10T05:12:46.1747800Z   duration_ms: 12.0287
2026-10-10T05:12:46.1747907Z   type: 'test'
2026-10-10T05:12:46.1748000Z   ...
2026-10-10T05:12:46.1748220Z # Subtest: zero Claude counters remain visible while absent input and output stay unavailable
2026-10-10T05:12:46.1748564Z ok 214 - zero Claude counters remain visible while absent input and output stay unavailable
2026-10-10T05:12:46.1748780Z   ---
2026-10-10T05:12:46.1748869Z   duration_ms: 17.2406
2026-10-10T05:12:46.1748976Z   type: 'test'
2026-10-10T05:12:46.1749073Z   ...
2026-10-10T05:12:46.1749268Z # Subtest: cache-write badges require supplied safe nonnegative integer counts
2026-10-10T05:12:46.1749559Z ok 215 - cache-write badges require supplied safe nonnegative integer counts
2026-10-10T05:12:46.1749747Z   ---
2026-10-10T05:12:46.1749900Z   duration_ms: 30.5535
2026-10-10T05:12:46.1750008Z   type: 'test'
2026-10-10T05:12:46.1750102Z   ...
2026-10-10T05:12:46.1750336Z # Subtest: common provider metrics keep their original label unless native usage marks uncached input
2026-10-10T05:12:46.1750707Z ok 216 - common provider metrics keep their original label unless native usage marks uncached input
2026-10-10T05:12:46.1750929Z   ---
2026-10-10T05:12:46.1751021Z   duration_ms: 16.5236
2026-10-10T05:12:46.1751126Z   type: 'test'
2026-10-10T05:12:46.1751220Z   ...
2026-10-10T05:12:46.1751442Z # Subtest: pending file comparison sends only an operation ID and remains separate from approval
2026-10-10T05:12:46.1751791Z ok 217 - pending file comparison sends only an operation ID and remains separate from approval
2026-10-10T05:12:46.1752009Z   ---
2026-10-10T05:12:46.1752099Z   duration_ms: 11.6447
2026-10-10T05:12:46.1752211Z   type: 'test'
2026-10-10T05:12:46.1752303Z   ...
2026-10-10T05:12:46.1752521Z # Subtest: top-right settings dialog clears key input and leaves model selection in the footer
2026-10-10T05:12:46.1752866Z ok 218 - top-right settings dialog clears key input and leaves model selection in the footer
2026-10-10T05:12:46.1753076Z   ---
2026-10-10T05:12:46.1753167Z   duration_ms: 14.1231
2026-10-10T05:12:46.1753275Z   type: 'test'
2026-10-10T05:12:46.1753368Z   ...
2026-10-10T05:12:46.1753625Z # Subtest: graph human form preserves a draft across checkpoints and sends raw input with the displayed revision
2026-10-10T05:12:46.1754037Z ok 219 - graph human form preserves a draft across checkpoints and sends raw input with the displayed revision
2026-10-10T05:12:46.1754361Z   ---
2026-10-10T05:12:46.1754459Z   duration_ms: 13.3046
2026-10-10T05:12:46.1754567Z   type: 'test'
2026-10-10T05:12:46.1754659Z   ...
2026-10-10T05:12:46.1754922Z # Subtest: graph child responses retain actual supplied per-response metrics independently of the root transcript
2026-10-10T05:12:46.1755352Z ok 220 - graph child responses retain actual supplied per-response metrics independently of the root transcript
2026-10-10T05:12:46.1755600Z   ---
2026-10-10T05:12:46.1755765Z   duration_ms: 16.44
2026-10-10T05:12:46.1755875Z   type: 'test'
2026-10-10T05:12:46.1755967Z   ...
2026-10-10T05:12:46.1756191Z # Subtest: footer workflow chooser enables a real advertised tool graph on a model-free backend
2026-10-10T05:12:46.1756539Z ok 221 - footer workflow chooser enables a real advertised tool graph on a model-free backend
2026-10-10T05:12:46.1756751Z   ---
2026-10-10T05:12:46.1756842Z   duration_ms: 14.0729
2026-10-10T05:12:46.1756945Z   type: 'test'
2026-10-10T05:12:46.1757040Z   ...
2026-10-10T05:12:46.1757281Z # Subtest: graph join summary keeps full observed outputs expandable without fabricated aggregate metrics
2026-10-10T05:12:46.1757669Z ok 222 - graph join summary keeps full observed outputs expandable without fabricated aggregate metrics
2026-10-10T05:12:46.1757906Z   ---
2026-10-10T05:12:46.1758004Z   duration_ms: 9.3353
2026-10-10T05:12:46.1758112Z   type: 'test'
2026-10-10T05:12:46.1758204Z   ...
2026-10-10T05:12:46.1758481Z # Subtest: patch review shows actual action, absent snapshots, move destination and non-atomic batch before any decision
2026-10-10T05:12:46.1758932Z ok 223 - patch review shows actual action, absent snapshots, move destination and non-atomic batch before any decision
2026-10-10T05:12:46.1759186Z   ---
2026-10-10T05:12:46.1759282Z   duration_ms: 15.1671
2026-10-10T05:12:46.1759387Z   type: 'test'
2026-10-10T05:12:46.1759482Z   ...
2026-10-10T05:12:46.1759799Z # Subtest: malformed patch identity, missing batch manifest, absence, hashes and destinations disable Allow and comparison but preserve Deny
2026-10-10T05:12:46.1760321Z ok 224 - malformed patch identity, missing batch manifest, absence, hashes and destinations disable Allow and comparison but preserve Deny
2026-10-10T05:12:46.1760618Z   ---
2026-10-10T05:12:46.1760709Z   duration_ms: 12.4006
2026-10-10T05:12:46.1760871Z   type: 'test'
2026-10-10T05:12:46.1760966Z   ...
2026-10-10T05:12:46.1761184Z # Subtest: patch move review discloses both guidance scopes and rejects unbound scope metadata
2026-10-10T05:12:46.1761526Z ok 225 - patch move review discloses both guidance scopes and rejects unbound scope metadata
2026-10-10T05:12:46.1761738Z   ---
2026-10-10T05:12:46.1761827Z   duration_ms: 13.5291
2026-10-10T05:12:46.1761930Z   type: 'test'
2026-10-10T05:12:46.1762023Z   ...
2026-10-10T05:12:46.2012015Z # Subtest: host launches only native view without a backend token, database path or pipes
2026-10-10T05:12:46.2012496Z ok 226 - host launches only native view without a backend token, database path or pipes
2026-10-10T05:12:46.2012724Z   ---
2026-10-10T05:12:46.2012831Z   duration_ms: 6.7134
2026-10-10T05:12:46.2012949Z   type: 'test'
2026-10-10T05:12:46.2013049Z   ...
2026-10-10T05:12:46.2013279Z # Subtest: reload replaces only the view; profile and native backend identity remain stable
2026-10-10T05:12:46.2013636Z ok 227 - reload replaces only the view; profile and native backend identity remain stable
2026-10-10T05:12:46.2014228Z   ---
2026-10-10T05:12:46.2014381Z   duration_ms: 1.7561
2026-10-10T05:12:46.2014548Z   type: 'test'
2026-10-10T05:12:46.2014724Z   ...
2026-10-10T05:12:46.2015047Z # Subtest: read-only, trust, remote and pure-source boundaries apply before launch
2026-10-10T05:12:46.2015544Z ok 228 - read-only, trust, remote and pure-source boundaries apply before launch
2026-10-10T05:12:46.2015844Z   ---
2026-10-10T05:12:46.2015972Z   duration_ms: 2.061
2026-10-10T05:12:46.2016146Z   type: 'test'
2026-10-10T05:12:46.2016296Z   ...
2026-10-10T05:12:46.2016539Z # Subtest: multi-root explicitly uses the opened root and host cwd
2026-10-10T05:12:46.2016952Z ok 229 - multi-root explicitly uses the opened root and host cwd
2026-10-10T05:12:46.2017238Z   ---
2026-10-10T05:12:46.2017378Z   duration_ms: 0.6494
2026-10-10T05:12:46.2017552Z   type: 'test'
2026-10-10T05:12:46.2017706Z   ...
2026-10-10T05:12:46.2018069Z # Subtest: private rendezvous fallback and aliases cannot expose storage to workspace tools
2026-10-10T05:12:46.2018806Z ok 230 - private rendezvous fallback and aliases cannot expose storage to workspace tools
2026-10-10T05:12:46.2019092Z   ---
2026-10-10T05:12:46.2019183Z   duration_ms: 0.9312
2026-10-10T05:12:46.2019289Z   type: 'test'
2026-10-10T05:12:46.2019385Z   ...
2026-10-10T05:12:46.2019605Z # Subtest: wrong roots, process metadata and profile overlap fail and close only the view
2026-10-10T05:12:46.2019944Z ok 231 - wrong roots, process metadata and profile overlap fail and close only the view
2026-10-10T05:12:46.2020157Z   ---
2026-10-10T05:12:46.2020251Z   duration_ms: 2.2269
2026-10-10T05:12:46.2020359Z   type: 'test'
2026-10-10T05:12:46.2020455Z   ...
2026-10-10T05:12:46.2020649Z # Subtest: expanded folder set cannot expose a retained profile or rendezvous
2026-10-10T05:12:46.2020947Z ok 232 - expanded folder set cannot expose a retained profile or rendezvous
2026-10-10T05:12:46.2021143Z   ---
2026-10-10T05:12:46.2021234Z   duration_ms: 0.9942
2026-10-10T05:12:46.2021340Z   type: 'test'
2026-10-10T05:12:46.2021435Z   ...
2026-10-10T05:12:46.2021686Z # Subtest: workspace mutation during readiness closes the adapter without claiming backend termination
2026-10-10T05:12:46.2022156Z ok 233 - workspace mutation during readiness closes the adapter without claiming backend termination
2026-10-10T05:12:46.2022414Z   ---
2026-10-10T05:12:46.2022508Z   duration_ms: 0.4134
2026-10-10T05:12:46.2022609Z   type: 'test'
2026-10-10T05:12:46.2022706Z   ...
2026-10-10T05:12:46.2022938Z # Subtest: admission carries verified workspace authority and rejects late selection mutation
2026-10-10T05:12:46.2023402Z ok 234 - admission carries verified workspace authority and rejects late selection mutation
2026-10-10T05:12:46.2023622Z   ---
2026-10-10T05:12:46.2023714Z   duration_ms: 1.6142
2026-10-10T05:12:46.2023819Z   type: 'test'
2026-10-10T05:12:46.2023917Z   ...
2026-10-10T05:12:46.2024189Z # Subtest: authority drift rejects admission before a replacement run can be created
2026-10-10T05:12:46.2024514Z ok 235 - authority drift rejects admission before a replacement run can be created
2026-10-10T05:12:46.2024715Z   ---
2026-10-10T05:12:46.2024809Z   duration_ms: 0.7744
2026-10-10T05:12:46.2024914Z   type: 'test'
2026-10-10T05:12:46.2025017Z   ...
2026-10-10T05:12:46.2025218Z # Subtest: readiness timeout does not retry spawning or create a JavaScript database
2026-10-10T05:12:46.2025530Z ok 236 - readiness timeout does not retry spawning or create a JavaScript database
2026-10-10T05:12:46.2025737Z   ---
2026-10-10T05:12:46.2025827Z   duration_ms: 11.786
2026-10-10T05:12:46.2025939Z   type: 'test'
2026-10-10T05:12:46.2026037Z   ...
2026-10-10T05:12:46.2026223Z # Subtest: external attachment still verifies the actual opened workspace
2026-10-10T05:12:46.2026508Z ok 237 - external attachment still verifies the actual opened workspace
2026-10-10T05:12:46.2026699Z   ---
2026-10-10T05:12:46.2026795Z   duration_ms: 0.3792
2026-10-10T05:12:46.2026905Z   type: 'test'
2026-10-10T05:12:46.2027001Z   ...
2026-10-10T05:12:46.2027246Z # Subtest: private native startup errors are accepted only for the spawned adapter PID
2026-10-10T05:12:46.2027576Z ok 238 - private native startup errors are accepted only for the spawned adapter PID
2026-10-10T05:12:46.2027787Z   ---
2026-10-10T05:12:46.2027881Z   duration_ms: 1.2133
2026-10-10T05:12:46.2027988Z   type: 'test'
2026-10-10T05:12:46.2028083Z   ...
2026-10-10T05:12:46.2028334Z # Subtest: a folder switch during preparation connects the latest folder after stale startup cleanup
2026-10-10T05:12:46.2028717Z ok 239 - a folder switch during preparation connects the latest folder after stale startup cleanup
2026-10-10T05:12:46.2028947Z   ---
2026-10-10T05:12:46.2029039Z   duration_ms: 0.6478
2026-10-10T05:12:46.2029147Z   type: 'test'
2026-10-10T05:12:46.2029242Z   ...
2026-10-10T05:12:46.2029494Z # Subtest: trust revocation during preparation prevents native startup without cancelling existing work
2026-10-10T05:12:46.2029899Z ok 240 - trust revocation during preparation prevents native startup without cancelling existing work
2026-10-10T05:12:46.2030198Z   ---
2026-10-10T05:12:46.2030290Z   duration_ms: 0.3589
2026-10-10T05:12:46.2030398Z   type: 'test'
2026-10-10T05:12:46.2030501Z   ...
2026-10-10T05:12:46.2030716Z # Subtest: attachment refuses trust or remote-host changes during workspace verification
2026-10-10T05:12:46.2031057Z ok 241 - attachment refuses trust or remote-host changes during workspace verification
2026-10-10T05:12:46.2031268Z   ---
2026-10-10T05:12:46.2031362Z   duration_ms: 0.6279
2026-10-10T05:12:46.2031469Z   type: 'test'
2026-10-10T05:12:46.2031563Z   ...
2026-10-10T05:12:46.2031792Z # Subtest: native creates the rendezvous directory ownership; the host only chooses a fresh name
2026-10-10T05:12:46.2032163Z ok 242 - native creates the rendezvous directory ownership; the host only chooses a fresh name
2026-10-10T05:12:46.2032388Z   ---
2026-10-10T05:12:46.2032480Z   duration_ms: 0.4855
2026-10-10T05:12:46.2032586Z   type: 'test'
2026-10-10T05:12:46.2032684Z   ...
2026-10-10T05:12:46.2032890Z # Subtest: a chosen rendezvous collision is preserved and cannot start a native adapter
2026-10-10T05:12:46.2033223Z ok 243 - a chosen rendezvous collision is preserved and cannot start a native adapter
2026-10-10T05:12:46.2033430Z   ---
2026-10-10T05:12:46.2033523Z   duration_ms: 0.3092
2026-10-10T05:12:46.2033627Z   type: 'test'
2026-10-10T05:12:46.2033726Z   ...
2026-10-10T05:12:46.2033926Z # Subtest: a published rendezvous directory alias is refused before authentication
2026-10-10T05:12:46.2034244Z ok 244 - a published rendezvous directory alias is refused before authentication
2026-10-10T05:12:46.2034444Z   ---
2026-10-10T05:12:46.2034534Z   duration_ms: 1.4146
2026-10-10T05:12:46.2034640Z   type: 'test'
2026-10-10T05:12:46.2034733Z   ...
2026-10-10T05:12:46.2034821Z 1..244
2026-10-10T05:12:46.2034971Z # tests 244
2026-10-10T05:12:46.2035071Z # suites 0
2026-10-10T05:12:46.2035173Z # pass 244
2026-10-10T05:12:46.2035335Z # fail 0
2026-10-10T05:12:46.2035430Z # cancelled 0
2026-10-10T05:12:46.2035529Z # skipped 0
2026-10-10T05:12:46.2035626Z # todo 0
2026-10-10T05:12:46.2035729Z # duration_ms 2758.8418
2026-10-10T05:12:46.2825370Z ##[group]Run node views/browser/build.mjs build/browser-assets
2026-10-10T05:12:46.2825678Z [36;1mnode views/browser/build.mjs build/browser-assets[0m
2026-10-10T05:12:46.2825883Z [36;1mif ($LASTEXITCODE -ne 0) { exit $LASTEXITCODE }[0m
2026-10-10T05:12:46.2826089Z [36;1m$env:XMIND_BROWSER_TEST_ASSETS='build/browser-assets'[0m
2026-10-10T05:12:46.2826347Z [36;1mnode --test views/browser/tests/*.cjs > build/ci-evidence/browser-controller.log[0m
2026-10-10T05:12:46.2826597Z [36;1mif ($LASTEXITCODE -ne 0) { exit $LASTEXITCODE }[0m
2026-10-10T05:12:46.2827039Z [36;1mnode views/browser/tests/native-contract.mjs build/native/Release/xmind.exe ../xlang3/build/Release/modules ../stdlib-source/Lib build/browser-assets > build/ci-evidence/browser-native.log[0m
2026-10-10T05:12:46.2827467Z [36;1mexit $LASTEXITCODE[0m
2026-10-10T05:12:46.2873776Z shell: C:\Program Files\PowerShell\7\pwsh.EXE -command ". '{0}'"
2026-10-10T05:12:46.2873976Z ##[endgroup]
2026-10-10T05:12:46.5037112Z Browser view assets built at D:\a\xMind\xMind\xmind\build\browser-assets
2026-10-10T05:12:49.2606404Z ##[group]Run node Tools/ci-stage-runtime.mjs
2026-10-10T05:12:49.2606636Z [36;1mnode Tools/ci-stage-runtime.mjs[0m
2026-10-10T05:12:49.2652461Z shell: C:\Program Files\PowerShell\7\pwsh.EXE -command ". '{0}'"
2026-10-10T05:12:49.2652653Z ##[endgroup]
2026-10-10T05:12:51.6193199Z {"sourceRevision":"dd08604d54a293bbcf93ae140db0626850320a3f","sdkRevision":"7b8b32ae3a0e6a99fac7babd97362736099448fb","stdlibRevision":"ebf955df7a89ed0c7968f79faec1de49f61ed7cb","contracts":110,"sourceFiles":29,"sourceManifestSha256":"ed9c2b5637a72bf20adf2dab3f80a90b6e876ec2610f49f1bb3fb29c6a52a3ff","output":"D:\\a\\xMind\\xMind\\xmind\\extensions\\vscode\\native-runtime","manifestSha256":"1cb680e063f0f9c3deeb831cd4ebe93baf2cc07c47c1ac21ca26929c608205db","nativeFiles":5,"pureSourceFiles":1830,"files":1860,"nativeExecuted":false,"configAccessed":false,"installed":false,"scope":"File staging from the complete successful native gate; VSIX verification follows separately"}
2026-10-10T05:12:51.7155854Z ##[group]Run npm run package -- --out ../../build/ci-evidence/xmind.vsix > ../../build/ci-evidence/browser-package.log
2026-10-10T05:12:51.7156587Z [36;1mnpm run package -- --out ../../build/ci-evidence/xmind.vsix > ../../build/ci-evidence/browser-package.log[0m
2026-10-10T05:12:51.7157063Z [36;1mif ($LASTEXITCODE -ne 0) { exit $LASTEXITCODE }[0m
2026-10-10T05:12:51.7157632Z [36;1m../../Tools/verify-browser-vsix.ps1 -Path ../../build/ci-evidence/xmind.vsix > ../../build/ci-evidence/browser-package-verification.log[0m
2026-10-10T05:12:51.7212390Z shell: C:\Program Files\PowerShell\7\pwsh.EXE -command ". '{0}'"
2026-10-10T05:12:51.7212586Z ##[endgroup]
2026-10-10T05:13:04.1601270Z ##[group]Run actions/upload-artifact@b7c566a772e6b6bfb58ed0dc250532a479d7789f
2026-10-10T05:13:04.1601544Z with:
2026-10-10T05:13:04.1601724Z   name: native-windows-evidence-dd08604d54a293bbcf93ae140db0626850320a3f
2026-10-10T05:13:04.1601972Z   path: xmind/build/ci-evidence/
xmind/build/native/Testing/

2026-10-10T05:13:04.1602152Z   retention-days: 14
2026-10-10T05:13:04.1602269Z   if-no-files-found: warn
2026-10-10T05:13:04.1602400Z   compression-level: 6
2026-10-10T05:13:04.1602511Z   overwrite: false
2026-10-10T05:13:04.1602626Z   include-hidden-files: false
2026-10-10T05:13:04.1602749Z ##[endgroup]
2026-10-10T05:13:04.2863518Z Multiple search paths detected. Calculating the least common ancestor of all paths
2026-10-10T05:13:04.2865128Z The least common ancestor is D:\a\xMind\xMind\xmind\build. This will be the root directory of the artifact
2026-10-10T05:13:04.2865441Z With the provided path, there will be 24 files uploaded
2026-10-10T05:13:04.2868113Z Artifact name is valid!
2026-10-10T05:13:04.2868765Z Root directory input is valid!
2026-10-10T05:13:04.6586578Z Beginning upload of artifact content to blob storage
2026-10-10T05:13:06.1368922Z Uploaded bytes 8388608
2026-10-10T05:13:06.3644126Z Uploaded bytes 16777216
2026-10-10T05:13:06.4833426Z Uploaded bytes 17765523
2026-10-10T05:13:06.5562941Z Finished uploading artifact content to blob storage!
2026-10-10T05:13:06.5564007Z SHA256 digest of uploaded artifact zip is 029fcffda10bd5b53b0f698492897ae280ea300d4c638ad2baa0c1dc48cf4acd
2026-10-10T05:13:06.5565501Z Finalizing artifact upload
2026-10-10T05:13:06.9453018Z Artifact native-windows-evidence-dd08604d54a293bbcf93ae140db0626850320a3f.zip successfully finalized. Artifact ID 11659304797
2026-10-10T05:13:06.9453832Z Artifact native-windows-evidence-dd08604d54a293bbcf93ae140db0626850320a3f has been successfully uploaded! Final size is 17765523 bytes. Artifact ID is 11659304797
2026-10-10T05:13:06.9459329Z Artifact download URL: https://github.com/xlang-foundation/xMind/actions/runs/38025256644/artifacts/11659304797
2026-10-10T05:13:06.9714867Z ##[group]Run actions/upload-artifact@b7c566a772e6b6bfb58ed0dc250532a479d7789f
2026-10-10T05:13:06.9715142Z with:
2026-10-10T05:13:06.9715326Z   name: native-windows-runtime-dd08604d54a293bbcf93ae140db0626850320a3f
2026-10-10T05:13:06.9715546Z   path: xmind/build/native-distribution/
2026-10-10T05:13:06.9715696Z   if-no-files-found: error
2026-10-10T05:13:06.9715821Z   retention-days: 14
2026-10-10T05:13:06.9715942Z   compression-level: 6
2026-10-10T05:13:06.9716052Z   overwrite: false
2026-10-10T05:13:06.9716167Z   include-hidden-files: false
2026-10-10T05:13:06.9716294Z ##[endgroup]
2026-10-10T05:13:07.1105543Z With the provided path, there will be 29 files uploaded
2026-10-10T05:13:07.1108512Z Artifact name is valid!
2026-10-10T05:13:07.1109286Z Root directory input is valid!
2026-10-10T05:13:07.4861069Z Beginning upload of artifact content to blob storage
2026-10-10T05:13:09.2538280Z Uploaded bytes 8388608
2026-10-10T05:13:09.3771092Z Uploaded bytes 9806253
2026-10-10T05:13:09.4493285Z Finished uploading artifact content to blob storage!
2026-10-10T05:13:09.4494248Z SHA256 digest of uploaded artifact zip is 075cf0087d05bccaa964765b21fb7f1bffe2cea3828ff03fa103b14117fc9bd4
2026-10-10T05:13:09.4495619Z Finalizing artifact upload
2026-10-10T05:13:09.8390829Z Artifact native-windows-runtime-dd08604d54a293bbcf93ae140db0626850320a3f.zip successfully finalized. Artifact ID 11659424605
2026-10-10T05:13:09.8391693Z Artifact native-windows-runtime-dd08604d54a293bbcf93ae140db0626850320a3f has been successfully uploaded! Final size is 9806253 bytes. Artifact ID is 11659424605
2026-10-10T05:13:09.8396586Z Artifact download URL: https://github.com/xlang-foundation/xMind/actions/runs/38025256644/artifacts/11659424605
2026-10-10T05:13:09.8657792Z Post job cleanup.
2026-10-10T05:13:09.9782609Z Post job cleanup.
2026-10-10T05:13:10.0860190Z [command]"C:\Program Files\Git\bin\git.exe" version
2026-10-10T05:13:10.1047307Z git version 2.55.0.windows.5
2026-10-10T05:13:10.1088648Z Temporarily overriding HOME='D:\a\_temp\b2176f3f-0b4f-4464-bfd2-8d1e0217ac3a' before making global git config changes
2026-10-10T05:13:10.1089101Z Adding repository directory to the temporary git global config as a safe directory
2026-10-10T05:13:10.1095082Z [command]"C:\Program Files\Git\bin\git.exe" config --global --add safe.directory D:\a\xMind\xMind\stdlib-source
2026-10-10T05:13:10.1279797Z Removing SSH command configuration
2026-10-10T05:13:10.1286066Z [command]"C:\Program Files\Git\bin\git.exe" config --local --name-only --get-regexp core\.sshCommand
2026-10-10T05:13:10.1497798Z [command]"C:\Program Files\Git\bin\git.exe" submodule foreach --recursive "sh -c \"git config --local --name-only --get-regexp 'core\.sshCommand' && git config --local --unset-all 'core.sshCommand' || :\""
2026-10-10T05:13:10.4787745Z Removing HTTP extra header
2026-10-10T05:13:10.4795249Z [command]"C:\Program Files\Git\bin\git.exe" config --local --name-only --get-regexp http\.https\:\/\/github\.com\/\.extraheader
2026-10-10T05:13:10.4979262Z [command]"C:\Program Files\Git\bin\git.exe" submodule foreach --recursive "sh -c \"git config --local --name-only --get-regexp 'http\.https\:\/\/github\.com\/\.extraheader' && git config --local --unset-all 'http.https://github.com/.extraheader' || :\""
2026-10-10T05:13:10.8565217Z Removing includeIf entries pointing to credentials config files
2026-10-10T05:13:10.8574546Z [command]"C:\Program Files\Git\bin\git.exe" config --local --name-only --get-regexp ^includeIf\.gitdir:
2026-10-10T05:13:10.8736284Z includeif.gitdir:D:/a/xMind/xMind/stdlib-source/.git.path
2026-10-10T05:13:10.8736689Z includeif.gitdir:D:/a/xMind/xMind/stdlib-source/.git/worktrees/*.path
2026-10-10T05:13:10.8762321Z [command]"C:\Program Files\Git\bin\git.exe" config --local --get-all includeif.gitdir:D:/a/xMind/xMind/stdlib-source/.git.path
2026-10-10T05:13:10.8914466Z D:\a\_temp\git-credentials-d51588a4-5eea-4770-a89f-a86e40a8853c.config
2026-10-10T05:13:10.8940162Z [command]"C:\Program Files\Git\bin\git.exe" config --local --unset includeif.gitdir:D:/a/xMind/xMind/stdlib-source/.git.path D:\a\_temp\git-credentials-d51588a4-5eea-4770-a89f-a86e40a8853c.config
2026-10-10T05:13:10.9120874Z [command]"C:\Program Files\Git\bin\git.exe" config --local --get-all includeif.gitdir:D:/a/xMind/xMind/stdlib-source/.git/worktrees/*.path
2026-10-10T05:13:10.9276676Z D:\a\_temp\git-credentials-d51588a4-5eea-4770-a89f-a86e40a8853c.config
2026-10-10T05:13:10.9301869Z [command]"C:\Program Files\Git\bin\git.exe" config --local --unset includeif.gitdir:D:/a/xMind/xMind/stdlib-source/.git/worktrees/*.path D:\a\_temp\git-credentials-d51588a4-5eea-4770-a89f-a86e40a8853c.config
2026-10-10T05:13:10.9488230Z [command]"C:\Program Files\Git\bin\git.exe" submodule foreach --recursive "git config --local --show-origin --name-only --get-regexp remote.origin.url"
2026-10-10T05:13:11.3083247Z Removing credentials config 'D:\a\_temp\git-credentials-d51588a4-5eea-4770-a89f-a86e40a8853c.config'
2026-10-10T05:13:11.3330040Z Post job cleanup.
2026-10-10T05:13:11.4335633Z [command]"C:\Program Files\Git\bin\git.exe" version
2026-10-10T05:13:11.4521799Z git version 2.55.0.windows.5
2026-10-10T05:13:11.4563321Z Temporarily overriding HOME='D:\a\_temp\abed7a96-c364-474b-85b1-76abf67e1609' before making global git config changes
2026-10-10T05:13:11.4563748Z Adding repository directory to the temporary git global config as a safe directory
2026-10-10T05:13:11.4569379Z [command]"C:\Program Files\Git\bin\git.exe" config --global --add safe.directory D:\a\xMind\xMind\xlang3
2026-10-10T05:13:11.4754583Z Removing SSH command configuration
2026-10-10T05:13:11.4761354Z [command]"C:\Program Files\Git\bin\git.exe" config --local --name-only --get-regexp core\.sshCommand
2026-10-10T05:13:11.4944118Z [command]"C:\Program Files\Git\bin\git.exe" submodule foreach --recursive "sh -c \"git config --local --name-only --get-regexp 'core\.sshCommand' && git config --local --unset-all 'core.sshCommand' || :\""
2026-10-10T05:13:11.8791144Z Removing HTTP extra header
2026-10-10T05:13:11.8798917Z [command]"C:\Program Files\Git\bin\git.exe" config --local --name-only --get-regexp http\.https\:\/\/github\.com\/\.extraheader
2026-10-10T05:13:11.8984245Z [command]"C:\Program Files\Git\bin\git.exe" submodule foreach --recursive "sh -c \"git config --local --name-only --get-regexp 'http\.https\:\/\/github\.com\/\.extraheader' && git config --local --unset-all 'http.https://github.com/.extraheader' || :\""
2026-10-10T05:13:12.2337318Z Removing includeIf entries pointing to credentials config files
2026-10-10T05:13:12.2345496Z [command]"C:\Program Files\Git\bin\git.exe" config --local --name-only --get-regexp ^includeIf\.gitdir:
2026-10-10T05:13:12.2506658Z includeif.gitdir:D:/a/xMind/xMind/xlang3/.git.path
2026-10-10T05:13:12.2507071Z includeif.gitdir:D:/a/xMind/xMind/xlang3/.git/worktrees/*.path
2026-10-10T05:13:12.2533260Z [command]"C:\Program Files\Git\bin\git.exe" config --local --get-all includeif.gitdir:D:/a/xMind/xMind/xlang3/.git.path
2026-10-10T05:13:12.2690073Z D:\a\_temp\git-credentials-3403985c-d51d-4ab4-8c5c-aab1a0108484.config
2026-10-10T05:13:12.2715435Z [command]"C:\Program Files\Git\bin\git.exe" config --local --unset includeif.gitdir:D:/a/xMind/xMind/xlang3/.git.path D:\a\_temp\git-credentials-3403985c-d51d-4ab4-8c5c-aab1a0108484.config
2026-10-10T05:13:12.2897141Z [command]"C:\Program Files\Git\bin\git.exe" config --local --get-all includeif.gitdir:D:/a/xMind/xMind/xlang3/.git/worktrees/*.path
2026-10-10T05:13:12.3053129Z D:\a\_temp\git-credentials-3403985c-d51d-4ab4-8c5c-aab1a0108484.config
2026-10-10T05:13:12.3079915Z [command]"C:\Program Files\Git\bin\git.exe" config --local --unset includeif.gitdir:D:/a/xMind/xMind/xlang3/.git/worktrees/*.path D:\a\_temp\git-credentials-3403985c-d51d-4ab4-8c5c-aab1a0108484.config
2026-10-10T05:13:12.3262077Z [command]"C:\Program Files\Git\bin\git.exe" submodule foreach --recursive "git config --local --show-origin --name-only --get-regexp remote.origin.url"
2026-10-10T05:13:12.6990545Z Removing credentials config 'D:\a\_temp\git-credentials-3403985c-d51d-4ab4-8c5c-aab1a0108484.config'
2026-10-10T05:13:12.7260172Z Post job cleanup.
2026-10-10T05:13:12.8258111Z [command]"C:\Program Files\Git\bin\git.exe" version
2026-10-10T05:13:12.8440040Z git version 2.55.0.windows.5
2026-10-10T05:13:12.8480616Z Temporarily overriding HOME='D:\a\_temp\f645f3c6-1d16-4c9b-9717-f6d648293dcb' before making global git config changes
2026-10-10T05:13:12.8481164Z Adding repository directory to the temporary git global config as a safe directory
2026-10-10T05:13:12.8486646Z [command]"C:\Program Files\Git\bin\git.exe" config --global --add safe.directory D:\a\xMind\xMind\xmind
2026-10-10T05:13:12.8665649Z Removing SSH command configuration
2026-10-10T05:13:12.8672390Z [command]"C:\Program Files\Git\bin\git.exe" config --local --name-only --get-regexp core\.sshCommand
2026-10-10T05:13:12.8856399Z [command]"C:\Program Files\Git\bin\git.exe" submodule foreach --recursive "sh -c \"git config --local --name-only --get-regexp 'core\.sshCommand' && git config --local --unset-all 'core.sshCommand' || :\""
2026-10-10T05:13:13.2228742Z Removing HTTP extra header
2026-10-10T05:13:13.2236222Z [command]"C:\Program Files\Git\bin\git.exe" config --local --name-only --get-regexp http\.https\:\/\/github\.com\/\.extraheader
2026-10-10T05:13:13.2433374Z [command]"C:\Program Files\Git\bin\git.exe" submodule foreach --recursive "sh -c \"git config --local --name-only --get-regexp 'http\.https\:\/\/github\.com\/\.extraheader' && git config --local --unset-all 'http.https://github.com/.extraheader' || :\""
2026-10-10T05:13:13.5763657Z Removing includeIf entries pointing to credentials config files
2026-10-10T05:13:13.5772625Z [command]"C:\Program Files\Git\bin\git.exe" config --local --name-only --get-regexp ^includeIf\.gitdir:
2026-10-10T05:13:13.5936971Z includeif.gitdir:D:/a/xMind/xMind/xmind/.git.path
2026-10-10T05:13:13.5937460Z includeif.gitdir:D:/a/xMind/xMind/xmind/.git/worktrees/*.path
2026-10-10T05:13:13.5963125Z [command]"C:\Program Files\Git\bin\git.exe" config --local --get-all includeif.gitdir:D:/a/xMind/xMind/xmind/.git.path
2026-10-10T05:13:13.6123543Z D:\a\_temp\git-credentials-eb86dc3a-ec86-4342-9e0d-6b89864a9b18.config
2026-10-10T05:13:13.6151016Z [command]"C:\Program Files\Git\bin\git.exe" config --local --unset includeif.gitdir:D:/a/xMind/xMind/xmind/.git.path D:\a\_temp\git-credentials-eb86dc3a-ec86-4342-9e0d-6b89864a9b18.config
2026-10-10T05:13:13.6352291Z [command]"C:\Program Files\Git\bin\git.exe" config --local --get-all includeif.gitdir:D:/a/xMind/xMind/xmind/.git/worktrees/*.path
2026-10-10T05:13:13.6511902Z D:\a\_temp\git-credentials-eb86dc3a-ec86-4342-9e0d-6b89864a9b18.config
2026-10-10T05:13:13.6538536Z [command]"C:\Program Files\Git\bin\git.exe" config --local --unset includeif.gitdir:D:/a/xMind/xMind/xmind/.git/worktrees/*.path D:\a\_temp\git-credentials-eb86dc3a-ec86-4342-9e0d-6b89864a9b18.config
2026-10-10T05:13:13.6731673Z [command]"C:\Program Files\Git\bin\git.exe" submodule foreach --recursive "git config --local --show-origin --name-only --get-regexp remote.origin.url"
2026-10-10T05:13:14.0281800Z Removing credentials config 'D:\a\_temp\git-credentials-eb86dc3a-ec86-4342-9e0d-6b89864a9b18.config'
2026-10-10T05:13:14.0496316Z Cleaning up orphan processes
2026-10-10T05:13:14.0942529Z Terminate orphan process: pid (9384) (vctip)
2026-10-10T05:13:14.1175388Z Terminate orphan process: pid (9704) (MSBuild)
2026-10-10T05:13:14.1208890Z Terminate orphan process: pid (10120) (MSBuild)
2026-10-10T05:13:14.1261672Z Terminate orphan process: pid (7336) (MSBuild)
